ISO-10303-21;
HEADER;
FILE_DESCRIPTION(('FreeCAD Model'),'2;1');
FILE_NAME('Open CASCADE Shape Model','2026-03-17T19:46:55',(''),(''),
  'Open CASCADE STEP processor 7.9','FreeCAD','Unknown');
FILE_SCHEMA(('AUTOMOTIVE_DESIGN { 1 0 10303 214 1 1 1 1 }'));
ENDSEC;
DATA;
#1 = APPLICATION_PROTOCOL_DEFINITION('international standard',
  'automotive_design',2000,#2);
#2 = APPLICATION_CONTEXT(
  'core data for automotive mechanical design processes');
#3 = SHAPE_DEFINITION_REPRESENTATION(#4,#10);
#4 = PRODUCT_DEFINITION_SHAPE('','',#5);
#5 = PRODUCT_DEFINITION('design','',#6,#9);
#6 = PRODUCT_DEFINITION_FORMATION('','',#7);
#7 = PRODUCT('Part','Part','',(#8));
#8 = PRODUCT_CONTEXT('',#2,'mechanical');
#9 = PRODUCT_DEFINITION_CONTEXT('part definition',#2,'design');
#10 = SHAPE_REPRESENTATION('',(#11,#15,#19,#23),#27);
#11 = AXIS2_PLACEMENT_3D('',#12,#13,#14);
#12 = CARTESIAN_POINT('',(0.,0.,0.));
#13 = DIRECTION('',(0.,0.,1.));
#14 = DIRECTION('',(1.,0.,-0.));
#15 = AXIS2_PLACEMENT_3D('',#16,#17,#18);
#16 = CARTESIAN_POINT('',(0.,0.,0.));
#17 = DIRECTION('',(0.,0.,1.));
#18 = DIRECTION('',(1.,0.,0.));
#19 = AXIS2_PLACEMENT_3D('',#20,#21,#22);
#20 = CARTESIAN_POINT('',(1.8,0.,0.));
#21 = DIRECTION('',(0.,0.,1.));
#22 = DIRECTION('',(1.,0.,0.));
#23 = AXIS2_PLACEMENT_3D('',#24,#25,#26);
#24 = CARTESIAN_POINT('',(-1.8,0.,0.));
#25 = DIRECTION('',(0.,0.,1.));
#26 = DIRECTION('',(1.,0.,0.));
#27 = ( GEOMETRIC_REPRESENTATION_CONTEXT(3) 
GLOBAL_UNCERTAINTY_ASSIGNED_CONTEXT((#31)) GLOBAL_UNIT_ASSIGNED_CONTEXT(
(#28,#29,#30)) REPRESENTATION_CONTEXT('Context #1',
  '3D Context with UNIT and UNCERTAINTY') );
#28 = ( LENGTH_UNIT() NAMED_UNIT(*) SI_UNIT(.MILLI.,.METRE.) );
#29 = ( NAMED_UNIT(*) PLANE_ANGLE_UNIT() SI_UNIT($,.RADIAN.) );
#30 = ( NAMED_UNIT(*) SI_UNIT($,.STERADIAN.) SOLID_ANGLE_UNIT() );
#31 = UNCERTAINTY_MEASURE_WITH_UNIT(LENGTH_MEASURE(5.E-06),#28,
  'distance_accuracy_value','confusion accuracy');
#32 = PRODUCT_RELATED_PRODUCT_CATEGORY('part',$,(#7));
#33 = SHAPE_DEFINITION_REPRESENTATION(#34,#40);
#34 = PRODUCT_DEFINITION_SHAPE('','',#35);
#35 = PRODUCT_DEFINITION('design','',#36,#39);
#36 = PRODUCT_DEFINITION_FORMATION('','',#37);
#37 = PRODUCT('Body','Body','',(#38));
#38 = PRODUCT_CONTEXT('',#2,'mechanical');
#39 = PRODUCT_DEFINITION_CONTEXT('part definition',#2,'design');
#40 = ADVANCED_BREP_SHAPE_REPRESENTATION('',(#11,#41),#1747);
#41 = MANIFOLD_SOLID_BREP('',#42);
#42 = CLOSED_SHELL('',(#43,#83,#119,#154,#185,#221,#252,#315,#340,#371,
    #436,#467,#492,#523,#559,#580,#604,#632,#651,#686,#723,#751,#775,
    #809,#826,#882,#907,#950,#1013,#1069,#1100,#1181,#1224,#1249,#1266,
    #1299,#1347,#1372,#1390,#1421,#1439,#1470,#1503,#1544,#1561,#1627,
    #1664,#1675,#1686,#1735));
#43 = ADVANCED_FACE('',(#44),#78,.F.);
#44 = FACE_BOUND('',#45,.T.);
#45 = EDGE_LOOP('',(#46,#56,#64,#72));
#46 = ORIENTED_EDGE('',*,*,#47,.F.);
#47 = EDGE_CURVE('',#48,#50,#52,.T.);
#48 = VERTEX_POINT('',#49);
#49 = CARTESIAN_POINT('',(-3.75,-4.85,0.65));
#50 = VERTEX_POINT('',#51);
#51 = CARTESIAN_POINT('',(-3.714242020644,-4.85,0.241284425725));
#52 = LINE('',#53,#54);
#53 = CARTESIAN_POINT('',(-3.75,-4.85,0.65));
#54 = VECTOR('',#55,1.);
#55 = DIRECTION('',(8.715574274766E-02,3.5E-16,-0.996194698092));
#56 = ORIENTED_EDGE('',*,*,#57,.T.);
#57 = EDGE_CURVE('',#48,#58,#60,.T.);
#58 = VERTEX_POINT('',#59);
#59 = CARTESIAN_POINT('',(-3.75,4.85,0.65));
#60 = LINE('',#61,#62);
#61 = CARTESIAN_POINT('',(-3.75,-4.85,0.65));
#62 = VECTOR('',#63,1.);
#63 = DIRECTION('',(0.,1.,0.));
#64 = ORIENTED_EDGE('',*,*,#65,.T.);
#65 = EDGE_CURVE('',#58,#66,#68,.T.);
#66 = VERTEX_POINT('',#67);
#67 = CARTESIAN_POINT('',(-3.714242020644,4.85,0.241284425725));
#68 = LINE('',#69,#70);
#69 = CARTESIAN_POINT('',(-3.728127834119,4.85,0.4));
#70 = VECTOR('',#71,1.);
#71 = DIRECTION('',(8.715574274766E-02,0.,-0.996194698092));
#72 = ORIENTED_EDGE('',*,*,#73,.F.);
#73 = EDGE_CURVE('',#50,#66,#74,.T.);
#74 = LINE('',#75,#76);
#75 = CARTESIAN_POINT('',(-3.714242020644,-4.85,0.241284425725));
#76 = VECTOR('',#77,1.);
#77 = DIRECTION('',(0.,1.,0.));
#78 = PLANE('',#79);
#79 = AXIS2_PLACEMENT_3D('',#80,#81,#82);
#80 = CARTESIAN_POINT('',(-3.728127834119,-4.85,0.4));
#81 = DIRECTION('',(0.996194698092,0.,8.715574274766E-02));
#82 = DIRECTION('',(0.,-1.,0.));
#83 = ADVANCED_FACE('',(#84),#114,.T.);
#84 = FACE_BOUND('',#85,.T.);
#85 = EDGE_LOOP('',(#86,#96,#103,#104));
#86 = ORIENTED_EDGE('',*,*,#87,.F.);
#87 = EDGE_CURVE('',#88,#90,#92,.T.);
#88 = VERTEX_POINT('',#89);
#89 = CARTESIAN_POINT('',(-3.65,-4.95,0.65));
#90 = VERTEX_POINT('',#91);
#91 = CARTESIAN_POINT('',(-3.65,-4.914242020644,0.241284425725));
#92 = LINE('',#93,#94);
#93 = CARTESIAN_POINT('',(-3.65,-4.928127834119,0.4));
#94 = VECTOR('',#95,1.);
#95 = DIRECTION('',(0.,8.715574274766E-02,-0.996194698092));
#96 = ORIENTED_EDGE('',*,*,#97,.T.);
#97 = EDGE_CURVE('',#88,#48,#98,.T.);
#98 = CIRCLE('',#99,0.1);
#99 = AXIS2_PLACEMENT_3D('',#100,#101,#102);
#100 = CARTESIAN_POINT('',(-3.65,-4.85,0.65));
#101 = DIRECTION('',(-0.,-0.,-1.));
#102 = DIRECTION('',(0.,-1.,0.));
#103 = ORIENTED_EDGE('',*,*,#47,.T.);
#104 = ORIENTED_EDGE('',*,*,#105,.F.);
#105 = EDGE_CURVE('',#90,#50,#106,.T.);
#106 = B_SPLINE_CURVE_WITH_KNOTS('',6,(#107,#108,#109,#110,#111,#112,
    #113),.UNSPECIFIED.,.F.,.F.,(7,7),(0.,1.),.PIECEWISE_BEZIER_KNOTS.);
#107 = CARTESIAN_POINT('',(-3.65,-4.914242020644,0.241284425725));
#108 = CARTESIAN_POINT('',(-3.666818521078,-4.914242020644,
    0.241284425725));
#109 = CARTESIAN_POINT('',(-3.683635613635,-4.908959548297,
    0.241284425725));
#110 = CARTESIAN_POINT('',(-3.698386456067,-4.898386456066,
    0.241284425725));
#111 = CARTESIAN_POINT('',(-3.708959548297,-4.883635613636,
    0.241284425725));
#112 = CARTESIAN_POINT('',(-3.714242020644,-4.866818521078,
    0.241284425725));
#113 = CARTESIAN_POINT('',(-3.714242020644,-4.85,0.241284425725));
#114 = CONICAL_SURFACE('',#115,0.1,8.726646259972E-02);
#115 = AXIS2_PLACEMENT_3D('',#116,#117,#118);
#116 = CARTESIAN_POINT('',(-3.65,-4.85,0.65));
#117 = DIRECTION('',(0.,0.,1.));
#118 = DIRECTION('',(0.,-1.,0.));
#119 = ADVANCED_FACE('',(#120),#149,.T.);
#120 = FACE_BOUND('',#121,.F.);
#121 = EDGE_LOOP('',(#122,#132,#140,#148));
#122 = ORIENTED_EDGE('',*,*,#123,.T.);
#123 = EDGE_CURVE('',#50,#124,#126,.T.);
#124 = VERTEX_POINT('',#125);
#125 = CARTESIAN_POINT('',(-3.614622550835,-4.814622550835,0.15));
#126 = B_SPLINE_CURVE_WITH_KNOTS('',4,(#127,#128,#129,#130,#131),
  .UNSPECIFIED.,.F.,.F.,(5,5),(0.,1.),.PIECEWISE_BEZIER_KNOTS.);
#127 = CARTESIAN_POINT('',(-3.714242020644,-4.85,0.241284425725));
#128 = CARTESIAN_POINT('',(-3.711009566964,-4.841155637709,
    0.204337311096));
#129 = CARTESIAN_POINT('',(-3.689189479321,-4.832311275418,
    0.168624477045));
#130 = CARTESIAN_POINT('',(-3.65171079744,-4.823466913126,0.15));
#131 = CARTESIAN_POINT('',(-3.614622550835,-4.814622550835,0.15));
#132 = ORIENTED_EDGE('',*,*,#133,.T.);
#133 = EDGE_CURVE('',#124,#134,#136,.T.);
#134 = VERTEX_POINT('',#135);
#135 = CARTESIAN_POINT('',(-3.614622550835,4.814622550835,0.15));
#136 = LINE('',#137,#138);
#137 = CARTESIAN_POINT('',(-3.614622550835,-4.85,0.15));
#138 = VECTOR('',#139,1.);
#139 = DIRECTION('',(0.,1.,0.));
#140 = ORIENTED_EDGE('',*,*,#141,.F.);
#141 = EDGE_CURVE('',#66,#134,#142,.T.);
#142 = B_SPLINE_CURVE_WITH_KNOTS('',4,(#143,#144,#145,#146,#147),
  .UNSPECIFIED.,.F.,.F.,(5,5),(0.,1.),.PIECEWISE_BEZIER_KNOTS.);
#143 = CARTESIAN_POINT('',(-3.714242020644,4.85,0.241284425725));
#144 = CARTESIAN_POINT('',(-3.711009566964,4.841155637709,0.204337311096
    ));
#145 = CARTESIAN_POINT('',(-3.689189479321,4.832311275418,0.168624477045
    ));
#146 = CARTESIAN_POINT('',(-3.65171079744,4.823466913126,0.15));
#147 = CARTESIAN_POINT('',(-3.614622550835,4.814622550835,0.15));
#148 = ORIENTED_EDGE('',*,*,#73,.F.);
#149 = CYLINDRICAL_SURFACE('',#150,0.1);
#150 = AXIS2_PLACEMENT_3D('',#151,#152,#153);
#151 = CARTESIAN_POINT('',(-3.614622550835,-4.85,0.25));
#152 = DIRECTION('',(0.,1.,0.));
#153 = DIRECTION('',(-0.996194698092,0.,-8.715574274766E-02));
#154 = ADVANCED_FACE('',(#155),#180,.T.);
#155 = FACE_BOUND('',#156,.T.);
#156 = EDGE_LOOP('',(#157,#165,#173,#179));
#157 = ORIENTED_EDGE('',*,*,#158,.T.);
#158 = EDGE_CURVE('',#48,#159,#161,.T.);
#159 = VERTEX_POINT('',#160);
#160 = CARTESIAN_POINT('',(-3.75,-4.85,0.9));
#161 = LINE('',#162,#163);
#162 = CARTESIAN_POINT('',(-3.75,-4.85,0.15));
#163 = VECTOR('',#164,1.);
#164 = DIRECTION('',(0.,0.,1.));
#165 = ORIENTED_EDGE('',*,*,#166,.T.);
#166 = EDGE_CURVE('',#159,#167,#169,.T.);
#167 = VERTEX_POINT('',#168);
#168 = CARTESIAN_POINT('',(-3.75,4.85,0.9));
#169 = LINE('',#170,#171);
#170 = CARTESIAN_POINT('',(-3.75,-4.85,0.9));
#171 = VECTOR('',#172,1.);
#172 = DIRECTION('',(0.,1.,0.));
#173 = ORIENTED_EDGE('',*,*,#174,.F.);
#174 = EDGE_CURVE('',#58,#167,#175,.T.);
#175 = LINE('',#176,#177);
#176 = CARTESIAN_POINT('',(-3.75,4.85,0.15));
#177 = VECTOR('',#178,1.);
#178 = DIRECTION('',(0.,0.,1.));
#179 = ORIENTED_EDGE('',*,*,#57,.F.);
#180 = PLANE('',#181);
#181 = AXIS2_PLACEMENT_3D('',#182,#183,#184);
#182 = CARTESIAN_POINT('',(-3.75,-4.85,0.15));
#183 = DIRECTION('',(-1.,0.,0.));
#184 = DIRECTION('',(0.,1.,0.));
#185 = ADVANCED_FACE('',(#186),#216,.T.);
#186 = FACE_BOUND('',#187,.T.);
#187 = EDGE_LOOP('',(#188,#189,#198,#206));
#188 = ORIENTED_EDGE('',*,*,#65,.F.);
#189 = ORIENTED_EDGE('',*,*,#190,.T.);
#190 = EDGE_CURVE('',#58,#191,#193,.T.);
#191 = VERTEX_POINT('',#192);
#192 = CARTESIAN_POINT('',(-3.65,4.95,0.65));
#193 = CIRCLE('',#194,0.1);
#194 = AXIS2_PLACEMENT_3D('',#195,#196,#197);
#195 = CARTESIAN_POINT('',(-3.65,4.85,0.65));
#196 = DIRECTION('',(0.,0.,-1.));
#197 = DIRECTION('',(-1.,0.,0.));
#198 = ORIENTED_EDGE('',*,*,#199,.T.);
#199 = EDGE_CURVE('',#191,#200,#202,.T.);
#200 = VERTEX_POINT('',#201);
#201 = CARTESIAN_POINT('',(-3.65,4.914242020644,0.241284425725));
#202 = LINE('',#203,#204);
#203 = CARTESIAN_POINT('',(-3.65,4.95,0.65));
#204 = VECTOR('',#205,1.);
#205 = DIRECTION('',(1.4E-16,-8.715574274766E-02,-0.996194698092));
#206 = ORIENTED_EDGE('',*,*,#207,.F.);
#207 = EDGE_CURVE('',#66,#200,#208,.T.);
#208 = B_SPLINE_CURVE_WITH_KNOTS('',6,(#209,#210,#211,#212,#213,#214,
    #215),.UNSPECIFIED.,.F.,.F.,(7,7),(0.,1.),.PIECEWISE_BEZIER_KNOTS.);
#209 = CARTESIAN_POINT('',(-3.714242020644,4.85,0.241284425725));
#210 = CARTESIAN_POINT('',(-3.714242020644,4.866818521078,0.241284425725
    ));
#211 = CARTESIAN_POINT('',(-3.708959548297,4.883635613636,0.241284425725
    ));
#212 = CARTESIAN_POINT('',(-3.698386456066,4.898386456066,0.241284425725
    ));
#213 = CARTESIAN_POINT('',(-3.683635613636,4.908959548297,0.241284425725
    ));
#214 = CARTESIAN_POINT('',(-3.666818521078,4.914242020644,0.241284425725
    ));
#215 = CARTESIAN_POINT('',(-3.65,4.914242020644,0.241284425725));
#216 = CONICAL_SURFACE('',#217,0.1,8.726646259972E-02);
#217 = AXIS2_PLACEMENT_3D('',#218,#219,#220);
#218 = CARTESIAN_POINT('',(-3.65,4.85,0.65));
#219 = DIRECTION('',(0.,0.,1.));
#220 = DIRECTION('',(-1.,0.,0.));
#221 = ADVANCED_FACE('',(#222),#247,.F.);
#222 = FACE_BOUND('',#223,.T.);
#223 = EDGE_LOOP('',(#224,#234,#240,#241));
#224 = ORIENTED_EDGE('',*,*,#225,.F.);
#225 = EDGE_CURVE('',#226,#228,#230,.T.);
#226 = VERTEX_POINT('',#227);
#227 = CARTESIAN_POINT('',(3.65,-4.95,0.65));
#228 = VERTEX_POINT('',#229);
#229 = CARTESIAN_POINT('',(3.65,-4.914242020644,0.241284425725));
#230 = LINE('',#231,#232);
#231 = CARTESIAN_POINT('',(3.65,-4.928127834119,0.4));
#232 = VECTOR('',#233,1.);
#233 = DIRECTION('',(0.,8.715574274766E-02,-0.996194698092));
#234 = ORIENTED_EDGE('',*,*,#235,.T.);
#235 = EDGE_CURVE('',#226,#88,#236,.T.);
#236 = LINE('',#237,#238);
#237 = CARTESIAN_POINT('',(3.65,-4.95,0.65));
#238 = VECTOR('',#239,1.);
#239 = DIRECTION('',(-1.,0.,0.));
#240 = ORIENTED_EDGE('',*,*,#87,.T.);
#241 = ORIENTED_EDGE('',*,*,#242,.F.);
#242 = EDGE_CURVE('',#228,#90,#243,.T.);
#243 = LINE('',#244,#245);
#244 = CARTESIAN_POINT('',(3.65,-4.914242020644,0.241284425725));
#245 = VECTOR('',#246,1.);
#246 = DIRECTION('',(-1.,0.,0.));
#247 = PLANE('',#248);
#248 = AXIS2_PLACEMENT_3D('',#249,#250,#251);
#249 = CARTESIAN_POINT('',(3.65,-4.928127834119,0.4));
#250 = DIRECTION('',(0.,0.996194698092,8.715574274766E-02));
#251 = DIRECTION('',(1.,0.,0.));
#252 = ADVANCED_FACE('',(#253),#265,.T.);
#253 = FACE_BOUND('',#254,.T.);
#254 = EDGE_LOOP('',(#255,#263,#264));
#255 = ORIENTED_EDGE('',*,*,#256,.F.);
#256 = EDGE_CURVE('',#90,#124,#257,.T.);
#257 = B_SPLINE_CURVE_WITH_KNOTS('',4,(#258,#259,#260,#261,#262),
  .UNSPECIFIED.,.F.,.F.,(5,5),(0.,1.),.PIECEWISE_BEZIER_KNOTS.);
#258 = CARTESIAN_POINT('',(-3.65,-4.914242020644,0.241284425725));
#259 = CARTESIAN_POINT('',(-3.641155637709,-4.911009566964,
    0.204337311096));
#260 = CARTESIAN_POINT('',(-3.632311275418,-4.889189479321,
    0.168624477045));
#261 = CARTESIAN_POINT('',(-3.623466913126,-4.85171079744,0.15));
#262 = CARTESIAN_POINT('',(-3.614622550835,-4.814622550835,0.15));
#263 = ORIENTED_EDGE('',*,*,#105,.T.);
#264 = ORIENTED_EDGE('',*,*,#123,.T.);
#265 = B_SPLINE_SURFACE_WITH_KNOTS('',6,6,(
    (#266,#267,#268,#269,#270,#271,#272)
    ,(#273,#274,#275,#276,#277,#278,#279)
    ,(#280,#281,#282,#283,#284,#285,#286)
    ,(#287,#288,#289,#290,#291,#292,#293)
    ,(#294,#295,#296,#297,#298,#299,#300)
    ,(#301,#302,#303,#304,#305,#306,#307)
    ,(#308,#309,#310,#311,#312,#313,#314
    )),.UNSPECIFIED.,.F.,.F.,.F.,(7,7),(7,7),(0.,1.),(0.,1.),
  .PIECEWISE_BEZIER_KNOTS.);
#266 = CARTESIAN_POINT('',(-3.65,-4.914242020644,0.241284425725));
#267 = CARTESIAN_POINT('',(-3.644103758473,-4.912087051524,
    0.216653015972));
#268 = CARTESIAN_POINT('',(-3.638207516945,-4.902625144396,
    0.192662432258));
#269 = CARTESIAN_POINT('',(-3.632311275418,-4.886084404457,
    0.172013071641));
#270 = CARTESIAN_POINT('',(-3.62641503389,-4.864072000416,0.157334984573
    ));
#271 = CARTESIAN_POINT('',(-3.620518792363,-4.839348048572,0.15));
#272 = CARTESIAN_POINT('',(-3.614622550835,-4.814622550835,0.15));
#273 = CARTESIAN_POINT('',(-3.666818521078,-4.914242020644,
    0.241284425725));
#274 = CARTESIAN_POINT('',(-3.660527238679,-4.912834713082,
    0.216376927338));
#275 = CARTESIAN_POINT('',(-3.653018133279,-4.903371233341,
    0.190811063887));
#276 = CARTESIAN_POINT('',(-3.64432922241,-4.884249799769,0.169164388898
    ));
#277 = CARTESIAN_POINT('',(-3.634728367524,-4.861606640996,
    0.156595823106));
#278 = CARTESIAN_POINT('',(-3.624675588004,-4.837994339777,0.15));
#279 = CARTESIAN_POINT('',(-3.614622550835,-4.814622550835,0.15));
#280 = CARTESIAN_POINT('',(-3.683635613635,-4.908959548297,
    0.241284425725));
#281 = CARTESIAN_POINT('',(-3.679046638884,-4.909031222707,
    0.216144350643));
#282 = CARTESIAN_POINT('',(-3.672726348056,-4.897523040754,
    0.189619934648));
#283 = CARTESIAN_POINT('',(-3.660154681366,-4.877928845463,0.16739494809
    ));
#284 = CARTESIAN_POINT('',(-3.645397737303,-4.856115111815,
    0.156125556821));
#285 = CARTESIAN_POINT('',(-3.631241882351,-4.833109897538,0.15));
#286 = CARTESIAN_POINT('',(-3.614622550835,-4.814622550835,0.15));
#287 = CARTESIAN_POINT('',(-3.698386456067,-4.898386456066,
    0.241284425725));
#288 = CARTESIAN_POINT('',(-3.697656699631,-4.897656699631,
    0.216049013482));
#289 = CARTESIAN_POINT('',(-3.688744071595,-4.888744071595,
    0.189201517653));
#290 = CARTESIAN_POINT('',(-3.671607877642,-4.871607877642,
    0.166789104051));
#291 = CARTESIAN_POINT('',(-3.652074348978,-4.852074348978,
    0.155961676754));
#292 = CARTESIAN_POINT('',(-3.632456198629,-4.832456198629,0.15));
#293 = CARTESIAN_POINT('',(-3.614622550835,-4.814622550835,0.15));
#294 = CARTESIAN_POINT('',(-3.708959548297,-4.883635613636,
    0.241284425725));
#295 = CARTESIAN_POINT('',(-3.709031222706,-4.879046638884,
    0.216144350643));
#296 = CARTESIAN_POINT('',(-3.697523040755,-4.872726348056,
    0.189619934648));
#297 = CARTESIAN_POINT('',(-3.677928845464,-4.860154681366,0.16739494809
    ));
#298 = CARTESIAN_POINT('',(-3.656115111816,-4.845397737303,
    0.156125556821));
#299 = CARTESIAN_POINT('',(-3.633109897538,-4.831241882351,0.15));
#300 = CARTESIAN_POINT('',(-3.614622550835,-4.814622550835,0.15));
#301 = CARTESIAN_POINT('',(-3.714242020644,-4.866818521078,
    0.241284425725));
#302 = CARTESIAN_POINT('',(-3.712834713082,-4.860527238679,
    0.216376927338));
#303 = CARTESIAN_POINT('',(-3.703371233341,-4.853018133278,
    0.190811063887));
#304 = CARTESIAN_POINT('',(-3.684249799769,-4.84432922241,0.169164388898
    ));
#305 = CARTESIAN_POINT('',(-3.661606640996,-4.834728367523,
    0.156595823106));
#306 = CARTESIAN_POINT('',(-3.637994339777,-4.824675588004,0.15));
#307 = CARTESIAN_POINT('',(-3.614622550835,-4.814622550835,0.15));
#308 = CARTESIAN_POINT('',(-3.714242020644,-4.85,0.241284425725));
#309 = CARTESIAN_POINT('',(-3.712087051524,-4.844103758473,
    0.216653015972));
#310 = CARTESIAN_POINT('',(-3.702625144396,-4.838207516945,
    0.192662432258));
#311 = CARTESIAN_POINT('',(-3.686084404457,-4.832311275418,
    0.172013071641));
#312 = CARTESIAN_POINT('',(-3.664072000416,-4.82641503389,0.157334984573
    ));
#313 = CARTESIAN_POINT('',(-3.639348048572,-4.820518792363,0.15));
#314 = CARTESIAN_POINT('',(-3.614622550835,-4.814622550835,0.15));
#315 = ADVANCED_FACE('',(#316),#335,.T.);
#316 = FACE_BOUND('',#317,.F.);
#317 = EDGE_LOOP('',(#318,#319,#328,#334));
#318 = ORIENTED_EDGE('',*,*,#158,.T.);
#319 = ORIENTED_EDGE('',*,*,#320,.F.);
#320 = EDGE_CURVE('',#321,#159,#323,.T.);
#321 = VERTEX_POINT('',#322);
#322 = CARTESIAN_POINT('',(-3.65,-4.95,0.9));
#323 = CIRCLE('',#324,0.1);
#324 = AXIS2_PLACEMENT_3D('',#325,#326,#327);
#325 = CARTESIAN_POINT('',(-3.65,-4.85,0.9));
#326 = DIRECTION('',(-0.,-0.,-1.));
#327 = DIRECTION('',(0.,-1.,0.));
#328 = ORIENTED_EDGE('',*,*,#329,.F.);
#329 = EDGE_CURVE('',#88,#321,#330,.T.);
#330 = LINE('',#331,#332);
#331 = CARTESIAN_POINT('',(-3.65,-4.95,0.15));
#332 = VECTOR('',#333,1.);
#333 = DIRECTION('',(0.,0.,1.));
#334 = ORIENTED_EDGE('',*,*,#97,.T.);
#335 = CYLINDRICAL_SURFACE('',#336,0.1);
#336 = AXIS2_PLACEMENT_3D('',#337,#338,#339);
#337 = CARTESIAN_POINT('',(-3.65,-4.85,0.15));
#338 = DIRECTION('',(-0.,-0.,-1.));
#339 = DIRECTION('',(1.,0.,0.));
#340 = ADVANCED_FACE('',(#341),#366,.F.);
#341 = FACE_BOUND('',#342,.F.);
#342 = EDGE_LOOP('',(#343,#344,#352,#360));
#343 = ORIENTED_EDGE('',*,*,#133,.F.);
#344 = ORIENTED_EDGE('',*,*,#345,.F.);
#345 = EDGE_CURVE('',#346,#124,#348,.T.);
#346 = VERTEX_POINT('',#347);
#347 = CARTESIAN_POINT('',(3.614622550835,-4.814622550835,0.15));
#348 = LINE('',#349,#350);
#349 = CARTESIAN_POINT('',(3.65,-4.814622550835,0.15));
#350 = VECTOR('',#351,1.);
#351 = DIRECTION('',(-1.,0.,0.));
#352 = ORIENTED_EDGE('',*,*,#353,.F.);
#353 = EDGE_CURVE('',#354,#346,#356,.T.);
#354 = VERTEX_POINT('',#355);
#355 = CARTESIAN_POINT('',(3.614622550835,4.814622550835,0.15));
#356 = LINE('',#357,#358);
#357 = CARTESIAN_POINT('',(3.614622550835,4.85,0.15));
#358 = VECTOR('',#359,1.);
#359 = DIRECTION('',(0.,-1.,0.));
#360 = ORIENTED_EDGE('',*,*,#361,.F.);
#361 = EDGE_CURVE('',#134,#354,#362,.T.);
#362 = LINE('',#363,#364);
#363 = CARTESIAN_POINT('',(-3.65,4.814622550835,0.15));
#364 = VECTOR('',#365,1.);
#365 = DIRECTION('',(1.,0.,0.));
#366 = PLANE('',#367);
#367 = AXIS2_PLACEMENT_3D('',#368,#369,#370);
#368 = CARTESIAN_POINT('',(2.7E-16,7.2E-16,0.15));
#369 = DIRECTION('',(0.,0.,1.));
#370 = DIRECTION('',(1.,0.,0.));
#371 = ADVANCED_FACE('',(#372),#386,.T.);
#372 = FACE_BOUND('',#373,.T.);
#373 = EDGE_LOOP('',(#374,#375,#376));
#374 = ORIENTED_EDGE('',*,*,#141,.F.);
#375 = ORIENTED_EDGE('',*,*,#207,.T.);
#376 = ORIENTED_EDGE('',*,*,#377,.T.);
#377 = EDGE_CURVE('',#200,#134,#378,.T.);
#378 = B_SPLINE_CURVE_WITH_KNOTS('',6,(#379,#380,#381,#382,#383,#384,
    #385),.UNSPECIFIED.,.F.,.F.,(7,7),(0.,1.),.PIECEWISE_BEZIER_KNOTS.);
#379 = CARTESIAN_POINT('',(-3.65,4.914242020644,0.241284425725));
#380 = CARTESIAN_POINT('',(-3.644103758473,4.912087051524,0.216653015972
    ));
#381 = CARTESIAN_POINT('',(-3.638207516945,4.902625144396,0.192662432258
    ));
#382 = CARTESIAN_POINT('',(-3.632311275418,4.886084404457,0.172013071641
    ));
#383 = CARTESIAN_POINT('',(-3.62641503389,4.864072000416,0.157334984573)
  );
#384 = CARTESIAN_POINT('',(-3.620518792363,4.839348048572,0.15));
#385 = CARTESIAN_POINT('',(-3.614622550835,4.814622550835,0.15));
#386 = B_SPLINE_SURFACE_WITH_KNOTS('',6,6,(
    (#387,#388,#389,#390,#391,#392,#393)
    ,(#394,#395,#396,#397,#398,#399,#400)
    ,(#401,#402,#403,#404,#405,#406,#407)
    ,(#408,#409,#410,#411,#412,#413,#414)
    ,(#415,#416,#417,#418,#419,#420,#421)
    ,(#422,#423,#424,#425,#426,#427,#428)
    ,(#429,#430,#431,#432,#433,#434,#435
    )),.UNSPECIFIED.,.F.,.F.,.F.,(7,7),(7,7),(0.,1.),(0.,1.),
  .PIECEWISE_BEZIER_KNOTS.);
#387 = CARTESIAN_POINT('',(-3.714242020644,4.85,0.241284425725));
#388 = CARTESIAN_POINT('',(-3.712087051524,4.844103758473,0.216653015972
    ));
#389 = CARTESIAN_POINT('',(-3.702625144396,4.838207516945,0.192662432258
    ));
#390 = CARTESIAN_POINT('',(-3.686084404457,4.832311275418,0.172013071641
    ));
#391 = CARTESIAN_POINT('',(-3.664072000416,4.82641503389,0.157334984573)
  );
#392 = CARTESIAN_POINT('',(-3.639348048572,4.820518792363,0.15));
#393 = CARTESIAN_POINT('',(-3.614622550835,4.814622550835,0.15));
#394 = CARTESIAN_POINT('',(-3.714242020644,4.866818521078,0.241284425725
    ));
#395 = CARTESIAN_POINT('',(-3.712834713082,4.860527238679,0.216376927338
    ));
#396 = CARTESIAN_POINT('',(-3.703371233341,4.853018133279,0.190811063887
    ));
#397 = CARTESIAN_POINT('',(-3.684249799769,4.84432922241,0.169164388898)
  );
#398 = CARTESIAN_POINT('',(-3.661606640996,4.834728367524,0.156595823106
    ));
#399 = CARTESIAN_POINT('',(-3.637994339777,4.824675588004,0.15));
#400 = CARTESIAN_POINT('',(-3.614622550835,4.814622550835,0.15));
#401 = CARTESIAN_POINT('',(-3.708959548297,4.883635613636,0.241284425725
    ));
#402 = CARTESIAN_POINT('',(-3.709031222707,4.879046638884,0.216144350643
    ));
#403 = CARTESIAN_POINT('',(-3.697523040755,4.872726348056,0.189619934648
    ));
#404 = CARTESIAN_POINT('',(-3.677928845464,4.860154681366,0.16739494809)
  );
#405 = CARTESIAN_POINT('',(-3.656115111816,4.845397737303,0.156125556821
    ));
#406 = CARTESIAN_POINT('',(-3.633109897538,4.831241882351,0.15));
#407 = CARTESIAN_POINT('',(-3.614622550835,4.814622550835,0.15));
#408 = CARTESIAN_POINT('',(-3.698386456066,4.898386456066,0.241284425725
    ));
#409 = CARTESIAN_POINT('',(-3.697656699631,4.897656699631,0.216049013482
    ));
#410 = CARTESIAN_POINT('',(-3.688744071595,4.888744071595,0.189201517653
    ));
#411 = CARTESIAN_POINT('',(-3.671607877641,4.871607877642,0.166789104051
    ));
#412 = CARTESIAN_POINT('',(-3.652074348978,4.852074348978,0.155961676754
    ));
#413 = CARTESIAN_POINT('',(-3.632456198629,4.832456198629,0.15));
#414 = CARTESIAN_POINT('',(-3.614622550835,4.814622550835,0.15));
#415 = CARTESIAN_POINT('',(-3.683635613636,4.908959548297,0.241284425725
    ));
#416 = CARTESIAN_POINT('',(-3.679046638885,4.909031222707,0.216144350643
    ));
#417 = CARTESIAN_POINT('',(-3.672726348056,4.897523040755,0.189619934648
    ));
#418 = CARTESIAN_POINT('',(-3.660154681366,4.877928845464,0.16739494809)
  );
#419 = CARTESIAN_POINT('',(-3.645397737303,4.856115111816,0.156125556821
    ));
#420 = CARTESIAN_POINT('',(-3.631241882351,4.833109897538,0.15));
#421 = CARTESIAN_POINT('',(-3.614622550835,4.814622550835,0.15));
#422 = CARTESIAN_POINT('',(-3.666818521078,4.914242020644,0.241284425725
    ));
#423 = CARTESIAN_POINT('',(-3.660527238679,4.912834713082,0.216376927338
    ));
#424 = CARTESIAN_POINT('',(-3.653018133278,4.903371233341,0.190811063887
    ));
#425 = CARTESIAN_POINT('',(-3.644329222409,4.884249799769,0.169164388898
    ));
#426 = CARTESIAN_POINT('',(-3.634728367523,4.861606640996,0.156595823106
    ));
#427 = CARTESIAN_POINT('',(-3.624675588004,4.837994339777,0.15));
#428 = CARTESIAN_POINT('',(-3.614622550835,4.814622550835,0.15));
#429 = CARTESIAN_POINT('',(-3.65,4.914242020644,0.241284425725));
#430 = CARTESIAN_POINT('',(-3.644103758473,4.912087051524,0.216653015972
    ));
#431 = CARTESIAN_POINT('',(-3.638207516945,4.902625144396,0.192662432258
    ));
#432 = CARTESIAN_POINT('',(-3.632311275418,4.886084404457,0.172013071641
    ));
#433 = CARTESIAN_POINT('',(-3.62641503389,4.864072000416,0.157334984573)
  );
#434 = CARTESIAN_POINT('',(-3.620518792363,4.839348048572,0.15));
#435 = CARTESIAN_POINT('',(-3.614622550835,4.814622550835,0.15));
#436 = ADVANCED_FACE('',(#437),#462,.T.);
#437 = FACE_BOUND('',#438,.F.);
#438 = EDGE_LOOP('',(#439,#447,#448,#456));
#439 = ORIENTED_EDGE('',*,*,#440,.F.);
#440 = EDGE_CURVE('',#159,#441,#443,.T.);
#441 = VERTEX_POINT('',#442);
#442 = CARTESIAN_POINT('',(-3.692369854763,-4.85,1.558715574275));
#443 = LINE('',#444,#445);
#444 = CARTESIAN_POINT('',(-3.75,-4.85,0.9));
#445 = VECTOR('',#446,1.);
#446 = DIRECTION('',(8.715574274766E-02,3.5E-16,0.996194698092));
#447 = ORIENTED_EDGE('',*,*,#166,.T.);
#448 = ORIENTED_EDGE('',*,*,#449,.T.);
#449 = EDGE_CURVE('',#167,#450,#452,.T.);
#450 = VERTEX_POINT('',#451);
#451 = CARTESIAN_POINT('',(-3.692369854763,4.85,1.558715574275));
#452 = LINE('',#453,#454);
#453 = CARTESIAN_POINT('',(-3.717191751178,4.85,1.275));
#454 = VECTOR('',#455,1.);
#455 = DIRECTION('',(8.715574274766E-02,0.,0.996194698092));
#456 = ORIENTED_EDGE('',*,*,#457,.F.);
#457 = EDGE_CURVE('',#441,#450,#458,.T.);
#458 = LINE('',#459,#460);
#459 = CARTESIAN_POINT('',(-3.692369854763,-4.85,1.558715574275));
#460 = VECTOR('',#461,1.);
#461 = DIRECTION('',(0.,1.,0.));
#462 = PLANE('',#463);
#463 = AXIS2_PLACEMENT_3D('',#464,#465,#466);
#464 = CARTESIAN_POINT('',(-3.717191751178,-4.85,1.275));
#465 = DIRECTION('',(-0.996194698092,0.,8.715574274766E-02));
#466 = DIRECTION('',(0.,-1.,0.));
#467 = ADVANCED_FACE('',(#468),#487,.T.);
#468 = FACE_BOUND('',#469,.F.);
#469 = EDGE_LOOP('',(#470,#478,#485,#486));
#470 = ORIENTED_EDGE('',*,*,#471,.T.);
#471 = EDGE_CURVE('',#191,#472,#474,.T.);
#472 = VERTEX_POINT('',#473);
#473 = CARTESIAN_POINT('',(-3.65,4.95,0.9));
#474 = LINE('',#475,#476);
#475 = CARTESIAN_POINT('',(-3.65,4.95,0.15));
#476 = VECTOR('',#477,1.);
#477 = DIRECTION('',(0.,0.,1.));
#478 = ORIENTED_EDGE('',*,*,#479,.F.);
#479 = EDGE_CURVE('',#167,#472,#480,.T.);
#480 = CIRCLE('',#481,0.1);
#481 = AXIS2_PLACEMENT_3D('',#482,#483,#484);
#482 = CARTESIAN_POINT('',(-3.65,4.85,0.9));
#483 = DIRECTION('',(0.,0.,-1.));
#484 = DIRECTION('',(-1.,0.,0.));
#485 = ORIENTED_EDGE('',*,*,#174,.F.);
#486 = ORIENTED_EDGE('',*,*,#190,.T.);
#487 = CYLINDRICAL_SURFACE('',#488,0.1);
#488 = AXIS2_PLACEMENT_3D('',#489,#490,#491);
#489 = CARTESIAN_POINT('',(-3.65,4.85,0.15));
#490 = DIRECTION('',(-0.,-0.,-1.));
#491 = DIRECTION('',(1.,0.,0.));
#492 = ADVANCED_FACE('',(#493),#518,.F.);
#493 = FACE_BOUND('',#494,.T.);
#494 = EDGE_LOOP('',(#495,#496,#504,#512));
#495 = ORIENTED_EDGE('',*,*,#199,.F.);
#496 = ORIENTED_EDGE('',*,*,#497,.T.);
#497 = EDGE_CURVE('',#191,#498,#500,.T.);
#498 = VERTEX_POINT('',#499);
#499 = CARTESIAN_POINT('',(3.65,4.95,0.65));
#500 = LINE('',#501,#502);
#501 = CARTESIAN_POINT('',(-3.65,4.95,0.65));
#502 = VECTOR('',#503,1.);
#503 = DIRECTION('',(1.,0.,0.));
#504 = ORIENTED_EDGE('',*,*,#505,.T.);
#505 = EDGE_CURVE('',#498,#506,#508,.T.);
#506 = VERTEX_POINT('',#507);
#507 = CARTESIAN_POINT('',(3.65,4.914242020644,0.241284425725));
#508 = LINE('',#509,#510);
#509 = CARTESIAN_POINT('',(3.65,4.928127834119,0.4));
#510 = VECTOR('',#511,1.);
#511 = DIRECTION('',(-0.,-8.715574274766E-02,-0.996194698092));
#512 = ORIENTED_EDGE('',*,*,#513,.F.);
#513 = EDGE_CURVE('',#200,#506,#514,.T.);
#514 = LINE('',#515,#516);
#515 = CARTESIAN_POINT('',(-3.65,4.914242020644,0.241284425725));
#516 = VECTOR('',#517,1.);
#517 = DIRECTION('',(1.,0.,0.));
#518 = PLANE('',#519);
#519 = AXIS2_PLACEMENT_3D('',#520,#521,#522);
#520 = CARTESIAN_POINT('',(-3.65,4.928127834119,0.4));
#521 = DIRECTION('',(0.,-0.996194698092,8.715574274766E-02));
#522 = DIRECTION('',(-1.,-0.,-0.));
#523 = ADVANCED_FACE('',(#524),#554,.T.);
#524 = FACE_BOUND('',#525,.T.);
#525 = EDGE_LOOP('',(#526,#536,#543,#544));
#526 = ORIENTED_EDGE('',*,*,#527,.F.);
#527 = EDGE_CURVE('',#528,#530,#532,.T.);
#528 = VERTEX_POINT('',#529);
#529 = CARTESIAN_POINT('',(3.75,-4.85,0.65));
#530 = VERTEX_POINT('',#531);
#531 = CARTESIAN_POINT('',(3.714242020644,-4.85,0.241284425725));
#532 = LINE('',#533,#534);
#533 = CARTESIAN_POINT('',(3.728127834119,-4.85,0.4));
#534 = VECTOR('',#535,1.);
#535 = DIRECTION('',(-8.715574274766E-02,-0.,-0.996194698092));
#536 = ORIENTED_EDGE('',*,*,#537,.T.);
#537 = EDGE_CURVE('',#528,#226,#538,.T.);
#538 = CIRCLE('',#539,0.1);
#539 = AXIS2_PLACEMENT_3D('',#540,#541,#542);
#540 = CARTESIAN_POINT('',(3.65,-4.85,0.65));
#541 = DIRECTION('',(0.,0.,-1.));
#542 = DIRECTION('',(1.,0.,0.));
#543 = ORIENTED_EDGE('',*,*,#225,.T.);
#544 = ORIENTED_EDGE('',*,*,#545,.F.);
#545 = EDGE_CURVE('',#530,#228,#546,.T.);
#546 = B_SPLINE_CURVE_WITH_KNOTS('',6,(#547,#548,#549,#550,#551,#552,
    #553),.UNSPECIFIED.,.F.,.F.,(7,7),(0.,1.),.PIECEWISE_BEZIER_KNOTS.);
#547 = CARTESIAN_POINT('',(3.714242020644,-4.85,0.241284425725));
#548 = CARTESIAN_POINT('',(3.714242020644,-4.866818521078,0.241284425725
    ));
#549 = CARTESIAN_POINT('',(3.708959548297,-4.883635613636,0.241284425725
    ));
#550 = CARTESIAN_POINT('',(3.698386456066,-4.898386456066,0.241284425725
    ));
#551 = CARTESIAN_POINT('',(3.683635613636,-4.908959548297,0.241284425725
    ));
#552 = CARTESIAN_POINT('',(3.666818521078,-4.914242020644,0.241284425725
    ));
#553 = CARTESIAN_POINT('',(3.65,-4.914242020644,0.241284425725));
#554 = CONICAL_SURFACE('',#555,0.1,8.726646259972E-02);
#555 = AXIS2_PLACEMENT_3D('',#556,#557,#558);
#556 = CARTESIAN_POINT('',(3.65,-4.85,0.65));
#557 = DIRECTION('',(0.,0.,1.));
#558 = DIRECTION('',(1.,0.,0.));
#559 = ADVANCED_FACE('',(#560),#575,.T.);
#560 = FACE_BOUND('',#561,.F.);
#561 = EDGE_LOOP('',(#562,#572,#573,#574));
#562 = ORIENTED_EDGE('',*,*,#563,.T.);
#563 = EDGE_CURVE('',#228,#346,#564,.T.);
#564 = B_SPLINE_CURVE_WITH_KNOTS('',6,(#565,#566,#567,#568,#569,#570,
    #571),.UNSPECIFIED.,.F.,.F.,(7,7),(0.,1.),.PIECEWISE_BEZIER_KNOTS.);
#565 = CARTESIAN_POINT('',(3.65,-4.914242020644,0.241284425725));
#566 = CARTESIAN_POINT('',(3.644103758473,-4.912087051524,0.216653015972
    ));
#567 = CARTESIAN_POINT('',(3.638207516945,-4.902625144396,0.192662432258
    ));
#568 = CARTESIAN_POINT('',(3.632311275418,-4.886084404457,0.172013071641
    ));
#569 = CARTESIAN_POINT('',(3.62641503389,-4.864072000416,0.157334984573)
  );
#570 = CARTESIAN_POINT('',(3.620518792363,-4.839348048572,0.15));
#571 = CARTESIAN_POINT('',(3.614622550835,-4.814622550835,0.15));
#572 = ORIENTED_EDGE('',*,*,#345,.T.);
#573 = ORIENTED_EDGE('',*,*,#256,.F.);
#574 = ORIENTED_EDGE('',*,*,#242,.F.);
#575 = CYLINDRICAL_SURFACE('',#576,0.1);
#576 = AXIS2_PLACEMENT_3D('',#577,#578,#579);
#577 = CARTESIAN_POINT('',(3.65,-4.814622550835,0.25));
#578 = DIRECTION('',(-1.,0.,0.));
#579 = DIRECTION('',(-0.,-0.996194698092,-8.715574274766E-02));
#580 = ADVANCED_FACE('',(#581),#599,.T.);
#581 = FACE_BOUND('',#582,.T.);
#582 = EDGE_LOOP('',(#583,#591,#597,#598));
#583 = ORIENTED_EDGE('',*,*,#584,.T.);
#584 = EDGE_CURVE('',#226,#585,#587,.T.);
#585 = VERTEX_POINT('',#586);
#586 = CARTESIAN_POINT('',(3.65,-4.95,0.9));
#587 = LINE('',#588,#589);
#588 = CARTESIAN_POINT('',(3.65,-4.95,0.15));
#589 = VECTOR('',#590,1.);
#590 = DIRECTION('',(0.,0.,1.));
#591 = ORIENTED_EDGE('',*,*,#592,.T.);
#592 = EDGE_CURVE('',#585,#321,#593,.T.);
#593 = LINE('',#594,#595);
#594 = CARTESIAN_POINT('',(3.65,-4.95,0.9));
#595 = VECTOR('',#596,1.);
#596 = DIRECTION('',(-1.,0.,0.));
#597 = ORIENTED_EDGE('',*,*,#329,.F.);
#598 = ORIENTED_EDGE('',*,*,#235,.F.);
#599 = PLANE('',#600);
#600 = AXIS2_PLACEMENT_3D('',#601,#602,#603);
#601 = CARTESIAN_POINT('',(3.65,-4.95,0.15));
#602 = DIRECTION('',(0.,-1.,0.));
#603 = DIRECTION('',(-1.,0.,0.));
#604 = ADVANCED_FACE('',(#605),#627,.T.);
#605 = FACE_BOUND('',#606,.F.);
#606 = EDGE_LOOP('',(#607,#615,#616,#617));
#607 = ORIENTED_EDGE('',*,*,#608,.F.);
#608 = EDGE_CURVE('',#321,#609,#611,.T.);
#609 = VERTEX_POINT('',#610);
#610 = CARTESIAN_POINT('',(-3.65,-4.892369854763,1.558715574275));
#611 = LINE('',#612,#613);
#612 = CARTESIAN_POINT('',(-3.65,-4.917191751178,1.275));
#613 = VECTOR('',#614,1.);
#614 = DIRECTION('',(0.,8.715574274766E-02,0.996194698092));
#615 = ORIENTED_EDGE('',*,*,#320,.T.);
#616 = ORIENTED_EDGE('',*,*,#440,.T.);
#617 = ORIENTED_EDGE('',*,*,#618,.F.);
#618 = EDGE_CURVE('',#609,#441,#619,.T.);
#619 = B_SPLINE_CURVE_WITH_KNOTS('',6,(#620,#621,#622,#623,#624,#625,
    #626),.UNSPECIFIED.,.F.,.F.,(7,7),(0.,1.),.PIECEWISE_BEZIER_KNOTS.);
#620 = CARTESIAN_POINT('',(-3.65,-4.892369854763,1.558715574275));
#621 = CARTESIAN_POINT('',(-3.661092401644,-4.892369854763,
    1.558715574275));
#622 = CARTESIAN_POINT('',(-3.672183861129,-4.888885879883,
    1.558715574275));
#623 = CARTESIAN_POINT('',(-3.68191255654,-4.88191255654,1.558715574275)
  );
#624 = CARTESIAN_POINT('',(-3.688885879883,-4.872183861128,
    1.558715574275));
#625 = CARTESIAN_POINT('',(-3.692369854763,-4.861092401644,
    1.558715574275));
#626 = CARTESIAN_POINT('',(-3.692369854763,-4.85,1.558715574275));
#627 = CONICAL_SURFACE('',#628,0.1,8.726646259972E-02);
#628 = AXIS2_PLACEMENT_3D('',#629,#630,#631);
#629 = CARTESIAN_POINT('',(-3.65,-4.85,0.9));
#630 = DIRECTION('',(-0.,-0.,-1.));
#631 = DIRECTION('',(0.,-1.,0.));
#632 = ADVANCED_FACE('',(#633),#646,.T.);
#633 = FACE_BOUND('',#634,.F.);
#634 = EDGE_LOOP('',(#635,#636,#637,#645));
#635 = ORIENTED_EDGE('',*,*,#377,.T.);
#636 = ORIENTED_EDGE('',*,*,#361,.T.);
#637 = ORIENTED_EDGE('',*,*,#638,.F.);
#638 = EDGE_CURVE('',#506,#354,#639,.T.);
#639 = B_SPLINE_CURVE_WITH_KNOTS('',4,(#640,#641,#642,#643,#644),
  .UNSPECIFIED.,.F.,.F.,(5,5),(0.,1.),.PIECEWISE_BEZIER_KNOTS.);
#640 = CARTESIAN_POINT('',(3.65,4.914242020644,0.241284425725));
#641 = CARTESIAN_POINT('',(3.641155637709,4.911009566964,0.204337311096)
  );
#642 = CARTESIAN_POINT('',(3.632311275418,4.889189479321,0.168624477045)
  );
#643 = CARTESIAN_POINT('',(3.623466913126,4.85171079744,0.15));
#644 = CARTESIAN_POINT('',(3.614622550835,4.814622550835,0.15));
#645 = ORIENTED_EDGE('',*,*,#513,.F.);
#646 = CYLINDRICAL_SURFACE('',#647,0.1);
#647 = AXIS2_PLACEMENT_3D('',#648,#649,#650);
#648 = CARTESIAN_POINT('',(-3.65,4.814622550835,0.25));
#649 = DIRECTION('',(1.,0.,0.));
#650 = DIRECTION('',(0.,0.996194698092,-8.715574274766E-02));
#651 = ADVANCED_FACE('',(#652),#681,.T.);
#652 = FACE_BOUND('',#653,.F.);
#653 = EDGE_LOOP('',(#654,#666,#667,#675));
#654 = ORIENTED_EDGE('',*,*,#655,.T.);
#655 = EDGE_CURVE('',#656,#354,#658,.T.);
#656 = VERTEX_POINT('',#657);
#657 = CARTESIAN_POINT('',(3.714242020644,4.85,0.241284425725));
#658 = B_SPLINE_CURVE_WITH_KNOTS('',6,(#659,#660,#661,#662,#663,#664,
    #665),.UNSPECIFIED.,.F.,.F.,(7,7),(0.,1.),.PIECEWISE_BEZIER_KNOTS.);
#659 = CARTESIAN_POINT('',(3.714242020644,4.85,0.241284425725));
#660 = CARTESIAN_POINT('',(3.712087051524,4.844103758473,0.216653015972)
  );
#661 = CARTESIAN_POINT('',(3.702625144396,4.838207516945,0.192662432258)
  );
#662 = CARTESIAN_POINT('',(3.686084404457,4.832311275418,0.172013071641)
  );
#663 = CARTESIAN_POINT('',(3.664072000416,4.82641503389,0.157334984573)
  );
#664 = CARTESIAN_POINT('',(3.639348048572,4.820518792363,0.15));
#665 = CARTESIAN_POINT('',(3.614622550835,4.814622550835,0.15));
#666 = ORIENTED_EDGE('',*,*,#353,.T.);
#667 = ORIENTED_EDGE('',*,*,#668,.F.);
#668 = EDGE_CURVE('',#530,#346,#669,.T.);
#669 = B_SPLINE_CURVE_WITH_KNOTS('',4,(#670,#671,#672,#673,#674),
  .UNSPECIFIED.,.F.,.F.,(5,5),(0.,1.),.PIECEWISE_BEZIER_KNOTS.);
#670 = CARTESIAN_POINT('',(3.714242020644,-4.85,0.241284425725));
#671 = CARTESIAN_POINT('',(3.711009566964,-4.841155637709,0.204337311096
    ));
#672 = CARTESIAN_POINT('',(3.689189479321,-4.832311275418,0.168624477045
    ));
#673 = CARTESIAN_POINT('',(3.65171079744,-4.823466913126,0.15));
#674 = CARTESIAN_POINT('',(3.614622550835,-4.814622550835,0.15));
#675 = ORIENTED_EDGE('',*,*,#676,.F.);
#676 = EDGE_CURVE('',#656,#530,#677,.T.);
#677 = LINE('',#678,#679);
#678 = CARTESIAN_POINT('',(3.714242020644,4.85,0.241284425725));
#679 = VECTOR('',#680,1.);
#680 = DIRECTION('',(0.,-1.,0.));
#681 = CYLINDRICAL_SURFACE('',#682,0.1);
#682 = AXIS2_PLACEMENT_3D('',#683,#684,#685);
#683 = CARTESIAN_POINT('',(3.614622550835,4.85,0.25));
#684 = DIRECTION('',(0.,-1.,0.));
#685 = DIRECTION('',(0.996194698092,0.,-8.715574274766E-02));
#686 = ADVANCED_FACE('',(#687),#718,.T.);
#687 = FACE_BOUND('',#688,.T.);
#688 = EDGE_LOOP('',(#689,#701,#709,#717));
#689 = ORIENTED_EDGE('',*,*,#690,.T.);
#690 = EDGE_CURVE('',#441,#691,#693,.T.);
#691 = VERTEX_POINT('',#692);
#692 = CARTESIAN_POINT('',(-3.592750384954,-4.792750384954,1.65));
#693 = B_SPLINE_CURVE_WITH_KNOTS('',6,(#694,#695,#696,#697,#698,#699,
    #700),.UNSPECIFIED.,.F.,.F.,(7,7),(0.,1.),.PIECEWISE_BEZIER_KNOTS.);
#694 = CARTESIAN_POINT('',(-3.692369854763,-4.85,1.558715574275));
#695 = CARTESIAN_POINT('',(-3.690214885643,-4.840458397492,
    1.583346984028));
#696 = CARTESIAN_POINT('',(-3.680752978515,-4.830916794985,
    1.607337567742));
#697 = CARTESIAN_POINT('',(-3.664212238575,-4.821375192477,
    1.627986928359));
#698 = CARTESIAN_POINT('',(-3.642199834534,-4.811833589969,
    1.642665015427));
#699 = CARTESIAN_POINT('',(-3.61747588269,-4.802291987462,1.65));
#700 = CARTESIAN_POINT('',(-3.592750384954,-4.792750384954,1.65));
#701 = ORIENTED_EDGE('',*,*,#702,.T.);
#702 = EDGE_CURVE('',#691,#703,#705,.T.);
#703 = VERTEX_POINT('',#704);
#704 = CARTESIAN_POINT('',(-3.592750384954,4.792750384954,1.65));
#705 = LINE('',#706,#707);
#706 = CARTESIAN_POINT('',(-3.592750384954,-4.85,1.65));
#707 = VECTOR('',#708,1.);
#708 = DIRECTION('',(0.,1.,0.));
#709 = ORIENTED_EDGE('',*,*,#710,.F.);
#710 = EDGE_CURVE('',#450,#703,#711,.T.);
#711 = B_SPLINE_CURVE_WITH_KNOTS('',4,(#712,#713,#714,#715,#716),
  .UNSPECIFIED.,.F.,.F.,(5,5),(0.,1.),.PIECEWISE_BEZIER_KNOTS.);
#712 = CARTESIAN_POINT('',(-3.692369854763,4.85,1.558715574275));
#713 = CARTESIAN_POINT('',(-3.689137401083,4.835687596238,1.595662688904
    ));
#714 = CARTESIAN_POINT('',(-3.667317313439,4.821375192477,1.631375522955
    ));
#715 = CARTESIAN_POINT('',(-3.629838631559,4.807062788715,1.65));
#716 = CARTESIAN_POINT('',(-3.592750384954,4.792750384954,1.65));
#717 = ORIENTED_EDGE('',*,*,#457,.F.);
#718 = CYLINDRICAL_SURFACE('',#719,0.1);
#719 = AXIS2_PLACEMENT_3D('',#720,#721,#722);
#720 = CARTESIAN_POINT('',(-3.592750384954,-4.85,1.55));
#721 = DIRECTION('',(0.,1.,0.));
#722 = DIRECTION('',(-0.996194698092,0.,8.715574274766E-02));
#723 = ADVANCED_FACE('',(#724),#746,.T.);
#724 = FACE_BOUND('',#725,.F.);
#725 = EDGE_LOOP('',(#726,#727,#728,#736));
#726 = ORIENTED_EDGE('',*,*,#449,.F.);
#727 = ORIENTED_EDGE('',*,*,#479,.T.);
#728 = ORIENTED_EDGE('',*,*,#729,.T.);
#729 = EDGE_CURVE('',#472,#730,#732,.T.);
#730 = VERTEX_POINT('',#731);
#731 = CARTESIAN_POINT('',(-3.65,4.892369854763,1.558715574275));
#732 = LINE('',#733,#734);
#733 = CARTESIAN_POINT('',(-3.65,4.95,0.9));
#734 = VECTOR('',#735,1.);
#735 = DIRECTION('',(1.4E-16,-8.715574274766E-02,0.996194698092));
#736 = ORIENTED_EDGE('',*,*,#737,.F.);
#737 = EDGE_CURVE('',#450,#730,#738,.T.);
#738 = B_SPLINE_CURVE_WITH_KNOTS('',6,(#739,#740,#741,#742,#743,#744,
    #745),.UNSPECIFIED.,.F.,.F.,(7,7),(0.,1.),.PIECEWISE_BEZIER_KNOTS.);
#739 = CARTESIAN_POINT('',(-3.692369854763,4.85,1.558715574275));
#740 = CARTESIAN_POINT('',(-3.692369854763,4.861092401644,1.558715574275
    ));
#741 = CARTESIAN_POINT('',(-3.688885879883,4.872183861129,1.558715574275
    ));
#742 = CARTESIAN_POINT('',(-3.681912556539,4.881912556539,1.558715574275
    ));
#743 = CARTESIAN_POINT('',(-3.672183861129,4.888885879883,1.558715574275
    ));
#744 = CARTESIAN_POINT('',(-3.661092401644,4.892369854763,1.558715574275
    ));
#745 = CARTESIAN_POINT('',(-3.65,4.892369854763,1.558715574275));
#746 = CONICAL_SURFACE('',#747,0.1,8.726646259972E-02);
#747 = AXIS2_PLACEMENT_3D('',#748,#749,#750);
#748 = CARTESIAN_POINT('',(-3.65,4.85,0.9));
#749 = DIRECTION('',(-0.,-0.,-1.));
#750 = DIRECTION('',(-1.,0.,0.));
#751 = ADVANCED_FACE('',(#752),#770,.T.);
#752 = FACE_BOUND('',#753,.T.);
#753 = EDGE_LOOP('',(#754,#755,#763,#769));
#754 = ORIENTED_EDGE('',*,*,#471,.T.);
#755 = ORIENTED_EDGE('',*,*,#756,.T.);
#756 = EDGE_CURVE('',#472,#757,#759,.T.);
#757 = VERTEX_POINT('',#758);
#758 = CARTESIAN_POINT('',(3.65,4.95,0.9));
#759 = LINE('',#760,#761);
#760 = CARTESIAN_POINT('',(-3.65,4.95,0.9));
#761 = VECTOR('',#762,1.);
#762 = DIRECTION('',(1.,0.,0.));
#763 = ORIENTED_EDGE('',*,*,#764,.F.);
#764 = EDGE_CURVE('',#498,#757,#765,.T.);
#765 = LINE('',#766,#767);
#766 = CARTESIAN_POINT('',(3.65,4.95,0.15));
#767 = VECTOR('',#768,1.);
#768 = DIRECTION('',(0.,0.,1.));
#769 = ORIENTED_EDGE('',*,*,#497,.F.);
#770 = PLANE('',#771);
#771 = AXIS2_PLACEMENT_3D('',#772,#773,#774);
#772 = CARTESIAN_POINT('',(-3.65,4.95,0.15));
#773 = DIRECTION('',(0.,1.,0.));
#774 = DIRECTION('',(1.,0.,0.));
#775 = ADVANCED_FACE('',(#776),#804,.T.);
#776 = FACE_BOUND('',#777,.T.);
#777 = EDGE_LOOP('',(#778,#779,#788,#794));
#778 = ORIENTED_EDGE('',*,*,#505,.F.);
#779 = ORIENTED_EDGE('',*,*,#780,.T.);
#780 = EDGE_CURVE('',#498,#781,#783,.T.);
#781 = VERTEX_POINT('',#782);
#782 = CARTESIAN_POINT('',(3.75,4.85,0.65));
#783 = CIRCLE('',#784,0.1);
#784 = AXIS2_PLACEMENT_3D('',#785,#786,#787);
#785 = CARTESIAN_POINT('',(3.65,4.85,0.65));
#786 = DIRECTION('',(0.,0.,-1.));
#787 = DIRECTION('',(0.,1.,0.));
#788 = ORIENTED_EDGE('',*,*,#789,.T.);
#789 = EDGE_CURVE('',#781,#656,#790,.T.);
#790 = LINE('',#791,#792);
#791 = CARTESIAN_POINT('',(3.75,4.85,0.65));
#792 = VECTOR('',#793,1.);
#793 = DIRECTION('',(-8.715574274766E-02,3.8E-16,-0.996194698092));
#794 = ORIENTED_EDGE('',*,*,#795,.F.);
#795 = EDGE_CURVE('',#506,#656,#796,.T.);
#796 = B_SPLINE_CURVE_WITH_KNOTS('',6,(#797,#798,#799,#800,#801,#802,
    #803),.UNSPECIFIED.,.F.,.F.,(7,7),(0.,1.),.PIECEWISE_BEZIER_KNOTS.);
#797 = CARTESIAN_POINT('',(3.65,4.914242020644,0.241284425725));
#798 = CARTESIAN_POINT('',(3.666818521078,4.914242020644,0.241284425725)
  );
#799 = CARTESIAN_POINT('',(3.683635613636,4.908959548297,0.241284425725)
  );
#800 = CARTESIAN_POINT('',(3.698386456066,4.898386456066,0.241284425725)
  );
#801 = CARTESIAN_POINT('',(3.708959548297,4.883635613636,0.241284425725)
  );
#802 = CARTESIAN_POINT('',(3.714242020644,4.866818521078,0.241284425725)
  );
#803 = CARTESIAN_POINT('',(3.714242020644,4.85,0.241284425725));
#804 = CONICAL_SURFACE('',#805,0.1,8.726646259972E-02);
#805 = AXIS2_PLACEMENT_3D('',#806,#807,#808);
#806 = CARTESIAN_POINT('',(3.65,4.85,0.65));
#807 = DIRECTION('',(0.,0.,1.));
#808 = DIRECTION('',(0.,1.,0.));
#809 = ADVANCED_FACE('',(#810),#821,.F.);
#810 = FACE_BOUND('',#811,.T.);
#811 = EDGE_LOOP('',(#812,#813,#819,#820));
#812 = ORIENTED_EDGE('',*,*,#789,.F.);
#813 = ORIENTED_EDGE('',*,*,#814,.T.);
#814 = EDGE_CURVE('',#781,#528,#815,.T.);
#815 = LINE('',#816,#817);
#816 = CARTESIAN_POINT('',(3.75,4.85,0.65));
#817 = VECTOR('',#818,1.);
#818 = DIRECTION('',(0.,-1.,0.));
#819 = ORIENTED_EDGE('',*,*,#527,.T.);
#820 = ORIENTED_EDGE('',*,*,#676,.F.);
#821 = PLANE('',#822);
#822 = AXIS2_PLACEMENT_3D('',#823,#824,#825);
#823 = CARTESIAN_POINT('',(3.728127834119,4.85,0.4));
#824 = DIRECTION('',(-0.996194698092,0.,8.715574274766E-02));
#825 = DIRECTION('',(0.,1.,0.));
#826 = ADVANCED_FACE('',(#827),#832,.T.);
#827 = FACE_BOUND('',#828,.T.);
#828 = EDGE_LOOP('',(#829,#830,#831));
#829 = ORIENTED_EDGE('',*,*,#668,.F.);
#830 = ORIENTED_EDGE('',*,*,#545,.T.);
#831 = ORIENTED_EDGE('',*,*,#563,.T.);
#832 = B_SPLINE_SURFACE_WITH_KNOTS('',6,6,(
    (#833,#834,#835,#836,#837,#838,#839)
    ,(#840,#841,#842,#843,#844,#845,#846)
    ,(#847,#848,#849,#850,#851,#852,#853)
    ,(#854,#855,#856,#857,#858,#859,#860)
    ,(#861,#862,#863,#864,#865,#866,#867)
    ,(#868,#869,#870,#871,#872,#873,#874)
    ,(#875,#876,#877,#878,#879,#880,#881
    )),.UNSPECIFIED.,.F.,.F.,.F.,(7,7),(7,7),(0.,1.),(0.,1.),
  .PIECEWISE_BEZIER_KNOTS.);
#833 = CARTESIAN_POINT('',(3.714242020644,-4.85,0.241284425725));
#834 = CARTESIAN_POINT('',(3.712087051524,-4.844103758473,0.216653015972
    ));
#835 = CARTESIAN_POINT('',(3.702625144396,-4.838207516945,0.192662432258
    ));
#836 = CARTESIAN_POINT('',(3.686084404457,-4.832311275418,0.172013071641
    ));
#837 = CARTESIAN_POINT('',(3.664072000416,-4.82641503389,0.157334984573)
  );
#838 = CARTESIAN_POINT('',(3.639348048572,-4.820518792363,0.15));
#839 = CARTESIAN_POINT('',(3.614622550835,-4.814622550835,0.15));
#840 = CARTESIAN_POINT('',(3.714242020644,-4.866818521078,0.241284425725
    ));
#841 = CARTESIAN_POINT('',(3.712834713082,-4.860527238679,0.216376927338
    ));
#842 = CARTESIAN_POINT('',(3.703371233341,-4.853018133278,0.190811063887
    ));
#843 = CARTESIAN_POINT('',(3.684249799769,-4.84432922241,0.169164388898)
  );
#844 = CARTESIAN_POINT('',(3.661606640996,-4.834728367524,0.156595823106
    ));
#845 = CARTESIAN_POINT('',(3.637994339777,-4.824675588004,0.15));
#846 = CARTESIAN_POINT('',(3.614622550835,-4.814622550835,0.15));
#847 = CARTESIAN_POINT('',(3.708959548297,-4.883635613636,0.241284425725
    ));
#848 = CARTESIAN_POINT('',(3.709031222707,-4.879046638884,0.216144350643
    ));
#849 = CARTESIAN_POINT('',(3.697523040755,-4.872726348056,0.189619934648
    ));
#850 = CARTESIAN_POINT('',(3.677928845464,-4.860154681366,0.16739494809)
  );
#851 = CARTESIAN_POINT('',(3.656115111816,-4.845397737303,0.156125556821
    ));
#852 = CARTESIAN_POINT('',(3.633109897538,-4.831241882351,0.15));
#853 = CARTESIAN_POINT('',(3.614622550835,-4.814622550835,0.15));
#854 = CARTESIAN_POINT('',(3.698386456066,-4.898386456066,0.241284425725
    ));
#855 = CARTESIAN_POINT('',(3.697656699631,-4.897656699631,0.216049013482
    ));
#856 = CARTESIAN_POINT('',(3.688744071595,-4.888744071595,0.189201517653
    ));
#857 = CARTESIAN_POINT('',(3.671607877641,-4.871607877642,0.166789104051
    ));
#858 = CARTESIAN_POINT('',(3.652074348978,-4.852074348978,0.155961676754
    ));
#859 = CARTESIAN_POINT('',(3.632456198629,-4.832456198629,0.15));
#860 = CARTESIAN_POINT('',(3.614622550835,-4.814622550835,0.15));
#861 = CARTESIAN_POINT('',(3.683635613636,-4.908959548297,0.241284425725
    ));
#862 = CARTESIAN_POINT('',(3.679046638885,-4.909031222707,0.216144350643
    ));
#863 = CARTESIAN_POINT('',(3.672726348056,-4.897523040755,0.189619934648
    ));
#864 = CARTESIAN_POINT('',(3.660154681366,-4.877928845464,0.16739494809)
  );
#865 = CARTESIAN_POINT('',(3.645397737303,-4.856115111816,0.156125556821
    ));
#866 = CARTESIAN_POINT('',(3.63124188235,-4.833109897538,0.15));
#867 = CARTESIAN_POINT('',(3.614622550835,-4.814622550835,0.15));
#868 = CARTESIAN_POINT('',(3.666818521078,-4.914242020644,0.241284425725
    ));
#869 = CARTESIAN_POINT('',(3.660527238679,-4.912834713082,0.216376927338
    ));
#870 = CARTESIAN_POINT('',(3.653018133278,-4.903371233341,0.190811063887
    ));
#871 = CARTESIAN_POINT('',(3.644329222409,-4.884249799769,0.169164388898
    ));
#872 = CARTESIAN_POINT('',(3.634728367523,-4.861606640996,0.156595823106
    ));
#873 = CARTESIAN_POINT('',(3.624675588004,-4.837994339777,0.15));
#874 = CARTESIAN_POINT('',(3.614622550835,-4.814622550835,0.15));
#875 = CARTESIAN_POINT('',(3.65,-4.914242020644,0.241284425725));
#876 = CARTESIAN_POINT('',(3.644103758473,-4.912087051524,0.216653015972
    ));
#877 = CARTESIAN_POINT('',(3.638207516945,-4.902625144396,0.192662432258
    ));
#878 = CARTESIAN_POINT('',(3.632311275418,-4.886084404457,0.172013071641
    ));
#879 = CARTESIAN_POINT('',(3.62641503389,-4.864072000416,0.157334984573)
  );
#880 = CARTESIAN_POINT('',(3.620518792363,-4.839348048572,0.15));
#881 = CARTESIAN_POINT('',(3.614622550835,-4.814622550835,0.15));
#882 = ADVANCED_FACE('',(#883),#902,.T.);
#883 = FACE_BOUND('',#884,.F.);
#884 = EDGE_LOOP('',(#885,#886,#895,#901));
#885 = ORIENTED_EDGE('',*,*,#584,.T.);
#886 = ORIENTED_EDGE('',*,*,#887,.F.);
#887 = EDGE_CURVE('',#888,#585,#890,.T.);
#888 = VERTEX_POINT('',#889);
#889 = CARTESIAN_POINT('',(3.75,-4.85,0.9));
#890 = CIRCLE('',#891,0.1);
#891 = AXIS2_PLACEMENT_3D('',#892,#893,#894);
#892 = CARTESIAN_POINT('',(3.65,-4.85,0.9));
#893 = DIRECTION('',(0.,0.,-1.));
#894 = DIRECTION('',(1.,0.,0.));
#895 = ORIENTED_EDGE('',*,*,#896,.F.);
#896 = EDGE_CURVE('',#528,#888,#897,.T.);
#897 = LINE('',#898,#899);
#898 = CARTESIAN_POINT('',(3.75,-4.85,0.15));
#899 = VECTOR('',#900,1.);
#900 = DIRECTION('',(0.,0.,1.));
#901 = ORIENTED_EDGE('',*,*,#537,.T.);
#902 = CYLINDRICAL_SURFACE('',#903,0.1);
#903 = AXIS2_PLACEMENT_3D('',#904,#905,#906);
#904 = CARTESIAN_POINT('',(3.65,-4.85,0.15));
#905 = DIRECTION('',(-0.,-0.,-1.));
#906 = DIRECTION('',(1.,0.,0.));
#907 = ADVANCED_FACE('',(#908),#945,.T.);
#908 = FACE_BOUND('',#909,.F.);
#909 = EDGE_LOOP('',(#910,#918,#919,#920,#928,#936));
#910 = ORIENTED_EDGE('',*,*,#911,.F.);
#911 = EDGE_CURVE('',#585,#912,#914,.T.);
#912 = VERTEX_POINT('',#913);
#913 = CARTESIAN_POINT('',(3.65,-4.939601417559,1.018856341175));
#914 = LINE('',#915,#916);
#915 = CARTESIAN_POINT('',(3.65,-4.917191751178,1.275));
#916 = VECTOR('',#917,1.);
#917 = DIRECTION('',(0.,8.715574274766E-02,0.996194698092));
#918 = ORIENTED_EDGE('',*,*,#592,.T.);
#919 = ORIENTED_EDGE('',*,*,#608,.T.);
#920 = ORIENTED_EDGE('',*,*,#921,.F.);
#921 = EDGE_CURVE('',#922,#609,#924,.T.);
#922 = VERTEX_POINT('',#923);
#923 = CARTESIAN_POINT('',(3.108578643763,-4.892369854763,1.558715574275
    ));
#924 = LINE('',#925,#926);
#925 = CARTESIAN_POINT('',(3.15,-4.892369854763,1.558715574275));
#926 = VECTOR('',#927,1.);
#927 = DIRECTION('',(-1.,0.,0.));
#928 = ORIENTED_EDGE('',*,*,#929,.F.);
#929 = EDGE_CURVE('',#930,#922,#932,.T.);
#930 = VERTEX_POINT('',#931);
#931 = CARTESIAN_POINT('',(3.583394135834,-4.933910827586,1.083900082204
    ));
#932 = LINE('',#933,#934);
#933 = CARTESIAN_POINT('',(3.583394135834,-4.933910827586,1.083900082204
    ));
#934 = VECTOR('',#935,1.);
#935 = DIRECTION('',(-0.705757556808,6.174578541845E-02,0.705757556808)
  );
#936 = ORIENTED_EDGE('',*,*,#937,.F.);
#937 = EDGE_CURVE('',#912,#930,#938,.T.);
#938 = ( BOUNDED_CURVE() B_SPLINE_CURVE(5,(#939,#940,#941,#942,#943,#944
),.UNSPECIFIED.,.F.,.F.) B_SPLINE_CURVE_WITH_KNOTS((6,6),(10.65645648645
,10.728289552298),.PIECEWISE_BEZIER_KNOTS.) CURVE() 
GEOMETRIC_REPRESENTATION_ITEM() RATIONAL_B_SPLINE_CURVE((1.,1.,1.,1.,1.,
1.)) REPRESENTATION_ITEM('') );
#939 = CARTESIAN_POINT('',(3.65,-4.939601417559,1.018856341175));
#940 = CARTESIAN_POINT('',(3.633779383232,-4.93825474516,1.034248877128)
  );
#941 = CARTESIAN_POINT('',(3.62059573928,-4.937133220886,1.047067958245)
  );
#942 = CARTESIAN_POINT('',(3.607738108594,-4.936030592247,1.059671061253
    ));
#943 = CARTESIAN_POINT('',(3.595509812822,-4.934970811973,1.071784405216
    ));
#944 = CARTESIAN_POINT('',(3.583394135834,-4.933910827586,1.083900082204
    ));
#945 = PLANE('',#946);
#946 = AXIS2_PLACEMENT_3D('',#947,#948,#949);
#947 = CARTESIAN_POINT('',(3.65,-4.917191751178,1.275));
#948 = DIRECTION('',(0.,-0.996194698092,8.715574274766E-02));
#949 = DIRECTION('',(1.,0.,0.));
#950 = ADVANCED_FACE('',(#951),#963,.F.);
#951 = FACE_BOUND('',#952,.F.);
#952 = EDGE_LOOP('',(#953,#961,#962));
#953 = ORIENTED_EDGE('',*,*,#954,.F.);
#954 = EDGE_CURVE('',#609,#691,#955,.T.);
#955 = B_SPLINE_CURVE_WITH_KNOTS('',4,(#956,#957,#958,#959,#960),
  .UNSPECIFIED.,.F.,.F.,(5,5),(0.,1.),.PIECEWISE_BEZIER_KNOTS.);
#956 = CARTESIAN_POINT('',(-3.65,-4.892369854763,1.558715574275));
#957 = CARTESIAN_POINT('',(-3.635687596238,-4.889137401083,
    1.595662688904));
#958 = CARTESIAN_POINT('',(-3.621375192477,-4.867317313439,
    1.631375522955));
#959 = CARTESIAN_POINT('',(-3.607062788715,-4.829838631559,1.65));
#960 = CARTESIAN_POINT('',(-3.592750384954,-4.792750384954,1.65));
#961 = ORIENTED_EDGE('',*,*,#618,.T.);
#962 = ORIENTED_EDGE('',*,*,#690,.T.);
#963 = B_SPLINE_SURFACE_WITH_KNOTS('',6,6,(
    (#964,#965,#966,#967,#968,#969,#970)
    ,(#971,#972,#973,#974,#975,#976,#977)
    ,(#978,#979,#980,#981,#982,#983,#984)
    ,(#985,#986,#987,#988,#989,#990,#991)
    ,(#992,#993,#994,#995,#996,#997,#998)
    ,(#999,#1000,#1001,#1002,#1003,#1004,#1005)
    ,(#1006,#1007,#1008,#1009,#1010,#1011,#1012
  )),.UNSPECIFIED.,.F.,.F.,.F.,(7,7),(7,7),(0.,1.),(0.,1.),
  .PIECEWISE_BEZIER_KNOTS.);
#964 = CARTESIAN_POINT('',(-3.65,-4.892369854763,1.558715574275));
#965 = CARTESIAN_POINT('',(-3.640458397492,-4.890214885643,
    1.583346984028));
#966 = CARTESIAN_POINT('',(-3.630916794985,-4.880752978514,
    1.607337567742));
#967 = CARTESIAN_POINT('',(-3.621375192477,-4.864212238575,
    1.627986928359));
#968 = CARTESIAN_POINT('',(-3.611833589969,-4.842199834534,
    1.642665015427));
#969 = CARTESIAN_POINT('',(-3.602291987462,-4.81747588269,1.65));
#970 = CARTESIAN_POINT('',(-3.592750384954,-4.792750384954,1.65));
#971 = CARTESIAN_POINT('',(-3.661092401644,-4.892369854763,
    1.558715574275));
#972 = CARTESIAN_POINT('',(-3.652110111504,-4.891436099128,
    1.583664503087));
#973 = CARTESIAN_POINT('',(-3.641909998362,-4.882067329772,
    1.609238652623));
#974 = CARTESIAN_POINT('',(-3.630530079752,-4.862803830622,
    1.630872898485));
#975 = CARTESIAN_POINT('',(-3.618238217125,-4.839923895885,
    1.643420749064));
#976 = CARTESIAN_POINT('',(-3.605494429864,-4.816122173896,1.65));
#977 = CARTESIAN_POINT('',(-3.592750384954,-4.792750384954,1.65));
#978 = CARTESIAN_POINT('',(-3.672183861129,-4.888885879883,
    1.558715574275));
#979 = CARTESIAN_POINT('',(-3.66625667734,-4.889691366072,1.583929049856
    ));
#980 = CARTESIAN_POINT('',(-3.657737293699,-4.878730502157,
    1.610468145951));
#981 = CARTESIAN_POINT('',(-3.643444849128,-4.858366400045,
    1.632671112359));
#982 = CARTESIAN_POINT('',(-3.626977765638,-4.835469321414,
    1.643903803379));
#983 = CARTESIAN_POINT('',(-3.610654733236,-4.812071110688,1.65));
#984 = CARTESIAN_POINT('',(-3.592750384954,-4.792750384954,1.65));
#985 = CARTESIAN_POINT('',(-3.68191255654,-4.88191255654,1.558715574275)
  );
#986 = CARTESIAN_POINT('',(-3.681321048716,-4.881321048716,
    1.584036683712));
#987 = CARTESIAN_POINT('',(-3.671793163374,-4.871793163374,1.61090131898
    ));
#988 = CARTESIAN_POINT('',(-3.653426655006,-4.853426655006,
    1.633288023424));
#989 = CARTESIAN_POINT('',(-3.63244240969,-4.83244240969,1.644072602124)
  );
#990 = CARTESIAN_POINT('',(-3.611547795323,-4.811547795323,1.65));
#991 = CARTESIAN_POINT('',(-3.592750384954,-4.792750384954,1.65));
#992 = CARTESIAN_POINT('',(-3.688885879883,-4.872183861128,
    1.558715574275));
#993 = CARTESIAN_POINT('',(-3.689691366072,-4.86625667734,1.583929049856
    ));
#994 = CARTESIAN_POINT('',(-3.678730502157,-4.857737293699,
    1.610468145951));
#995 = CARTESIAN_POINT('',(-3.658366400045,-4.843444849128,
    1.632671112359));
#996 = CARTESIAN_POINT('',(-3.635469321414,-4.826977765638,
    1.643903803379));
#997 = CARTESIAN_POINT('',(-3.612071110688,-4.810654733236,1.65));
#998 = CARTESIAN_POINT('',(-3.592750384954,-4.792750384954,1.65));
#999 = CARTESIAN_POINT('',(-3.692369854763,-4.861092401644,
    1.558715574275));
#1000 = CARTESIAN_POINT('',(-3.691436099128,-4.852110111504,
    1.583664503087));
#1001 = CARTESIAN_POINT('',(-3.682067329772,-4.841909998362,
    1.609238652623));
#1002 = CARTESIAN_POINT('',(-3.662803830622,-4.830530079752,
    1.630872898485));
#1003 = CARTESIAN_POINT('',(-3.639923895885,-4.818238217125,
    1.643420749064));
#1004 = CARTESIAN_POINT('',(-3.616122173896,-4.805494429864,1.65));
#1005 = CARTESIAN_POINT('',(-3.592750384954,-4.792750384954,1.65));
#1006 = CARTESIAN_POINT('',(-3.692369854763,-4.85,1.558715574275));
#1007 = CARTESIAN_POINT('',(-3.690214885643,-4.840458397492,
    1.583346984028));
#1008 = CARTESIAN_POINT('',(-3.680752978515,-4.830916794985,
    1.607337567742));
#1009 = CARTESIAN_POINT('',(-3.664212238575,-4.821375192477,
    1.627986928359));
#1010 = CARTESIAN_POINT('',(-3.642199834534,-4.811833589969,
    1.642665015427));
#1011 = CARTESIAN_POINT('',(-3.61747588269,-4.802291987462,1.65));
#1012 = CARTESIAN_POINT('',(-3.592750384954,-4.792750384954,1.65));
#1013 = ADVANCED_FACE('',(#1014),#1019,.T.);
#1014 = FACE_BOUND('',#1015,.T.);
#1015 = EDGE_LOOP('',(#1016,#1017,#1018));
#1016 = ORIENTED_EDGE('',*,*,#638,.F.);
#1017 = ORIENTED_EDGE('',*,*,#795,.T.);
#1018 = ORIENTED_EDGE('',*,*,#655,.T.);
#1019 = B_SPLINE_SURFACE_WITH_KNOTS('',6,6,(
    (#1020,#1021,#1022,#1023,#1024,#1025,#1026)
    ,(#1027,#1028,#1029,#1030,#1031,#1032,#1033)
    ,(#1034,#1035,#1036,#1037,#1038,#1039,#1040)
    ,(#1041,#1042,#1043,#1044,#1045,#1046,#1047)
    ,(#1048,#1049,#1050,#1051,#1052,#1053,#1054)
    ,(#1055,#1056,#1057,#1058,#1059,#1060,#1061)
    ,(#1062,#1063,#1064,#1065,#1066,#1067,#1068
  )),.UNSPECIFIED.,.F.,.F.,.F.,(7,7),(7,7),(0.,1.),(0.,1.),
  .PIECEWISE_BEZIER_KNOTS.);
#1020 = CARTESIAN_POINT('',(3.65,4.914242020644,0.241284425725));
#1021 = CARTESIAN_POINT('',(3.644103758473,4.912087051524,0.216653015972
    ));
#1022 = CARTESIAN_POINT('',(3.638207516945,4.902625144396,0.192662432258
    ));
#1023 = CARTESIAN_POINT('',(3.632311275418,4.886084404457,0.172013071641
    ));
#1024 = CARTESIAN_POINT('',(3.62641503389,4.864072000416,0.157334984573)
  );
#1025 = CARTESIAN_POINT('',(3.620518792363,4.839348048572,0.15));
#1026 = CARTESIAN_POINT('',(3.614622550835,4.814622550835,0.15));
#1027 = CARTESIAN_POINT('',(3.666818521078,4.914242020644,0.241284425725
    ));
#1028 = CARTESIAN_POINT('',(3.660527238679,4.912834713082,0.216376927338
    ));
#1029 = CARTESIAN_POINT('',(3.653018133278,4.903371233341,0.190811063887
    ));
#1030 = CARTESIAN_POINT('',(3.64432922241,4.884249799769,0.169164388898)
  );
#1031 = CARTESIAN_POINT('',(3.634728367524,4.861606640996,0.156595823106
    ));
#1032 = CARTESIAN_POINT('',(3.624675588004,4.837994339777,0.15));
#1033 = CARTESIAN_POINT('',(3.614622550835,4.814622550835,0.15));
#1034 = CARTESIAN_POINT('',(3.683635613636,4.908959548297,0.241284425725
    ));
#1035 = CARTESIAN_POINT('',(3.679046638884,4.909031222707,0.216144350643
    ));
#1036 = CARTESIAN_POINT('',(3.672726348056,4.897523040755,0.189619934648
    ));
#1037 = CARTESIAN_POINT('',(3.660154681366,4.877928845464,0.16739494809)
  );
#1038 = CARTESIAN_POINT('',(3.645397737303,4.856115111816,0.156125556821
    ));
#1039 = CARTESIAN_POINT('',(3.631241882351,4.833109897538,0.15));
#1040 = CARTESIAN_POINT('',(3.614622550835,4.814622550835,0.15));
#1041 = CARTESIAN_POINT('',(3.698386456066,4.898386456066,0.241284425725
    ));
#1042 = CARTESIAN_POINT('',(3.697656699631,4.897656699631,0.216049013482
    ));
#1043 = CARTESIAN_POINT('',(3.688744071595,4.888744071595,0.189201517653
    ));
#1044 = CARTESIAN_POINT('',(3.671607877642,4.871607877641,0.166789104051
    ));
#1045 = CARTESIAN_POINT('',(3.652074348978,4.852074348978,0.155961676754
    ));
#1046 = CARTESIAN_POINT('',(3.632456198629,4.832456198629,0.15));
#1047 = CARTESIAN_POINT('',(3.614622550835,4.814622550835,0.15));
#1048 = CARTESIAN_POINT('',(3.708959548297,4.883635613636,0.241284425725
    ));
#1049 = CARTESIAN_POINT('',(3.709031222707,4.879046638885,0.216144350643
    ));
#1050 = CARTESIAN_POINT('',(3.697523040755,4.872726348056,0.189619934648
    ));
#1051 = CARTESIAN_POINT('',(3.677928845464,4.860154681366,0.16739494809)
  );
#1052 = CARTESIAN_POINT('',(3.656115111816,4.845397737303,0.156125556821
    ));
#1053 = CARTESIAN_POINT('',(3.633109897538,4.831241882351,0.15));
#1054 = CARTESIAN_POINT('',(3.614622550835,4.814622550835,0.15));
#1055 = CARTESIAN_POINT('',(3.714242020644,4.866818521078,0.241284425725
    ));
#1056 = CARTESIAN_POINT('',(3.712834713082,4.860527238679,0.216376927338
    ));
#1057 = CARTESIAN_POINT('',(3.703371233341,4.853018133278,0.190811063887
    ));
#1058 = CARTESIAN_POINT('',(3.684249799769,4.844329222409,0.169164388898
    ));
#1059 = CARTESIAN_POINT('',(3.661606640996,4.834728367523,0.156595823106
    ));
#1060 = CARTESIAN_POINT('',(3.637994339777,4.824675588004,0.15));
#1061 = CARTESIAN_POINT('',(3.614622550835,4.814622550835,0.15));
#1062 = CARTESIAN_POINT('',(3.714242020644,4.85,0.241284425725));
#1063 = CARTESIAN_POINT('',(3.712087051524,4.844103758473,0.216653015972
    ));
#1064 = CARTESIAN_POINT('',(3.702625144396,4.838207516945,0.192662432258
    ));
#1065 = CARTESIAN_POINT('',(3.686084404457,4.832311275418,0.172013071641
    ));
#1066 = CARTESIAN_POINT('',(3.664072000416,4.82641503389,0.157334984573)
  );
#1067 = CARTESIAN_POINT('',(3.639348048572,4.820518792363,0.15));
#1068 = CARTESIAN_POINT('',(3.614622550835,4.814622550835,0.15));
#1069 = ADVANCED_FACE('',(#1070),#1095,.T.);
#1070 = FACE_BOUND('',#1071,.T.);
#1071 = EDGE_LOOP('',(#1072,#1080,#1088,#1094));
#1072 = ORIENTED_EDGE('',*,*,#1073,.F.);
#1073 = EDGE_CURVE('',#1074,#691,#1076,.T.);
#1074 = VERTEX_POINT('',#1075);
#1075 = CARTESIAN_POINT('',(3.108578643763,-4.792750384954,1.65));
#1076 = LINE('',#1077,#1078);
#1077 = CARTESIAN_POINT('',(3.15,-4.792750384954,1.65));
#1078 = VECTOR('',#1079,1.);
#1079 = DIRECTION('',(-1.,0.,0.));
#1080 = ORIENTED_EDGE('',*,*,#1081,.T.);
#1081 = EDGE_CURVE('',#1074,#1082,#1084,.T.);
#1082 = VERTEX_POINT('',#1083);
#1083 = CARTESIAN_POINT('',(3.108578643763,4.792750384954,1.65));
#1084 = LINE('',#1085,#1086);
#1085 = CARTESIAN_POINT('',(3.108578643763,-4.884383502356,1.65));
#1086 = VECTOR('',#1087,1.);
#1087 = DIRECTION('',(0.,1.,-2.2E-16));
#1088 = ORIENTED_EDGE('',*,*,#1089,.F.);
#1089 = EDGE_CURVE('',#703,#1082,#1090,.T.);
#1090 = LINE('',#1091,#1092);
#1091 = CARTESIAN_POINT('',(-3.65,4.792750384954,1.65));
#1092 = VECTOR('',#1093,1.);
#1093 = DIRECTION('',(1.,0.,0.));
#1094 = ORIENTED_EDGE('',*,*,#702,.F.);
#1095 = PLANE('',#1096);
#1096 = AXIS2_PLACEMENT_3D('',#1097,#1098,#1099);
#1097 = CARTESIAN_POINT('',(2.7E-16,7.2E-16,1.65));
#1098 = DIRECTION('',(0.,0.,1.));
#1099 = DIRECTION('',(1.,0.,0.));
#1100 = ADVANCED_FACE('',(#1101),#1117,.F.);
#1101 = FACE_BOUND('',#1102,.F.);
#1102 = EDGE_LOOP('',(#1103,#1104,#1105));
#1103 = ORIENTED_EDGE('',*,*,#710,.F.);
#1104 = ORIENTED_EDGE('',*,*,#737,.T.);
#1105 = ORIENTED_EDGE('',*,*,#1106,.T.);
#1106 = EDGE_CURVE('',#730,#703,#1107,.T.);
#1107 = B_SPLINE_CURVE_WITH_KNOTS('',8,(#1108,#1109,#1110,#1111,#1112,
    #1113,#1114,#1115,#1116),.UNSPECIFIED.,.F.,.F.,(9,9),(0.,1.),
  .PIECEWISE_BEZIER_KNOTS.);
#1108 = CARTESIAN_POINT('',(-3.65,4.892369854763,1.558715574275));
#1109 = CARTESIAN_POINT('',(-3.642843798119,4.890753627923,
    1.577189131589));
#1110 = CARTESIAN_POINT('',(-3.635687596238,4.885222244192,
    1.595320160907));
#1111 = CARTESIAN_POINT('',(-3.628531394358,4.875860423522,
    1.612140592346));
#1112 = CARTESIAN_POINT('',(-3.621375192477,4.863039976955,
    1.626707629288));
#1113 = CARTESIAN_POINT('',(-3.614218990596,4.847410996444,1.63820968926
    ));
#1114 = CARTESIAN_POINT('',(-3.607062788715,4.829838635391,
    1.646069888181));
#1115 = CARTESIAN_POINT('',(-3.599906586835,4.811294508256,1.65));
#1116 = CARTESIAN_POINT('',(-3.592750384954,4.792750384954,1.65));
#1117 = B_SPLINE_SURFACE_WITH_KNOTS('',6,8,(
    (#1118,#1119,#1120,#1121,#1122,#1123,#1124,#1125,#1126)
    ,(#1127,#1128,#1129,#1130,#1131,#1132,#1133,#1134,#1135)
    ,(#1136,#1137,#1138,#1139,#1140,#1141,#1142,#1143,#1144)
    ,(#1145,#1146,#1147,#1148,#1149,#1150,#1151,#1152,#1153)
    ,(#1154,#1155,#1156,#1157,#1158,#1159,#1160,#1161,#1162)
    ,(#1163,#1164,#1165,#1166,#1167,#1168,#1169,#1170,#1171)
    ,(#1172,#1173,#1174,#1175,#1176,#1177,#1178,#1179,#1180
  )),.UNSPECIFIED.,.F.,.F.,.F.,(7,7),(9,9),(0.,1.),(0.,1.),
  .PIECEWISE_BEZIER_KNOTS.);
#1118 = CARTESIAN_POINT('',(-3.692369854763,4.85,1.558715574275));
#1119 = CARTESIAN_POINT('',(-3.690753627923,4.842843798119,
    1.577189131589));
#1120 = CARTESIAN_POINT('',(-3.685222244192,4.835687596239,
    1.595320160907));
#1121 = CARTESIAN_POINT('',(-3.675860423522,4.828531394358,
    1.612140592346));
#1122 = CARTESIAN_POINT('',(-3.663039976955,4.821375192477,
    1.626707629288));
#1123 = CARTESIAN_POINT('',(-3.647410996444,4.814218990596,1.63820968926
    ));
#1124 = CARTESIAN_POINT('',(-3.629838635391,4.807062788715,
    1.646069888181));
#1125 = CARTESIAN_POINT('',(-3.611294508256,4.799906586835,1.65));
#1126 = CARTESIAN_POINT('',(-3.592750384954,4.792750384954,1.65));
#1127 = CARTESIAN_POINT('',(-3.692369854763,4.861092401644,
    1.558715574275));
#1128 = CARTESIAN_POINT('',(-3.691669538037,4.854355684039,
    1.577427270884));
#1129 = CARTESIAN_POINT('',(-3.686392385556,4.846966440285,
    1.596445358512));
#1130 = CARTESIAN_POINT('',(-3.676301099201,4.838938790375,
    1.614253108668));
#1131 = CARTESIAN_POINT('',(-3.661981648644,4.830334702815,
    1.628975235829));
#1132 = CARTESIAN_POINT('',(-3.645502796376,4.821262526264,
    1.639545663558));
#1133 = CARTESIAN_POINT('',(-3.628075382557,4.811866452957,
    1.646526013353));
#1134 = CARTESIAN_POINT('',(-3.61027922666,4.802308418636,1.65));
#1135 = CARTESIAN_POINT('',(-3.592750384954,4.792750384954,1.65));
#1136 = CARTESIAN_POINT('',(-3.688885879883,4.872183861129,
    1.558715574275));
#1137 = CARTESIAN_POINT('',(-3.689489994525,4.867738473287,1.57762568096
    ));
#1138 = CARTESIAN_POINT('',(-3.683278326998,4.862256100657,
    1.597199800645));
#1139 = CARTESIAN_POINT('',(-3.672652480885,4.853683456825,
    1.615599942032));
#1140 = CARTESIAN_POINT('',(-3.657766830581,4.842959994187,
    1.630399258611));
#1141 = CARTESIAN_POINT('',(-3.641200531116,4.83099909817,1.640386909922
    ));
#1142 = CARTESIAN_POINT('',(-3.624402868708,4.818399660127,
    1.646815553171));
#1143 = CARTESIAN_POINT('',(-3.607240929254,4.806178646165,1.65));
#1144 = CARTESIAN_POINT('',(-3.592750384954,4.792750384954,1.65));
#1145 = CARTESIAN_POINT('',(-3.681912556539,4.881912556539,
    1.558715574275));
#1146 = CARTESIAN_POINT('',(-3.681468925671,4.881468925672,
    1.577706406353));
#1147 = CARTESIAN_POINT('',(-3.676132684332,4.876132684332,
    1.597472122356));
#1148 = CARTESIAN_POINT('',(-3.666339792255,4.866339792255,
    1.616069727488));
#1149 = CARTESIAN_POINT('',(-3.652823143571,4.852823143571,
    1.630890605671));
#1150 = CARTESIAN_POINT('',(-3.637673634185,4.837673634185,
    1.640677745876));
#1151 = CARTESIAN_POINT('',(-3.622156264538,4.822156264538,
    1.646916234643));
#1152 = CARTESIAN_POINT('',(-3.60684844273,4.80684844273,1.65));
#1153 = CARTESIAN_POINT('',(-3.592750384954,4.792750384954,1.65));
#1154 = CARTESIAN_POINT('',(-3.672183861129,4.888885879883,
    1.558715574275));
#1155 = CARTESIAN_POINT('',(-3.667738473288,4.889489994525,1.57762568096
    ));
#1156 = CARTESIAN_POINT('',(-3.662256100657,4.883278326998,
    1.597199800645));
#1157 = CARTESIAN_POINT('',(-3.653683456825,4.872652480885,
    1.615599942032));
#1158 = CARTESIAN_POINT('',(-3.642959994187,4.857766830581,
    1.630399258611));
#1159 = CARTESIAN_POINT('',(-3.63099909817,4.841200531116,1.640386909922
    ));
#1160 = CARTESIAN_POINT('',(-3.618399660127,4.824402868708,
    1.646815553171));
#1161 = CARTESIAN_POINT('',(-3.606178646165,4.807240929254,1.65));
#1162 = CARTESIAN_POINT('',(-3.592750384954,4.792750384954,1.65));
#1163 = CARTESIAN_POINT('',(-3.661092401644,4.892369854763,
    1.558715574275));
#1164 = CARTESIAN_POINT('',(-3.654355684038,4.891669538037,
    1.577427270884));
#1165 = CARTESIAN_POINT('',(-3.646966440285,4.886392385555,
    1.596445358512));
#1166 = CARTESIAN_POINT('',(-3.638938790375,4.876301099201,
    1.614253108668));
#1167 = CARTESIAN_POINT('',(-3.630334702815,4.861981648644,
    1.628975235829));
#1168 = CARTESIAN_POINT('',(-3.621262526264,4.845502796376,
    1.639545663558));
#1169 = CARTESIAN_POINT('',(-3.611866452957,4.828075382557,
    1.646526013353));
#1170 = CARTESIAN_POINT('',(-3.602308418636,4.81027922666,1.65));
#1171 = CARTESIAN_POINT('',(-3.592750384954,4.792750384954,1.65));
#1172 = CARTESIAN_POINT('',(-3.65,4.892369854763,1.558715574275));
#1173 = CARTESIAN_POINT('',(-3.642843798119,4.890753627923,
    1.577189131589));
#1174 = CARTESIAN_POINT('',(-3.635687596238,4.885222244192,
    1.595320160907));
#1175 = CARTESIAN_POINT('',(-3.628531394358,4.875860423522,
    1.612140592346));
#1176 = CARTESIAN_POINT('',(-3.621375192477,4.863039976955,
    1.626707629288));
#1177 = CARTESIAN_POINT('',(-3.614218990596,4.847410996444,1.63820968926
    ));
#1178 = CARTESIAN_POINT('',(-3.607062788715,4.829838635391,
    1.646069888181));
#1179 = CARTESIAN_POINT('',(-3.599906586835,4.811294508256,1.65));
#1180 = CARTESIAN_POINT('',(-3.592750384954,4.792750384954,1.65));
#1181 = ADVANCED_FACE('',(#1182),#1219,.T.);
#1182 = FACE_BOUND('',#1183,.F.);
#1183 = EDGE_LOOP('',(#1184,#1185,#1186,#1194,#1205,#1213));
#1184 = ORIENTED_EDGE('',*,*,#729,.F.);
#1185 = ORIENTED_EDGE('',*,*,#756,.T.);
#1186 = ORIENTED_EDGE('',*,*,#1187,.T.);
#1187 = EDGE_CURVE('',#757,#1188,#1190,.T.);
#1188 = VERTEX_POINT('',#1189);
#1189 = CARTESIAN_POINT('',(3.65,4.939601417559,1.018856341175));
#1190 = LINE('',#1191,#1192);
#1191 = CARTESIAN_POINT('',(3.65,4.917191751178,1.275));
#1192 = VECTOR('',#1193,1.);
#1193 = DIRECTION('',(0.,-8.715574274766E-02,0.996194698092));
#1194 = ORIENTED_EDGE('',*,*,#1195,.F.);
#1195 = EDGE_CURVE('',#1196,#1188,#1198,.T.);
#1196 = VERTEX_POINT('',#1197);
#1197 = CARTESIAN_POINT('',(3.583394135834,4.933910827586,1.083900082204
    ));
#1198 = ( BOUNDED_CURVE() B_SPLINE_CURVE(5,(#1199,#1200,#1201,#1202,
#1203,#1204),.UNSPECIFIED.,.F.,.F.) B_SPLINE_CURVE_WITH_KNOTS((6,6),(
0.70845858493,0.780291650779),.PIECEWISE_BEZIER_KNOTS.) CURVE() 
GEOMETRIC_REPRESENTATION_ITEM() RATIONAL_B_SPLINE_CURVE((1.,1.,1.,1.,1.,
1.)) REPRESENTATION_ITEM('') );
#1199 = CARTESIAN_POINT('',(3.583394135834,4.933910827586,1.083900082204
    ));
#1200 = CARTESIAN_POINT('',(3.595509812822,4.934970811973,1.071784405216
    ));
#1201 = CARTESIAN_POINT('',(3.607738108594,4.936030592247,1.059671061253
    ));
#1202 = CARTESIAN_POINT('',(3.62059573928,4.937133220886,1.047067958245)
  );
#1203 = CARTESIAN_POINT('',(3.633779383232,4.93825474516,1.034248877128)
  );
#1204 = CARTESIAN_POINT('',(3.65,4.939601417559,1.018856341175));
#1205 = ORIENTED_EDGE('',*,*,#1206,.F.);
#1206 = EDGE_CURVE('',#1207,#1196,#1209,.T.);
#1207 = VERTEX_POINT('',#1208);
#1208 = CARTESIAN_POINT('',(3.108578643763,4.892369854763,1.558715574275
    ));
#1209 = LINE('',#1210,#1211);
#1210 = CARTESIAN_POINT('',(3.083394135834,4.890166495823,1.583900082204
    ));
#1211 = VECTOR('',#1212,1.);
#1212 = DIRECTION('',(0.705757556808,6.174578541845E-02,-0.705757556808)
  );
#1213 = ORIENTED_EDGE('',*,*,#1214,.F.);
#1214 = EDGE_CURVE('',#730,#1207,#1215,.T.);
#1215 = LINE('',#1216,#1217);
#1216 = CARTESIAN_POINT('',(-3.65,4.892369854763,1.558715574275));
#1217 = VECTOR('',#1218,1.);
#1218 = DIRECTION('',(1.,0.,0.));
#1219 = PLANE('',#1220);
#1220 = AXIS2_PLACEMENT_3D('',#1221,#1222,#1223);
#1221 = CARTESIAN_POINT('',(-3.65,4.917191751178,1.275));
#1222 = DIRECTION('',(0.,0.996194698092,8.715574274766E-02));
#1223 = DIRECTION('',(-1.,0.,0.));
#1224 = ADVANCED_FACE('',(#1225),#1244,.T.);
#1225 = FACE_BOUND('',#1226,.F.);
#1226 = EDGE_LOOP('',(#1227,#1235,#1242,#1243));
#1227 = ORIENTED_EDGE('',*,*,#1228,.T.);
#1228 = EDGE_CURVE('',#781,#1229,#1231,.T.);
#1229 = VERTEX_POINT('',#1230);
#1230 = CARTESIAN_POINT('',(3.75,4.85,0.9));
#1231 = LINE('',#1232,#1233);
#1232 = CARTESIAN_POINT('',(3.75,4.85,0.15));
#1233 = VECTOR('',#1234,1.);
#1234 = DIRECTION('',(0.,0.,1.));
#1235 = ORIENTED_EDGE('',*,*,#1236,.F.);
#1236 = EDGE_CURVE('',#757,#1229,#1237,.T.);
#1237 = CIRCLE('',#1238,0.1);
#1238 = AXIS2_PLACEMENT_3D('',#1239,#1240,#1241);
#1239 = CARTESIAN_POINT('',(3.65,4.85,0.9));
#1240 = DIRECTION('',(0.,0.,-1.));
#1241 = DIRECTION('',(0.,1.,0.));
#1242 = ORIENTED_EDGE('',*,*,#764,.F.);
#1243 = ORIENTED_EDGE('',*,*,#780,.T.);
#1244 = CYLINDRICAL_SURFACE('',#1245,0.1);
#1245 = AXIS2_PLACEMENT_3D('',#1246,#1247,#1248);
#1246 = CARTESIAN_POINT('',(3.65,4.85,0.15));
#1247 = DIRECTION('',(-0.,-0.,-1.));
#1248 = DIRECTION('',(1.,0.,0.));
#1249 = ADVANCED_FACE('',(#1250),#1261,.T.);
#1250 = FACE_BOUND('',#1251,.T.);
#1251 = EDGE_LOOP('',(#1252,#1253,#1259,#1260));
#1252 = ORIENTED_EDGE('',*,*,#1228,.T.);
#1253 = ORIENTED_EDGE('',*,*,#1254,.T.);
#1254 = EDGE_CURVE('',#1229,#888,#1255,.T.);
#1255 = LINE('',#1256,#1257);
#1256 = CARTESIAN_POINT('',(3.75,4.85,0.9));
#1257 = VECTOR('',#1258,1.);
#1258 = DIRECTION('',(0.,-1.,0.));
#1259 = ORIENTED_EDGE('',*,*,#896,.F.);
#1260 = ORIENTED_EDGE('',*,*,#814,.F.);
#1261 = PLANE('',#1262);
#1262 = AXIS2_PLACEMENT_3D('',#1263,#1264,#1265);
#1263 = CARTESIAN_POINT('',(3.75,4.85,0.15));
#1264 = DIRECTION('',(1.,0.,0.));
#1265 = DIRECTION('',(0.,-1.,0.));
#1266 = ADVANCED_FACE('',(#1267),#1294,.T.);
#1267 = FACE_BOUND('',#1268,.F.);
#1268 = EDGE_LOOP('',(#1269,#1277,#1278,#1279));
#1269 = ORIENTED_EDGE('',*,*,#1270,.F.);
#1270 = EDGE_CURVE('',#888,#1271,#1273,.T.);
#1271 = VERTEX_POINT('',#1272);
#1272 = CARTESIAN_POINT('',(3.738790690166,-4.85,1.028122997681));
#1273 = LINE('',#1274,#1275);
#1274 = CARTESIAN_POINT('',(3.717191751178,-4.85,1.275));
#1275 = VECTOR('',#1276,1.);
#1276 = DIRECTION('',(-8.715574274766E-02,0.,0.996194698092));
#1277 = ORIENTED_EDGE('',*,*,#887,.T.);
#1278 = ORIENTED_EDGE('',*,*,#911,.T.);
#1279 = ORIENTED_EDGE('',*,*,#1280,.F.);
#1280 = EDGE_CURVE('',#1271,#912,#1281,.T.);
#1281 = ( BOUNDED_CURVE() B_SPLINE_CURVE(11,(#1282,#1283,#1284,#1285,
    #1286,#1287,#1288,#1289,#1290,#1291,#1292,#1293),.UNSPECIFIED.,.F.,
.F.) B_SPLINE_CURVE_WITH_KNOTS((12,12),(10.568374068614,10.65645648645),
.PIECEWISE_BEZIER_KNOTS.) CURVE() GEOMETRIC_REPRESENTATION_ITEM() 
RATIONAL_B_SPLINE_CURVE((1.,1.,1.,1.,1.,1.,1.,1.,1.,1.,1.,1.)) 
REPRESENTATION_ITEM('') );
#1282 = CARTESIAN_POINT('',(3.738790690166,-4.85,1.028122997681));
#1283 = CARTESIAN_POINT('',(3.738790690166,-4.859799739985,
    1.028122997681));
#1284 = CARTESIAN_POINT('',(3.737666292485,-4.869625678487,
    1.028165847119));
#1285 = CARTESIAN_POINT('',(3.734830599963,-4.879245132102,
    1.027804255001));
#1286 = CARTESIAN_POINT('',(3.732775890642,-4.889698621837,
    1.028988298668));
#1287 = CARTESIAN_POINT('',(3.724193092052,-4.898052481355,1.02624798221
    ));
#1288 = CARTESIAN_POINT('',(3.723027985954,-4.909900293461,1.03034296441
    ));
#1289 = CARTESIAN_POINT('',(3.708116387284,-4.916509598044,1.0252537241)
  );
#1290 = CARTESIAN_POINT('',(3.703144425797,-4.927234624113,
    1.029093307631));
#1291 = CARTESIAN_POINT('',(3.686072879422,-4.932692940026,
    1.025039004184));
#1292 = CARTESIAN_POINT('',(3.673032614893,-4.939039604667,
    1.025277891913));
#1293 = CARTESIAN_POINT('',(3.65,-4.939601417559,1.018856341175));
#1294 = CONICAL_SURFACE('',#1295,0.1,8.726646259972E-02);
#1295 = AXIS2_PLACEMENT_3D('',#1296,#1297,#1298);
#1296 = CARTESIAN_POINT('',(3.65,-4.85,0.9));
#1297 = DIRECTION('',(-0.,-0.,-1.));
#1298 = DIRECTION('',(1.,0.,0.));
#1299 = ADVANCED_FACE('',(#1300),#1328,.F.);
#1300 = FACE_BOUND('',#1301,.F.);
#1301 = EDGE_LOOP('',(#1302,#1310,#1311,#1319));
#1302 = ORIENTED_EDGE('',*,*,#1303,.T.);
#1303 = EDGE_CURVE('',#1304,#912,#1306,.T.);
#1304 = VERTEX_POINT('',#1305);
#1305 = CARTESIAN_POINT('',(3.68188569731,-4.851979083215,1.11811430269)
  );
#1306 = ( BOUNDED_CURVE() B_SPLINE_CURVE(2,(#1307,#1308,#1309),
.UNSPECIFIED.,.F.,.F.) B_SPLINE_CURVE_WITH_KNOTS((3,3),(0.,
8.808241783576E-02),.PIECEWISE_BEZIER_KNOTS.) CURVE() 
GEOMETRIC_REPRESENTATION_ITEM() RATIONAL_B_SPLINE_CURVE((1.,
0.732350426829,1.)) REPRESENTATION_ITEM('') );
#1307 = CARTESIAN_POINT('',(3.68188569731,-4.851979083215,1.11811430269)
  );
#1308 = CARTESIAN_POINT('',(3.713289574748,-4.933664954428,
    1.086710425252));
#1309 = CARTESIAN_POINT('',(3.65,-4.939601417559,1.018856341175));
#1310 = ORIENTED_EDGE('',*,*,#937,.T.);
#1311 = ORIENTED_EDGE('',*,*,#1312,.F.);
#1312 = EDGE_CURVE('',#1313,#930,#1315,.T.);
#1313 = VERTEX_POINT('',#1314);
#1314 = CARTESIAN_POINT('',(3.654104813953,-4.834291357777,
    1.145895186047));
#1315 = ( BOUNDED_CURVE() B_SPLINE_CURVE(2,(#1316,#1317,#1318),
.UNSPECIFIED.,.F.,.F.) B_SPLINE_CURVE_WITH_KNOTS((3,3),(0.,
7.183306584826E-02),.PIECEWISE_BEZIER_KNOTS.) CURVE() 
GEOMETRIC_REPRESENTATION_ITEM() RATIONAL_B_SPLINE_CURVE((1.,
0.728569974922,1.)) REPRESENTATION_ITEM('') );
#1316 = CARTESIAN_POINT('',(3.654104813953,-4.834291357777,
    1.145895186047));
#1317 = CARTESIAN_POINT('',(3.65,-4.928127834119,1.15));
#1318 = CARTESIAN_POINT('',(3.583394135834,-4.933910827586,
    1.083900082204));
#1319 = ORIENTED_EDGE('',*,*,#1320,.F.);
#1320 = EDGE_CURVE('',#1304,#1313,#1321,.T.);
#1321 = ( BOUNDED_CURVE() B_SPLINE_CURVE(5,(#1322,#1323,#1324,#1325,
#1326,#1327),.UNSPECIFIED.,.F.,.F.) B_SPLINE_CURVE_WITH_KNOTS((6,6),(
10.65645648645,10.728289552298),.PIECEWISE_BEZIER_KNOTS.) CURVE() 
GEOMETRIC_REPRESENTATION_ITEM() RATIONAL_B_SPLINE_CURVE((1.,1.,1.,1.,1.,
1.)) REPRESENTATION_ITEM('') );
#1322 = CARTESIAN_POINT('',(3.68188569731,-4.851979083215,1.11811430269)
  );
#1323 = CARTESIAN_POINT('',(3.674073467093,-4.844437043087,
    1.125926532907));
#1324 = CARTESIAN_POINT('',(3.668885691113,-4.839658891959,
    1.131114308887));
#1325 = CARTESIAN_POINT('',(3.663605073749,-4.836509702685,
    1.136394926251));
#1326 = CARTESIAN_POINT('',(3.658799302988,-4.834702072348,
    1.141200697012));
#1327 = CARTESIAN_POINT('',(3.654104813953,-4.834291357777,
    1.145895186047));
#1328 = ( BOUNDED_SURFACE() B_SPLINE_SURFACE(2,5,(
    (#1329,#1330,#1331,#1332,#1333,#1334)
    ,(#1335,#1336,#1337,#1338,#1339,#1340)
    ,(#1341,#1342,#1343,#1344,#1345,#1346
)),.UNSPECIFIED.,.F.,.F.,.F.) B_SPLINE_SURFACE_WITH_KNOTS((3,3),(6,6),(
    0.,7.183306584826E-02),(10.65645648645,10.728289552298),
.PIECEWISE_BEZIER_KNOTS.) GEOMETRIC_REPRESENTATION_ITEM() 
RATIONAL_B_SPLINE_SURFACE((
    (1.,1.,1.,1.,1.,1.)
    ,(0.732350426829,0.730351583318,0.729465396478,0.728849276005
      ,0.728569974922,0.728569974922)
,(1.,1.,1.,1.,1.,1.))) REPRESENTATION_ITEM('') SURFACE() );
#1329 = CARTESIAN_POINT('',(3.68188569731,-4.851979083215,1.11811430269)
  );
#1330 = CARTESIAN_POINT('',(3.674073467093,-4.844437043087,
    1.125926532907));
#1331 = CARTESIAN_POINT('',(3.668885691113,-4.839658891959,
    1.131114308887));
#1332 = CARTESIAN_POINT('',(3.663605073749,-4.836509702685,
    1.136394926251));
#1333 = CARTESIAN_POINT('',(3.658799302988,-4.834702072348,
    1.141200697012));
#1334 = CARTESIAN_POINT('',(3.654104813953,-4.834291357777,
    1.145895186047));
#1335 = CARTESIAN_POINT('',(3.713289574748,-4.933664954428,
    1.086710425252));
#1336 = CARTESIAN_POINT('',(3.69815473616,-4.932340827628,1.10184526384)
  );
#1337 = CARTESIAN_POINT('',(3.685691445252,-4.931250430963,
    1.114308554748));
#1338 = CARTESIAN_POINT('',(3.673420866649,-4.93017689444,1.126579133351
    ));
#1339 = CARTESIAN_POINT('',(3.661684870826,-4.929150127851,
    1.138315129174));
#1340 = CARTESIAN_POINT('',(3.65,-4.928127834119,1.15));
#1341 = CARTESIAN_POINT('',(3.65,-4.939601417559,1.018856341175));
#1342 = CARTESIAN_POINT('',(3.633779383232,-4.93825474516,1.034248877128
    ));
#1343 = CARTESIAN_POINT('',(3.62059573928,-4.937133220886,1.047067958245
    ));
#1344 = CARTESIAN_POINT('',(3.607738108594,-4.936030592247,
    1.059671061253));
#1345 = CARTESIAN_POINT('',(3.595509812822,-4.934970811973,
    1.071784405216));
#1346 = CARTESIAN_POINT('',(3.583394135834,-4.933910827586,
    1.083900082204));
#1347 = ADVANCED_FACE('',(#1348),#1367,.T.);
#1348 = FACE_BOUND('',#1349,.F.);
#1349 = EDGE_LOOP('',(#1350,#1351,#1352,#1361));
#1350 = ORIENTED_EDGE('',*,*,#1312,.T.);
#1351 = ORIENTED_EDGE('',*,*,#929,.T.);
#1352 = ORIENTED_EDGE('',*,*,#1353,.F.);
#1353 = EDGE_CURVE('',#1354,#922,#1356,.T.);
#1354 = VERTEX_POINT('',#1355);
#1355 = CARTESIAN_POINT('',(3.179289321881,-4.792750384954,
    1.620710678119));
#1356 = CIRCLE('',#1357,0.1);
#1357 = AXIS2_PLACEMENT_3D('',#1358,#1359,#1360);
#1358 = CARTESIAN_POINT('',(3.108578643763,-4.792750384954,1.55));
#1359 = DIRECTION('',(0.705757556808,-6.174578541845E-02,-0.705757556808
    ));
#1360 = DIRECTION('',(-4.366086357907E-02,-0.998091908585,
    4.366086357908E-02));
#1361 = ORIENTED_EDGE('',*,*,#1362,.F.);
#1362 = EDGE_CURVE('',#1313,#1354,#1363,.T.);
#1363 = LINE('',#1364,#1365);
#1364 = CARTESIAN_POINT('',(3.654104813953,-4.834291357777,
    1.145895186047));
#1365 = VECTOR('',#1366,1.);
#1366 = DIRECTION('',(-0.705757556808,6.174578541845E-02,0.705757556808)
  );
#1367 = CYLINDRICAL_SURFACE('',#1368,0.1);
#1368 = AXIS2_PLACEMENT_3D('',#1369,#1370,#1371);
#1369 = CARTESIAN_POINT('',(3.583394135834,-4.834291357777,
    1.075184507929));
#1370 = DIRECTION('',(-0.705757556808,6.174578541845E-02,0.705757556808)
  );
#1371 = DIRECTION('',(0.707106781187,1.561251128379E-16,0.707106781187)
  );
#1372 = ADVANCED_FACE('',(#1373),#1385,.T.);
#1373 = FACE_BOUND('',#1374,.T.);
#1374 = EDGE_LOOP('',(#1375,#1376,#1383,#1384));
#1375 = ORIENTED_EDGE('',*,*,#921,.F.);
#1376 = ORIENTED_EDGE('',*,*,#1377,.F.);
#1377 = EDGE_CURVE('',#1074,#922,#1378,.T.);
#1378 = CIRCLE('',#1379,0.1);
#1379 = AXIS2_PLACEMENT_3D('',#1380,#1381,#1382);
#1380 = CARTESIAN_POINT('',(3.108578643763,-4.792750384954,1.55));
#1381 = DIRECTION('',(1.,-3.9E-16,-4.44E-15));
#1382 = DIRECTION('',(4.44E-15,8.88E-15,1.));
#1383 = ORIENTED_EDGE('',*,*,#1073,.T.);
#1384 = ORIENTED_EDGE('',*,*,#954,.F.);
#1385 = CYLINDRICAL_SURFACE('',#1386,0.1);
#1386 = AXIS2_PLACEMENT_3D('',#1387,#1388,#1389);
#1387 = CARTESIAN_POINT('',(3.15,-4.792750384954,1.55));
#1388 = DIRECTION('',(-1.,0.,0.));
#1389 = DIRECTION('',(0.,-0.996194698092,8.715574274766E-02));
#1390 = ADVANCED_FACE('',(#1391),#1416,.T.);
#1391 = FACE_BOUND('',#1392,.T.);
#1392 = EDGE_LOOP('',(#1393,#1400,#1408,#1415));
#1393 = ORIENTED_EDGE('',*,*,#1394,.F.);
#1394 = EDGE_CURVE('',#1354,#1074,#1395,.T.);
#1395 = CIRCLE('',#1396,0.1);
#1396 = AXIS2_PLACEMENT_3D('',#1397,#1398,#1399);
#1397 = CARTESIAN_POINT('',(3.108578643763,-4.792750384954,1.55));
#1398 = DIRECTION('',(3.68E-15,-1.,8.88E-15));
#1399 = DIRECTION('',(-0.707106781187,3.67695526217E-15,0.707106781187)
  );
#1400 = ORIENTED_EDGE('',*,*,#1401,.T.);
#1401 = EDGE_CURVE('',#1354,#1402,#1404,.T.);
#1402 = VERTEX_POINT('',#1403);
#1403 = CARTESIAN_POINT('',(3.179289321881,4.792750384954,1.620710678119
    ));
#1404 = LINE('',#1405,#1406);
#1405 = CARTESIAN_POINT('',(3.179289321881,-4.884383502356,
    1.620710678119));
#1406 = VECTOR('',#1407,1.);
#1407 = DIRECTION('',(0.,1.,-2.2E-16));
#1408 = ORIENTED_EDGE('',*,*,#1409,.T.);
#1409 = EDGE_CURVE('',#1402,#1082,#1410,.T.);
#1410 = CIRCLE('',#1411,0.1);
#1411 = AXIS2_PLACEMENT_3D('',#1412,#1413,#1414);
#1412 = CARTESIAN_POINT('',(3.108578643763,4.792750384954,1.55));
#1413 = DIRECTION('',(-0.,-1.,0.));
#1414 = DIRECTION('',(-0.707106781187,0.,0.707106781187));
#1415 = ORIENTED_EDGE('',*,*,#1081,.F.);
#1416 = CYLINDRICAL_SURFACE('',#1417,0.1);
#1417 = AXIS2_PLACEMENT_3D('',#1418,#1419,#1420);
#1418 = CARTESIAN_POINT('',(3.108578643763,-4.884383502356,1.55));
#1419 = DIRECTION('',(0.,1.,-2.2E-16));
#1420 = DIRECTION('',(0.,2.2E-16,1.));
#1421 = ADVANCED_FACE('',(#1422),#1434,.T.);
#1422 = FACE_BOUND('',#1423,.T.);
#1423 = EDGE_LOOP('',(#1424,#1425,#1426,#1433));
#1424 = ORIENTED_EDGE('',*,*,#1106,.T.);
#1425 = ORIENTED_EDGE('',*,*,#1089,.T.);
#1426 = ORIENTED_EDGE('',*,*,#1427,.T.);
#1427 = EDGE_CURVE('',#1082,#1207,#1428,.T.);
#1428 = CIRCLE('',#1429,0.1);
#1429 = AXIS2_PLACEMENT_3D('',#1430,#1431,#1432);
#1430 = CARTESIAN_POINT('',(3.108578643763,4.792750384954,1.55));
#1431 = DIRECTION('',(-1.,-2.33E-15,2.665E-14));
#1432 = DIRECTION('',(2.665E-14,0.,1.));
#1433 = ORIENTED_EDGE('',*,*,#1214,.F.);
#1434 = CYLINDRICAL_SURFACE('',#1435,0.1);
#1435 = AXIS2_PLACEMENT_3D('',#1436,#1437,#1438);
#1436 = CARTESIAN_POINT('',(-3.65,4.792750384954,1.55));
#1437 = DIRECTION('',(1.,0.,0.));
#1438 = DIRECTION('',(0.,0.996194698092,8.715574274766E-02));
#1439 = ADVANCED_FACE('',(#1440),#1465,.T.);
#1440 = FACE_BOUND('',#1441,.F.);
#1441 = EDGE_LOOP('',(#1442,#1449,#1450,#1459));
#1442 = ORIENTED_EDGE('',*,*,#1443,.T.);
#1443 = EDGE_CURVE('',#1402,#1207,#1444,.T.);
#1444 = CIRCLE('',#1445,0.1);
#1445 = AXIS2_PLACEMENT_3D('',#1446,#1447,#1448);
#1446 = CARTESIAN_POINT('',(3.108578643763,4.792750384954,1.55));
#1447 = DIRECTION('',(-0.705757556808,-6.174578541845E-02,0.705757556808
    ));
#1448 = DIRECTION('',(-4.366086357907E-02,0.998091908585,
    4.366086357908E-02));
#1449 = ORIENTED_EDGE('',*,*,#1206,.T.);
#1450 = ORIENTED_EDGE('',*,*,#1451,.F.);
#1451 = EDGE_CURVE('',#1452,#1196,#1454,.T.);
#1452 = VERTEX_POINT('',#1453);
#1453 = CARTESIAN_POINT('',(3.654104813953,4.834291357777,1.145895186047
    ));
#1454 = CIRCLE('',#1455,0.1);
#1455 = AXIS2_PLACEMENT_3D('',#1456,#1457,#1458);
#1456 = CARTESIAN_POINT('',(3.583394135834,4.834291357777,1.075184507929
    ));
#1457 = DIRECTION('',(-0.705757556808,-6.174578541845E-02,0.705757556808
    ));
#1458 = DIRECTION('',(0.707106781187,1.52655665886E-16,0.707106781187));
#1459 = ORIENTED_EDGE('',*,*,#1460,.F.);
#1460 = EDGE_CURVE('',#1402,#1452,#1461,.T.);
#1461 = LINE('',#1462,#1463);
#1462 = CARTESIAN_POINT('',(3.154104813953,4.790547026014,1.645895186047
    ));
#1463 = VECTOR('',#1464,1.);
#1464 = DIRECTION('',(0.705757556808,6.174578541845E-02,-0.705757556808)
  );
#1465 = CYLINDRICAL_SURFACE('',#1466,0.1);
#1466 = AXIS2_PLACEMENT_3D('',#1467,#1468,#1469);
#1467 = CARTESIAN_POINT('',(3.083394135834,4.790547026014,1.575184507929
    ));
#1468 = DIRECTION('',(0.705757556808,6.174578541845E-02,-0.705757556808)
  );
#1469 = DIRECTION('',(0.707106781187,1.49186218934E-16,0.707106781187));
#1470 = ADVANCED_FACE('',(#1471),#1498,.T.);
#1471 = FACE_BOUND('',#1472,.F.);
#1472 = EDGE_LOOP('',(#1473,#1474,#1475,#1483));
#1473 = ORIENTED_EDGE('',*,*,#1187,.F.);
#1474 = ORIENTED_EDGE('',*,*,#1236,.T.);
#1475 = ORIENTED_EDGE('',*,*,#1476,.T.);
#1476 = EDGE_CURVE('',#1229,#1477,#1479,.T.);
#1477 = VERTEX_POINT('',#1478);
#1478 = CARTESIAN_POINT('',(3.738790690166,4.85,1.028122997681));
#1479 = LINE('',#1480,#1481);
#1480 = CARTESIAN_POINT('',(3.75,4.85,0.9));
#1481 = VECTOR('',#1482,1.);
#1482 = DIRECTION('',(-8.715574274766E-02,3.8E-16,0.996194698092));
#1483 = ORIENTED_EDGE('',*,*,#1484,.F.);
#1484 = EDGE_CURVE('',#1188,#1477,#1485,.T.);
#1485 = ( BOUNDED_CURVE() B_SPLINE_CURVE(11,(#1486,#1487,#1488,#1489,
    #1490,#1491,#1492,#1493,#1494,#1495,#1496,#1497),.UNSPECIFIED.,.F.,
.F.) B_SPLINE_CURVE_WITH_KNOTS((12,12),(0.780291650779,0.868374068614),
.PIECEWISE_BEZIER_KNOTS.) CURVE() GEOMETRIC_REPRESENTATION_ITEM() 
RATIONAL_B_SPLINE_CURVE((1.,1.,1.,1.,0.999999999999,1.000000000001,
0.999999999999,1.,1.,1.,1.,1.)) REPRESENTATION_ITEM('') );
#1486 = CARTESIAN_POINT('',(3.65,4.939601417559,1.018856341175));
#1487 = CARTESIAN_POINT('',(3.673032614893,4.939039604667,1.025277891913
    ));
#1488 = CARTESIAN_POINT('',(3.686072879422,4.932692940026,1.025039004184
    ));
#1489 = CARTESIAN_POINT('',(3.703144425798,4.927234624113,1.029093307631
    ));
#1490 = CARTESIAN_POINT('',(3.708116387284,4.916509598044,1.0252537241)
  );
#1491 = CARTESIAN_POINT('',(3.723027985954,4.909900293461,1.03034296441)
  );
#1492 = CARTESIAN_POINT('',(3.724193092052,4.898052481355,1.02624798221)
  );
#1493 = CARTESIAN_POINT('',(3.732775890642,4.889698621837,1.028988298668
    ));
#1494 = CARTESIAN_POINT('',(3.734830599963,4.879245132102,1.027804255001
    ));
#1495 = CARTESIAN_POINT('',(3.737666292485,4.869625678487,1.028165847119
    ));
#1496 = CARTESIAN_POINT('',(3.738790690166,4.859799739985,1.028122997681
    ));
#1497 = CARTESIAN_POINT('',(3.738790690166,4.85,1.028122997681));
#1498 = CONICAL_SURFACE('',#1499,0.1,8.726646259972E-02);
#1499 = AXIS2_PLACEMENT_3D('',#1500,#1501,#1502);
#1500 = CARTESIAN_POINT('',(3.65,4.85,0.9));
#1501 = DIRECTION('',(-0.,-0.,-1.));
#1502 = DIRECTION('',(0.,1.,0.));
#1503 = ADVANCED_FACE('',(#1504),#1525,.F.);
#1504 = FACE_BOUND('',#1505,.F.);
#1505 = EDGE_LOOP('',(#1506,#1507,#1508,#1516));
#1506 = ORIENTED_EDGE('',*,*,#1451,.T.);
#1507 = ORIENTED_EDGE('',*,*,#1195,.T.);
#1508 = ORIENTED_EDGE('',*,*,#1509,.F.);
#1509 = EDGE_CURVE('',#1510,#1188,#1512,.T.);
#1510 = VERTEX_POINT('',#1511);
#1511 = CARTESIAN_POINT('',(3.68188569731,4.851979083215,1.11811430269)
  );
#1512 = ( BOUNDED_CURVE() B_SPLINE_CURVE(2,(#1513,#1514,#1515),
.UNSPECIFIED.,.F.,.F.) B_SPLINE_CURVE_WITH_KNOTS((3,3),(0.,
7.183306584826E-02),.PIECEWISE_BEZIER_KNOTS.) CURVE() 
GEOMETRIC_REPRESENTATION_ITEM() RATIONAL_B_SPLINE_CURVE((1.,
0.732350426829,1.)) REPRESENTATION_ITEM('') );
#1513 = CARTESIAN_POINT('',(3.68188569731,4.851979083215,1.11811430269)
  );
#1514 = CARTESIAN_POINT('',(3.713289574748,4.933664954428,1.086710425252
    ));
#1515 = CARTESIAN_POINT('',(3.65,4.939601417559,1.018856341175));
#1516 = ORIENTED_EDGE('',*,*,#1517,.F.);
#1517 = EDGE_CURVE('',#1452,#1510,#1518,.T.);
#1518 = ( BOUNDED_CURVE() B_SPLINE_CURVE(5,(#1519,#1520,#1521,#1522,
#1523,#1524),.UNSPECIFIED.,.F.,.F.) B_SPLINE_CURVE_WITH_KNOTS((6,6),(
0.70845858493,0.780291650779),.PIECEWISE_BEZIER_KNOTS.) CURVE() 
GEOMETRIC_REPRESENTATION_ITEM() RATIONAL_B_SPLINE_CURVE((1.,1.,1.,1.,1.,
1.)) REPRESENTATION_ITEM('') );
#1519 = CARTESIAN_POINT('',(3.654104813953,4.834291357777,1.145895186047
    ));
#1520 = CARTESIAN_POINT('',(3.658799302988,4.834702072348,1.141200697012
    ));
#1521 = CARTESIAN_POINT('',(3.663605073749,4.836509702685,1.136394926251
    ));
#1522 = CARTESIAN_POINT('',(3.668885691113,4.839658891959,1.131114308887
    ));
#1523 = CARTESIAN_POINT('',(3.674073467093,4.844437043087,1.125926532907
    ));
#1524 = CARTESIAN_POINT('',(3.68188569731,4.851979083215,1.11811430269)
  );
#1525 = ( BOUNDED_SURFACE() B_SPLINE_SURFACE(2,5,(
    (#1526,#1527,#1528,#1529,#1530,#1531)
    ,(#1532,#1533,#1534,#1535,#1536,#1537)
    ,(#1538,#1539,#1540,#1541,#1542,#1543
)),.UNSPECIFIED.,.F.,.F.,.F.) B_SPLINE_SURFACE_WITH_KNOTS((3,3),(6,6),(
    0.,7.183306584826E-02),(0.70845858493,0.780291650779),
.PIECEWISE_BEZIER_KNOTS.) GEOMETRIC_REPRESENTATION_ITEM() 
RATIONAL_B_SPLINE_SURFACE((
    (1.,1.,1.,1.,1.,1.)
    ,(0.728569974922,0.728569974922,0.728849276005,0.729465396478
      ,0.730351583318,0.732350426829)
,(1.,1.,1.,1.,1.,1.))) REPRESENTATION_ITEM('') SURFACE() );
#1526 = CARTESIAN_POINT('',(3.654104813953,4.834291357777,1.145895186047
    ));
#1527 = CARTESIAN_POINT('',(3.658799302988,4.834702072348,1.141200697012
    ));
#1528 = CARTESIAN_POINT('',(3.663605073749,4.836509702685,1.136394926251
    ));
#1529 = CARTESIAN_POINT('',(3.668885691113,4.839658891959,1.131114308887
    ));
#1530 = CARTESIAN_POINT('',(3.674073467093,4.844437043087,1.125926532907
    ));
#1531 = CARTESIAN_POINT('',(3.68188569731,4.851979083215,1.11811430269)
  );
#1532 = CARTESIAN_POINT('',(3.65,4.928127834119,1.15));
#1533 = CARTESIAN_POINT('',(3.661684870826,4.929150127851,1.138315129174
    ));
#1534 = CARTESIAN_POINT('',(3.673420866649,4.93017689444,1.126579133351)
  );
#1535 = CARTESIAN_POINT('',(3.685691445252,4.931250430963,1.114308554748
    ));
#1536 = CARTESIAN_POINT('',(3.69815473616,4.932340827628,1.10184526384)
  );
#1537 = CARTESIAN_POINT('',(3.713289574748,4.933664954428,1.086710425252
    ));
#1538 = CARTESIAN_POINT('',(3.583394135834,4.933910827586,1.083900082204
    ));
#1539 = CARTESIAN_POINT('',(3.595509812822,4.934970811973,1.071784405216
    ));
#1540 = CARTESIAN_POINT('',(3.607738108594,4.936030592247,1.059671061253
    ));
#1541 = CARTESIAN_POINT('',(3.62059573928,4.937133220886,1.047067958245)
  );
#1542 = CARTESIAN_POINT('',(3.633779383232,4.93825474516,1.034248877128)
  );
#1543 = CARTESIAN_POINT('',(3.65,4.939601417559,1.018856341175));
#1544 = ADVANCED_FACE('',(#1545),#1556,.T.);
#1545 = FACE_BOUND('',#1546,.F.);
#1546 = EDGE_LOOP('',(#1547,#1548,#1549,#1550));
#1547 = ORIENTED_EDGE('',*,*,#1476,.F.);
#1548 = ORIENTED_EDGE('',*,*,#1254,.T.);
#1549 = ORIENTED_EDGE('',*,*,#1270,.T.);
#1550 = ORIENTED_EDGE('',*,*,#1551,.F.);
#1551 = EDGE_CURVE('',#1477,#1271,#1552,.T.);
#1552 = LINE('',#1553,#1554);
#1553 = CARTESIAN_POINT('',(3.738790690166,4.85,1.028122997681));
#1554 = VECTOR('',#1555,1.);
#1555 = DIRECTION('',(-2.E-17,-1.,2.4E-16));
#1556 = PLANE('',#1557);
#1557 = AXIS2_PLACEMENT_3D('',#1558,#1559,#1560);
#1558 = CARTESIAN_POINT('',(3.717191751178,4.85,1.275));
#1559 = DIRECTION('',(0.996194698092,0.,8.715574274766E-02));
#1560 = DIRECTION('',(0.,1.,0.));
#1561 = ADVANCED_FACE('',(#1562),#1590,.F.);
#1562 = FACE_BOUND('',#1563,.F.);
#1563 = EDGE_LOOP('',(#1564,#1573,#1574,#1575));
#1564 = ORIENTED_EDGE('',*,*,#1565,.T.);
#1565 = EDGE_CURVE('',#1566,#1271,#1568,.T.);
#1566 = VERTEX_POINT('',#1567);
#1567 = CARTESIAN_POINT('',(3.709881898475,-4.85,1.090118101525));
#1568 = CIRCLE('',#1569,0.1);
#1569 = AXIS2_PLACEMENT_3D('',#1570,#1571,#1572);
#1570 = CARTESIAN_POINT('',(3.639171220357,-4.85,1.019407423406));
#1571 = DIRECTION('',(2.E-17,1.,-2.4E-16));
#1572 = DIRECTION('',(0.707106781187,1.55563491861E-16,0.707106781187));
#1573 = ORIENTED_EDGE('',*,*,#1280,.T.);
#1574 = ORIENTED_EDGE('',*,*,#1303,.F.);
#1575 = ORIENTED_EDGE('',*,*,#1576,.F.);
#1576 = EDGE_CURVE('',#1566,#1304,#1577,.T.);
#1577 = ( BOUNDED_CURVE() B_SPLINE_CURVE(11,(#1578,#1579,#1580,#1581,
    #1582,#1583,#1584,#1585,#1586,#1587,#1588,#1589),.UNSPECIFIED.,.F.,
.F.) B_SPLINE_CURVE_WITH_KNOTS((12,12),(10.568374068614,10.65645648645),
.PIECEWISE_BEZIER_KNOTS.) CURVE() GEOMETRIC_REPRESENTATION_ITEM() 
RATIONAL_B_SPLINE_CURVE((1.,1.,1.,1.,1.,1.,1.,1.,1.,1.,1.,1.)) 
REPRESENTATION_ITEM('') );
#1578 = CARTESIAN_POINT('',(3.709881898475,-4.85,1.090118101525));
#1579 = CARTESIAN_POINT('',(3.709881898475,-4.852221946431,
    1.090118101525));
#1580 = CARTESIAN_POINT('',(3.709273724239,-4.85444679763,1.090726275761
    ));
#1581 = CARTESIAN_POINT('',(3.70805023709,-4.85650113938,1.09194976291)
  );
#1582 = CARTESIAN_POINT('',(3.706265418524,-4.858353395219,
    1.093734581476));
#1583 = CARTESIAN_POINT('',(3.703876758605,-4.859543031595,
    1.096123241395));
#1584 = CARTESIAN_POINT('',(3.701120455823,-4.860605875971,
    1.098879544177));
#1585 = CARTESIAN_POINT('',(3.697794415152,-4.860473090153,
    1.102205584848));
#1586 = CARTESIAN_POINT('',(3.694266708982,-4.860175056998,
    1.105733291018));
#1587 = CARTESIAN_POINT('',(3.690316363778,-4.85850936398,1.109683636222
    ));
#1588 = CARTESIAN_POINT('',(3.686239985574,-4.85618277613,1.113760014426
    ));
#1589 = CARTESIAN_POINT('',(3.68188569731,-4.851979083215,1.11811430269)
  );
#1590 = ( BOUNDED_SURFACE() B_SPLINE_SURFACE(2,11,(
    (#1591,#1592,#1593,#1594,#1595,#1596,#1597,#1598,#1599,#1600,#1601
      ,#1602)
    ,(#1603,#1604,#1605,#1606,#1607,#1608,#1609,#1610,#1611,#1612,#1613
      ,#1614)
    ,(#1615,#1616,#1617,#1618,#1619,#1620,#1621,#1622,#1623,#1624,#1625
,#1626
    )),.UNSPECIFIED.,.F.,.F.,.F.) B_SPLINE_SURFACE_WITH_KNOTS((3,3),(12,
    12),(0.,8.808241783576E-02),(10.568374068614,10.65645648645),
.PIECEWISE_BEZIER_KNOTS.) GEOMETRIC_REPRESENTATION_ITEM() 
RATIONAL_B_SPLINE_SURFACE((
    (1.,1.,1.,1.,1.,1.,1.,1.,1.,1.,1.,1.)
    ,(0.939692620786,0.939692620786,0.937780780119,0.930899282288
      ,0.93224532679,0.904165684839,0.919854108952,0.869570156334
      ,0.876901555016,0.827058411846,0.803447675799,0.732350426829)
,(1.,1.,1.,1.,1.,1.,1.,1.,1.,1.,1.,1.
))) REPRESENTATION_ITEM('') SURFACE() );
#1591 = CARTESIAN_POINT('',(3.709881898475,-4.85,1.090118101525));
#1592 = CARTESIAN_POINT('',(3.709881898475,-4.852221946431,
    1.090118101525));
#1593 = CARTESIAN_POINT('',(3.709273724239,-4.85444679763,1.090726275761
    ));
#1594 = CARTESIAN_POINT('',(3.70805023709,-4.85650113938,1.09194976291)
  );
#1595 = CARTESIAN_POINT('',(3.706265418524,-4.858353395219,
    1.093734581476));
#1596 = CARTESIAN_POINT('',(3.703876758605,-4.859543031595,
    1.096123241395));
#1597 = CARTESIAN_POINT('',(3.701120455823,-4.860605875971,
    1.098879544177));
#1598 = CARTESIAN_POINT('',(3.697794415152,-4.860473090153,
    1.102205584848));
#1599 = CARTESIAN_POINT('',(3.694266708982,-4.860175056998,
    1.105733291018));
#1600 = CARTESIAN_POINT('',(3.690316363778,-4.85850936398,1.109683636222
    ));
#1601 = CARTESIAN_POINT('',(3.686239985574,-4.85618277613,1.113760014426
    ));
#1602 = CARTESIAN_POINT('',(3.68188569731,-4.851979083215,1.11811430269)
  );
#1603 = CARTESIAN_POINT('',(3.735618480555,-4.85,1.064381519445));
#1604 = CARTESIAN_POINT('',(3.735618480555,-4.856512774775,
    1.064381519445));
#1605 = CARTESIAN_POINT('',(3.735113295712,-4.863027247887,
    1.064886704288));
#1606 = CARTESIAN_POINT('',(3.734351373399,-4.869831299191,
    1.065648626601));
#1607 = CARTESIAN_POINT('',(3.732228361186,-4.875622587871,
    1.067771638814));
#1608 = CARTESIAN_POINT('',(3.73181418793,-4.884317441047,1.06818581207)
  );
#1609 = CARTESIAN_POINT('',(3.727141393343,-4.887758099354,
    1.072858606657));
#1610 = CARTESIAN_POINT('',(3.726943102432,-4.898843721849,
    1.073056897568));
#1611 = CARTESIAN_POINT('',(3.721478079405,-4.901974753158,
    1.078521920595));
#1612 = CARTESIAN_POINT('',(3.71962456471,-4.912698108663,1.08037543529)
  );
#1613 = CARTESIAN_POINT('',(3.715058267254,-4.918990352892,
    1.084941732746));
#1614 = CARTESIAN_POINT('',(3.713289574748,-4.933664954428,
    1.086710425252));
#1615 = CARTESIAN_POINT('',(3.738790690166,-4.85,1.028122997681));
#1616 = CARTESIAN_POINT('',(3.738790690166,-4.859799739985,
    1.028122997681));
#1617 = CARTESIAN_POINT('',(3.737666292485,-4.869625678487,
    1.028165847119));
#1618 = CARTESIAN_POINT('',(3.734830599963,-4.879245132102,
    1.027804255001));
#1619 = CARTESIAN_POINT('',(3.732775890642,-4.889698621837,
    1.028988298668));
#1620 = CARTESIAN_POINT('',(3.724193092052,-4.898052481355,1.02624798221
    ));
#1621 = CARTESIAN_POINT('',(3.723027985954,-4.909900293461,1.03034296441
    ));
#1622 = CARTESIAN_POINT('',(3.708116387284,-4.916509598044,1.0252537241)
  );
#1623 = CARTESIAN_POINT('',(3.703144425797,-4.927234624113,
    1.029093307631));
#1624 = CARTESIAN_POINT('',(3.686072879422,-4.932692940026,
    1.025039004184));
#1625 = CARTESIAN_POINT('',(3.673032614893,-4.939039604667,
    1.025277891913));
#1626 = CARTESIAN_POINT('',(3.65,-4.939601417559,1.018856341175));
#1627 = ADVANCED_FACE('',(#1628),#1659,.F.);
#1628 = FACE_BOUND('',#1629,.F.);
#1629 = EDGE_LOOP('',(#1630,#1631,#1632,#1633,#1650,#1656,#1657,#1658));
#1630 = ORIENTED_EDGE('',*,*,#1401,.T.);
#1631 = ORIENTED_EDGE('',*,*,#1460,.T.);
#1632 = ORIENTED_EDGE('',*,*,#1517,.T.);
#1633 = ORIENTED_EDGE('',*,*,#1634,.T.);
#1634 = EDGE_CURVE('',#1510,#1635,#1637,.T.);
#1635 = VERTEX_POINT('',#1636);
#1636 = CARTESIAN_POINT('',(3.709881898475,4.85,1.090118101525));
#1637 = ( BOUNDED_CURVE() B_SPLINE_CURVE(11,(#1638,#1639,#1640,#1641,
    #1642,#1643,#1644,#1645,#1646,#1647,#1648,#1649),.UNSPECIFIED.,.F.,
.F.) B_SPLINE_CURVE_WITH_KNOTS((12,12),(0.780291650779,0.868374068614),
.PIECEWISE_BEZIER_KNOTS.) CURVE() GEOMETRIC_REPRESENTATION_ITEM() 
RATIONAL_B_SPLINE_CURVE((1.,1.,1.,1.,0.999999999999,1.000000000001,
0.999999999999,1.,1.,1.,1.,1.)) REPRESENTATION_ITEM('') );
#1638 = CARTESIAN_POINT('',(3.68188569731,4.851979083215,1.11811430269)
  );
#1639 = CARTESIAN_POINT('',(3.686239985574,4.85618277613,1.113760014426)
  );
#1640 = CARTESIAN_POINT('',(3.690316363778,4.85850936398,1.109683636222)
  );
#1641 = CARTESIAN_POINT('',(3.694266708982,4.860175056998,1.105733291018
    ));
#1642 = CARTESIAN_POINT('',(3.697794415152,4.860473090152,1.102205584848
    ));
#1643 = CARTESIAN_POINT('',(3.701120455823,4.860605875972,1.098879544177
    ));
#1644 = CARTESIAN_POINT('',(3.703876758605,4.859543031594,1.096123241395
    ));
#1645 = CARTESIAN_POINT('',(3.706265418524,4.858353395219,1.093734581476
    ));
#1646 = CARTESIAN_POINT('',(3.70805023709,4.85650113938,1.09194976291));
#1647 = CARTESIAN_POINT('',(3.709273724239,4.85444679763,1.090726275761)
  );
#1648 = CARTESIAN_POINT('',(3.709881898475,4.852221946431,1.090118101525
    ));
#1649 = CARTESIAN_POINT('',(3.709881898475,4.85,1.090118101525));
#1650 = ORIENTED_EDGE('',*,*,#1651,.T.);
#1651 = EDGE_CURVE('',#1635,#1566,#1652,.T.);
#1652 = LINE('',#1653,#1654);
#1653 = CARTESIAN_POINT('',(3.709881898475,4.85,1.090118101525));
#1654 = VECTOR('',#1655,1.);
#1655 = DIRECTION('',(-2.E-17,-1.,2.4E-16));
#1656 = ORIENTED_EDGE('',*,*,#1576,.T.);
#1657 = ORIENTED_EDGE('',*,*,#1320,.T.);
#1658 = ORIENTED_EDGE('',*,*,#1362,.T.);
#1659 = PLANE('',#1660);
#1660 = AXIS2_PLACEMENT_3D('',#1661,#1662,#1663);
#1661 = CARTESIAN_POINT('',(3.15,-4.95,1.65));
#1662 = DIRECTION('',(-0.707106781187,-1.6E-16,-0.707106781187));
#1663 = DIRECTION('',(0.707106781187,-1.6E-16,-0.707106781187));
#1664 = ADVANCED_FACE('',(#1665),#1670,.T.);
#1665 = FACE_BOUND('',#1666,.F.);
#1666 = EDGE_LOOP('',(#1667,#1668,#1669));
#1667 = ORIENTED_EDGE('',*,*,#1394,.F.);
#1668 = ORIENTED_EDGE('',*,*,#1353,.T.);
#1669 = ORIENTED_EDGE('',*,*,#1377,.F.);
#1670 = SPHERICAL_SURFACE('',#1671,0.1);
#1671 = AXIS2_PLACEMENT_3D('',#1672,#1673,#1674);
#1672 = CARTESIAN_POINT('',(3.108578643763,-4.792750384954,1.55));
#1673 = DIRECTION('',(-0.707106781187,-8.88E-15,-0.707106781187));
#1674 = DIRECTION('',(-0.707106781187,3.68E-15,0.707106781187));
#1675 = ADVANCED_FACE('',(#1676),#1681,.T.);
#1676 = FACE_BOUND('',#1677,.T.);
#1677 = EDGE_LOOP('',(#1678,#1679,#1680));
#1678 = ORIENTED_EDGE('',*,*,#1409,.F.);
#1679 = ORIENTED_EDGE('',*,*,#1443,.T.);
#1680 = ORIENTED_EDGE('',*,*,#1427,.F.);
#1681 = SPHERICAL_SURFACE('',#1682,0.1);
#1682 = AXIS2_PLACEMENT_3D('',#1683,#1684,#1685);
#1683 = CARTESIAN_POINT('',(3.108578643763,4.792750384954,1.55));
#1684 = DIRECTION('',(-0.707106781187,0.,-0.707106781187));
#1685 = DIRECTION('',(-0.707106781187,0.,0.707106781187));
#1686 = ADVANCED_FACE('',(#1687),#1698,.F.);
#1687 = FACE_BOUND('',#1688,.F.);
#1688 = EDGE_LOOP('',(#1689,#1690,#1691,#1697));
#1689 = ORIENTED_EDGE('',*,*,#1509,.T.);
#1690 = ORIENTED_EDGE('',*,*,#1484,.T.);
#1691 = ORIENTED_EDGE('',*,*,#1692,.F.);
#1692 = EDGE_CURVE('',#1635,#1477,#1693,.T.);
#1693 = ( BOUNDED_CURVE() B_SPLINE_CURVE(2,(#1694,#1695,#1696),
.UNSPECIFIED.,.F.,.F.) B_SPLINE_CURVE_WITH_KNOTS((3,3),(0.,
8.808241783576E-02),.PIECEWISE_BEZIER_KNOTS.) CURVE() 
GEOMETRIC_REPRESENTATION_ITEM() RATIONAL_B_SPLINE_CURVE((1.,
0.939692620786,1.)) REPRESENTATION_ITEM('') );
#1694 = CARTESIAN_POINT('',(3.709881898475,4.85,1.090118101525));
#1695 = CARTESIAN_POINT('',(3.735618480555,4.85,1.064381519445));
#1696 = CARTESIAN_POINT('',(3.738790690166,4.85,1.028122997681));
#1697 = ORIENTED_EDGE('',*,*,#1634,.F.);
#1698 = ( BOUNDED_SURFACE() B_SPLINE_SURFACE(2,11,(
    (#1699,#1700,#1701,#1702,#1703,#1704,#1705,#1706,#1707,#1708,#1709
      ,#1710)
    ,(#1711,#1712,#1713,#1714,#1715,#1716,#1717,#1718,#1719,#1720,#1721
      ,#1722)
    ,(#1723,#1724,#1725,#1726,#1727,#1728,#1729,#1730,#1731,#1732,#1733
,#1734
    )),.UNSPECIFIED.,.F.,.F.,.F.) B_SPLINE_SURFACE_WITH_KNOTS((3,3),(12,
    12),(0.,8.808241783576E-02),(0.780291650779,0.868374068614),
.PIECEWISE_BEZIER_KNOTS.) GEOMETRIC_REPRESENTATION_ITEM() 
RATIONAL_B_SPLINE_SURFACE((
    (1.,1.,1.,1.,0.999999999999,1.000000000001,0.999999999999,1.,1.,1.
      ,1.,1.)
    ,(0.732350426829,0.803447675799,0.827058411845,0.876901555017
      ,0.869570156333,0.919854108953,0.904165684838,0.932245326791
      ,0.930899282288,0.937780780119,0.939692620786,0.939692620786)
    ,(1.,1.,1.,1.,0.999999999999,1.000000000001,0.999999999999,1.,1.,1.
,1.,1.))) REPRESENTATION_ITEM('') SURFACE() );
#1699 = CARTESIAN_POINT('',(3.68188569731,4.851979083215,1.11811430269)
  );
#1700 = CARTESIAN_POINT('',(3.686239985574,4.85618277613,1.113760014426)
  );
#1701 = CARTESIAN_POINT('',(3.690316363778,4.85850936398,1.109683636222)
  );
#1702 = CARTESIAN_POINT('',(3.694266708982,4.860175056998,1.105733291018
    ));
#1703 = CARTESIAN_POINT('',(3.697794415152,4.860473090152,1.102205584848
    ));
#1704 = CARTESIAN_POINT('',(3.701120455823,4.860605875972,1.098879544177
    ));
#1705 = CARTESIAN_POINT('',(3.703876758605,4.859543031594,1.096123241395
    ));
#1706 = CARTESIAN_POINT('',(3.706265418524,4.858353395219,1.093734581476
    ));
#1707 = CARTESIAN_POINT('',(3.70805023709,4.85650113938,1.09194976291));
#1708 = CARTESIAN_POINT('',(3.709273724239,4.85444679763,1.090726275761)
  );
#1709 = CARTESIAN_POINT('',(3.709881898475,4.852221946431,1.090118101525
    ));
#1710 = CARTESIAN_POINT('',(3.709881898475,4.85,1.090118101525));
#1711 = CARTESIAN_POINT('',(3.713289574748,4.933664954428,1.086710425252
    ));
#1712 = CARTESIAN_POINT('',(3.715058267254,4.918990352892,1.084941732746
    ));
#1713 = CARTESIAN_POINT('',(3.71962456471,4.912698108663,1.08037543529)
  );
#1714 = CARTESIAN_POINT('',(3.721478079405,4.901974753158,1.078521920595
    ));
#1715 = CARTESIAN_POINT('',(3.726943102432,4.898843721849,1.073056897568
    ));
#1716 = CARTESIAN_POINT('',(3.727141393343,4.887758099354,1.072858606657
    ));
#1717 = CARTESIAN_POINT('',(3.73181418793,4.884317441047,1.06818581207)
  );
#1718 = CARTESIAN_POINT('',(3.732228361186,4.875622587871,1.067771638814
    ));
#1719 = CARTESIAN_POINT('',(3.734351373399,4.86983129919,1.065648626601)
  );
#1720 = CARTESIAN_POINT('',(3.735113295712,4.863027247887,1.064886704288
    ));
#1721 = CARTESIAN_POINT('',(3.735618480555,4.856512774775,1.064381519445
    ));
#1722 = CARTESIAN_POINT('',(3.735618480555,4.85,1.064381519445));
#1723 = CARTESIAN_POINT('',(3.65,4.939601417559,1.018856341175));
#1724 = CARTESIAN_POINT('',(3.673032614893,4.939039604667,1.025277891913
    ));
#1725 = CARTESIAN_POINT('',(3.686072879422,4.932692940026,1.025039004184
    ));
#1726 = CARTESIAN_POINT('',(3.703144425798,4.927234624113,1.029093307631
    ));
#1727 = CARTESIAN_POINT('',(3.708116387284,4.916509598044,1.0252537241)
  );
#1728 = CARTESIAN_POINT('',(3.723027985954,4.909900293461,1.03034296441)
  );
#1729 = CARTESIAN_POINT('',(3.724193092052,4.898052481355,1.02624798221)
  );
#1730 = CARTESIAN_POINT('',(3.732775890642,4.889698621837,1.028988298668
    ));
#1731 = CARTESIAN_POINT('',(3.734830599963,4.879245132102,1.027804255001
    ));
#1732 = CARTESIAN_POINT('',(3.737666292485,4.869625678487,1.028165847119
    ));
#1733 = CARTESIAN_POINT('',(3.738790690166,4.859799739985,1.028122997681
    ));
#1734 = CARTESIAN_POINT('',(3.738790690166,4.85,1.028122997681));
#1735 = ADVANCED_FACE('',(#1736),#1742,.T.);
#1736 = FACE_BOUND('',#1737,.F.);
#1737 = EDGE_LOOP('',(#1738,#1739,#1740,#1741));
#1738 = ORIENTED_EDGE('',*,*,#1692,.T.);
#1739 = ORIENTED_EDGE('',*,*,#1551,.T.);
#1740 = ORIENTED_EDGE('',*,*,#1565,.F.);
#1741 = ORIENTED_EDGE('',*,*,#1651,.F.);
#1742 = CYLINDRICAL_SURFACE('',#1743,0.1);
#1743 = AXIS2_PLACEMENT_3D('',#1744,#1745,#1746);
#1744 = CARTESIAN_POINT('',(3.639171220357,4.85,1.019407423406));
#1745 = DIRECTION('',(-2.E-17,-1.,2.4E-16));
#1746 = DIRECTION('',(0.707106781187,1.55563491861E-16,0.707106781187));
#1747 = ( GEOMETRIC_REPRESENTATION_CONTEXT(3) 
GLOBAL_UNCERTAINTY_ASSIGNED_CONTEXT((#1751)) 
GLOBAL_UNIT_ASSIGNED_CONTEXT((#1748,#1749,#1750)) REPRESENTATION_CONTEXT
('Context #1','3D Context with UNIT and UNCERTAINTY') );
#1748 = ( LENGTH_UNIT() NAMED_UNIT(*) SI_UNIT(.MILLI.,.METRE.) );
#1749 = ( NAMED_UNIT(*) PLANE_ANGLE_UNIT() SI_UNIT($,.RADIAN.) );
#1750 = ( NAMED_UNIT(*) SI_UNIT($,.STERADIAN.) SOLID_ANGLE_UNIT() );
#1751 = UNCERTAINTY_MEASURE_WITH_UNIT(LENGTH_MEASURE(5.E-05),#1748,
  'distance_accuracy_value','confusion accuracy');
#1752 = CONTEXT_DEPENDENT_SHAPE_REPRESENTATION(#1753,#1755);
#1753 = ( REPRESENTATION_RELATIONSHIP('','',#40,#10) 
REPRESENTATION_RELATIONSHIP_WITH_TRANSFORMATION(#1754) 
SHAPE_REPRESENTATION_RELATIONSHIP() );
#1754 = ITEM_DEFINED_TRANSFORMATION('','',#11,#15);
#1755 = PRODUCT_DEFINITION_SHAPE('Placement','Placement of an item',
  #1756);
#1756 = NEXT_ASSEMBLY_USAGE_OCCURRENCE('1','Body','',#5,#35,$);
#1757 = PRODUCT_RELATED_PRODUCT_CATEGORY('part',$,(#37));
#1758 = SHAPE_DEFINITION_REPRESENTATION(#1759,#1765);
#1759 = PRODUCT_DEFINITION_SHAPE('','',#1760);
#1760 = PRODUCT_DEFINITION('design','',#1761,#1764);
#1761 = PRODUCT_DEFINITION_FORMATION('','',#1762);
#1762 = PRODUCT('Array','Array','',(#1763));
#1763 = PRODUCT_CONTEXT('',#2,'mechanical');
#1764 = PRODUCT_DEFINITION_CONTEXT('part definition',#2,'design');
#1765 = SHAPE_REPRESENTATION('',(#11,#1766,#1770,#1774,#1778,#1782,#1786
    ,#1790,#1794),#1798);
#1766 = AXIS2_PLACEMENT_3D('',#1767,#1768,#1769);
#1767 = CARTESIAN_POINT('',(0.,0.,0.));
#1768 = DIRECTION('',(0.,0.,1.));
#1769 = DIRECTION('',(1.,0.,0.));
#1770 = AXIS2_PLACEMENT_3D('',#1771,#1772,#1773);
#1771 = CARTESIAN_POINT('',(0.,1.27,0.));
#1772 = DIRECTION('',(0.,0.,1.));
#1773 = DIRECTION('',(1.,0.,0.));
#1774 = AXIS2_PLACEMENT_3D('',#1775,#1776,#1777);
#1775 = CARTESIAN_POINT('',(0.,2.54,0.));
#1776 = DIRECTION('',(0.,0.,1.));
#1777 = DIRECTION('',(1.,0.,0.));
#1778 = AXIS2_PLACEMENT_3D('',#1779,#1780,#1781);
#1779 = CARTESIAN_POINT('',(0.,3.81,0.));
#1780 = DIRECTION('',(0.,0.,1.));
#1781 = DIRECTION('',(1.,0.,0.));
#1782 = AXIS2_PLACEMENT_3D('',#1783,#1784,#1785);
#1783 = CARTESIAN_POINT('',(0.,5.08,0.));
#1784 = DIRECTION('',(0.,0.,1.));
#1785 = DIRECTION('',(1.,0.,0.));
#1786 = AXIS2_PLACEMENT_3D('',#1787,#1788,#1789);
#1787 = CARTESIAN_POINT('',(0.,6.35,0.));
#1788 = DIRECTION('',(0.,0.,1.));
#1789 = DIRECTION('',(1.,0.,0.));
#1790 = AXIS2_PLACEMENT_3D('',#1791,#1792,#1793);
#1791 = CARTESIAN_POINT('',(0.,7.62,0.));
#1792 = DIRECTION('',(0.,0.,1.));
#1793 = DIRECTION('',(1.,0.,0.));
#1794 = AXIS2_PLACEMENT_3D('',#1795,#1796,#1797);
#1795 = CARTESIAN_POINT('',(0.,8.89,0.));
#1796 = DIRECTION('',(0.,0.,1.));
#1797 = DIRECTION('',(1.,0.,0.));
#1798 = ( GEOMETRIC_REPRESENTATION_CONTEXT(3) 
GLOBAL_UNCERTAINTY_ASSIGNED_CONTEXT((#1802)) 
GLOBAL_UNIT_ASSIGNED_CONTEXT((#1799,#1800,#1801)) REPRESENTATION_CONTEXT
('Context #1','3D Context with UNIT and UNCERTAINTY') );
#1799 = ( LENGTH_UNIT() NAMED_UNIT(*) SI_UNIT(.MILLI.,.METRE.) );
#1800 = ( NAMED_UNIT(*) PLANE_ANGLE_UNIT() SI_UNIT($,.RADIAN.) );
#1801 = ( NAMED_UNIT(*) SI_UNIT($,.STERADIAN.) SOLID_ANGLE_UNIT() );
#1802 = UNCERTAINTY_MEASURE_WITH_UNIT(LENGTH_MEASURE(1.E-07),#1799,
  'distance_accuracy_value','confusion accuracy');
#1803 = CONTEXT_DEPENDENT_SHAPE_REPRESENTATION(#1804,#1806);
#1804 = ( REPRESENTATION_RELATIONSHIP('','',#1765,#10) 
REPRESENTATION_RELATIONSHIP_WITH_TRANSFORMATION(#1805) 
SHAPE_REPRESENTATION_RELATIONSHIP() );
#1805 = ITEM_DEFINED_TRANSFORMATION('','',#11,#19);
#1806 = PRODUCT_DEFINITION_SHAPE('Placement','Placement of an item',
  #1807);
#1807 = NEXT_ASSEMBLY_USAGE_OCCURRENCE('10','Array','',#5,#1760,$);
#1808 = PRODUCT_RELATED_PRODUCT_CATEGORY('part',$,(#1762));
#1809 = SHAPE_DEFINITION_REPRESENTATION(#1810,#1816);
#1810 = PRODUCT_DEFINITION_SHAPE('','',#1811);
#1811 = PRODUCT_DEFINITION('design','',#1812,#1815);
#1812 = PRODUCT_DEFINITION_FORMATION('','',#1813);
#1813 = PRODUCT('Pad001 (Mirror #1)','Pad001 (Mirror #1)','',(#1814));
#1814 = PRODUCT_CONTEXT('',#2,'mechanical');
#1815 = PRODUCT_DEFINITION_CONTEXT('part definition',#2,'design');
#1816 = ADVANCED_BREP_SHAPE_REPRESENTATION('',(#11,#1817),#2239);
#1817 = MANIFOLD_SOLID_BREP('',#1818);
#1818 = CLOSED_SHELL('',(#1819,#1861,#1892,#1923,#1954,#1987,#2018,#2051
    ,#2082,#2113,#2144,#2177,#2199,#2219));
#1819 = ADVANCED_FACE('',(#1820),#1856,.F.);
#1820 = FACE_BOUND('',#1821,.F.);
#1821 = EDGE_LOOP('',(#1822,#1832,#1841,#1849));
#1822 = ORIENTED_EDGE('',*,*,#1823,.T.);
#1823 = EDGE_CURVE('',#1824,#1826,#1828,.T.);
#1824 = VERTEX_POINT('',#1825);
#1825 = CARTESIAN_POINT('',(2.55061670936,-4.25,0.223551180309));
#1826 = VERTEX_POINT('',#1827);
#1827 = CARTESIAN_POINT('',(2.55061670936,-4.6,0.223551180309));
#1828 = LINE('',#1829,#1830);
#1829 = CARTESIAN_POINT('',(2.55061670936,-4.25,0.223551180309));
#1830 = VECTOR('',#1831,1.);
#1831 = DIRECTION('',(-0.,-1.,3.3E-16));
#1832 = ORIENTED_EDGE('',*,*,#1833,.T.);
#1833 = EDGE_CURVE('',#1826,#1834,#1836,.T.);
#1834 = VERTEX_POINT('',#1835);
#1835 = CARTESIAN_POINT('',(2.440826868813,-4.6,0.328033831346));
#1836 = CIRCLE('',#1837,0.137039746262);
#1837 = AXIS2_PLACEMENT_3D('',#1838,#1839,#1840);
#1838 = CARTESIAN_POINT('',(2.574436,-4.6,0.358505));
#1839 = DIRECTION('',(0.,1.,-2.2E-16));
#1840 = DIRECTION('',(-1.,0.,0.));
#1841 = ORIENTED_EDGE('',*,*,#1842,.F.);
#1842 = EDGE_CURVE('',#1843,#1834,#1845,.T.);
#1843 = VERTEX_POINT('',#1844);
#1844 = CARTESIAN_POINT('',(2.440826868813,-4.25,0.328033831346));
#1845 = LINE('',#1846,#1847);
#1846 = CARTESIAN_POINT('',(2.440826868813,-4.25,0.328033831346));
#1847 = VECTOR('',#1848,1.);
#1848 = DIRECTION('',(-0.,-1.,3.3E-16));
#1849 = ORIENTED_EDGE('',*,*,#1850,.F.);
#1850 = EDGE_CURVE('',#1824,#1843,#1851,.T.);
#1851 = CIRCLE('',#1852,0.137039746262);
#1852 = AXIS2_PLACEMENT_3D('',#1853,#1854,#1855);
#1853 = CARTESIAN_POINT('',(2.574436,-4.25,0.358505));
#1854 = DIRECTION('',(0.,1.,-2.2E-16));
#1855 = DIRECTION('',(-1.,0.,0.));
#1856 = CYLINDRICAL_SURFACE('',#1857,0.137039746262);
#1857 = AXIS2_PLACEMENT_3D('',#1858,#1859,#1860);
#1858 = CARTESIAN_POINT('',(2.574436,-4.25,0.358505));
#1859 = DIRECTION('',(-0.,1.,-3.3E-16));
#1860 = DIRECTION('',(-1.,-0.,0.));
#1861 = ADVANCED_FACE('',(#1862),#1887,.F.);
#1862 = FACE_BOUND('',#1863,.T.);
#1863 = EDGE_LOOP('',(#1864,#1865,#1873,#1881));
#1864 = ORIENTED_EDGE('',*,*,#1823,.T.);
#1865 = ORIENTED_EDGE('',*,*,#1866,.T.);
#1866 = EDGE_CURVE('',#1826,#1867,#1869,.T.);
#1867 = VERTEX_POINT('',#1868);
#1868 = CARTESIAN_POINT('',(3.,-4.6,0.2));
#1869 = LINE('',#1870,#1871);
#1870 = CARTESIAN_POINT('',(2.55061670936,-4.6,0.223551180309));
#1871 = VECTOR('',#1872,1.);
#1872 = DIRECTION('',(0.998629534755,-1.E-17,-5.233595624292E-02));
#1873 = ORIENTED_EDGE('',*,*,#1874,.F.);
#1874 = EDGE_CURVE('',#1875,#1867,#1877,.T.);
#1875 = VERTEX_POINT('',#1876);
#1876 = CARTESIAN_POINT('',(3.,-4.25,0.2));
#1877 = LINE('',#1878,#1879);
#1878 = CARTESIAN_POINT('',(3.,-4.25,0.2));
#1879 = VECTOR('',#1880,1.);
#1880 = DIRECTION('',(-0.,-1.,3.3E-16));
#1881 = ORIENTED_EDGE('',*,*,#1882,.F.);
#1882 = EDGE_CURVE('',#1824,#1875,#1883,.T.);
#1883 = LINE('',#1884,#1885);
#1884 = CARTESIAN_POINT('',(2.55061670936,-4.25,0.223551180309));
#1885 = VECTOR('',#1886,1.);
#1886 = DIRECTION('',(0.998629534755,-1.E-17,-5.233595624292E-02));
#1887 = PLANE('',#1888);
#1888 = AXIS2_PLACEMENT_3D('',#1889,#1890,#1891);
#1889 = CARTESIAN_POINT('',(2.55061670936,-4.25,0.223551180309));
#1890 = DIRECTION('',(-5.233595624292E-02,-3.3E-16,-0.998629534755));
#1891 = DIRECTION('',(-0.998629534755,2.E-17,5.233595624292E-02));
#1892 = ADVANCED_FACE('',(#1893),#1918,.F.);
#1893 = FACE_BOUND('',#1894,.T.);
#1894 = EDGE_LOOP('',(#1895,#1896,#1904,#1912));
#1895 = ORIENTED_EDGE('',*,*,#1874,.T.);
#1896 = ORIENTED_EDGE('',*,*,#1897,.T.);
#1897 = EDGE_CURVE('',#1867,#1898,#1900,.T.);
#1898 = VERTEX_POINT('',#1899);
#1899 = CARTESIAN_POINT('',(3.,-4.6,2.E-15));
#1900 = LINE('',#1901,#1902);
#1901 = CARTESIAN_POINT('',(3.,-4.6,0.2));
#1902 = VECTOR('',#1903,1.);
#1903 = DIRECTION('',(-0.,-2.2E-16,-1.));
#1904 = ORIENTED_EDGE('',*,*,#1905,.F.);
#1905 = EDGE_CURVE('',#1906,#1898,#1908,.T.);
#1906 = VERTEX_POINT('',#1907);
#1907 = CARTESIAN_POINT('',(3.,-4.25,2.E-15));
#1908 = LINE('',#1909,#1910);
#1909 = CARTESIAN_POINT('',(3.,-4.25,9.4E-16));
#1910 = VECTOR('',#1911,1.);
#1911 = DIRECTION('',(-0.,-1.,3.3E-16));
#1912 = ORIENTED_EDGE('',*,*,#1913,.F.);
#1913 = EDGE_CURVE('',#1875,#1906,#1914,.T.);
#1914 = LINE('',#1915,#1916);
#1915 = CARTESIAN_POINT('',(3.,-4.25,0.2));
#1916 = VECTOR('',#1917,1.);
#1917 = DIRECTION('',(-0.,-2.2E-16,-1.));
#1918 = PLANE('',#1919);
#1919 = AXIS2_PLACEMENT_3D('',#1920,#1921,#1922);
#1920 = CARTESIAN_POINT('',(3.,-4.25,0.2));
#1921 = DIRECTION('',(-1.,-0.,-0.));
#1922 = DIRECTION('',(-0.,3.3E-16,1.));
#1923 = ADVANCED_FACE('',(#1924),#1949,.F.);
#1924 = FACE_BOUND('',#1925,.T.);
#1925 = EDGE_LOOP('',(#1926,#1927,#1935,#1943));
#1926 = ORIENTED_EDGE('',*,*,#1905,.T.);
#1927 = ORIENTED_EDGE('',*,*,#1928,.T.);
#1928 = EDGE_CURVE('',#1898,#1929,#1931,.T.);
#1929 = VERTEX_POINT('',#1930);
#1930 = CARTESIAN_POINT('',(2.500685232623,-4.6,2.616797812147E-02));
#1931 = LINE('',#1932,#1933);
#1932 = CARTESIAN_POINT('',(3.,-4.6,1.E-15));
#1933 = VECTOR('',#1934,1.);
#1934 = DIRECTION('',(-0.998629534755,1.E-17,5.233595624292E-02));
#1935 = ORIENTED_EDGE('',*,*,#1936,.F.);
#1936 = EDGE_CURVE('',#1937,#1929,#1939,.T.);
#1937 = VERTEX_POINT('',#1938);
#1938 = CARTESIAN_POINT('',(2.500685232623,-4.25,2.616797812147E-02));
#1939 = LINE('',#1940,#1941);
#1940 = CARTESIAN_POINT('',(2.500685232623,-4.25,2.616797812147E-02));
#1941 = VECTOR('',#1942,1.);
#1942 = DIRECTION('',(-0.,-1.,3.3E-16));
#1943 = ORIENTED_EDGE('',*,*,#1944,.F.);
#1944 = EDGE_CURVE('',#1906,#1937,#1945,.T.);
#1945 = LINE('',#1946,#1947);
#1946 = CARTESIAN_POINT('',(3.,-4.25,4.7E-16));
#1947 = VECTOR('',#1948,1.);
#1948 = DIRECTION('',(-0.998629534755,1.E-17,5.233595624292E-02));
#1949 = PLANE('',#1950);
#1950 = AXIS2_PLACEMENT_3D('',#1951,#1952,#1953);
#1951 = CARTESIAN_POINT('',(3.,-4.25,9.4E-16));
#1952 = DIRECTION('',(5.233595624292E-02,3.3E-16,0.998629534755));
#1953 = DIRECTION('',(0.998629534755,-2.E-17,-5.233595624292E-02));
#1954 = ADVANCED_FACE('',(#1955),#1982,.T.);
#1955 = FACE_BOUND('',#1956,.T.);
#1956 = EDGE_LOOP('',(#1957,#1958,#1967,#1975));
#1957 = ORIENTED_EDGE('',*,*,#1936,.T.);
#1958 = ORIENTED_EDGE('',*,*,#1959,.T.);
#1959 = EDGE_CURVE('',#1929,#1960,#1962,.T.);
#1960 = VERTEX_POINT('',#1961);
#1961 = CARTESIAN_POINT('',(2.25,-4.6,0.2410921491));
#1962 = CIRCLE('',#1963,0.268233064235);
#1963 = AXIS2_PLACEMENT_3D('',#1964,#1965,#1966);
#1964 = CARTESIAN_POINT('',(2.512939,-4.6,0.294121));
#1965 = DIRECTION('',(0.,1.,-2.2E-16));
#1966 = DIRECTION('',(-1.,0.,0.));
#1967 = ORIENTED_EDGE('',*,*,#1968,.F.);
#1968 = EDGE_CURVE('',#1969,#1960,#1971,.T.);
#1969 = VERTEX_POINT('',#1970);
#1970 = CARTESIAN_POINT('',(2.25,-4.25,0.2410921491));
#1971 = LINE('',#1972,#1973);
#1972 = CARTESIAN_POINT('',(2.25,-4.25,0.2410921491));
#1973 = VECTOR('',#1974,1.);
#1974 = DIRECTION('',(-0.,-1.,3.3E-16));
#1975 = ORIENTED_EDGE('',*,*,#1976,.F.);
#1976 = EDGE_CURVE('',#1937,#1969,#1977,.T.);
#1977 = CIRCLE('',#1978,0.268233064235);
#1978 = AXIS2_PLACEMENT_3D('',#1979,#1980,#1981);
#1979 = CARTESIAN_POINT('',(2.512939,-4.25,0.294121));
#1980 = DIRECTION('',(0.,1.,-2.2E-16));
#1981 = DIRECTION('',(-1.,0.,0.));
#1982 = CYLINDRICAL_SURFACE('',#1983,0.268233064235);
#1983 = AXIS2_PLACEMENT_3D('',#1984,#1985,#1986);
#1984 = CARTESIAN_POINT('',(2.512939,-4.25,0.294121));
#1985 = DIRECTION('',(-0.,1.,-3.3E-16));
#1986 = DIRECTION('',(-1.,-0.,0.));
#1987 = ADVANCED_FACE('',(#1988),#2013,.F.);
#1988 = FACE_BOUND('',#1989,.T.);
#1989 = EDGE_LOOP('',(#1990,#1991,#1999,#2007));
#1990 = ORIENTED_EDGE('',*,*,#1968,.T.);
#1991 = ORIENTED_EDGE('',*,*,#1992,.T.);
#1992 = EDGE_CURVE('',#1960,#1993,#1995,.T.);
#1993 = VERTEX_POINT('',#1994);
#1994 = CARTESIAN_POINT('',(2.213439196978,-4.6,0.538855994594));
#1995 = LINE('',#1996,#1997);
#1996 = CARTESIAN_POINT('',(2.25,-4.6,0.2410921491));
#1997 = VECTOR('',#1998,1.);
#1998 = DIRECTION('',(-0.121869343407,2.2E-16,0.992546151641));
#1999 = ORIENTED_EDGE('',*,*,#2000,.F.);
#2000 = EDGE_CURVE('',#2001,#1993,#2003,.T.);
#2001 = VERTEX_POINT('',#2002);
#2002 = CARTESIAN_POINT('',(2.213439196978,-4.25,0.538855994594));
#2003 = LINE('',#2004,#2005);
#2004 = CARTESIAN_POINT('',(2.213439196978,-4.25,0.538855994594));
#2005 = VECTOR('',#2006,1.);
#2006 = DIRECTION('',(-0.,-1.,3.3E-16));
#2007 = ORIENTED_EDGE('',*,*,#2008,.F.);
#2008 = EDGE_CURVE('',#1969,#2001,#2009,.T.);
#2009 = LINE('',#2010,#2011);
#2010 = CARTESIAN_POINT('',(2.25,-4.25,0.2410921491));
#2011 = VECTOR('',#2012,1.);
#2012 = DIRECTION('',(-0.121869343407,2.2E-16,0.992546151641));
#2013 = PLANE('',#2014);
#2014 = AXIS2_PLACEMENT_3D('',#2015,#2016,#2017);
#2015 = CARTESIAN_POINT('',(2.25,-4.25,0.2410921491));
#2016 = DIRECTION('',(0.992546151641,4.E-17,0.121869343407));
#2017 = DIRECTION('',(0.121869343407,-3.3E-16,-0.992546151641));
#2018 = ADVANCED_FACE('',(#2019),#2046,.F.);
#2019 = FACE_BOUND('',#2020,.F.);
#2020 = EDGE_LOOP('',(#2021,#2031,#2038,#2039));
#2021 = ORIENTED_EDGE('',*,*,#2022,.T.);
#2022 = EDGE_CURVE('',#2023,#2025,#2027,.T.);
#2023 = VERTEX_POINT('',#2024);
#2024 = CARTESIAN_POINT('',(2.050000000001,-4.25,0.674999999999));
#2025 = VERTEX_POINT('',#2026);
#2026 = CARTESIAN_POINT('',(2.050000000001,-4.6,0.674999999999));
#2027 = LINE('',#2028,#2029);
#2028 = CARTESIAN_POINT('',(2.050000000001,-4.25,0.674999999999));
#2029 = VECTOR('',#2030,1.);
#2030 = DIRECTION('',(-0.,-1.,3.3E-16));
#2031 = ORIENTED_EDGE('',*,*,#2032,.T.);
#2032 = EDGE_CURVE('',#2025,#1993,#2033,.T.);
#2033 = CIRCLE('',#2034,0.161896002983);
#2034 = AXIS2_PLACEMENT_3D('',#2035,#2036,#2037);
#2035 = CARTESIAN_POINT('',(2.053598,-4.6,0.513143983189));
#2036 = DIRECTION('',(0.,1.,-2.2E-16));
#2037 = DIRECTION('',(-1.,0.,0.));
#2038 = ORIENTED_EDGE('',*,*,#2000,.F.);
#2039 = ORIENTED_EDGE('',*,*,#2040,.F.);
#2040 = EDGE_CURVE('',#2023,#2001,#2041,.T.);
#2041 = CIRCLE('',#2042,0.161896002983);
#2042 = AXIS2_PLACEMENT_3D('',#2043,#2044,#2045);
#2043 = CARTESIAN_POINT('',(2.053598,-4.25,0.513143983189));
#2044 = DIRECTION('',(0.,1.,-2.2E-16));
#2045 = DIRECTION('',(-1.,0.,0.));
#2046 = CYLINDRICAL_SURFACE('',#2047,0.161896002983);
#2047 = AXIS2_PLACEMENT_3D('',#2048,#2049,#2050);
#2048 = CARTESIAN_POINT('',(2.053598,-4.25,0.513143983189));
#2049 = DIRECTION('',(-0.,1.,-3.3E-16));
#2050 = DIRECTION('',(-1.,-0.,0.));
#2051 = ADVANCED_FACE('',(#2052),#2077,.T.);
#2052 = FACE_BOUND('',#2053,.F.);
#2053 = EDGE_LOOP('',(#2054,#2064,#2070,#2071));
#2054 = ORIENTED_EDGE('',*,*,#2055,.T.);
#2055 = EDGE_CURVE('',#2056,#2058,#2060,.T.);
#2056 = VERTEX_POINT('',#2057);
#2057 = CARTESIAN_POINT('',(1.95,-4.25,0.674999999999));
#2058 = VERTEX_POINT('',#2059);
#2059 = CARTESIAN_POINT('',(1.95,-4.6,0.674999999999));
#2060 = LINE('',#2061,#2062);
#2061 = CARTESIAN_POINT('',(1.95,-4.25,0.674999999999));
#2062 = VECTOR('',#2063,1.);
#2063 = DIRECTION('',(-0.,-1.,3.3E-16));
#2064 = ORIENTED_EDGE('',*,*,#2065,.T.);
#2065 = EDGE_CURVE('',#2058,#2025,#2066,.T.);
#2066 = LINE('',#2067,#2068);
#2067 = CARTESIAN_POINT('',(1.95,-4.6,0.674999999999));
#2068 = VECTOR('',#2069,1.);
#2069 = DIRECTION('',(1.,0.,0.));
#2070 = ORIENTED_EDGE('',*,*,#2022,.F.);
#2071 = ORIENTED_EDGE('',*,*,#2072,.F.);
#2072 = EDGE_CURVE('',#2056,#2023,#2073,.T.);
#2073 = LINE('',#2074,#2075);
#2074 = CARTESIAN_POINT('',(1.95,-4.25,0.674999999999));
#2075 = VECTOR('',#2076,1.);
#2076 = DIRECTION('',(1.,0.,0.));
#2077 = PLANE('',#2078);
#2078 = AXIS2_PLACEMENT_3D('',#2079,#2080,#2081);
#2079 = CARTESIAN_POINT('',(1.95,-4.25,0.674999999999));
#2080 = DIRECTION('',(-0.,-3.3E-16,-1.));
#2081 = DIRECTION('',(-1.,0.,0.));
#2082 = ADVANCED_FACE('',(#2083),#2108,.T.);
#2083 = FACE_BOUND('',#2084,.F.);
#2084 = EDGE_LOOP('',(#2085,#2095,#2101,#2102));
#2085 = ORIENTED_EDGE('',*,*,#2086,.T.);
#2086 = EDGE_CURVE('',#2087,#2089,#2091,.T.);
#2087 = VERTEX_POINT('',#2088);
#2088 = CARTESIAN_POINT('',(1.95,-4.25,0.875));
#2089 = VERTEX_POINT('',#2090);
#2090 = CARTESIAN_POINT('',(1.95,-4.6,0.875));
#2091 = LINE('',#2092,#2093);
#2092 = CARTESIAN_POINT('',(1.95,-4.25,0.875));
#2093 = VECTOR('',#2094,1.);
#2094 = DIRECTION('',(-0.,-1.,3.3E-16));
#2095 = ORIENTED_EDGE('',*,*,#2096,.T.);
#2096 = EDGE_CURVE('',#2089,#2058,#2097,.T.);
#2097 = LINE('',#2098,#2099);
#2098 = CARTESIAN_POINT('',(1.95,-4.6,0.875));
#2099 = VECTOR('',#2100,1.);
#2100 = DIRECTION('',(-0.,-2.2E-16,-1.));
#2101 = ORIENTED_EDGE('',*,*,#2055,.F.);
#2102 = ORIENTED_EDGE('',*,*,#2103,.F.);
#2103 = EDGE_CURVE('',#2087,#2056,#2104,.T.);
#2104 = LINE('',#2105,#2106);
#2105 = CARTESIAN_POINT('',(1.95,-4.25,0.875));
#2106 = VECTOR('',#2107,1.);
#2107 = DIRECTION('',(-0.,-2.2E-16,-1.));
#2108 = PLANE('',#2109);
#2109 = AXIS2_PLACEMENT_3D('',#2110,#2111,#2112);
#2110 = CARTESIAN_POINT('',(1.95,-4.25,0.875));
#2111 = DIRECTION('',(-1.,-0.,-0.));
#2112 = DIRECTION('',(-0.,3.3E-16,1.));
#2113 = ADVANCED_FACE('',(#2114),#2139,.F.);
#2114 = FACE_BOUND('',#2115,.T.);
#2115 = EDGE_LOOP('',(#2116,#2117,#2125,#2133));
#2116 = ORIENTED_EDGE('',*,*,#2086,.T.);
#2117 = ORIENTED_EDGE('',*,*,#2118,.T.);
#2118 = EDGE_CURVE('',#2089,#2119,#2121,.T.);
#2119 = VERTEX_POINT('',#2120);
#2120 = CARTESIAN_POINT('',(2.1,-4.6,0.875));
#2121 = LINE('',#2122,#2123);
#2122 = CARTESIAN_POINT('',(1.95,-4.6,0.875));
#2123 = VECTOR('',#2124,1.);
#2124 = DIRECTION('',(1.,0.,0.));
#2125 = ORIENTED_EDGE('',*,*,#2126,.F.);
#2126 = EDGE_CURVE('',#2127,#2119,#2129,.T.);
#2127 = VERTEX_POINT('',#2128);
#2128 = CARTESIAN_POINT('',(2.1,-4.25,0.875));
#2129 = LINE('',#2130,#2131);
#2130 = CARTESIAN_POINT('',(2.1,-4.25,0.875));
#2131 = VECTOR('',#2132,1.);
#2132 = DIRECTION('',(-0.,-1.,3.3E-16));
#2133 = ORIENTED_EDGE('',*,*,#2134,.F.);
#2134 = EDGE_CURVE('',#2087,#2127,#2135,.T.);
#2135 = LINE('',#2136,#2137);
#2136 = CARTESIAN_POINT('',(1.95,-4.25,0.875));
#2137 = VECTOR('',#2138,1.);
#2138 = DIRECTION('',(1.,0.,0.));
#2139 = PLANE('',#2140);
#2140 = AXIS2_PLACEMENT_3D('',#2141,#2142,#2143);
#2141 = CARTESIAN_POINT('',(1.95,-4.25,0.875));
#2142 = DIRECTION('',(-0.,-3.3E-16,-1.));
#2143 = DIRECTION('',(-1.,0.,0.));
#2144 = ADVANCED_FACE('',(#2145),#2172,.T.);
#2145 = FACE_BOUND('',#2146,.T.);
#2146 = EDGE_LOOP('',(#2147,#2148,#2157,#2165));
#2147 = ORIENTED_EDGE('',*,*,#2126,.T.);
#2148 = ORIENTED_EDGE('',*,*,#2149,.T.);
#2149 = EDGE_CURVE('',#2119,#2150,#2152,.T.);
#2150 = VERTEX_POINT('',#2151);
#2151 = CARTESIAN_POINT('',(2.404266065791,-4.6,0.625797676838));
#2152 = CIRCLE('',#2153,0.310349507779);
#2153 = AXIS2_PLACEMENT_3D('',#2154,#2155,#2156);
#2154 = CARTESIAN_POINT('',(2.1,-4.6,0.564650492221));
#2155 = DIRECTION('',(0.,1.,-2.2E-16));
#2156 = DIRECTION('',(-1.,0.,0.));
#2157 = ORIENTED_EDGE('',*,*,#2158,.F.);
#2158 = EDGE_CURVE('',#2159,#2150,#2161,.T.);
#2159 = VERTEX_POINT('',#2160);
#2160 = CARTESIAN_POINT('',(2.404266065791,-4.25,0.625797676838));
#2161 = LINE('',#2162,#2163);
#2162 = CARTESIAN_POINT('',(2.404266065791,-4.25,0.625797676838));
#2163 = VECTOR('',#2164,1.);
#2164 = DIRECTION('',(-0.,-1.,3.3E-16));
#2165 = ORIENTED_EDGE('',*,*,#2166,.F.);
#2166 = EDGE_CURVE('',#2127,#2159,#2167,.T.);
#2167 = CIRCLE('',#2168,0.310349507779);
#2168 = AXIS2_PLACEMENT_3D('',#2169,#2170,#2171);
#2169 = CARTESIAN_POINT('',(2.1,-4.25,0.564650492221));
#2170 = DIRECTION('',(0.,1.,-2.2E-16));
#2171 = DIRECTION('',(-1.,0.,0.));
#2172 = CYLINDRICAL_SURFACE('',#2173,0.310349507779);
#2173 = AXIS2_PLACEMENT_3D('',#2174,#2175,#2176);
#2174 = CARTESIAN_POINT('',(2.1,-4.25,0.564650492221));
#2175 = DIRECTION('',(-0.,1.,-3.3E-16));
#2176 = DIRECTION('',(-1.,-0.,0.));
#2177 = ADVANCED_FACE('',(#2178),#2194,.T.);
#2178 = FACE_BOUND('',#2179,.F.);
#2179 = EDGE_LOOP('',(#2180,#2181,#2187,#2188));
#2180 = ORIENTED_EDGE('',*,*,#1842,.T.);
#2181 = ORIENTED_EDGE('',*,*,#2182,.T.);
#2182 = EDGE_CURVE('',#1834,#2150,#2183,.T.);
#2183 = LINE('',#2184,#2185);
#2184 = CARTESIAN_POINT('',(2.440826868813,-4.6,0.328033831346));
#2185 = VECTOR('',#2186,1.);
#2186 = DIRECTION('',(-0.121869343405,2.2E-16,0.992546151641));
#2187 = ORIENTED_EDGE('',*,*,#2158,.F.);
#2188 = ORIENTED_EDGE('',*,*,#2189,.F.);
#2189 = EDGE_CURVE('',#1843,#2159,#2190,.T.);
#2190 = LINE('',#2191,#2192);
#2191 = CARTESIAN_POINT('',(2.440826868813,-4.25,0.328033831346));
#2192 = VECTOR('',#2193,1.);
#2193 = DIRECTION('',(-0.121869343405,2.2E-16,0.992546151641));
#2194 = PLANE('',#2195);
#2195 = AXIS2_PLACEMENT_3D('',#2196,#2197,#2198);
#2196 = CARTESIAN_POINT('',(2.440826868813,-4.25,0.328033831346));
#2197 = DIRECTION('',(0.992546151641,4.E-17,0.121869343405));
#2198 = DIRECTION('',(0.121869343405,-3.3E-16,-0.992546151641));
#2199 = ADVANCED_FACE('',(#2200),#2214,.T.);
#2200 = FACE_BOUND('',#2201,.T.);
#2201 = EDGE_LOOP('',(#2202,#2203,#2204,#2205,#2206,#2207,#2208,#2209,
    #2210,#2211,#2212,#2213));
#2202 = ORIENTED_EDGE('',*,*,#1850,.F.);
#2203 = ORIENTED_EDGE('',*,*,#1882,.T.);
#2204 = ORIENTED_EDGE('',*,*,#1913,.T.);
#2205 = ORIENTED_EDGE('',*,*,#1944,.T.);
#2206 = ORIENTED_EDGE('',*,*,#1976,.T.);
#2207 = ORIENTED_EDGE('',*,*,#2008,.T.);
#2208 = ORIENTED_EDGE('',*,*,#2040,.F.);
#2209 = ORIENTED_EDGE('',*,*,#2072,.F.);
#2210 = ORIENTED_EDGE('',*,*,#2103,.F.);
#2211 = ORIENTED_EDGE('',*,*,#2134,.T.);
#2212 = ORIENTED_EDGE('',*,*,#2166,.T.);
#2213 = ORIENTED_EDGE('',*,*,#2189,.F.);
#2214 = PLANE('',#2215);
#2215 = AXIS2_PLACEMENT_3D('',#2216,#2217,#2218);
#2216 = CARTESIAN_POINT('',(2.436235547263,-4.25,0.383511578704));
#2217 = DIRECTION('',(0.,1.,-2.2E-16));
#2218 = DIRECTION('',(0.,-2.2E-16,-1.));
#2219 = ADVANCED_FACE('',(#2220),#2234,.F.);
#2220 = FACE_BOUND('',#2221,.F.);
#2221 = EDGE_LOOP('',(#2222,#2223,#2224,#2225,#2226,#2227,#2228,#2229,
    #2230,#2231,#2232,#2233));
#2222 = ORIENTED_EDGE('',*,*,#1833,.F.);
#2223 = ORIENTED_EDGE('',*,*,#1866,.T.);
#2224 = ORIENTED_EDGE('',*,*,#1897,.T.);
#2225 = ORIENTED_EDGE('',*,*,#1928,.T.);
#2226 = ORIENTED_EDGE('',*,*,#1959,.T.);
#2227 = ORIENTED_EDGE('',*,*,#1992,.T.);
#2228 = ORIENTED_EDGE('',*,*,#2032,.F.);
#2229 = ORIENTED_EDGE('',*,*,#2065,.F.);
#2230 = ORIENTED_EDGE('',*,*,#2096,.F.);
#2231 = ORIENTED_EDGE('',*,*,#2118,.T.);
#2232 = ORIENTED_EDGE('',*,*,#2149,.T.);
#2233 = ORIENTED_EDGE('',*,*,#2182,.F.);
#2234 = PLANE('',#2235);
#2235 = AXIS2_PLACEMENT_3D('',#2236,#2237,#2238);
#2236 = CARTESIAN_POINT('',(2.436235547263,-4.6,0.383511578704));
#2237 = DIRECTION('',(0.,1.,-2.2E-16));
#2238 = DIRECTION('',(0.,-2.2E-16,-1.));
#2239 = ( GEOMETRIC_REPRESENTATION_CONTEXT(3) 
GLOBAL_UNCERTAINTY_ASSIGNED_CONTEXT((#2243)) 
GLOBAL_UNIT_ASSIGNED_CONTEXT((#2240,#2241,#2242)) REPRESENTATION_CONTEXT
('Context #1','3D Context with UNIT and UNCERTAINTY') );
#2240 = ( LENGTH_UNIT() NAMED_UNIT(*) SI_UNIT(.MILLI.,.METRE.) );
#2241 = ( NAMED_UNIT(*) PLANE_ANGLE_UNIT() SI_UNIT($,.RADIAN.) );
#2242 = ( NAMED_UNIT(*) SI_UNIT($,.STERADIAN.) SOLID_ANGLE_UNIT() );
#2243 = UNCERTAINTY_MEASURE_WITH_UNIT(LENGTH_MEASURE(1.E-07),#2240,
  'distance_accuracy_value','confusion accuracy');
#2244 = CONTEXT_DEPENDENT_SHAPE_REPRESENTATION(#2245,#2247);
#2245 = ( REPRESENTATION_RELATIONSHIP('','',#1816,#1765) 
REPRESENTATION_RELATIONSHIP_WITH_TRANSFORMATION(#2246) 
SHAPE_REPRESENTATION_RELATIONSHIP() );
#2246 = ITEM_DEFINED_TRANSFORMATION('','',#11,#1766);
#2247 = PRODUCT_DEFINITION_SHAPE('Placement','Placement of an item',
  #2248);
#2248 = NEXT_ASSEMBLY_USAGE_OCCURRENCE('2','Pad001 (Mirror #1)','',#1760
  ,#1811,$);
#2249 = PRODUCT_RELATED_PRODUCT_CATEGORY('part',$,(#1813));
#2250 = SHAPE_DEFINITION_REPRESENTATION(#2251,#2257);
#2251 = PRODUCT_DEFINITION_SHAPE('','',#2252);
#2252 = PRODUCT_DEFINITION('design','',#2253,#2256);
#2253 = PRODUCT_DEFINITION_FORMATION('','',#2254);
#2254 = PRODUCT('Pad001 (Mirror #1)001','Pad001 (Mirror #1)001','',(
    #2255));
#2255 = PRODUCT_CONTEXT('',#2,'mechanical');
#2256 = PRODUCT_DEFINITION_CONTEXT('part definition',#2,'design');
#2257 = ADVANCED_BREP_SHAPE_REPRESENTATION('',(#11,#2258),#2680);
#2258 = MANIFOLD_SOLID_BREP('',#2259);
#2259 = CLOSED_SHELL('',(#2260,#2302,#2333,#2364,#2395,#2428,#2459,#2492
    ,#2523,#2554,#2585,#2618,#2640,#2660));
#2260 = ADVANCED_FACE('',(#2261),#2297,.F.);
#2261 = FACE_BOUND('',#2262,.F.);
#2262 = EDGE_LOOP('',(#2263,#2273,#2282,#2290));
#2263 = ORIENTED_EDGE('',*,*,#2264,.T.);
#2264 = EDGE_CURVE('',#2265,#2267,#2269,.T.);
#2265 = VERTEX_POINT('',#2266);
#2266 = CARTESIAN_POINT('',(2.55061670936,-4.25,0.223551180309));
#2267 = VERTEX_POINT('',#2268);
#2268 = CARTESIAN_POINT('',(2.55061670936,-4.6,0.223551180309));
#2269 = LINE('',#2270,#2271);
#2270 = CARTESIAN_POINT('',(2.55061670936,-4.25,0.223551180309));
#2271 = VECTOR('',#2272,1.);
#2272 = DIRECTION('',(-0.,-1.,3.3E-16));
#2273 = ORIENTED_EDGE('',*,*,#2274,.T.);
#2274 = EDGE_CURVE('',#2267,#2275,#2277,.T.);
#2275 = VERTEX_POINT('',#2276);
#2276 = CARTESIAN_POINT('',(2.440826868813,-4.6,0.328033831346));
#2277 = CIRCLE('',#2278,0.137039746262);
#2278 = AXIS2_PLACEMENT_3D('',#2279,#2280,#2281);
#2279 = CARTESIAN_POINT('',(2.574436,-4.6,0.358505));
#2280 = DIRECTION('',(0.,1.,-2.2E-16));
#2281 = DIRECTION('',(-1.,0.,0.));
#2282 = ORIENTED_EDGE('',*,*,#2283,.F.);
#2283 = EDGE_CURVE('',#2284,#2275,#2286,.T.);
#2284 = VERTEX_POINT('',#2285);
#2285 = CARTESIAN_POINT('',(2.440826868813,-4.25,0.328033831346));
#2286 = LINE('',#2287,#2288);
#2287 = CARTESIAN_POINT('',(2.440826868813,-4.25,0.328033831346));
#2288 = VECTOR('',#2289,1.);
#2289 = DIRECTION('',(-0.,-1.,3.3E-16));
#2290 = ORIENTED_EDGE('',*,*,#2291,.F.);
#2291 = EDGE_CURVE('',#2265,#2284,#2292,.T.);
#2292 = CIRCLE('',#2293,0.137039746262);
#2293 = AXIS2_PLACEMENT_3D('',#2294,#2295,#2296);
#2294 = CARTESIAN_POINT('',(2.574436,-4.25,0.358505));
#2295 = DIRECTION('',(0.,1.,-2.2E-16));
#2296 = DIRECTION('',(-1.,0.,0.));
#2297 = CYLINDRICAL_SURFACE('',#2298,0.137039746262);
#2298 = AXIS2_PLACEMENT_3D('',#2299,#2300,#2301);
#2299 = CARTESIAN_POINT('',(2.574436,-4.25,0.358505));
#2300 = DIRECTION('',(-0.,1.,-3.3E-16));
#2301 = DIRECTION('',(-1.,-0.,0.));
#2302 = ADVANCED_FACE('',(#2303),#2328,.F.);
#2303 = FACE_BOUND('',#2304,.T.);
#2304 = EDGE_LOOP('',(#2305,#2306,#2314,#2322));
#2305 = ORIENTED_EDGE('',*,*,#2264,.T.);
#2306 = ORIENTED_EDGE('',*,*,#2307,.T.);
#2307 = EDGE_CURVE('',#2267,#2308,#2310,.T.);
#2308 = VERTEX_POINT('',#2309);
#2309 = CARTESIAN_POINT('',(3.,-4.6,0.2));
#2310 = LINE('',#2311,#2312);
#2311 = CARTESIAN_POINT('',(2.55061670936,-4.6,0.223551180309));
#2312 = VECTOR('',#2313,1.);
#2313 = DIRECTION('',(0.998629534755,-1.E-17,-5.233595624292E-02));
#2314 = ORIENTED_EDGE('',*,*,#2315,.F.);
#2315 = EDGE_CURVE('',#2316,#2308,#2318,.T.);
#2316 = VERTEX_POINT('',#2317);
#2317 = CARTESIAN_POINT('',(3.,-4.25,0.2));
#2318 = LINE('',#2319,#2320);
#2319 = CARTESIAN_POINT('',(3.,-4.25,0.2));
#2320 = VECTOR('',#2321,1.);
#2321 = DIRECTION('',(-0.,-1.,3.3E-16));
#2322 = ORIENTED_EDGE('',*,*,#2323,.F.);
#2323 = EDGE_CURVE('',#2265,#2316,#2324,.T.);
#2324 = LINE('',#2325,#2326);
#2325 = CARTESIAN_POINT('',(2.55061670936,-4.25,0.223551180309));
#2326 = VECTOR('',#2327,1.);
#2327 = DIRECTION('',(0.998629534755,-1.E-17,-5.233595624292E-02));
#2328 = PLANE('',#2329);
#2329 = AXIS2_PLACEMENT_3D('',#2330,#2331,#2332);
#2330 = CARTESIAN_POINT('',(2.55061670936,-4.25,0.223551180309));
#2331 = DIRECTION('',(-5.233595624292E-02,-3.3E-16,-0.998629534755));
#2332 = DIRECTION('',(-0.998629534755,2.E-17,5.233595624292E-02));
#2333 = ADVANCED_FACE('',(#2334),#2359,.F.);
#2334 = FACE_BOUND('',#2335,.T.);
#2335 = EDGE_LOOP('',(#2336,#2337,#2345,#2353));
#2336 = ORIENTED_EDGE('',*,*,#2315,.T.);
#2337 = ORIENTED_EDGE('',*,*,#2338,.T.);
#2338 = EDGE_CURVE('',#2308,#2339,#2341,.T.);
#2339 = VERTEX_POINT('',#2340);
#2340 = CARTESIAN_POINT('',(3.,-4.6,2.E-15));
#2341 = LINE('',#2342,#2343);
#2342 = CARTESIAN_POINT('',(3.,-4.6,0.2));
#2343 = VECTOR('',#2344,1.);
#2344 = DIRECTION('',(-0.,-2.2E-16,-1.));
#2345 = ORIENTED_EDGE('',*,*,#2346,.F.);
#2346 = EDGE_CURVE('',#2347,#2339,#2349,.T.);
#2347 = VERTEX_POINT('',#2348);
#2348 = CARTESIAN_POINT('',(3.,-4.25,2.E-15));
#2349 = LINE('',#2350,#2351);
#2350 = CARTESIAN_POINT('',(3.,-4.25,9.4E-16));
#2351 = VECTOR('',#2352,1.);
#2352 = DIRECTION('',(-0.,-1.,3.3E-16));
#2353 = ORIENTED_EDGE('',*,*,#2354,.F.);
#2354 = EDGE_CURVE('',#2316,#2347,#2355,.T.);
#2355 = LINE('',#2356,#2357);
#2356 = CARTESIAN_POINT('',(3.,-4.25,0.2));
#2357 = VECTOR('',#2358,1.);
#2358 = DIRECTION('',(-0.,-2.2E-16,-1.));
#2359 = PLANE('',#2360);
#2360 = AXIS2_PLACEMENT_3D('',#2361,#2362,#2363);
#2361 = CARTESIAN_POINT('',(3.,-4.25,0.2));
#2362 = DIRECTION('',(-1.,-0.,-0.));
#2363 = DIRECTION('',(-0.,3.3E-16,1.));
#2364 = ADVANCED_FACE('',(#2365),#2390,.F.);
#2365 = FACE_BOUND('',#2366,.T.);
#2366 = EDGE_LOOP('',(#2367,#2368,#2376,#2384));
#2367 = ORIENTED_EDGE('',*,*,#2346,.T.);
#2368 = ORIENTED_EDGE('',*,*,#2369,.T.);
#2369 = EDGE_CURVE('',#2339,#2370,#2372,.T.);
#2370 = VERTEX_POINT('',#2371);
#2371 = CARTESIAN_POINT('',(2.500685232623,-4.6,2.616797812147E-02));
#2372 = LINE('',#2373,#2374);
#2373 = CARTESIAN_POINT('',(3.,-4.6,1.E-15));
#2374 = VECTOR('',#2375,1.);
#2375 = DIRECTION('',(-0.998629534755,1.E-17,5.233595624292E-02));
#2376 = ORIENTED_EDGE('',*,*,#2377,.F.);
#2377 = EDGE_CURVE('',#2378,#2370,#2380,.T.);
#2378 = VERTEX_POINT('',#2379);
#2379 = CARTESIAN_POINT('',(2.500685232623,-4.25,2.616797812147E-02));
#2380 = LINE('',#2381,#2382);
#2381 = CARTESIAN_POINT('',(2.500685232623,-4.25,2.616797812147E-02));
#2382 = VECTOR('',#2383,1.);
#2383 = DIRECTION('',(-0.,-1.,3.3E-16));
#2384 = ORIENTED_EDGE('',*,*,#2385,.F.);
#2385 = EDGE_CURVE('',#2347,#2378,#2386,.T.);
#2386 = LINE('',#2387,#2388);
#2387 = CARTESIAN_POINT('',(3.,-4.25,4.7E-16));
#2388 = VECTOR('',#2389,1.);
#2389 = DIRECTION('',(-0.998629534755,1.E-17,5.233595624292E-02));
#2390 = PLANE('',#2391);
#2391 = AXIS2_PLACEMENT_3D('',#2392,#2393,#2394);
#2392 = CARTESIAN_POINT('',(3.,-4.25,9.4E-16));
#2393 = DIRECTION('',(5.233595624292E-02,3.3E-16,0.998629534755));
#2394 = DIRECTION('',(0.998629534755,-2.E-17,-5.233595624292E-02));
#2395 = ADVANCED_FACE('',(#2396),#2423,.T.);
#2396 = FACE_BOUND('',#2397,.T.);
#2397 = EDGE_LOOP('',(#2398,#2399,#2408,#2416));
#2398 = ORIENTED_EDGE('',*,*,#2377,.T.);
#2399 = ORIENTED_EDGE('',*,*,#2400,.T.);
#2400 = EDGE_CURVE('',#2370,#2401,#2403,.T.);
#2401 = VERTEX_POINT('',#2402);
#2402 = CARTESIAN_POINT('',(2.25,-4.6,0.2410921491));
#2403 = CIRCLE('',#2404,0.268233064235);
#2404 = AXIS2_PLACEMENT_3D('',#2405,#2406,#2407);
#2405 = CARTESIAN_POINT('',(2.512939,-4.6,0.294121));
#2406 = DIRECTION('',(0.,1.,-2.2E-16));
#2407 = DIRECTION('',(-1.,0.,0.));
#2408 = ORIENTED_EDGE('',*,*,#2409,.F.);
#2409 = EDGE_CURVE('',#2410,#2401,#2412,.T.);
#2410 = VERTEX_POINT('',#2411);
#2411 = CARTESIAN_POINT('',(2.25,-4.25,0.2410921491));
#2412 = LINE('',#2413,#2414);
#2413 = CARTESIAN_POINT('',(2.25,-4.25,0.2410921491));
#2414 = VECTOR('',#2415,1.);
#2415 = DIRECTION('',(-0.,-1.,3.3E-16));
#2416 = ORIENTED_EDGE('',*,*,#2417,.F.);
#2417 = EDGE_CURVE('',#2378,#2410,#2418,.T.);
#2418 = CIRCLE('',#2419,0.268233064235);
#2419 = AXIS2_PLACEMENT_3D('',#2420,#2421,#2422);
#2420 = CARTESIAN_POINT('',(2.512939,-4.25,0.294121));
#2421 = DIRECTION('',(0.,1.,-2.2E-16));
#2422 = DIRECTION('',(-1.,0.,0.));
#2423 = CYLINDRICAL_SURFACE('',#2424,0.268233064235);
#2424 = AXIS2_PLACEMENT_3D('',#2425,#2426,#2427);
#2425 = CARTESIAN_POINT('',(2.512939,-4.25,0.294121));
#2426 = DIRECTION('',(-0.,1.,-3.3E-16));
#2427 = DIRECTION('',(-1.,-0.,0.));
#2428 = ADVANCED_FACE('',(#2429),#2454,.F.);
#2429 = FACE_BOUND('',#2430,.T.);
#2430 = EDGE_LOOP('',(#2431,#2432,#2440,#2448));
#2431 = ORIENTED_EDGE('',*,*,#2409,.T.);
#2432 = ORIENTED_EDGE('',*,*,#2433,.T.);
#2433 = EDGE_CURVE('',#2401,#2434,#2436,.T.);
#2434 = VERTEX_POINT('',#2435);
#2435 = CARTESIAN_POINT('',(2.213439196978,-4.6,0.538855994594));
#2436 = LINE('',#2437,#2438);
#2437 = CARTESIAN_POINT('',(2.25,-4.6,0.2410921491));
#2438 = VECTOR('',#2439,1.);
#2439 = DIRECTION('',(-0.121869343407,2.2E-16,0.992546151641));
#2440 = ORIENTED_EDGE('',*,*,#2441,.F.);
#2441 = EDGE_CURVE('',#2442,#2434,#2444,.T.);
#2442 = VERTEX_POINT('',#2443);
#2443 = CARTESIAN_POINT('',(2.213439196978,-4.25,0.538855994594));
#2444 = LINE('',#2445,#2446);
#2445 = CARTESIAN_POINT('',(2.213439196978,-4.25,0.538855994594));
#2446 = VECTOR('',#2447,1.);
#2447 = DIRECTION('',(-0.,-1.,3.3E-16));
#2448 = ORIENTED_EDGE('',*,*,#2449,.F.);
#2449 = EDGE_CURVE('',#2410,#2442,#2450,.T.);
#2450 = LINE('',#2451,#2452);
#2451 = CARTESIAN_POINT('',(2.25,-4.25,0.2410921491));
#2452 = VECTOR('',#2453,1.);
#2453 = DIRECTION('',(-0.121869343407,2.2E-16,0.992546151641));
#2454 = PLANE('',#2455);
#2455 = AXIS2_PLACEMENT_3D('',#2456,#2457,#2458);
#2456 = CARTESIAN_POINT('',(2.25,-4.25,0.2410921491));
#2457 = DIRECTION('',(0.992546151641,4.E-17,0.121869343407));
#2458 = DIRECTION('',(0.121869343407,-3.3E-16,-0.992546151641));
#2459 = ADVANCED_FACE('',(#2460),#2487,.F.);
#2460 = FACE_BOUND('',#2461,.F.);
#2461 = EDGE_LOOP('',(#2462,#2472,#2479,#2480));
#2462 = ORIENTED_EDGE('',*,*,#2463,.T.);
#2463 = EDGE_CURVE('',#2464,#2466,#2468,.T.);
#2464 = VERTEX_POINT('',#2465);
#2465 = CARTESIAN_POINT('',(2.050000000001,-4.25,0.674999999999));
#2466 = VERTEX_POINT('',#2467);
#2467 = CARTESIAN_POINT('',(2.050000000001,-4.6,0.674999999999));
#2468 = LINE('',#2469,#2470);
#2469 = CARTESIAN_POINT('',(2.050000000001,-4.25,0.674999999999));
#2470 = VECTOR('',#2471,1.);
#2471 = DIRECTION('',(-0.,-1.,3.3E-16));
#2472 = ORIENTED_EDGE('',*,*,#2473,.T.);
#2473 = EDGE_CURVE('',#2466,#2434,#2474,.T.);
#2474 = CIRCLE('',#2475,0.161896002983);
#2475 = AXIS2_PLACEMENT_3D('',#2476,#2477,#2478);
#2476 = CARTESIAN_POINT('',(2.053598,-4.6,0.513143983189));
#2477 = DIRECTION('',(0.,1.,-2.2E-16));
#2478 = DIRECTION('',(-1.,0.,0.));
#2479 = ORIENTED_EDGE('',*,*,#2441,.F.);
#2480 = ORIENTED_EDGE('',*,*,#2481,.F.);
#2481 = EDGE_CURVE('',#2464,#2442,#2482,.T.);
#2482 = CIRCLE('',#2483,0.161896002983);
#2483 = AXIS2_PLACEMENT_3D('',#2484,#2485,#2486);
#2484 = CARTESIAN_POINT('',(2.053598,-4.25,0.513143983189));
#2485 = DIRECTION('',(0.,1.,-2.2E-16));
#2486 = DIRECTION('',(-1.,0.,0.));
#2487 = CYLINDRICAL_SURFACE('',#2488,0.161896002983);
#2488 = AXIS2_PLACEMENT_3D('',#2489,#2490,#2491);
#2489 = CARTESIAN_POINT('',(2.053598,-4.25,0.513143983189));
#2490 = DIRECTION('',(-0.,1.,-3.3E-16));
#2491 = DIRECTION('',(-1.,-0.,0.));
#2492 = ADVANCED_FACE('',(#2493),#2518,.T.);
#2493 = FACE_BOUND('',#2494,.F.);
#2494 = EDGE_LOOP('',(#2495,#2505,#2511,#2512));
#2495 = ORIENTED_EDGE('',*,*,#2496,.T.);
#2496 = EDGE_CURVE('',#2497,#2499,#2501,.T.);
#2497 = VERTEX_POINT('',#2498);
#2498 = CARTESIAN_POINT('',(1.95,-4.25,0.674999999999));
#2499 = VERTEX_POINT('',#2500);
#2500 = CARTESIAN_POINT('',(1.95,-4.6,0.674999999999));
#2501 = LINE('',#2502,#2503);
#2502 = CARTESIAN_POINT('',(1.95,-4.25,0.674999999999));
#2503 = VECTOR('',#2504,1.);
#2504 = DIRECTION('',(-0.,-1.,3.3E-16));
#2505 = ORIENTED_EDGE('',*,*,#2506,.T.);
#2506 = EDGE_CURVE('',#2499,#2466,#2507,.T.);
#2507 = LINE('',#2508,#2509);
#2508 = CARTESIAN_POINT('',(1.95,-4.6,0.674999999999));
#2509 = VECTOR('',#2510,1.);
#2510 = DIRECTION('',(1.,0.,0.));
#2511 = ORIENTED_EDGE('',*,*,#2463,.F.);
#2512 = ORIENTED_EDGE('',*,*,#2513,.F.);
#2513 = EDGE_CURVE('',#2497,#2464,#2514,.T.);
#2514 = LINE('',#2515,#2516);
#2515 = CARTESIAN_POINT('',(1.95,-4.25,0.674999999999));
#2516 = VECTOR('',#2517,1.);
#2517 = DIRECTION('',(1.,0.,0.));
#2518 = PLANE('',#2519);
#2519 = AXIS2_PLACEMENT_3D('',#2520,#2521,#2522);
#2520 = CARTESIAN_POINT('',(1.95,-4.25,0.674999999999));
#2521 = DIRECTION('',(-0.,-3.3E-16,-1.));
#2522 = DIRECTION('',(-1.,0.,0.));
#2523 = ADVANCED_FACE('',(#2524),#2549,.T.);
#2524 = FACE_BOUND('',#2525,.F.);
#2525 = EDGE_LOOP('',(#2526,#2536,#2542,#2543));
#2526 = ORIENTED_EDGE('',*,*,#2527,.T.);
#2527 = EDGE_CURVE('',#2528,#2530,#2532,.T.);
#2528 = VERTEX_POINT('',#2529);
#2529 = CARTESIAN_POINT('',(1.95,-4.25,0.875));
#2530 = VERTEX_POINT('',#2531);
#2531 = CARTESIAN_POINT('',(1.95,-4.6,0.875));
#2532 = LINE('',#2533,#2534);
#2533 = CARTESIAN_POINT('',(1.95,-4.25,0.875));
#2534 = VECTOR('',#2535,1.);
#2535 = DIRECTION('',(-0.,-1.,3.3E-16));
#2536 = ORIENTED_EDGE('',*,*,#2537,.T.);
#2537 = EDGE_CURVE('',#2530,#2499,#2538,.T.);
#2538 = LINE('',#2539,#2540);
#2539 = CARTESIAN_POINT('',(1.95,-4.6,0.875));
#2540 = VECTOR('',#2541,1.);
#2541 = DIRECTION('',(-0.,-2.2E-16,-1.));
#2542 = ORIENTED_EDGE('',*,*,#2496,.F.);
#2543 = ORIENTED_EDGE('',*,*,#2544,.F.);
#2544 = EDGE_CURVE('',#2528,#2497,#2545,.T.);
#2545 = LINE('',#2546,#2547);
#2546 = CARTESIAN_POINT('',(1.95,-4.25,0.875));
#2547 = VECTOR('',#2548,1.);
#2548 = DIRECTION('',(-0.,-2.2E-16,-1.));
#2549 = PLANE('',#2550);
#2550 = AXIS2_PLACEMENT_3D('',#2551,#2552,#2553);
#2551 = CARTESIAN_POINT('',(1.95,-4.25,0.875));
#2552 = DIRECTION('',(-1.,-0.,-0.));
#2553 = DIRECTION('',(-0.,3.3E-16,1.));
#2554 = ADVANCED_FACE('',(#2555),#2580,.F.);
#2555 = FACE_BOUND('',#2556,.T.);
#2556 = EDGE_LOOP('',(#2557,#2558,#2566,#2574));
#2557 = ORIENTED_EDGE('',*,*,#2527,.T.);
#2558 = ORIENTED_EDGE('',*,*,#2559,.T.);
#2559 = EDGE_CURVE('',#2530,#2560,#2562,.T.);
#2560 = VERTEX_POINT('',#2561);
#2561 = CARTESIAN_POINT('',(2.1,-4.6,0.875));
#2562 = LINE('',#2563,#2564);
#2563 = CARTESIAN_POINT('',(1.95,-4.6,0.875));
#2564 = VECTOR('',#2565,1.);
#2565 = DIRECTION('',(1.,0.,0.));
#2566 = ORIENTED_EDGE('',*,*,#2567,.F.);
#2567 = EDGE_CURVE('',#2568,#2560,#2570,.T.);
#2568 = VERTEX_POINT('',#2569);
#2569 = CARTESIAN_POINT('',(2.1,-4.25,0.875));
#2570 = LINE('',#2571,#2572);
#2571 = CARTESIAN_POINT('',(2.1,-4.25,0.875));
#2572 = VECTOR('',#2573,1.);
#2573 = DIRECTION('',(-0.,-1.,3.3E-16));
#2574 = ORIENTED_EDGE('',*,*,#2575,.F.);
#2575 = EDGE_CURVE('',#2528,#2568,#2576,.T.);
#2576 = LINE('',#2577,#2578);
#2577 = CARTESIAN_POINT('',(1.95,-4.25,0.875));
#2578 = VECTOR('',#2579,1.);
#2579 = DIRECTION('',(1.,0.,0.));
#2580 = PLANE('',#2581);
#2581 = AXIS2_PLACEMENT_3D('',#2582,#2583,#2584);
#2582 = CARTESIAN_POINT('',(1.95,-4.25,0.875));
#2583 = DIRECTION('',(-0.,-3.3E-16,-1.));
#2584 = DIRECTION('',(-1.,0.,0.));
#2585 = ADVANCED_FACE('',(#2586),#2613,.T.);
#2586 = FACE_BOUND('',#2587,.T.);
#2587 = EDGE_LOOP('',(#2588,#2589,#2598,#2606));
#2588 = ORIENTED_EDGE('',*,*,#2567,.T.);
#2589 = ORIENTED_EDGE('',*,*,#2590,.T.);
#2590 = EDGE_CURVE('',#2560,#2591,#2593,.T.);
#2591 = VERTEX_POINT('',#2592);
#2592 = CARTESIAN_POINT('',(2.404266065791,-4.6,0.625797676838));
#2593 = CIRCLE('',#2594,0.310349507779);
#2594 = AXIS2_PLACEMENT_3D('',#2595,#2596,#2597);
#2595 = CARTESIAN_POINT('',(2.1,-4.6,0.564650492221));
#2596 = DIRECTION('',(0.,1.,-2.2E-16));
#2597 = DIRECTION('',(-1.,0.,0.));
#2598 = ORIENTED_EDGE('',*,*,#2599,.F.);
#2599 = EDGE_CURVE('',#2600,#2591,#2602,.T.);
#2600 = VERTEX_POINT('',#2601);
#2601 = CARTESIAN_POINT('',(2.404266065791,-4.25,0.625797676838));
#2602 = LINE('',#2603,#2604);
#2603 = CARTESIAN_POINT('',(2.404266065791,-4.25,0.625797676838));
#2604 = VECTOR('',#2605,1.);
#2605 = DIRECTION('',(-0.,-1.,3.3E-16));
#2606 = ORIENTED_EDGE('',*,*,#2607,.F.);
#2607 = EDGE_CURVE('',#2568,#2600,#2608,.T.);
#2608 = CIRCLE('',#2609,0.310349507779);
#2609 = AXIS2_PLACEMENT_3D('',#2610,#2611,#2612);
#2610 = CARTESIAN_POINT('',(2.1,-4.25,0.564650492221));
#2611 = DIRECTION('',(0.,1.,-2.2E-16));
#2612 = DIRECTION('',(-1.,0.,0.));
#2613 = CYLINDRICAL_SURFACE('',#2614,0.310349507779);
#2614 = AXIS2_PLACEMENT_3D('',#2615,#2616,#2617);
#2615 = CARTESIAN_POINT('',(2.1,-4.25,0.564650492221));
#2616 = DIRECTION('',(-0.,1.,-3.3E-16));
#2617 = DIRECTION('',(-1.,-0.,0.));
#2618 = ADVANCED_FACE('',(#2619),#2635,.T.);
#2619 = FACE_BOUND('',#2620,.F.);
#2620 = EDGE_LOOP('',(#2621,#2622,#2628,#2629));
#2621 = ORIENTED_EDGE('',*,*,#2283,.T.);
#2622 = ORIENTED_EDGE('',*,*,#2623,.T.);
#2623 = EDGE_CURVE('',#2275,#2591,#2624,.T.);
#2624 = LINE('',#2625,#2626);
#2625 = CARTESIAN_POINT('',(2.440826868813,-4.6,0.328033831346));
#2626 = VECTOR('',#2627,1.);
#2627 = DIRECTION('',(-0.121869343405,2.2E-16,0.992546151641));
#2628 = ORIENTED_EDGE('',*,*,#2599,.F.);
#2629 = ORIENTED_EDGE('',*,*,#2630,.F.);
#2630 = EDGE_CURVE('',#2284,#2600,#2631,.T.);
#2631 = LINE('',#2632,#2633);
#2632 = CARTESIAN_POINT('',(2.440826868813,-4.25,0.328033831346));
#2633 = VECTOR('',#2634,1.);
#2634 = DIRECTION('',(-0.121869343405,2.2E-16,0.992546151641));
#2635 = PLANE('',#2636);
#2636 = AXIS2_PLACEMENT_3D('',#2637,#2638,#2639);
#2637 = CARTESIAN_POINT('',(2.440826868813,-4.25,0.328033831346));
#2638 = DIRECTION('',(0.992546151641,4.E-17,0.121869343405));
#2639 = DIRECTION('',(0.121869343405,-3.3E-16,-0.992546151641));
#2640 = ADVANCED_FACE('',(#2641),#2655,.T.);
#2641 = FACE_BOUND('',#2642,.T.);
#2642 = EDGE_LOOP('',(#2643,#2644,#2645,#2646,#2647,#2648,#2649,#2650,
    #2651,#2652,#2653,#2654));
#2643 = ORIENTED_EDGE('',*,*,#2291,.F.);
#2644 = ORIENTED_EDGE('',*,*,#2323,.T.);
#2645 = ORIENTED_EDGE('',*,*,#2354,.T.);
#2646 = ORIENTED_EDGE('',*,*,#2385,.T.);
#2647 = ORIENTED_EDGE('',*,*,#2417,.T.);
#2648 = ORIENTED_EDGE('',*,*,#2449,.T.);
#2649 = ORIENTED_EDGE('',*,*,#2481,.F.);
#2650 = ORIENTED_EDGE('',*,*,#2513,.F.);
#2651 = ORIENTED_EDGE('',*,*,#2544,.F.);
#2652 = ORIENTED_EDGE('',*,*,#2575,.T.);
#2653 = ORIENTED_EDGE('',*,*,#2607,.T.);
#2654 = ORIENTED_EDGE('',*,*,#2630,.F.);
#2655 = PLANE('',#2656);
#2656 = AXIS2_PLACEMENT_3D('',#2657,#2658,#2659);
#2657 = CARTESIAN_POINT('',(2.436235547263,-4.25,0.383511578704));
#2658 = DIRECTION('',(0.,1.,-2.2E-16));
#2659 = DIRECTION('',(0.,-2.2E-16,-1.));
#2660 = ADVANCED_FACE('',(#2661),#2675,.F.);
#2661 = FACE_BOUND('',#2662,.F.);
#2662 = EDGE_LOOP('',(#2663,#2664,#2665,#2666,#2667,#2668,#2669,#2670,
    #2671,#2672,#2673,#2674));
#2663 = ORIENTED_EDGE('',*,*,#2274,.F.);
#2664 = ORIENTED_EDGE('',*,*,#2307,.T.);
#2665 = ORIENTED_EDGE('',*,*,#2338,.T.);
#2666 = ORIENTED_EDGE('',*,*,#2369,.T.);
#2667 = ORIENTED_EDGE('',*,*,#2400,.T.);
#2668 = ORIENTED_EDGE('',*,*,#2433,.T.);
#2669 = ORIENTED_EDGE('',*,*,#2473,.F.);
#2670 = ORIENTED_EDGE('',*,*,#2506,.F.);
#2671 = ORIENTED_EDGE('',*,*,#2537,.F.);
#2672 = ORIENTED_EDGE('',*,*,#2559,.T.);
#2673 = ORIENTED_EDGE('',*,*,#2590,.T.);
#2674 = ORIENTED_EDGE('',*,*,#2623,.F.);
#2675 = PLANE('',#2676);
#2676 = AXIS2_PLACEMENT_3D('',#2677,#2678,#2679);
#2677 = CARTESIAN_POINT('',(2.436235547263,-4.6,0.383511578704));
#2678 = DIRECTION('',(0.,1.,-2.2E-16));
#2679 = DIRECTION('',(0.,-2.2E-16,-1.));
#2680 = ( GEOMETRIC_REPRESENTATION_CONTEXT(3) 
GLOBAL_UNCERTAINTY_ASSIGNED_CONTEXT((#2684)) 
GLOBAL_UNIT_ASSIGNED_CONTEXT((#2681,#2682,#2683)) REPRESENTATION_CONTEXT
('Context #1','3D Context with UNIT and UNCERTAINTY') );
#2681 = ( LENGTH_UNIT() NAMED_UNIT(*) SI_UNIT(.MILLI.,.METRE.) );
#2682 = ( NAMED_UNIT(*) PLANE_ANGLE_UNIT() SI_UNIT($,.RADIAN.) );
#2683 = ( NAMED_UNIT(*) SI_UNIT($,.STERADIAN.) SOLID_ANGLE_UNIT() );
#2684 = UNCERTAINTY_MEASURE_WITH_UNIT(LENGTH_MEASURE(1.E-07),#2681,
  'distance_accuracy_value','confusion accuracy');
#2685 = CONTEXT_DEPENDENT_SHAPE_REPRESENTATION(#2686,#2688);
#2686 = ( REPRESENTATION_RELATIONSHIP('','',#2257,#1765) 
REPRESENTATION_RELATIONSHIP_WITH_TRANSFORMATION(#2687) 
SHAPE_REPRESENTATION_RELATIONSHIP() );
#2687 = ITEM_DEFINED_TRANSFORMATION('','',#11,#1770);
#2688 = PRODUCT_DEFINITION_SHAPE('Placement','Placement of an item',
  #2689);
#2689 = NEXT_ASSEMBLY_USAGE_OCCURRENCE('3','Pad001 (Mirror #1)001','',
  #1760,#2252,$);
#2690 = PRODUCT_RELATED_PRODUCT_CATEGORY('part',$,(#2254));
#2691 = SHAPE_DEFINITION_REPRESENTATION(#2692,#2698);
#2692 = PRODUCT_DEFINITION_SHAPE('','',#2693);
#2693 = PRODUCT_DEFINITION('design','',#2694,#2697);
#2694 = PRODUCT_DEFINITION_FORMATION('','',#2695);
#2695 = PRODUCT('Pad001 (Mirror #1)002','Pad001 (Mirror #1)002','',(
    #2696));
#2696 = PRODUCT_CONTEXT('',#2,'mechanical');
#2697 = PRODUCT_DEFINITION_CONTEXT('part definition',#2,'design');
#2698 = ADVANCED_BREP_SHAPE_REPRESENTATION('',(#11,#2699),#3121);
#2699 = MANIFOLD_SOLID_BREP('',#2700);
#2700 = CLOSED_SHELL('',(#2701,#2743,#2774,#2805,#2836,#2869,#2900,#2933
    ,#2964,#2995,#3026,#3059,#3081,#3101));
#2701 = ADVANCED_FACE('',(#2702),#2738,.F.);
#2702 = FACE_BOUND('',#2703,.F.);
#2703 = EDGE_LOOP('',(#2704,#2714,#2723,#2731));
#2704 = ORIENTED_EDGE('',*,*,#2705,.T.);
#2705 = EDGE_CURVE('',#2706,#2708,#2710,.T.);
#2706 = VERTEX_POINT('',#2707);
#2707 = CARTESIAN_POINT('',(2.55061670936,-4.25,0.223551180309));
#2708 = VERTEX_POINT('',#2709);
#2709 = CARTESIAN_POINT('',(2.55061670936,-4.6,0.223551180309));
#2710 = LINE('',#2711,#2712);
#2711 = CARTESIAN_POINT('',(2.55061670936,-4.25,0.223551180309));
#2712 = VECTOR('',#2713,1.);
#2713 = DIRECTION('',(-0.,-1.,3.3E-16));
#2714 = ORIENTED_EDGE('',*,*,#2715,.T.);
#2715 = EDGE_CURVE('',#2708,#2716,#2718,.T.);
#2716 = VERTEX_POINT('',#2717);
#2717 = CARTESIAN_POINT('',(2.440826868813,-4.6,0.328033831346));
#2718 = CIRCLE('',#2719,0.137039746262);
#2719 = AXIS2_PLACEMENT_3D('',#2720,#2721,#2722);
#2720 = CARTESIAN_POINT('',(2.574436,-4.6,0.358505));
#2721 = DIRECTION('',(0.,1.,-2.2E-16));
#2722 = DIRECTION('',(-1.,0.,0.));
#2723 = ORIENTED_EDGE('',*,*,#2724,.F.);
#2724 = EDGE_CURVE('',#2725,#2716,#2727,.T.);
#2725 = VERTEX_POINT('',#2726);
#2726 = CARTESIAN_POINT('',(2.440826868813,-4.25,0.328033831346));
#2727 = LINE('',#2728,#2729);
#2728 = CARTESIAN_POINT('',(2.440826868813,-4.25,0.328033831346));
#2729 = VECTOR('',#2730,1.);
#2730 = DIRECTION('',(-0.,-1.,3.3E-16));
#2731 = ORIENTED_EDGE('',*,*,#2732,.F.);
#2732 = EDGE_CURVE('',#2706,#2725,#2733,.T.);
#2733 = CIRCLE('',#2734,0.137039746262);
#2734 = AXIS2_PLACEMENT_3D('',#2735,#2736,#2737);
#2735 = CARTESIAN_POINT('',(2.574436,-4.25,0.358505));
#2736 = DIRECTION('',(0.,1.,-2.2E-16));
#2737 = DIRECTION('',(-1.,0.,0.));
#2738 = CYLINDRICAL_SURFACE('',#2739,0.137039746262);
#2739 = AXIS2_PLACEMENT_3D('',#2740,#2741,#2742);
#2740 = CARTESIAN_POINT('',(2.574436,-4.25,0.358505));
#2741 = DIRECTION('',(-0.,1.,-3.3E-16));
#2742 = DIRECTION('',(-1.,-0.,0.));
#2743 = ADVANCED_FACE('',(#2744),#2769,.F.);
#2744 = FACE_BOUND('',#2745,.T.);
#2745 = EDGE_LOOP('',(#2746,#2747,#2755,#2763));
#2746 = ORIENTED_EDGE('',*,*,#2705,.T.);
#2747 = ORIENTED_EDGE('',*,*,#2748,.T.);
#2748 = EDGE_CURVE('',#2708,#2749,#2751,.T.);
#2749 = VERTEX_POINT('',#2750);
#2750 = CARTESIAN_POINT('',(3.,-4.6,0.2));
#2751 = LINE('',#2752,#2753);
#2752 = CARTESIAN_POINT('',(2.55061670936,-4.6,0.223551180309));
#2753 = VECTOR('',#2754,1.);
#2754 = DIRECTION('',(0.998629534755,-1.E-17,-5.233595624292E-02));
#2755 = ORIENTED_EDGE('',*,*,#2756,.F.);
#2756 = EDGE_CURVE('',#2757,#2749,#2759,.T.);
#2757 = VERTEX_POINT('',#2758);
#2758 = CARTESIAN_POINT('',(3.,-4.25,0.2));
#2759 = LINE('',#2760,#2761);
#2760 = CARTESIAN_POINT('',(3.,-4.25,0.2));
#2761 = VECTOR('',#2762,1.);
#2762 = DIRECTION('',(-0.,-1.,3.3E-16));
#2763 = ORIENTED_EDGE('',*,*,#2764,.F.);
#2764 = EDGE_CURVE('',#2706,#2757,#2765,.T.);
#2765 = LINE('',#2766,#2767);
#2766 = CARTESIAN_POINT('',(2.55061670936,-4.25,0.223551180309));
#2767 = VECTOR('',#2768,1.);
#2768 = DIRECTION('',(0.998629534755,-1.E-17,-5.233595624292E-02));
#2769 = PLANE('',#2770);
#2770 = AXIS2_PLACEMENT_3D('',#2771,#2772,#2773);
#2771 = CARTESIAN_POINT('',(2.55061670936,-4.25,0.223551180309));
#2772 = DIRECTION('',(-5.233595624292E-02,-3.3E-16,-0.998629534755));
#2773 = DIRECTION('',(-0.998629534755,2.E-17,5.233595624292E-02));
#2774 = ADVANCED_FACE('',(#2775),#2800,.F.);
#2775 = FACE_BOUND('',#2776,.T.);
#2776 = EDGE_LOOP('',(#2777,#2778,#2786,#2794));
#2777 = ORIENTED_EDGE('',*,*,#2756,.T.);
#2778 = ORIENTED_EDGE('',*,*,#2779,.T.);
#2779 = EDGE_CURVE('',#2749,#2780,#2782,.T.);
#2780 = VERTEX_POINT('',#2781);
#2781 = CARTESIAN_POINT('',(3.,-4.6,2.E-15));
#2782 = LINE('',#2783,#2784);
#2783 = CARTESIAN_POINT('',(3.,-4.6,0.2));
#2784 = VECTOR('',#2785,1.);
#2785 = DIRECTION('',(-0.,-2.2E-16,-1.));
#2786 = ORIENTED_EDGE('',*,*,#2787,.F.);
#2787 = EDGE_CURVE('',#2788,#2780,#2790,.T.);
#2788 = VERTEX_POINT('',#2789);
#2789 = CARTESIAN_POINT('',(3.,-4.25,2.E-15));
#2790 = LINE('',#2791,#2792);
#2791 = CARTESIAN_POINT('',(3.,-4.25,9.4E-16));
#2792 = VECTOR('',#2793,1.);
#2793 = DIRECTION('',(-0.,-1.,3.3E-16));
#2794 = ORIENTED_EDGE('',*,*,#2795,.F.);
#2795 = EDGE_CURVE('',#2757,#2788,#2796,.T.);
#2796 = LINE('',#2797,#2798);
#2797 = CARTESIAN_POINT('',(3.,-4.25,0.2));
#2798 = VECTOR('',#2799,1.);
#2799 = DIRECTION('',(-0.,-2.2E-16,-1.));
#2800 = PLANE('',#2801);
#2801 = AXIS2_PLACEMENT_3D('',#2802,#2803,#2804);
#2802 = CARTESIAN_POINT('',(3.,-4.25,0.2));
#2803 = DIRECTION('',(-1.,-0.,-0.));
#2804 = DIRECTION('',(-0.,3.3E-16,1.));
#2805 = ADVANCED_FACE('',(#2806),#2831,.F.);
#2806 = FACE_BOUND('',#2807,.T.);
#2807 = EDGE_LOOP('',(#2808,#2809,#2817,#2825));
#2808 = ORIENTED_EDGE('',*,*,#2787,.T.);
#2809 = ORIENTED_EDGE('',*,*,#2810,.T.);
#2810 = EDGE_CURVE('',#2780,#2811,#2813,.T.);
#2811 = VERTEX_POINT('',#2812);
#2812 = CARTESIAN_POINT('',(2.500685232623,-4.6,2.616797812147E-02));
#2813 = LINE('',#2814,#2815);
#2814 = CARTESIAN_POINT('',(3.,-4.6,1.E-15));
#2815 = VECTOR('',#2816,1.);
#2816 = DIRECTION('',(-0.998629534755,1.E-17,5.233595624292E-02));
#2817 = ORIENTED_EDGE('',*,*,#2818,.F.);
#2818 = EDGE_CURVE('',#2819,#2811,#2821,.T.);
#2819 = VERTEX_POINT('',#2820);
#2820 = CARTESIAN_POINT('',(2.500685232623,-4.25,2.616797812147E-02));
#2821 = LINE('',#2822,#2823);
#2822 = CARTESIAN_POINT('',(2.500685232623,-4.25,2.616797812147E-02));
#2823 = VECTOR('',#2824,1.);
#2824 = DIRECTION('',(-0.,-1.,3.3E-16));
#2825 = ORIENTED_EDGE('',*,*,#2826,.F.);
#2826 = EDGE_CURVE('',#2788,#2819,#2827,.T.);
#2827 = LINE('',#2828,#2829);
#2828 = CARTESIAN_POINT('',(3.,-4.25,4.7E-16));
#2829 = VECTOR('',#2830,1.);
#2830 = DIRECTION('',(-0.998629534755,1.E-17,5.233595624292E-02));
#2831 = PLANE('',#2832);
#2832 = AXIS2_PLACEMENT_3D('',#2833,#2834,#2835);
#2833 = CARTESIAN_POINT('',(3.,-4.25,9.4E-16));
#2834 = DIRECTION('',(5.233595624292E-02,3.3E-16,0.998629534755));
#2835 = DIRECTION('',(0.998629534755,-2.E-17,-5.233595624292E-02));
#2836 = ADVANCED_FACE('',(#2837),#2864,.T.);
#2837 = FACE_BOUND('',#2838,.T.);
#2838 = EDGE_LOOP('',(#2839,#2840,#2849,#2857));
#2839 = ORIENTED_EDGE('',*,*,#2818,.T.);
#2840 = ORIENTED_EDGE('',*,*,#2841,.T.);
#2841 = EDGE_CURVE('',#2811,#2842,#2844,.T.);
#2842 = VERTEX_POINT('',#2843);
#2843 = CARTESIAN_POINT('',(2.25,-4.6,0.2410921491));
#2844 = CIRCLE('',#2845,0.268233064235);
#2845 = AXIS2_PLACEMENT_3D('',#2846,#2847,#2848);
#2846 = CARTESIAN_POINT('',(2.512939,-4.6,0.294121));
#2847 = DIRECTION('',(0.,1.,-2.2E-16));
#2848 = DIRECTION('',(-1.,0.,0.));
#2849 = ORIENTED_EDGE('',*,*,#2850,.F.);
#2850 = EDGE_CURVE('',#2851,#2842,#2853,.T.);
#2851 = VERTEX_POINT('',#2852);
#2852 = CARTESIAN_POINT('',(2.25,-4.25,0.2410921491));
#2853 = LINE('',#2854,#2855);
#2854 = CARTESIAN_POINT('',(2.25,-4.25,0.2410921491));
#2855 = VECTOR('',#2856,1.);
#2856 = DIRECTION('',(-0.,-1.,3.3E-16));
#2857 = ORIENTED_EDGE('',*,*,#2858,.F.);
#2858 = EDGE_CURVE('',#2819,#2851,#2859,.T.);
#2859 = CIRCLE('',#2860,0.268233064235);
#2860 = AXIS2_PLACEMENT_3D('',#2861,#2862,#2863);
#2861 = CARTESIAN_POINT('',(2.512939,-4.25,0.294121));
#2862 = DIRECTION('',(0.,1.,-2.2E-16));
#2863 = DIRECTION('',(-1.,0.,0.));
#2864 = CYLINDRICAL_SURFACE('',#2865,0.268233064235);
#2865 = AXIS2_PLACEMENT_3D('',#2866,#2867,#2868);
#2866 = CARTESIAN_POINT('',(2.512939,-4.25,0.294121));
#2867 = DIRECTION('',(-0.,1.,-3.3E-16));
#2868 = DIRECTION('',(-1.,-0.,0.));
#2869 = ADVANCED_FACE('',(#2870),#2895,.F.);
#2870 = FACE_BOUND('',#2871,.T.);
#2871 = EDGE_LOOP('',(#2872,#2873,#2881,#2889));
#2872 = ORIENTED_EDGE('',*,*,#2850,.T.);
#2873 = ORIENTED_EDGE('',*,*,#2874,.T.);
#2874 = EDGE_CURVE('',#2842,#2875,#2877,.T.);
#2875 = VERTEX_POINT('',#2876);
#2876 = CARTESIAN_POINT('',(2.213439196978,-4.6,0.538855994594));
#2877 = LINE('',#2878,#2879);
#2878 = CARTESIAN_POINT('',(2.25,-4.6,0.2410921491));
#2879 = VECTOR('',#2880,1.);
#2880 = DIRECTION('',(-0.121869343407,2.2E-16,0.992546151641));
#2881 = ORIENTED_EDGE('',*,*,#2882,.F.);
#2882 = EDGE_CURVE('',#2883,#2875,#2885,.T.);
#2883 = VERTEX_POINT('',#2884);
#2884 = CARTESIAN_POINT('',(2.213439196978,-4.25,0.538855994594));
#2885 = LINE('',#2886,#2887);
#2886 = CARTESIAN_POINT('',(2.213439196978,-4.25,0.538855994594));
#2887 = VECTOR('',#2888,1.);
#2888 = DIRECTION('',(-0.,-1.,3.3E-16));
#2889 = ORIENTED_EDGE('',*,*,#2890,.F.);
#2890 = EDGE_CURVE('',#2851,#2883,#2891,.T.);
#2891 = LINE('',#2892,#2893);
#2892 = CARTESIAN_POINT('',(2.25,-4.25,0.2410921491));
#2893 = VECTOR('',#2894,1.);
#2894 = DIRECTION('',(-0.121869343407,2.2E-16,0.992546151641));
#2895 = PLANE('',#2896);
#2896 = AXIS2_PLACEMENT_3D('',#2897,#2898,#2899);
#2897 = CARTESIAN_POINT('',(2.25,-4.25,0.2410921491));
#2898 = DIRECTION('',(0.992546151641,4.E-17,0.121869343407));
#2899 = DIRECTION('',(0.121869343407,-3.3E-16,-0.992546151641));
#2900 = ADVANCED_FACE('',(#2901),#2928,.F.);
#2901 = FACE_BOUND('',#2902,.F.);
#2902 = EDGE_LOOP('',(#2903,#2913,#2920,#2921));
#2903 = ORIENTED_EDGE('',*,*,#2904,.T.);
#2904 = EDGE_CURVE('',#2905,#2907,#2909,.T.);
#2905 = VERTEX_POINT('',#2906);
#2906 = CARTESIAN_POINT('',(2.050000000001,-4.25,0.674999999999));
#2907 = VERTEX_POINT('',#2908);
#2908 = CARTESIAN_POINT('',(2.050000000001,-4.6,0.674999999999));
#2909 = LINE('',#2910,#2911);
#2910 = CARTESIAN_POINT('',(2.050000000001,-4.25,0.674999999999));
#2911 = VECTOR('',#2912,1.);
#2912 = DIRECTION('',(-0.,-1.,3.3E-16));
#2913 = ORIENTED_EDGE('',*,*,#2914,.T.);
#2914 = EDGE_CURVE('',#2907,#2875,#2915,.T.);
#2915 = CIRCLE('',#2916,0.161896002983);
#2916 = AXIS2_PLACEMENT_3D('',#2917,#2918,#2919);
#2917 = CARTESIAN_POINT('',(2.053598,-4.6,0.513143983189));
#2918 = DIRECTION('',(0.,1.,-2.2E-16));
#2919 = DIRECTION('',(-1.,0.,0.));
#2920 = ORIENTED_EDGE('',*,*,#2882,.F.);
#2921 = ORIENTED_EDGE('',*,*,#2922,.F.);
#2922 = EDGE_CURVE('',#2905,#2883,#2923,.T.);
#2923 = CIRCLE('',#2924,0.161896002983);
#2924 = AXIS2_PLACEMENT_3D('',#2925,#2926,#2927);
#2925 = CARTESIAN_POINT('',(2.053598,-4.25,0.513143983189));
#2926 = DIRECTION('',(0.,1.,-2.2E-16));
#2927 = DIRECTION('',(-1.,0.,0.));
#2928 = CYLINDRICAL_SURFACE('',#2929,0.161896002983);
#2929 = AXIS2_PLACEMENT_3D('',#2930,#2931,#2932);
#2930 = CARTESIAN_POINT('',(2.053598,-4.25,0.513143983189));
#2931 = DIRECTION('',(-0.,1.,-3.3E-16));
#2932 = DIRECTION('',(-1.,-0.,0.));
#2933 = ADVANCED_FACE('',(#2934),#2959,.T.);
#2934 = FACE_BOUND('',#2935,.F.);
#2935 = EDGE_LOOP('',(#2936,#2946,#2952,#2953));
#2936 = ORIENTED_EDGE('',*,*,#2937,.T.);
#2937 = EDGE_CURVE('',#2938,#2940,#2942,.T.);
#2938 = VERTEX_POINT('',#2939);
#2939 = CARTESIAN_POINT('',(1.95,-4.25,0.674999999999));
#2940 = VERTEX_POINT('',#2941);
#2941 = CARTESIAN_POINT('',(1.95,-4.6,0.674999999999));
#2942 = LINE('',#2943,#2944);
#2943 = CARTESIAN_POINT('',(1.95,-4.25,0.674999999999));
#2944 = VECTOR('',#2945,1.);
#2945 = DIRECTION('',(-0.,-1.,3.3E-16));
#2946 = ORIENTED_EDGE('',*,*,#2947,.T.);
#2947 = EDGE_CURVE('',#2940,#2907,#2948,.T.);
#2948 = LINE('',#2949,#2950);
#2949 = CARTESIAN_POINT('',(1.95,-4.6,0.674999999999));
#2950 = VECTOR('',#2951,1.);
#2951 = DIRECTION('',(1.,0.,0.));
#2952 = ORIENTED_EDGE('',*,*,#2904,.F.);
#2953 = ORIENTED_EDGE('',*,*,#2954,.F.);
#2954 = EDGE_CURVE('',#2938,#2905,#2955,.T.);
#2955 = LINE('',#2956,#2957);
#2956 = CARTESIAN_POINT('',(1.95,-4.25,0.674999999999));
#2957 = VECTOR('',#2958,1.);
#2958 = DIRECTION('',(1.,0.,0.));
#2959 = PLANE('',#2960);
#2960 = AXIS2_PLACEMENT_3D('',#2961,#2962,#2963);
#2961 = CARTESIAN_POINT('',(1.95,-4.25,0.674999999999));
#2962 = DIRECTION('',(-0.,-3.3E-16,-1.));
#2963 = DIRECTION('',(-1.,0.,0.));
#2964 = ADVANCED_FACE('',(#2965),#2990,.T.);
#2965 = FACE_BOUND('',#2966,.F.);
#2966 = EDGE_LOOP('',(#2967,#2977,#2983,#2984));
#2967 = ORIENTED_EDGE('',*,*,#2968,.T.);
#2968 = EDGE_CURVE('',#2969,#2971,#2973,.T.);
#2969 = VERTEX_POINT('',#2970);
#2970 = CARTESIAN_POINT('',(1.95,-4.25,0.875));
#2971 = VERTEX_POINT('',#2972);
#2972 = CARTESIAN_POINT('',(1.95,-4.6,0.875));
#2973 = LINE('',#2974,#2975);
#2974 = CARTESIAN_POINT('',(1.95,-4.25,0.875));
#2975 = VECTOR('',#2976,1.);
#2976 = DIRECTION('',(-0.,-1.,3.3E-16));
#2977 = ORIENTED_EDGE('',*,*,#2978,.T.);
#2978 = EDGE_CURVE('',#2971,#2940,#2979,.T.);
#2979 = LINE('',#2980,#2981);
#2980 = CARTESIAN_POINT('',(1.95,-4.6,0.875));
#2981 = VECTOR('',#2982,1.);
#2982 = DIRECTION('',(-0.,-2.2E-16,-1.));
#2983 = ORIENTED_EDGE('',*,*,#2937,.F.);
#2984 = ORIENTED_EDGE('',*,*,#2985,.F.);
#2985 = EDGE_CURVE('',#2969,#2938,#2986,.T.);
#2986 = LINE('',#2987,#2988);
#2987 = CARTESIAN_POINT('',(1.95,-4.25,0.875));
#2988 = VECTOR('',#2989,1.);
#2989 = DIRECTION('',(-0.,-2.2E-16,-1.));
#2990 = PLANE('',#2991);
#2991 = AXIS2_PLACEMENT_3D('',#2992,#2993,#2994);
#2992 = CARTESIAN_POINT('',(1.95,-4.25,0.875));
#2993 = DIRECTION('',(-1.,-0.,-0.));
#2994 = DIRECTION('',(-0.,3.3E-16,1.));
#2995 = ADVANCED_FACE('',(#2996),#3021,.F.);
#2996 = FACE_BOUND('',#2997,.T.);
#2997 = EDGE_LOOP('',(#2998,#2999,#3007,#3015));
#2998 = ORIENTED_EDGE('',*,*,#2968,.T.);
#2999 = ORIENTED_EDGE('',*,*,#3000,.T.);
#3000 = EDGE_CURVE('',#2971,#3001,#3003,.T.);
#3001 = VERTEX_POINT('',#3002);
#3002 = CARTESIAN_POINT('',(2.1,-4.6,0.875));
#3003 = LINE('',#3004,#3005);
#3004 = CARTESIAN_POINT('',(1.95,-4.6,0.875));
#3005 = VECTOR('',#3006,1.);
#3006 = DIRECTION('',(1.,0.,0.));
#3007 = ORIENTED_EDGE('',*,*,#3008,.F.);
#3008 = EDGE_CURVE('',#3009,#3001,#3011,.T.);
#3009 = VERTEX_POINT('',#3010);
#3010 = CARTESIAN_POINT('',(2.1,-4.25,0.875));
#3011 = LINE('',#3012,#3013);
#3012 = CARTESIAN_POINT('',(2.1,-4.25,0.875));
#3013 = VECTOR('',#3014,1.);
#3014 = DIRECTION('',(-0.,-1.,3.3E-16));
#3015 = ORIENTED_EDGE('',*,*,#3016,.F.);
#3016 = EDGE_CURVE('',#2969,#3009,#3017,.T.);
#3017 = LINE('',#3018,#3019);
#3018 = CARTESIAN_POINT('',(1.95,-4.25,0.875));
#3019 = VECTOR('',#3020,1.);
#3020 = DIRECTION('',(1.,0.,0.));
#3021 = PLANE('',#3022);
#3022 = AXIS2_PLACEMENT_3D('',#3023,#3024,#3025);
#3023 = CARTESIAN_POINT('',(1.95,-4.25,0.875));
#3024 = DIRECTION('',(-0.,-3.3E-16,-1.));
#3025 = DIRECTION('',(-1.,0.,0.));
#3026 = ADVANCED_FACE('',(#3027),#3054,.T.);
#3027 = FACE_BOUND('',#3028,.T.);
#3028 = EDGE_LOOP('',(#3029,#3030,#3039,#3047));
#3029 = ORIENTED_EDGE('',*,*,#3008,.T.);
#3030 = ORIENTED_EDGE('',*,*,#3031,.T.);
#3031 = EDGE_CURVE('',#3001,#3032,#3034,.T.);
#3032 = VERTEX_POINT('',#3033);
#3033 = CARTESIAN_POINT('',(2.404266065791,-4.6,0.625797676838));
#3034 = CIRCLE('',#3035,0.310349507779);
#3035 = AXIS2_PLACEMENT_3D('',#3036,#3037,#3038);
#3036 = CARTESIAN_POINT('',(2.1,-4.6,0.564650492221));
#3037 = DIRECTION('',(0.,1.,-2.2E-16));
#3038 = DIRECTION('',(-1.,0.,0.));
#3039 = ORIENTED_EDGE('',*,*,#3040,.F.);
#3040 = EDGE_CURVE('',#3041,#3032,#3043,.T.);
#3041 = VERTEX_POINT('',#3042);
#3042 = CARTESIAN_POINT('',(2.404266065791,-4.25,0.625797676838));
#3043 = LINE('',#3044,#3045);
#3044 = CARTESIAN_POINT('',(2.404266065791,-4.25,0.625797676838));
#3045 = VECTOR('',#3046,1.);
#3046 = DIRECTION('',(-0.,-1.,3.3E-16));
#3047 = ORIENTED_EDGE('',*,*,#3048,.F.);
#3048 = EDGE_CURVE('',#3009,#3041,#3049,.T.);
#3049 = CIRCLE('',#3050,0.310349507779);
#3050 = AXIS2_PLACEMENT_3D('',#3051,#3052,#3053);
#3051 = CARTESIAN_POINT('',(2.1,-4.25,0.564650492221));
#3052 = DIRECTION('',(0.,1.,-2.2E-16));
#3053 = DIRECTION('',(-1.,0.,0.));
#3054 = CYLINDRICAL_SURFACE('',#3055,0.310349507779);
#3055 = AXIS2_PLACEMENT_3D('',#3056,#3057,#3058);
#3056 = CARTESIAN_POINT('',(2.1,-4.25,0.564650492221));
#3057 = DIRECTION('',(-0.,1.,-3.3E-16));
#3058 = DIRECTION('',(-1.,-0.,0.));
#3059 = ADVANCED_FACE('',(#3060),#3076,.T.);
#3060 = FACE_BOUND('',#3061,.F.);
#3061 = EDGE_LOOP('',(#3062,#3063,#3069,#3070));
#3062 = ORIENTED_EDGE('',*,*,#2724,.T.);
#3063 = ORIENTED_EDGE('',*,*,#3064,.T.);
#3064 = EDGE_CURVE('',#2716,#3032,#3065,.T.);
#3065 = LINE('',#3066,#3067);
#3066 = CARTESIAN_POINT('',(2.440826868813,-4.6,0.328033831346));
#3067 = VECTOR('',#3068,1.);
#3068 = DIRECTION('',(-0.121869343405,2.2E-16,0.992546151641));
#3069 = ORIENTED_EDGE('',*,*,#3040,.F.);
#3070 = ORIENTED_EDGE('',*,*,#3071,.F.);
#3071 = EDGE_CURVE('',#2725,#3041,#3072,.T.);
#3072 = LINE('',#3073,#3074);
#3073 = CARTESIAN_POINT('',(2.440826868813,-4.25,0.328033831346));
#3074 = VECTOR('',#3075,1.);
#3075 = DIRECTION('',(-0.121869343405,2.2E-16,0.992546151641));
#3076 = PLANE('',#3077);
#3077 = AXIS2_PLACEMENT_3D('',#3078,#3079,#3080);
#3078 = CARTESIAN_POINT('',(2.440826868813,-4.25,0.328033831346));
#3079 = DIRECTION('',(0.992546151641,4.E-17,0.121869343405));
#3080 = DIRECTION('',(0.121869343405,-3.3E-16,-0.992546151641));
#3081 = ADVANCED_FACE('',(#3082),#3096,.T.);
#3082 = FACE_BOUND('',#3083,.T.);
#3083 = EDGE_LOOP('',(#3084,#3085,#3086,#3087,#3088,#3089,#3090,#3091,
    #3092,#3093,#3094,#3095));
#3084 = ORIENTED_EDGE('',*,*,#2732,.F.);
#3085 = ORIENTED_EDGE('',*,*,#2764,.T.);
#3086 = ORIENTED_EDGE('',*,*,#2795,.T.);
#3087 = ORIENTED_EDGE('',*,*,#2826,.T.);
#3088 = ORIENTED_EDGE('',*,*,#2858,.T.);
#3089 = ORIENTED_EDGE('',*,*,#2890,.T.);
#3090 = ORIENTED_EDGE('',*,*,#2922,.F.);
#3091 = ORIENTED_EDGE('',*,*,#2954,.F.);
#3092 = ORIENTED_EDGE('',*,*,#2985,.F.);
#3093 = ORIENTED_EDGE('',*,*,#3016,.T.);
#3094 = ORIENTED_EDGE('',*,*,#3048,.T.);
#3095 = ORIENTED_EDGE('',*,*,#3071,.F.);
#3096 = PLANE('',#3097);
#3097 = AXIS2_PLACEMENT_3D('',#3098,#3099,#3100);
#3098 = CARTESIAN_POINT('',(2.436235547263,-4.25,0.383511578704));
#3099 = DIRECTION('',(0.,1.,-2.2E-16));
#3100 = DIRECTION('',(0.,-2.2E-16,-1.));
#3101 = ADVANCED_FACE('',(#3102),#3116,.F.);
#3102 = FACE_BOUND('',#3103,.F.);
#3103 = EDGE_LOOP('',(#3104,#3105,#3106,#3107,#3108,#3109,#3110,#3111,
    #3112,#3113,#3114,#3115));
#3104 = ORIENTED_EDGE('',*,*,#2715,.F.);
#3105 = ORIENTED_EDGE('',*,*,#2748,.T.);
#3106 = ORIENTED_EDGE('',*,*,#2779,.T.);
#3107 = ORIENTED_EDGE('',*,*,#2810,.T.);
#3108 = ORIENTED_EDGE('',*,*,#2841,.T.);
#3109 = ORIENTED_EDGE('',*,*,#2874,.T.);
#3110 = ORIENTED_EDGE('',*,*,#2914,.F.);
#3111 = ORIENTED_EDGE('',*,*,#2947,.F.);
#3112 = ORIENTED_EDGE('',*,*,#2978,.F.);
#3113 = ORIENTED_EDGE('',*,*,#3000,.T.);
#3114 = ORIENTED_EDGE('',*,*,#3031,.T.);
#3115 = ORIENTED_EDGE('',*,*,#3064,.F.);
#3116 = PLANE('',#3117);
#3117 = AXIS2_PLACEMENT_3D('',#3118,#3119,#3120);
#3118 = CARTESIAN_POINT('',(2.436235547263,-4.6,0.383511578704));
#3119 = DIRECTION('',(0.,1.,-2.2E-16));
#3120 = DIRECTION('',(0.,-2.2E-16,-1.));
#3121 = ( GEOMETRIC_REPRESENTATION_CONTEXT(3) 
GLOBAL_UNCERTAINTY_ASSIGNED_CONTEXT((#3125)) 
GLOBAL_UNIT_ASSIGNED_CONTEXT((#3122,#3123,#3124)) REPRESENTATION_CONTEXT
('Context #1','3D Context with UNIT and UNCERTAINTY') );
#3122 = ( LENGTH_UNIT() NAMED_UNIT(*) SI_UNIT(.MILLI.,.METRE.) );
#3123 = ( NAMED_UNIT(*) PLANE_ANGLE_UNIT() SI_UNIT($,.RADIAN.) );
#3124 = ( NAMED_UNIT(*) SI_UNIT($,.STERADIAN.) SOLID_ANGLE_UNIT() );
#3125 = UNCERTAINTY_MEASURE_WITH_UNIT(LENGTH_MEASURE(1.E-07),#3122,
  'distance_accuracy_value','confusion accuracy');
#3126 = CONTEXT_DEPENDENT_SHAPE_REPRESENTATION(#3127,#3129);
#3127 = ( REPRESENTATION_RELATIONSHIP('','',#2698,#1765) 
REPRESENTATION_RELATIONSHIP_WITH_TRANSFORMATION(#3128) 
SHAPE_REPRESENTATION_RELATIONSHIP() );
#3128 = ITEM_DEFINED_TRANSFORMATION('','',#11,#1774);
#3129 = PRODUCT_DEFINITION_SHAPE('Placement','Placement of an item',
  #3130);
#3130 = NEXT_ASSEMBLY_USAGE_OCCURRENCE('4','Pad001 (Mirror #1)002','',
  #1760,#2693,$);
#3131 = PRODUCT_RELATED_PRODUCT_CATEGORY('part',$,(#2695));
#3132 = SHAPE_DEFINITION_REPRESENTATION(#3133,#3139);
#3133 = PRODUCT_DEFINITION_SHAPE('','',#3134);
#3134 = PRODUCT_DEFINITION('design','',#3135,#3138);
#3135 = PRODUCT_DEFINITION_FORMATION('','',#3136);
#3136 = PRODUCT('Pad001 (Mirror #1)003','Pad001 (Mirror #1)003','',(
    #3137));
#3137 = PRODUCT_CONTEXT('',#2,'mechanical');
#3138 = PRODUCT_DEFINITION_CONTEXT('part definition',#2,'design');
#3139 = ADVANCED_BREP_SHAPE_REPRESENTATION('',(#11,#3140),#3562);
#3140 = MANIFOLD_SOLID_BREP('',#3141);
#3141 = CLOSED_SHELL('',(#3142,#3184,#3215,#3246,#3277,#3310,#3341,#3374
    ,#3405,#3436,#3467,#3500,#3522,#3542));
#3142 = ADVANCED_FACE('',(#3143),#3179,.F.);
#3143 = FACE_BOUND('',#3144,.F.);
#3144 = EDGE_LOOP('',(#3145,#3155,#3164,#3172));
#3145 = ORIENTED_EDGE('',*,*,#3146,.T.);
#3146 = EDGE_CURVE('',#3147,#3149,#3151,.T.);
#3147 = VERTEX_POINT('',#3148);
#3148 = CARTESIAN_POINT('',(2.55061670936,-4.25,0.223551180309));
#3149 = VERTEX_POINT('',#3150);
#3150 = CARTESIAN_POINT('',(2.55061670936,-4.6,0.223551180309));
#3151 = LINE('',#3152,#3153);
#3152 = CARTESIAN_POINT('',(2.55061670936,-4.25,0.223551180309));
#3153 = VECTOR('',#3154,1.);
#3154 = DIRECTION('',(-0.,-1.,3.3E-16));
#3155 = ORIENTED_EDGE('',*,*,#3156,.T.);
#3156 = EDGE_CURVE('',#3149,#3157,#3159,.T.);
#3157 = VERTEX_POINT('',#3158);
#3158 = CARTESIAN_POINT('',(2.440826868813,-4.6,0.328033831346));
#3159 = CIRCLE('',#3160,0.137039746262);
#3160 = AXIS2_PLACEMENT_3D('',#3161,#3162,#3163);
#3161 = CARTESIAN_POINT('',(2.574436,-4.6,0.358505));
#3162 = DIRECTION('',(0.,1.,-2.2E-16));
#3163 = DIRECTION('',(-1.,0.,0.));
#3164 = ORIENTED_EDGE('',*,*,#3165,.F.);
#3165 = EDGE_CURVE('',#3166,#3157,#3168,.T.);
#3166 = VERTEX_POINT('',#3167);
#3167 = CARTESIAN_POINT('',(2.440826868813,-4.25,0.328033831346));
#3168 = LINE('',#3169,#3170);
#3169 = CARTESIAN_POINT('',(2.440826868813,-4.25,0.328033831346));
#3170 = VECTOR('',#3171,1.);
#3171 = DIRECTION('',(-0.,-1.,3.3E-16));
#3172 = ORIENTED_EDGE('',*,*,#3173,.F.);
#3173 = EDGE_CURVE('',#3147,#3166,#3174,.T.);
#3174 = CIRCLE('',#3175,0.137039746262);
#3175 = AXIS2_PLACEMENT_3D('',#3176,#3177,#3178);
#3176 = CARTESIAN_POINT('',(2.574436,-4.25,0.358505));
#3177 = DIRECTION('',(0.,1.,-2.2E-16));
#3178 = DIRECTION('',(-1.,0.,0.));
#3179 = CYLINDRICAL_SURFACE('',#3180,0.137039746262);
#3180 = AXIS2_PLACEMENT_3D('',#3181,#3182,#3183);
#3181 = CARTESIAN_POINT('',(2.574436,-4.25,0.358505));
#3182 = DIRECTION('',(-0.,1.,-3.3E-16));
#3183 = DIRECTION('',(-1.,-0.,0.));
#3184 = ADVANCED_FACE('',(#3185),#3210,.F.);
#3185 = FACE_BOUND('',#3186,.T.);
#3186 = EDGE_LOOP('',(#3187,#3188,#3196,#3204));
#3187 = ORIENTED_EDGE('',*,*,#3146,.T.);
#3188 = ORIENTED_EDGE('',*,*,#3189,.T.);
#3189 = EDGE_CURVE('',#3149,#3190,#3192,.T.);
#3190 = VERTEX_POINT('',#3191);
#3191 = CARTESIAN_POINT('',(3.,-4.6,0.2));
#3192 = LINE('',#3193,#3194);
#3193 = CARTESIAN_POINT('',(2.55061670936,-4.6,0.223551180309));
#3194 = VECTOR('',#3195,1.);
#3195 = DIRECTION('',(0.998629534755,-1.E-17,-5.233595624292E-02));
#3196 = ORIENTED_EDGE('',*,*,#3197,.F.);
#3197 = EDGE_CURVE('',#3198,#3190,#3200,.T.);
#3198 = VERTEX_POINT('',#3199);
#3199 = CARTESIAN_POINT('',(3.,-4.25,0.2));
#3200 = LINE('',#3201,#3202);
#3201 = CARTESIAN_POINT('',(3.,-4.25,0.2));
#3202 = VECTOR('',#3203,1.);
#3203 = DIRECTION('',(-0.,-1.,3.3E-16));
#3204 = ORIENTED_EDGE('',*,*,#3205,.F.);
#3205 = EDGE_CURVE('',#3147,#3198,#3206,.T.);
#3206 = LINE('',#3207,#3208);
#3207 = CARTESIAN_POINT('',(2.55061670936,-4.25,0.223551180309));
#3208 = VECTOR('',#3209,1.);
#3209 = DIRECTION('',(0.998629534755,-1.E-17,-5.233595624292E-02));
#3210 = PLANE('',#3211);
#3211 = AXIS2_PLACEMENT_3D('',#3212,#3213,#3214);
#3212 = CARTESIAN_POINT('',(2.55061670936,-4.25,0.223551180309));
#3213 = DIRECTION('',(-5.233595624292E-02,-3.3E-16,-0.998629534755));
#3214 = DIRECTION('',(-0.998629534755,2.E-17,5.233595624292E-02));
#3215 = ADVANCED_FACE('',(#3216),#3241,.F.);
#3216 = FACE_BOUND('',#3217,.T.);
#3217 = EDGE_LOOP('',(#3218,#3219,#3227,#3235));
#3218 = ORIENTED_EDGE('',*,*,#3197,.T.);
#3219 = ORIENTED_EDGE('',*,*,#3220,.T.);
#3220 = EDGE_CURVE('',#3190,#3221,#3223,.T.);
#3221 = VERTEX_POINT('',#3222);
#3222 = CARTESIAN_POINT('',(3.,-4.6,2.E-15));
#3223 = LINE('',#3224,#3225);
#3224 = CARTESIAN_POINT('',(3.,-4.6,0.2));
#3225 = VECTOR('',#3226,1.);
#3226 = DIRECTION('',(-0.,-2.2E-16,-1.));
#3227 = ORIENTED_EDGE('',*,*,#3228,.F.);
#3228 = EDGE_CURVE('',#3229,#3221,#3231,.T.);
#3229 = VERTEX_POINT('',#3230);
#3230 = CARTESIAN_POINT('',(3.,-4.25,2.E-15));
#3231 = LINE('',#3232,#3233);
#3232 = CARTESIAN_POINT('',(3.,-4.25,9.4E-16));
#3233 = VECTOR('',#3234,1.);
#3234 = DIRECTION('',(-0.,-1.,3.3E-16));
#3235 = ORIENTED_EDGE('',*,*,#3236,.F.);
#3236 = EDGE_CURVE('',#3198,#3229,#3237,.T.);
#3237 = LINE('',#3238,#3239);
#3238 = CARTESIAN_POINT('',(3.,-4.25,0.2));
#3239 = VECTOR('',#3240,1.);
#3240 = DIRECTION('',(-0.,-2.2E-16,-1.));
#3241 = PLANE('',#3242);
#3242 = AXIS2_PLACEMENT_3D('',#3243,#3244,#3245);
#3243 = CARTESIAN_POINT('',(3.,-4.25,0.2));
#3244 = DIRECTION('',(-1.,-0.,-0.));
#3245 = DIRECTION('',(-0.,3.3E-16,1.));
#3246 = ADVANCED_FACE('',(#3247),#3272,.F.);
#3247 = FACE_BOUND('',#3248,.T.);
#3248 = EDGE_LOOP('',(#3249,#3250,#3258,#3266));
#3249 = ORIENTED_EDGE('',*,*,#3228,.T.);
#3250 = ORIENTED_EDGE('',*,*,#3251,.T.);
#3251 = EDGE_CURVE('',#3221,#3252,#3254,.T.);
#3252 = VERTEX_POINT('',#3253);
#3253 = CARTESIAN_POINT('',(2.500685232623,-4.6,2.616797812147E-02));
#3254 = LINE('',#3255,#3256);
#3255 = CARTESIAN_POINT('',(3.,-4.6,1.E-15));
#3256 = VECTOR('',#3257,1.);
#3257 = DIRECTION('',(-0.998629534755,1.E-17,5.233595624292E-02));
#3258 = ORIENTED_EDGE('',*,*,#3259,.F.);
#3259 = EDGE_CURVE('',#3260,#3252,#3262,.T.);
#3260 = VERTEX_POINT('',#3261);
#3261 = CARTESIAN_POINT('',(2.500685232623,-4.25,2.616797812147E-02));
#3262 = LINE('',#3263,#3264);
#3263 = CARTESIAN_POINT('',(2.500685232623,-4.25,2.616797812147E-02));
#3264 = VECTOR('',#3265,1.);
#3265 = DIRECTION('',(-0.,-1.,3.3E-16));
#3266 = ORIENTED_EDGE('',*,*,#3267,.F.);
#3267 = EDGE_CURVE('',#3229,#3260,#3268,.T.);
#3268 = LINE('',#3269,#3270);
#3269 = CARTESIAN_POINT('',(3.,-4.25,4.7E-16));
#3270 = VECTOR('',#3271,1.);
#3271 = DIRECTION('',(-0.998629534755,1.E-17,5.233595624292E-02));
#3272 = PLANE('',#3273);
#3273 = AXIS2_PLACEMENT_3D('',#3274,#3275,#3276);
#3274 = CARTESIAN_POINT('',(3.,-4.25,9.4E-16));
#3275 = DIRECTION('',(5.233595624292E-02,3.3E-16,0.998629534755));
#3276 = DIRECTION('',(0.998629534755,-2.E-17,-5.233595624292E-02));
#3277 = ADVANCED_FACE('',(#3278),#3305,.T.);
#3278 = FACE_BOUND('',#3279,.T.);
#3279 = EDGE_LOOP('',(#3280,#3281,#3290,#3298));
#3280 = ORIENTED_EDGE('',*,*,#3259,.T.);
#3281 = ORIENTED_EDGE('',*,*,#3282,.T.);
#3282 = EDGE_CURVE('',#3252,#3283,#3285,.T.);
#3283 = VERTEX_POINT('',#3284);
#3284 = CARTESIAN_POINT('',(2.25,-4.6,0.2410921491));
#3285 = CIRCLE('',#3286,0.268233064235);
#3286 = AXIS2_PLACEMENT_3D('',#3287,#3288,#3289);
#3287 = CARTESIAN_POINT('',(2.512939,-4.6,0.294121));
#3288 = DIRECTION('',(0.,1.,-2.2E-16));
#3289 = DIRECTION('',(-1.,0.,0.));
#3290 = ORIENTED_EDGE('',*,*,#3291,.F.);
#3291 = EDGE_CURVE('',#3292,#3283,#3294,.T.);
#3292 = VERTEX_POINT('',#3293);
#3293 = CARTESIAN_POINT('',(2.25,-4.25,0.2410921491));
#3294 = LINE('',#3295,#3296);
#3295 = CARTESIAN_POINT('',(2.25,-4.25,0.2410921491));
#3296 = VECTOR('',#3297,1.);
#3297 = DIRECTION('',(-0.,-1.,3.3E-16));
#3298 = ORIENTED_EDGE('',*,*,#3299,.F.);
#3299 = EDGE_CURVE('',#3260,#3292,#3300,.T.);
#3300 = CIRCLE('',#3301,0.268233064235);
#3301 = AXIS2_PLACEMENT_3D('',#3302,#3303,#3304);
#3302 = CARTESIAN_POINT('',(2.512939,-4.25,0.294121));
#3303 = DIRECTION('',(0.,1.,-2.2E-16));
#3304 = DIRECTION('',(-1.,0.,0.));
#3305 = CYLINDRICAL_SURFACE('',#3306,0.268233064235);
#3306 = AXIS2_PLACEMENT_3D('',#3307,#3308,#3309);
#3307 = CARTESIAN_POINT('',(2.512939,-4.25,0.294121));
#3308 = DIRECTION('',(-0.,1.,-3.3E-16));
#3309 = DIRECTION('',(-1.,-0.,0.));
#3310 = ADVANCED_FACE('',(#3311),#3336,.F.);
#3311 = FACE_BOUND('',#3312,.T.);
#3312 = EDGE_LOOP('',(#3313,#3314,#3322,#3330));
#3313 = ORIENTED_EDGE('',*,*,#3291,.T.);
#3314 = ORIENTED_EDGE('',*,*,#3315,.T.);
#3315 = EDGE_CURVE('',#3283,#3316,#3318,.T.);
#3316 = VERTEX_POINT('',#3317);
#3317 = CARTESIAN_POINT('',(2.213439196978,-4.6,0.538855994594));
#3318 = LINE('',#3319,#3320);
#3319 = CARTESIAN_POINT('',(2.25,-4.6,0.2410921491));
#3320 = VECTOR('',#3321,1.);
#3321 = DIRECTION('',(-0.121869343407,2.2E-16,0.992546151641));
#3322 = ORIENTED_EDGE('',*,*,#3323,.F.);
#3323 = EDGE_CURVE('',#3324,#3316,#3326,.T.);
#3324 = VERTEX_POINT('',#3325);
#3325 = CARTESIAN_POINT('',(2.213439196978,-4.25,0.538855994594));
#3326 = LINE('',#3327,#3328);
#3327 = CARTESIAN_POINT('',(2.213439196978,-4.25,0.538855994594));
#3328 = VECTOR('',#3329,1.);
#3329 = DIRECTION('',(-0.,-1.,3.3E-16));
#3330 = ORIENTED_EDGE('',*,*,#3331,.F.);
#3331 = EDGE_CURVE('',#3292,#3324,#3332,.T.);
#3332 = LINE('',#3333,#3334);
#3333 = CARTESIAN_POINT('',(2.25,-4.25,0.2410921491));
#3334 = VECTOR('',#3335,1.);
#3335 = DIRECTION('',(-0.121869343407,2.2E-16,0.992546151641));
#3336 = PLANE('',#3337);
#3337 = AXIS2_PLACEMENT_3D('',#3338,#3339,#3340);
#3338 = CARTESIAN_POINT('',(2.25,-4.25,0.2410921491));
#3339 = DIRECTION('',(0.992546151641,4.E-17,0.121869343407));
#3340 = DIRECTION('',(0.121869343407,-3.3E-16,-0.992546151641));
#3341 = ADVANCED_FACE('',(#3342),#3369,.F.);
#3342 = FACE_BOUND('',#3343,.F.);
#3343 = EDGE_LOOP('',(#3344,#3354,#3361,#3362));
#3344 = ORIENTED_EDGE('',*,*,#3345,.T.);
#3345 = EDGE_CURVE('',#3346,#3348,#3350,.T.);
#3346 = VERTEX_POINT('',#3347);
#3347 = CARTESIAN_POINT('',(2.050000000001,-4.25,0.674999999999));
#3348 = VERTEX_POINT('',#3349);
#3349 = CARTESIAN_POINT('',(2.050000000001,-4.6,0.674999999999));
#3350 = LINE('',#3351,#3352);
#3351 = CARTESIAN_POINT('',(2.050000000001,-4.25,0.674999999999));
#3352 = VECTOR('',#3353,1.);
#3353 = DIRECTION('',(-0.,-1.,3.3E-16));
#3354 = ORIENTED_EDGE('',*,*,#3355,.T.);
#3355 = EDGE_CURVE('',#3348,#3316,#3356,.T.);
#3356 = CIRCLE('',#3357,0.161896002983);
#3357 = AXIS2_PLACEMENT_3D('',#3358,#3359,#3360);
#3358 = CARTESIAN_POINT('',(2.053598,-4.6,0.513143983189));
#3359 = DIRECTION('',(0.,1.,-2.2E-16));
#3360 = DIRECTION('',(-1.,0.,0.));
#3361 = ORIENTED_EDGE('',*,*,#3323,.F.);
#3362 = ORIENTED_EDGE('',*,*,#3363,.F.);
#3363 = EDGE_CURVE('',#3346,#3324,#3364,.T.);
#3364 = CIRCLE('',#3365,0.161896002983);
#3365 = AXIS2_PLACEMENT_3D('',#3366,#3367,#3368);
#3366 = CARTESIAN_POINT('',(2.053598,-4.25,0.513143983189));
#3367 = DIRECTION('',(0.,1.,-2.2E-16));
#3368 = DIRECTION('',(-1.,0.,0.));
#3369 = CYLINDRICAL_SURFACE('',#3370,0.161896002983);
#3370 = AXIS2_PLACEMENT_3D('',#3371,#3372,#3373);
#3371 = CARTESIAN_POINT('',(2.053598,-4.25,0.513143983189));
#3372 = DIRECTION('',(-0.,1.,-3.3E-16));
#3373 = DIRECTION('',(-1.,-0.,0.));
#3374 = ADVANCED_FACE('',(#3375),#3400,.T.);
#3375 = FACE_BOUND('',#3376,.F.);
#3376 = EDGE_LOOP('',(#3377,#3387,#3393,#3394));
#3377 = ORIENTED_EDGE('',*,*,#3378,.T.);
#3378 = EDGE_CURVE('',#3379,#3381,#3383,.T.);
#3379 = VERTEX_POINT('',#3380);
#3380 = CARTESIAN_POINT('',(1.95,-4.25,0.674999999999));
#3381 = VERTEX_POINT('',#3382);
#3382 = CARTESIAN_POINT('',(1.95,-4.6,0.674999999999));
#3383 = LINE('',#3384,#3385);
#3384 = CARTESIAN_POINT('',(1.95,-4.25,0.674999999999));
#3385 = VECTOR('',#3386,1.);
#3386 = DIRECTION('',(-0.,-1.,3.3E-16));
#3387 = ORIENTED_EDGE('',*,*,#3388,.T.);
#3388 = EDGE_CURVE('',#3381,#3348,#3389,.T.);
#3389 = LINE('',#3390,#3391);
#3390 = CARTESIAN_POINT('',(1.95,-4.6,0.674999999999));
#3391 = VECTOR('',#3392,1.);
#3392 = DIRECTION('',(1.,0.,0.));
#3393 = ORIENTED_EDGE('',*,*,#3345,.F.);
#3394 = ORIENTED_EDGE('',*,*,#3395,.F.);
#3395 = EDGE_CURVE('',#3379,#3346,#3396,.T.);
#3396 = LINE('',#3397,#3398);
#3397 = CARTESIAN_POINT('',(1.95,-4.25,0.674999999999));
#3398 = VECTOR('',#3399,1.);
#3399 = DIRECTION('',(1.,0.,0.));
#3400 = PLANE('',#3401);
#3401 = AXIS2_PLACEMENT_3D('',#3402,#3403,#3404);
#3402 = CARTESIAN_POINT('',(1.95,-4.25,0.674999999999));
#3403 = DIRECTION('',(-0.,-3.3E-16,-1.));
#3404 = DIRECTION('',(-1.,0.,0.));
#3405 = ADVANCED_FACE('',(#3406),#3431,.T.);
#3406 = FACE_BOUND('',#3407,.F.);
#3407 = EDGE_LOOP('',(#3408,#3418,#3424,#3425));
#3408 = ORIENTED_EDGE('',*,*,#3409,.T.);
#3409 = EDGE_CURVE('',#3410,#3412,#3414,.T.);
#3410 = VERTEX_POINT('',#3411);
#3411 = CARTESIAN_POINT('',(1.95,-4.25,0.875));
#3412 = VERTEX_POINT('',#3413);
#3413 = CARTESIAN_POINT('',(1.95,-4.6,0.875));
#3414 = LINE('',#3415,#3416);
#3415 = CARTESIAN_POINT('',(1.95,-4.25,0.875));
#3416 = VECTOR('',#3417,1.);
#3417 = DIRECTION('',(-0.,-1.,3.3E-16));
#3418 = ORIENTED_EDGE('',*,*,#3419,.T.);
#3419 = EDGE_CURVE('',#3412,#3381,#3420,.T.);
#3420 = LINE('',#3421,#3422);
#3421 = CARTESIAN_POINT('',(1.95,-4.6,0.875));
#3422 = VECTOR('',#3423,1.);
#3423 = DIRECTION('',(-0.,-2.2E-16,-1.));
#3424 = ORIENTED_EDGE('',*,*,#3378,.F.);
#3425 = ORIENTED_EDGE('',*,*,#3426,.F.);
#3426 = EDGE_CURVE('',#3410,#3379,#3427,.T.);
#3427 = LINE('',#3428,#3429);
#3428 = CARTESIAN_POINT('',(1.95,-4.25,0.875));
#3429 = VECTOR('',#3430,1.);
#3430 = DIRECTION('',(-0.,-2.2E-16,-1.));
#3431 = PLANE('',#3432);
#3432 = AXIS2_PLACEMENT_3D('',#3433,#3434,#3435);
#3433 = CARTESIAN_POINT('',(1.95,-4.25,0.875));
#3434 = DIRECTION('',(-1.,-0.,-0.));
#3435 = DIRECTION('',(-0.,3.3E-16,1.));
#3436 = ADVANCED_FACE('',(#3437),#3462,.F.);
#3437 = FACE_BOUND('',#3438,.T.);
#3438 = EDGE_LOOP('',(#3439,#3440,#3448,#3456));
#3439 = ORIENTED_EDGE('',*,*,#3409,.T.);
#3440 = ORIENTED_EDGE('',*,*,#3441,.T.);
#3441 = EDGE_CURVE('',#3412,#3442,#3444,.T.);
#3442 = VERTEX_POINT('',#3443);
#3443 = CARTESIAN_POINT('',(2.1,-4.6,0.875));
#3444 = LINE('',#3445,#3446);
#3445 = CARTESIAN_POINT('',(1.95,-4.6,0.875));
#3446 = VECTOR('',#3447,1.);
#3447 = DIRECTION('',(1.,0.,0.));
#3448 = ORIENTED_EDGE('',*,*,#3449,.F.);
#3449 = EDGE_CURVE('',#3450,#3442,#3452,.T.);
#3450 = VERTEX_POINT('',#3451);
#3451 = CARTESIAN_POINT('',(2.1,-4.25,0.875));
#3452 = LINE('',#3453,#3454);
#3453 = CARTESIAN_POINT('',(2.1,-4.25,0.875));
#3454 = VECTOR('',#3455,1.);
#3455 = DIRECTION('',(-0.,-1.,3.3E-16));
#3456 = ORIENTED_EDGE('',*,*,#3457,.F.);
#3457 = EDGE_CURVE('',#3410,#3450,#3458,.T.);
#3458 = LINE('',#3459,#3460);
#3459 = CARTESIAN_POINT('',(1.95,-4.25,0.875));
#3460 = VECTOR('',#3461,1.);
#3461 = DIRECTION('',(1.,0.,0.));
#3462 = PLANE('',#3463);
#3463 = AXIS2_PLACEMENT_3D('',#3464,#3465,#3466);
#3464 = CARTESIAN_POINT('',(1.95,-4.25,0.875));
#3465 = DIRECTION('',(-0.,-3.3E-16,-1.));
#3466 = DIRECTION('',(-1.,0.,0.));
#3467 = ADVANCED_FACE('',(#3468),#3495,.T.);
#3468 = FACE_BOUND('',#3469,.T.);
#3469 = EDGE_LOOP('',(#3470,#3471,#3480,#3488));
#3470 = ORIENTED_EDGE('',*,*,#3449,.T.);
#3471 = ORIENTED_EDGE('',*,*,#3472,.T.);
#3472 = EDGE_CURVE('',#3442,#3473,#3475,.T.);
#3473 = VERTEX_POINT('',#3474);
#3474 = CARTESIAN_POINT('',(2.404266065791,-4.6,0.625797676838));
#3475 = CIRCLE('',#3476,0.310349507779);
#3476 = AXIS2_PLACEMENT_3D('',#3477,#3478,#3479);
#3477 = CARTESIAN_POINT('',(2.1,-4.6,0.564650492221));
#3478 = DIRECTION('',(0.,1.,-2.2E-16));
#3479 = DIRECTION('',(-1.,0.,0.));
#3480 = ORIENTED_EDGE('',*,*,#3481,.F.);
#3481 = EDGE_CURVE('',#3482,#3473,#3484,.T.);
#3482 = VERTEX_POINT('',#3483);
#3483 = CARTESIAN_POINT('',(2.404266065791,-4.25,0.625797676838));
#3484 = LINE('',#3485,#3486);
#3485 = CARTESIAN_POINT('',(2.404266065791,-4.25,0.625797676838));
#3486 = VECTOR('',#3487,1.);
#3487 = DIRECTION('',(-0.,-1.,3.3E-16));
#3488 = ORIENTED_EDGE('',*,*,#3489,.F.);
#3489 = EDGE_CURVE('',#3450,#3482,#3490,.T.);
#3490 = CIRCLE('',#3491,0.310349507779);
#3491 = AXIS2_PLACEMENT_3D('',#3492,#3493,#3494);
#3492 = CARTESIAN_POINT('',(2.1,-4.25,0.564650492221));
#3493 = DIRECTION('',(0.,1.,-2.2E-16));
#3494 = DIRECTION('',(-1.,0.,0.));
#3495 = CYLINDRICAL_SURFACE('',#3496,0.310349507779);
#3496 = AXIS2_PLACEMENT_3D('',#3497,#3498,#3499);
#3497 = CARTESIAN_POINT('',(2.1,-4.25,0.564650492221));
#3498 = DIRECTION('',(-0.,1.,-3.3E-16));
#3499 = DIRECTION('',(-1.,-0.,0.));
#3500 = ADVANCED_FACE('',(#3501),#3517,.T.);
#3501 = FACE_BOUND('',#3502,.F.);
#3502 = EDGE_LOOP('',(#3503,#3504,#3510,#3511));
#3503 = ORIENTED_EDGE('',*,*,#3165,.T.);
#3504 = ORIENTED_EDGE('',*,*,#3505,.T.);
#3505 = EDGE_CURVE('',#3157,#3473,#3506,.T.);
#3506 = LINE('',#3507,#3508);
#3507 = CARTESIAN_POINT('',(2.440826868813,-4.6,0.328033831346));
#3508 = VECTOR('',#3509,1.);
#3509 = DIRECTION('',(-0.121869343405,2.2E-16,0.992546151641));
#3510 = ORIENTED_EDGE('',*,*,#3481,.F.);
#3511 = ORIENTED_EDGE('',*,*,#3512,.F.);
#3512 = EDGE_CURVE('',#3166,#3482,#3513,.T.);
#3513 = LINE('',#3514,#3515);
#3514 = CARTESIAN_POINT('',(2.440826868813,-4.25,0.328033831346));
#3515 = VECTOR('',#3516,1.);
#3516 = DIRECTION('',(-0.121869343405,2.2E-16,0.992546151641));
#3517 = PLANE('',#3518);
#3518 = AXIS2_PLACEMENT_3D('',#3519,#3520,#3521);
#3519 = CARTESIAN_POINT('',(2.440826868813,-4.25,0.328033831346));
#3520 = DIRECTION('',(0.992546151641,4.E-17,0.121869343405));
#3521 = DIRECTION('',(0.121869343405,-3.3E-16,-0.992546151641));
#3522 = ADVANCED_FACE('',(#3523),#3537,.T.);
#3523 = FACE_BOUND('',#3524,.T.);
#3524 = EDGE_LOOP('',(#3525,#3526,#3527,#3528,#3529,#3530,#3531,#3532,
    #3533,#3534,#3535,#3536));
#3525 = ORIENTED_EDGE('',*,*,#3173,.F.);
#3526 = ORIENTED_EDGE('',*,*,#3205,.T.);
#3527 = ORIENTED_EDGE('',*,*,#3236,.T.);
#3528 = ORIENTED_EDGE('',*,*,#3267,.T.);
#3529 = ORIENTED_EDGE('',*,*,#3299,.T.);
#3530 = ORIENTED_EDGE('',*,*,#3331,.T.);
#3531 = ORIENTED_EDGE('',*,*,#3363,.F.);
#3532 = ORIENTED_EDGE('',*,*,#3395,.F.);
#3533 = ORIENTED_EDGE('',*,*,#3426,.F.);
#3534 = ORIENTED_EDGE('',*,*,#3457,.T.);
#3535 = ORIENTED_EDGE('',*,*,#3489,.T.);
#3536 = ORIENTED_EDGE('',*,*,#3512,.F.);
#3537 = PLANE('',#3538);
#3538 = AXIS2_PLACEMENT_3D('',#3539,#3540,#3541);
#3539 = CARTESIAN_POINT('',(2.436235547263,-4.25,0.383511578704));
#3540 = DIRECTION('',(0.,1.,-2.2E-16));
#3541 = DIRECTION('',(0.,-2.2E-16,-1.));
#3542 = ADVANCED_FACE('',(#3543),#3557,.F.);
#3543 = FACE_BOUND('',#3544,.F.);
#3544 = EDGE_LOOP('',(#3545,#3546,#3547,#3548,#3549,#3550,#3551,#3552,
    #3553,#3554,#3555,#3556));
#3545 = ORIENTED_EDGE('',*,*,#3156,.F.);
#3546 = ORIENTED_EDGE('',*,*,#3189,.T.);
#3547 = ORIENTED_EDGE('',*,*,#3220,.T.);
#3548 = ORIENTED_EDGE('',*,*,#3251,.T.);
#3549 = ORIENTED_EDGE('',*,*,#3282,.T.);
#3550 = ORIENTED_EDGE('',*,*,#3315,.T.);
#3551 = ORIENTED_EDGE('',*,*,#3355,.F.);
#3552 = ORIENTED_EDGE('',*,*,#3388,.F.);
#3553 = ORIENTED_EDGE('',*,*,#3419,.F.);
#3554 = ORIENTED_EDGE('',*,*,#3441,.T.);
#3555 = ORIENTED_EDGE('',*,*,#3472,.T.);
#3556 = ORIENTED_EDGE('',*,*,#3505,.F.);
#3557 = PLANE('',#3558);
#3558 = AXIS2_PLACEMENT_3D('',#3559,#3560,#3561);
#3559 = CARTESIAN_POINT('',(2.436235547263,-4.6,0.383511578704));
#3560 = DIRECTION('',(0.,1.,-2.2E-16));
#3561 = DIRECTION('',(0.,-2.2E-16,-1.));
#3562 = ( GEOMETRIC_REPRESENTATION_CONTEXT(3) 
GLOBAL_UNCERTAINTY_ASSIGNED_CONTEXT((#3566)) 
GLOBAL_UNIT_ASSIGNED_CONTEXT((#3563,#3564,#3565)) REPRESENTATION_CONTEXT
('Context #1','3D Context with UNIT and UNCERTAINTY') );
#3563 = ( LENGTH_UNIT() NAMED_UNIT(*) SI_UNIT(.MILLI.,.METRE.) );
#3564 = ( NAMED_UNIT(*) PLANE_ANGLE_UNIT() SI_UNIT($,.RADIAN.) );
#3565 = ( NAMED_UNIT(*) SI_UNIT($,.STERADIAN.) SOLID_ANGLE_UNIT() );
#3566 = UNCERTAINTY_MEASURE_WITH_UNIT(LENGTH_MEASURE(1.E-07),#3563,
  'distance_accuracy_value','confusion accuracy');
#3567 = CONTEXT_DEPENDENT_SHAPE_REPRESENTATION(#3568,#3570);
#3568 = ( REPRESENTATION_RELATIONSHIP('','',#3139,#1765) 
REPRESENTATION_RELATIONSHIP_WITH_TRANSFORMATION(#3569) 
SHAPE_REPRESENTATION_RELATIONSHIP() );
#3569 = ITEM_DEFINED_TRANSFORMATION('','',#11,#1778);
#3570 = PRODUCT_DEFINITION_SHAPE('Placement','Placement of an item',
  #3571);
#3571 = NEXT_ASSEMBLY_USAGE_OCCURRENCE('5','Pad001 (Mirror #1)003','',
  #1760,#3134,$);
#3572 = PRODUCT_RELATED_PRODUCT_CATEGORY('part',$,(#3136));
#3573 = SHAPE_DEFINITION_REPRESENTATION(#3574,#3580);
#3574 = PRODUCT_DEFINITION_SHAPE('','',#3575);
#3575 = PRODUCT_DEFINITION('design','',#3576,#3579);
#3576 = PRODUCT_DEFINITION_FORMATION('','',#3577);
#3577 = PRODUCT('Pad001 (Mirror #1)004','Pad001 (Mirror #1)004','',(
    #3578));
#3578 = PRODUCT_CONTEXT('',#2,'mechanical');
#3579 = PRODUCT_DEFINITION_CONTEXT('part definition',#2,'design');
#3580 = ADVANCED_BREP_SHAPE_REPRESENTATION('',(#11,#3581),#4003);
#3581 = MANIFOLD_SOLID_BREP('',#3582);
#3582 = CLOSED_SHELL('',(#3583,#3625,#3656,#3687,#3718,#3751,#3782,#3815
    ,#3846,#3877,#3908,#3941,#3963,#3983));
#3583 = ADVANCED_FACE('',(#3584),#3620,.F.);
#3584 = FACE_BOUND('',#3585,.F.);
#3585 = EDGE_LOOP('',(#3586,#3596,#3605,#3613));
#3586 = ORIENTED_EDGE('',*,*,#3587,.T.);
#3587 = EDGE_CURVE('',#3588,#3590,#3592,.T.);
#3588 = VERTEX_POINT('',#3589);
#3589 = CARTESIAN_POINT('',(2.55061670936,-4.25,0.223551180309));
#3590 = VERTEX_POINT('',#3591);
#3591 = CARTESIAN_POINT('',(2.55061670936,-4.6,0.223551180309));
#3592 = LINE('',#3593,#3594);
#3593 = CARTESIAN_POINT('',(2.55061670936,-4.25,0.223551180309));
#3594 = VECTOR('',#3595,1.);
#3595 = DIRECTION('',(-0.,-1.,3.3E-16));
#3596 = ORIENTED_EDGE('',*,*,#3597,.T.);
#3597 = EDGE_CURVE('',#3590,#3598,#3600,.T.);
#3598 = VERTEX_POINT('',#3599);
#3599 = CARTESIAN_POINT('',(2.440826868813,-4.6,0.328033831346));
#3600 = CIRCLE('',#3601,0.137039746262);
#3601 = AXIS2_PLACEMENT_3D('',#3602,#3603,#3604);
#3602 = CARTESIAN_POINT('',(2.574436,-4.6,0.358505));
#3603 = DIRECTION('',(0.,1.,-2.2E-16));
#3604 = DIRECTION('',(-1.,0.,0.));
#3605 = ORIENTED_EDGE('',*,*,#3606,.F.);
#3606 = EDGE_CURVE('',#3607,#3598,#3609,.T.);
#3607 = VERTEX_POINT('',#3608);
#3608 = CARTESIAN_POINT('',(2.440826868813,-4.25,0.328033831346));
#3609 = LINE('',#3610,#3611);
#3610 = CARTESIAN_POINT('',(2.440826868813,-4.25,0.328033831346));
#3611 = VECTOR('',#3612,1.);
#3612 = DIRECTION('',(-0.,-1.,3.3E-16));
#3613 = ORIENTED_EDGE('',*,*,#3614,.F.);
#3614 = EDGE_CURVE('',#3588,#3607,#3615,.T.);
#3615 = CIRCLE('',#3616,0.137039746262);
#3616 = AXIS2_PLACEMENT_3D('',#3617,#3618,#3619);
#3617 = CARTESIAN_POINT('',(2.574436,-4.25,0.358505));
#3618 = DIRECTION('',(0.,1.,-2.2E-16));
#3619 = DIRECTION('',(-1.,0.,0.));
#3620 = CYLINDRICAL_SURFACE('',#3621,0.137039746262);
#3621 = AXIS2_PLACEMENT_3D('',#3622,#3623,#3624);
#3622 = CARTESIAN_POINT('',(2.574436,-4.25,0.358505));
#3623 = DIRECTION('',(-0.,1.,-3.3E-16));
#3624 = DIRECTION('',(-1.,-0.,0.));
#3625 = ADVANCED_FACE('',(#3626),#3651,.F.);
#3626 = FACE_BOUND('',#3627,.T.);
#3627 = EDGE_LOOP('',(#3628,#3629,#3637,#3645));
#3628 = ORIENTED_EDGE('',*,*,#3587,.T.);
#3629 = ORIENTED_EDGE('',*,*,#3630,.T.);
#3630 = EDGE_CURVE('',#3590,#3631,#3633,.T.);
#3631 = VERTEX_POINT('',#3632);
#3632 = CARTESIAN_POINT('',(3.,-4.6,0.2));
#3633 = LINE('',#3634,#3635);
#3634 = CARTESIAN_POINT('',(2.55061670936,-4.6,0.223551180309));
#3635 = VECTOR('',#3636,1.);
#3636 = DIRECTION('',(0.998629534755,-1.E-17,-5.233595624292E-02));
#3637 = ORIENTED_EDGE('',*,*,#3638,.F.);
#3638 = EDGE_CURVE('',#3639,#3631,#3641,.T.);
#3639 = VERTEX_POINT('',#3640);
#3640 = CARTESIAN_POINT('',(3.,-4.25,0.2));
#3641 = LINE('',#3642,#3643);
#3642 = CARTESIAN_POINT('',(3.,-4.25,0.2));
#3643 = VECTOR('',#3644,1.);
#3644 = DIRECTION('',(-0.,-1.,3.3E-16));
#3645 = ORIENTED_EDGE('',*,*,#3646,.F.);
#3646 = EDGE_CURVE('',#3588,#3639,#3647,.T.);
#3647 = LINE('',#3648,#3649);
#3648 = CARTESIAN_POINT('',(2.55061670936,-4.25,0.223551180309));
#3649 = VECTOR('',#3650,1.);
#3650 = DIRECTION('',(0.998629534755,-1.E-17,-5.233595624292E-02));
#3651 = PLANE('',#3652);
#3652 = AXIS2_PLACEMENT_3D('',#3653,#3654,#3655);
#3653 = CARTESIAN_POINT('',(2.55061670936,-4.25,0.223551180309));
#3654 = DIRECTION('',(-5.233595624292E-02,-3.3E-16,-0.998629534755));
#3655 = DIRECTION('',(-0.998629534755,2.E-17,5.233595624292E-02));
#3656 = ADVANCED_FACE('',(#3657),#3682,.F.);
#3657 = FACE_BOUND('',#3658,.T.);
#3658 = EDGE_LOOP('',(#3659,#3660,#3668,#3676));
#3659 = ORIENTED_EDGE('',*,*,#3638,.T.);
#3660 = ORIENTED_EDGE('',*,*,#3661,.T.);
#3661 = EDGE_CURVE('',#3631,#3662,#3664,.T.);
#3662 = VERTEX_POINT('',#3663);
#3663 = CARTESIAN_POINT('',(3.,-4.6,2.E-15));
#3664 = LINE('',#3665,#3666);
#3665 = CARTESIAN_POINT('',(3.,-4.6,0.2));
#3666 = VECTOR('',#3667,1.);
#3667 = DIRECTION('',(-0.,-2.2E-16,-1.));
#3668 = ORIENTED_EDGE('',*,*,#3669,.F.);
#3669 = EDGE_CURVE('',#3670,#3662,#3672,.T.);
#3670 = VERTEX_POINT('',#3671);
#3671 = CARTESIAN_POINT('',(3.,-4.25,2.E-15));
#3672 = LINE('',#3673,#3674);
#3673 = CARTESIAN_POINT('',(3.,-4.25,9.4E-16));
#3674 = VECTOR('',#3675,1.);
#3675 = DIRECTION('',(-0.,-1.,3.3E-16));
#3676 = ORIENTED_EDGE('',*,*,#3677,.F.);
#3677 = EDGE_CURVE('',#3639,#3670,#3678,.T.);
#3678 = LINE('',#3679,#3680);
#3679 = CARTESIAN_POINT('',(3.,-4.25,0.2));
#3680 = VECTOR('',#3681,1.);
#3681 = DIRECTION('',(-0.,-2.2E-16,-1.));
#3682 = PLANE('',#3683);
#3683 = AXIS2_PLACEMENT_3D('',#3684,#3685,#3686);
#3684 = CARTESIAN_POINT('',(3.,-4.25,0.2));
#3685 = DIRECTION('',(-1.,-0.,-0.));
#3686 = DIRECTION('',(-0.,3.3E-16,1.));
#3687 = ADVANCED_FACE('',(#3688),#3713,.F.);
#3688 = FACE_BOUND('',#3689,.T.);
#3689 = EDGE_LOOP('',(#3690,#3691,#3699,#3707));
#3690 = ORIENTED_EDGE('',*,*,#3669,.T.);
#3691 = ORIENTED_EDGE('',*,*,#3692,.T.);
#3692 = EDGE_CURVE('',#3662,#3693,#3695,.T.);
#3693 = VERTEX_POINT('',#3694);
#3694 = CARTESIAN_POINT('',(2.500685232623,-4.6,2.616797812147E-02));
#3695 = LINE('',#3696,#3697);
#3696 = CARTESIAN_POINT('',(3.,-4.6,1.E-15));
#3697 = VECTOR('',#3698,1.);
#3698 = DIRECTION('',(-0.998629534755,1.E-17,5.233595624292E-02));
#3699 = ORIENTED_EDGE('',*,*,#3700,.F.);
#3700 = EDGE_CURVE('',#3701,#3693,#3703,.T.);
#3701 = VERTEX_POINT('',#3702);
#3702 = CARTESIAN_POINT('',(2.500685232623,-4.25,2.616797812147E-02));
#3703 = LINE('',#3704,#3705);
#3704 = CARTESIAN_POINT('',(2.500685232623,-4.25,2.616797812147E-02));
#3705 = VECTOR('',#3706,1.);
#3706 = DIRECTION('',(-0.,-1.,3.3E-16));
#3707 = ORIENTED_EDGE('',*,*,#3708,.F.);
#3708 = EDGE_CURVE('',#3670,#3701,#3709,.T.);
#3709 = LINE('',#3710,#3711);
#3710 = CARTESIAN_POINT('',(3.,-4.25,4.7E-16));
#3711 = VECTOR('',#3712,1.);
#3712 = DIRECTION('',(-0.998629534755,1.E-17,5.233595624292E-02));
#3713 = PLANE('',#3714);
#3714 = AXIS2_PLACEMENT_3D('',#3715,#3716,#3717);
#3715 = CARTESIAN_POINT('',(3.,-4.25,9.4E-16));
#3716 = DIRECTION('',(5.233595624292E-02,3.3E-16,0.998629534755));
#3717 = DIRECTION('',(0.998629534755,-2.E-17,-5.233595624292E-02));
#3718 = ADVANCED_FACE('',(#3719),#3746,.T.);
#3719 = FACE_BOUND('',#3720,.T.);
#3720 = EDGE_LOOP('',(#3721,#3722,#3731,#3739));
#3721 = ORIENTED_EDGE('',*,*,#3700,.T.);
#3722 = ORIENTED_EDGE('',*,*,#3723,.T.);
#3723 = EDGE_CURVE('',#3693,#3724,#3726,.T.);
#3724 = VERTEX_POINT('',#3725);
#3725 = CARTESIAN_POINT('',(2.25,-4.6,0.2410921491));
#3726 = CIRCLE('',#3727,0.268233064235);
#3727 = AXIS2_PLACEMENT_3D('',#3728,#3729,#3730);
#3728 = CARTESIAN_POINT('',(2.512939,-4.6,0.294121));
#3729 = DIRECTION('',(0.,1.,-2.2E-16));
#3730 = DIRECTION('',(-1.,0.,0.));
#3731 = ORIENTED_EDGE('',*,*,#3732,.F.);
#3732 = EDGE_CURVE('',#3733,#3724,#3735,.T.);
#3733 = VERTEX_POINT('',#3734);
#3734 = CARTESIAN_POINT('',(2.25,-4.25,0.2410921491));
#3735 = LINE('',#3736,#3737);
#3736 = CARTESIAN_POINT('',(2.25,-4.25,0.2410921491));
#3737 = VECTOR('',#3738,1.);
#3738 = DIRECTION('',(-0.,-1.,3.3E-16));
#3739 = ORIENTED_EDGE('',*,*,#3740,.F.);
#3740 = EDGE_CURVE('',#3701,#3733,#3741,.T.);
#3741 = CIRCLE('',#3742,0.268233064235);
#3742 = AXIS2_PLACEMENT_3D('',#3743,#3744,#3745);
#3743 = CARTESIAN_POINT('',(2.512939,-4.25,0.294121));
#3744 = DIRECTION('',(0.,1.,-2.2E-16));
#3745 = DIRECTION('',(-1.,0.,0.));
#3746 = CYLINDRICAL_SURFACE('',#3747,0.268233064235);
#3747 = AXIS2_PLACEMENT_3D('',#3748,#3749,#3750);
#3748 = CARTESIAN_POINT('',(2.512939,-4.25,0.294121));
#3749 = DIRECTION('',(-0.,1.,-3.3E-16));
#3750 = DIRECTION('',(-1.,-0.,0.));
#3751 = ADVANCED_FACE('',(#3752),#3777,.F.);
#3752 = FACE_BOUND('',#3753,.T.);
#3753 = EDGE_LOOP('',(#3754,#3755,#3763,#3771));
#3754 = ORIENTED_EDGE('',*,*,#3732,.T.);
#3755 = ORIENTED_EDGE('',*,*,#3756,.T.);
#3756 = EDGE_CURVE('',#3724,#3757,#3759,.T.);
#3757 = VERTEX_POINT('',#3758);
#3758 = CARTESIAN_POINT('',(2.213439196978,-4.6,0.538855994594));
#3759 = LINE('',#3760,#3761);
#3760 = CARTESIAN_POINT('',(2.25,-4.6,0.2410921491));
#3761 = VECTOR('',#3762,1.);
#3762 = DIRECTION('',(-0.121869343407,2.2E-16,0.992546151641));
#3763 = ORIENTED_EDGE('',*,*,#3764,.F.);
#3764 = EDGE_CURVE('',#3765,#3757,#3767,.T.);
#3765 = VERTEX_POINT('',#3766);
#3766 = CARTESIAN_POINT('',(2.213439196978,-4.25,0.538855994594));
#3767 = LINE('',#3768,#3769);
#3768 = CARTESIAN_POINT('',(2.213439196978,-4.25,0.538855994594));
#3769 = VECTOR('',#3770,1.);
#3770 = DIRECTION('',(-0.,-1.,3.3E-16));
#3771 = ORIENTED_EDGE('',*,*,#3772,.F.);
#3772 = EDGE_CURVE('',#3733,#3765,#3773,.T.);
#3773 = LINE('',#3774,#3775);
#3774 = CARTESIAN_POINT('',(2.25,-4.25,0.2410921491));
#3775 = VECTOR('',#3776,1.);
#3776 = DIRECTION('',(-0.121869343407,2.2E-16,0.992546151641));
#3777 = PLANE('',#3778);
#3778 = AXIS2_PLACEMENT_3D('',#3779,#3780,#3781);
#3779 = CARTESIAN_POINT('',(2.25,-4.25,0.2410921491));
#3780 = DIRECTION('',(0.992546151641,4.E-17,0.121869343407));
#3781 = DIRECTION('',(0.121869343407,-3.3E-16,-0.992546151641));
#3782 = ADVANCED_FACE('',(#3783),#3810,.F.);
#3783 = FACE_BOUND('',#3784,.F.);
#3784 = EDGE_LOOP('',(#3785,#3795,#3802,#3803));
#3785 = ORIENTED_EDGE('',*,*,#3786,.T.);
#3786 = EDGE_CURVE('',#3787,#3789,#3791,.T.);
#3787 = VERTEX_POINT('',#3788);
#3788 = CARTESIAN_POINT('',(2.050000000001,-4.25,0.674999999999));
#3789 = VERTEX_POINT('',#3790);
#3790 = CARTESIAN_POINT('',(2.050000000001,-4.6,0.674999999999));
#3791 = LINE('',#3792,#3793);
#3792 = CARTESIAN_POINT('',(2.050000000001,-4.25,0.674999999999));
#3793 = VECTOR('',#3794,1.);
#3794 = DIRECTION('',(-0.,-1.,3.3E-16));
#3795 = ORIENTED_EDGE('',*,*,#3796,.T.);
#3796 = EDGE_CURVE('',#3789,#3757,#3797,.T.);
#3797 = CIRCLE('',#3798,0.161896002983);
#3798 = AXIS2_PLACEMENT_3D('',#3799,#3800,#3801);
#3799 = CARTESIAN_POINT('',(2.053598,-4.6,0.513143983189));
#3800 = DIRECTION('',(0.,1.,-2.2E-16));
#3801 = DIRECTION('',(-1.,0.,0.));
#3802 = ORIENTED_EDGE('',*,*,#3764,.F.);
#3803 = ORIENTED_EDGE('',*,*,#3804,.F.);
#3804 = EDGE_CURVE('',#3787,#3765,#3805,.T.);
#3805 = CIRCLE('',#3806,0.161896002983);
#3806 = AXIS2_PLACEMENT_3D('',#3807,#3808,#3809);
#3807 = CARTESIAN_POINT('',(2.053598,-4.25,0.513143983189));
#3808 = DIRECTION('',(0.,1.,-2.2E-16));
#3809 = DIRECTION('',(-1.,0.,0.));
#3810 = CYLINDRICAL_SURFACE('',#3811,0.161896002983);
#3811 = AXIS2_PLACEMENT_3D('',#3812,#3813,#3814);
#3812 = CARTESIAN_POINT('',(2.053598,-4.25,0.513143983189));
#3813 = DIRECTION('',(-0.,1.,-3.3E-16));
#3814 = DIRECTION('',(-1.,-0.,0.));
#3815 = ADVANCED_FACE('',(#3816),#3841,.T.);
#3816 = FACE_BOUND('',#3817,.F.);
#3817 = EDGE_LOOP('',(#3818,#3828,#3834,#3835));
#3818 = ORIENTED_EDGE('',*,*,#3819,.T.);
#3819 = EDGE_CURVE('',#3820,#3822,#3824,.T.);
#3820 = VERTEX_POINT('',#3821);
#3821 = CARTESIAN_POINT('',(1.95,-4.25,0.674999999999));
#3822 = VERTEX_POINT('',#3823);
#3823 = CARTESIAN_POINT('',(1.95,-4.6,0.674999999999));
#3824 = LINE('',#3825,#3826);
#3825 = CARTESIAN_POINT('',(1.95,-4.25,0.674999999999));
#3826 = VECTOR('',#3827,1.);
#3827 = DIRECTION('',(-0.,-1.,3.3E-16));
#3828 = ORIENTED_EDGE('',*,*,#3829,.T.);
#3829 = EDGE_CURVE('',#3822,#3789,#3830,.T.);
#3830 = LINE('',#3831,#3832);
#3831 = CARTESIAN_POINT('',(1.95,-4.6,0.674999999999));
#3832 = VECTOR('',#3833,1.);
#3833 = DIRECTION('',(1.,0.,0.));
#3834 = ORIENTED_EDGE('',*,*,#3786,.F.);
#3835 = ORIENTED_EDGE('',*,*,#3836,.F.);
#3836 = EDGE_CURVE('',#3820,#3787,#3837,.T.);
#3837 = LINE('',#3838,#3839);
#3838 = CARTESIAN_POINT('',(1.95,-4.25,0.674999999999));
#3839 = VECTOR('',#3840,1.);
#3840 = DIRECTION('',(1.,0.,0.));
#3841 = PLANE('',#3842);
#3842 = AXIS2_PLACEMENT_3D('',#3843,#3844,#3845);
#3843 = CARTESIAN_POINT('',(1.95,-4.25,0.674999999999));
#3844 = DIRECTION('',(-0.,-3.3E-16,-1.));
#3845 = DIRECTION('',(-1.,0.,0.));
#3846 = ADVANCED_FACE('',(#3847),#3872,.T.);
#3847 = FACE_BOUND('',#3848,.F.);
#3848 = EDGE_LOOP('',(#3849,#3859,#3865,#3866));
#3849 = ORIENTED_EDGE('',*,*,#3850,.T.);
#3850 = EDGE_CURVE('',#3851,#3853,#3855,.T.);
#3851 = VERTEX_POINT('',#3852);
#3852 = CARTESIAN_POINT('',(1.95,-4.25,0.875));
#3853 = VERTEX_POINT('',#3854);
#3854 = CARTESIAN_POINT('',(1.95,-4.6,0.875));
#3855 = LINE('',#3856,#3857);
#3856 = CARTESIAN_POINT('',(1.95,-4.25,0.875));
#3857 = VECTOR('',#3858,1.);
#3858 = DIRECTION('',(-0.,-1.,3.3E-16));
#3859 = ORIENTED_EDGE('',*,*,#3860,.T.);
#3860 = EDGE_CURVE('',#3853,#3822,#3861,.T.);
#3861 = LINE('',#3862,#3863);
#3862 = CARTESIAN_POINT('',(1.95,-4.6,0.875));
#3863 = VECTOR('',#3864,1.);
#3864 = DIRECTION('',(-0.,-2.2E-16,-1.));
#3865 = ORIENTED_EDGE('',*,*,#3819,.F.);
#3866 = ORIENTED_EDGE('',*,*,#3867,.F.);
#3867 = EDGE_CURVE('',#3851,#3820,#3868,.T.);
#3868 = LINE('',#3869,#3870);
#3869 = CARTESIAN_POINT('',(1.95,-4.25,0.875));
#3870 = VECTOR('',#3871,1.);
#3871 = DIRECTION('',(-0.,-2.2E-16,-1.));
#3872 = PLANE('',#3873);
#3873 = AXIS2_PLACEMENT_3D('',#3874,#3875,#3876);
#3874 = CARTESIAN_POINT('',(1.95,-4.25,0.875));
#3875 = DIRECTION('',(-1.,-0.,-0.));
#3876 = DIRECTION('',(-0.,3.3E-16,1.));
#3877 = ADVANCED_FACE('',(#3878),#3903,.F.);
#3878 = FACE_BOUND('',#3879,.T.);
#3879 = EDGE_LOOP('',(#3880,#3881,#3889,#3897));
#3880 = ORIENTED_EDGE('',*,*,#3850,.T.);
#3881 = ORIENTED_EDGE('',*,*,#3882,.T.);
#3882 = EDGE_CURVE('',#3853,#3883,#3885,.T.);
#3883 = VERTEX_POINT('',#3884);
#3884 = CARTESIAN_POINT('',(2.1,-4.6,0.875));
#3885 = LINE('',#3886,#3887);
#3886 = CARTESIAN_POINT('',(1.95,-4.6,0.875));
#3887 = VECTOR('',#3888,1.);
#3888 = DIRECTION('',(1.,0.,0.));
#3889 = ORIENTED_EDGE('',*,*,#3890,.F.);
#3890 = EDGE_CURVE('',#3891,#3883,#3893,.T.);
#3891 = VERTEX_POINT('',#3892);
#3892 = CARTESIAN_POINT('',(2.1,-4.25,0.875));
#3893 = LINE('',#3894,#3895);
#3894 = CARTESIAN_POINT('',(2.1,-4.25,0.875));
#3895 = VECTOR('',#3896,1.);
#3896 = DIRECTION('',(-0.,-1.,3.3E-16));
#3897 = ORIENTED_EDGE('',*,*,#3898,.F.);
#3898 = EDGE_CURVE('',#3851,#3891,#3899,.T.);
#3899 = LINE('',#3900,#3901);
#3900 = CARTESIAN_POINT('',(1.95,-4.25,0.875));
#3901 = VECTOR('',#3902,1.);
#3902 = DIRECTION('',(1.,0.,0.));
#3903 = PLANE('',#3904);
#3904 = AXIS2_PLACEMENT_3D('',#3905,#3906,#3907);
#3905 = CARTESIAN_POINT('',(1.95,-4.25,0.875));
#3906 = DIRECTION('',(-0.,-3.3E-16,-1.));
#3907 = DIRECTION('',(-1.,0.,0.));
#3908 = ADVANCED_FACE('',(#3909),#3936,.T.);
#3909 = FACE_BOUND('',#3910,.T.);
#3910 = EDGE_LOOP('',(#3911,#3912,#3921,#3929));
#3911 = ORIENTED_EDGE('',*,*,#3890,.T.);
#3912 = ORIENTED_EDGE('',*,*,#3913,.T.);
#3913 = EDGE_CURVE('',#3883,#3914,#3916,.T.);
#3914 = VERTEX_POINT('',#3915);
#3915 = CARTESIAN_POINT('',(2.404266065791,-4.6,0.625797676838));
#3916 = CIRCLE('',#3917,0.310349507779);
#3917 = AXIS2_PLACEMENT_3D('',#3918,#3919,#3920);
#3918 = CARTESIAN_POINT('',(2.1,-4.6,0.564650492221));
#3919 = DIRECTION('',(0.,1.,-2.2E-16));
#3920 = DIRECTION('',(-1.,0.,0.));
#3921 = ORIENTED_EDGE('',*,*,#3922,.F.);
#3922 = EDGE_CURVE('',#3923,#3914,#3925,.T.);
#3923 = VERTEX_POINT('',#3924);
#3924 = CARTESIAN_POINT('',(2.404266065791,-4.25,0.625797676838));
#3925 = LINE('',#3926,#3927);
#3926 = CARTESIAN_POINT('',(2.404266065791,-4.25,0.625797676838));
#3927 = VECTOR('',#3928,1.);
#3928 = DIRECTION('',(-0.,-1.,3.3E-16));
#3929 = ORIENTED_EDGE('',*,*,#3930,.F.);
#3930 = EDGE_CURVE('',#3891,#3923,#3931,.T.);
#3931 = CIRCLE('',#3932,0.310349507779);
#3932 = AXIS2_PLACEMENT_3D('',#3933,#3934,#3935);
#3933 = CARTESIAN_POINT('',(2.1,-4.25,0.564650492221));
#3934 = DIRECTION('',(0.,1.,-2.2E-16));
#3935 = DIRECTION('',(-1.,0.,0.));
#3936 = CYLINDRICAL_SURFACE('',#3937,0.310349507779);
#3937 = AXIS2_PLACEMENT_3D('',#3938,#3939,#3940);
#3938 = CARTESIAN_POINT('',(2.1,-4.25,0.564650492221));
#3939 = DIRECTION('',(-0.,1.,-3.3E-16));
#3940 = DIRECTION('',(-1.,-0.,0.));
#3941 = ADVANCED_FACE('',(#3942),#3958,.T.);
#3942 = FACE_BOUND('',#3943,.F.);
#3943 = EDGE_LOOP('',(#3944,#3945,#3951,#3952));
#3944 = ORIENTED_EDGE('',*,*,#3606,.T.);
#3945 = ORIENTED_EDGE('',*,*,#3946,.T.);
#3946 = EDGE_CURVE('',#3598,#3914,#3947,.T.);
#3947 = LINE('',#3948,#3949);
#3948 = CARTESIAN_POINT('',(2.440826868813,-4.6,0.328033831346));
#3949 = VECTOR('',#3950,1.);
#3950 = DIRECTION('',(-0.121869343405,2.2E-16,0.992546151641));
#3951 = ORIENTED_EDGE('',*,*,#3922,.F.);
#3952 = ORIENTED_EDGE('',*,*,#3953,.F.);
#3953 = EDGE_CURVE('',#3607,#3923,#3954,.T.);
#3954 = LINE('',#3955,#3956);
#3955 = CARTESIAN_POINT('',(2.440826868813,-4.25,0.328033831346));
#3956 = VECTOR('',#3957,1.);
#3957 = DIRECTION('',(-0.121869343405,2.2E-16,0.992546151641));
#3958 = PLANE('',#3959);
#3959 = AXIS2_PLACEMENT_3D('',#3960,#3961,#3962);
#3960 = CARTESIAN_POINT('',(2.440826868813,-4.25,0.328033831346));
#3961 = DIRECTION('',(0.992546151641,4.E-17,0.121869343405));
#3962 = DIRECTION('',(0.121869343405,-3.3E-16,-0.992546151641));
#3963 = ADVANCED_FACE('',(#3964),#3978,.T.);
#3964 = FACE_BOUND('',#3965,.T.);
#3965 = EDGE_LOOP('',(#3966,#3967,#3968,#3969,#3970,#3971,#3972,#3973,
    #3974,#3975,#3976,#3977));
#3966 = ORIENTED_EDGE('',*,*,#3614,.F.);
#3967 = ORIENTED_EDGE('',*,*,#3646,.T.);
#3968 = ORIENTED_EDGE('',*,*,#3677,.T.);
#3969 = ORIENTED_EDGE('',*,*,#3708,.T.);
#3970 = ORIENTED_EDGE('',*,*,#3740,.T.);
#3971 = ORIENTED_EDGE('',*,*,#3772,.T.);
#3972 = ORIENTED_EDGE('',*,*,#3804,.F.);
#3973 = ORIENTED_EDGE('',*,*,#3836,.F.);
#3974 = ORIENTED_EDGE('',*,*,#3867,.F.);
#3975 = ORIENTED_EDGE('',*,*,#3898,.T.);
#3976 = ORIENTED_EDGE('',*,*,#3930,.T.);
#3977 = ORIENTED_EDGE('',*,*,#3953,.F.);
#3978 = PLANE('',#3979);
#3979 = AXIS2_PLACEMENT_3D('',#3980,#3981,#3982);
#3980 = CARTESIAN_POINT('',(2.436235547263,-4.25,0.383511578704));
#3981 = DIRECTION('',(0.,1.,-2.2E-16));
#3982 = DIRECTION('',(0.,-2.2E-16,-1.));
#3983 = ADVANCED_FACE('',(#3984),#3998,.F.);
#3984 = FACE_BOUND('',#3985,.F.);
#3985 = EDGE_LOOP('',(#3986,#3987,#3988,#3989,#3990,#3991,#3992,#3993,
    #3994,#3995,#3996,#3997));
#3986 = ORIENTED_EDGE('',*,*,#3597,.F.);
#3987 = ORIENTED_EDGE('',*,*,#3630,.T.);
#3988 = ORIENTED_EDGE('',*,*,#3661,.T.);
#3989 = ORIENTED_EDGE('',*,*,#3692,.T.);
#3990 = ORIENTED_EDGE('',*,*,#3723,.T.);
#3991 = ORIENTED_EDGE('',*,*,#3756,.T.);
#3992 = ORIENTED_EDGE('',*,*,#3796,.F.);
#3993 = ORIENTED_EDGE('',*,*,#3829,.F.);
#3994 = ORIENTED_EDGE('',*,*,#3860,.F.);
#3995 = ORIENTED_EDGE('',*,*,#3882,.T.);
#3996 = ORIENTED_EDGE('',*,*,#3913,.T.);
#3997 = ORIENTED_EDGE('',*,*,#3946,.F.);
#3998 = PLANE('',#3999);
#3999 = AXIS2_PLACEMENT_3D('',#4000,#4001,#4002);
#4000 = CARTESIAN_POINT('',(2.436235547263,-4.6,0.383511578704));
#4001 = DIRECTION('',(0.,1.,-2.2E-16));
#4002 = DIRECTION('',(0.,-2.2E-16,-1.));
#4003 = ( GEOMETRIC_REPRESENTATION_CONTEXT(3) 
GLOBAL_UNCERTAINTY_ASSIGNED_CONTEXT((#4007)) 
GLOBAL_UNIT_ASSIGNED_CONTEXT((#4004,#4005,#4006)) REPRESENTATION_CONTEXT
('Context #1','3D Context with UNIT and UNCERTAINTY') );
#4004 = ( LENGTH_UNIT() NAMED_UNIT(*) SI_UNIT(.MILLI.,.METRE.) );
#4005 = ( NAMED_UNIT(*) PLANE_ANGLE_UNIT() SI_UNIT($,.RADIAN.) );
#4006 = ( NAMED_UNIT(*) SI_UNIT($,.STERADIAN.) SOLID_ANGLE_UNIT() );
#4007 = UNCERTAINTY_MEASURE_WITH_UNIT(LENGTH_MEASURE(1.E-07),#4004,
  'distance_accuracy_value','confusion accuracy');
#4008 = CONTEXT_DEPENDENT_SHAPE_REPRESENTATION(#4009,#4011);
#4009 = ( REPRESENTATION_RELATIONSHIP('','',#3580,#1765) 
REPRESENTATION_RELATIONSHIP_WITH_TRANSFORMATION(#4010) 
SHAPE_REPRESENTATION_RELATIONSHIP() );
#4010 = ITEM_DEFINED_TRANSFORMATION('','',#11,#1782);
#4011 = PRODUCT_DEFINITION_SHAPE('Placement','Placement of an item',
  #4012);
#4012 = NEXT_ASSEMBLY_USAGE_OCCURRENCE('6','Pad001 (Mirror #1)004','',
  #1760,#3575,$);
#4013 = PRODUCT_RELATED_PRODUCT_CATEGORY('part',$,(#3577));
#4014 = SHAPE_DEFINITION_REPRESENTATION(#4015,#4021);
#4015 = PRODUCT_DEFINITION_SHAPE('','',#4016);
#4016 = PRODUCT_DEFINITION('design','',#4017,#4020);
#4017 = PRODUCT_DEFINITION_FORMATION('','',#4018);
#4018 = PRODUCT('Pad001 (Mirror #1)005','Pad001 (Mirror #1)005','',(
    #4019));
#4019 = PRODUCT_CONTEXT('',#2,'mechanical');
#4020 = PRODUCT_DEFINITION_CONTEXT('part definition',#2,'design');
#4021 = ADVANCED_BREP_SHAPE_REPRESENTATION('',(#11,#4022),#4444);
#4022 = MANIFOLD_SOLID_BREP('',#4023);
#4023 = CLOSED_SHELL('',(#4024,#4066,#4097,#4128,#4159,#4192,#4223,#4256
    ,#4287,#4318,#4349,#4382,#4404,#4424));
#4024 = ADVANCED_FACE('',(#4025),#4061,.F.);
#4025 = FACE_BOUND('',#4026,.F.);
#4026 = EDGE_LOOP('',(#4027,#4037,#4046,#4054));
#4027 = ORIENTED_EDGE('',*,*,#4028,.T.);
#4028 = EDGE_CURVE('',#4029,#4031,#4033,.T.);
#4029 = VERTEX_POINT('',#4030);
#4030 = CARTESIAN_POINT('',(2.55061670936,-4.25,0.223551180309));
#4031 = VERTEX_POINT('',#4032);
#4032 = CARTESIAN_POINT('',(2.55061670936,-4.6,0.223551180309));
#4033 = LINE('',#4034,#4035);
#4034 = CARTESIAN_POINT('',(2.55061670936,-4.25,0.223551180309));
#4035 = VECTOR('',#4036,1.);
#4036 = DIRECTION('',(-0.,-1.,3.3E-16));
#4037 = ORIENTED_EDGE('',*,*,#4038,.T.);
#4038 = EDGE_CURVE('',#4031,#4039,#4041,.T.);
#4039 = VERTEX_POINT('',#4040);
#4040 = CARTESIAN_POINT('',(2.440826868813,-4.6,0.328033831346));
#4041 = CIRCLE('',#4042,0.137039746262);
#4042 = AXIS2_PLACEMENT_3D('',#4043,#4044,#4045);
#4043 = CARTESIAN_POINT('',(2.574436,-4.6,0.358505));
#4044 = DIRECTION('',(0.,1.,-2.2E-16));
#4045 = DIRECTION('',(-1.,0.,0.));
#4046 = ORIENTED_EDGE('',*,*,#4047,.F.);
#4047 = EDGE_CURVE('',#4048,#4039,#4050,.T.);
#4048 = VERTEX_POINT('',#4049);
#4049 = CARTESIAN_POINT('',(2.440826868813,-4.25,0.328033831346));
#4050 = LINE('',#4051,#4052);
#4051 = CARTESIAN_POINT('',(2.440826868813,-4.25,0.328033831346));
#4052 = VECTOR('',#4053,1.);
#4053 = DIRECTION('',(-0.,-1.,3.3E-16));
#4054 = ORIENTED_EDGE('',*,*,#4055,.F.);
#4055 = EDGE_CURVE('',#4029,#4048,#4056,.T.);
#4056 = CIRCLE('',#4057,0.137039746262);
#4057 = AXIS2_PLACEMENT_3D('',#4058,#4059,#4060);
#4058 = CARTESIAN_POINT('',(2.574436,-4.25,0.358505));
#4059 = DIRECTION('',(0.,1.,-2.2E-16));
#4060 = DIRECTION('',(-1.,0.,0.));
#4061 = CYLINDRICAL_SURFACE('',#4062,0.137039746262);
#4062 = AXIS2_PLACEMENT_3D('',#4063,#4064,#4065);
#4063 = CARTESIAN_POINT('',(2.574436,-4.25,0.358505));
#4064 = DIRECTION('',(-0.,1.,-3.3E-16));
#4065 = DIRECTION('',(-1.,-0.,0.));
#4066 = ADVANCED_FACE('',(#4067),#4092,.F.);
#4067 = FACE_BOUND('',#4068,.T.);
#4068 = EDGE_LOOP('',(#4069,#4070,#4078,#4086));
#4069 = ORIENTED_EDGE('',*,*,#4028,.T.);
#4070 = ORIENTED_EDGE('',*,*,#4071,.T.);
#4071 = EDGE_CURVE('',#4031,#4072,#4074,.T.);
#4072 = VERTEX_POINT('',#4073);
#4073 = CARTESIAN_POINT('',(3.,-4.6,0.2));
#4074 = LINE('',#4075,#4076);
#4075 = CARTESIAN_POINT('',(2.55061670936,-4.6,0.223551180309));
#4076 = VECTOR('',#4077,1.);
#4077 = DIRECTION('',(0.998629534755,-1.E-17,-5.233595624292E-02));
#4078 = ORIENTED_EDGE('',*,*,#4079,.F.);
#4079 = EDGE_CURVE('',#4080,#4072,#4082,.T.);
#4080 = VERTEX_POINT('',#4081);
#4081 = CARTESIAN_POINT('',(3.,-4.25,0.2));
#4082 = LINE('',#4083,#4084);
#4083 = CARTESIAN_POINT('',(3.,-4.25,0.2));
#4084 = VECTOR('',#4085,1.);
#4085 = DIRECTION('',(-0.,-1.,3.3E-16));
#4086 = ORIENTED_EDGE('',*,*,#4087,.F.);
#4087 = EDGE_CURVE('',#4029,#4080,#4088,.T.);
#4088 = LINE('',#4089,#4090);
#4089 = CARTESIAN_POINT('',(2.55061670936,-4.25,0.223551180309));
#4090 = VECTOR('',#4091,1.);
#4091 = DIRECTION('',(0.998629534755,-1.E-17,-5.233595624292E-02));
#4092 = PLANE('',#4093);
#4093 = AXIS2_PLACEMENT_3D('',#4094,#4095,#4096);
#4094 = CARTESIAN_POINT('',(2.55061670936,-4.25,0.223551180309));
#4095 = DIRECTION('',(-5.233595624292E-02,-3.3E-16,-0.998629534755));
#4096 = DIRECTION('',(-0.998629534755,2.E-17,5.233595624292E-02));
#4097 = ADVANCED_FACE('',(#4098),#4123,.F.);
#4098 = FACE_BOUND('',#4099,.T.);
#4099 = EDGE_LOOP('',(#4100,#4101,#4109,#4117));
#4100 = ORIENTED_EDGE('',*,*,#4079,.T.);
#4101 = ORIENTED_EDGE('',*,*,#4102,.T.);
#4102 = EDGE_CURVE('',#4072,#4103,#4105,.T.);
#4103 = VERTEX_POINT('',#4104);
#4104 = CARTESIAN_POINT('',(3.,-4.6,2.E-15));
#4105 = LINE('',#4106,#4107);
#4106 = CARTESIAN_POINT('',(3.,-4.6,0.2));
#4107 = VECTOR('',#4108,1.);
#4108 = DIRECTION('',(-0.,-2.2E-16,-1.));
#4109 = ORIENTED_EDGE('',*,*,#4110,.F.);
#4110 = EDGE_CURVE('',#4111,#4103,#4113,.T.);
#4111 = VERTEX_POINT('',#4112);
#4112 = CARTESIAN_POINT('',(3.,-4.25,2.E-15));
#4113 = LINE('',#4114,#4115);
#4114 = CARTESIAN_POINT('',(3.,-4.25,9.4E-16));
#4115 = VECTOR('',#4116,1.);
#4116 = DIRECTION('',(-0.,-1.,3.3E-16));
#4117 = ORIENTED_EDGE('',*,*,#4118,.F.);
#4118 = EDGE_CURVE('',#4080,#4111,#4119,.T.);
#4119 = LINE('',#4120,#4121);
#4120 = CARTESIAN_POINT('',(3.,-4.25,0.2));
#4121 = VECTOR('',#4122,1.);
#4122 = DIRECTION('',(-0.,-2.2E-16,-1.));
#4123 = PLANE('',#4124);
#4124 = AXIS2_PLACEMENT_3D('',#4125,#4126,#4127);
#4125 = CARTESIAN_POINT('',(3.,-4.25,0.2));
#4126 = DIRECTION('',(-1.,-0.,-0.));
#4127 = DIRECTION('',(-0.,3.3E-16,1.));
#4128 = ADVANCED_FACE('',(#4129),#4154,.F.);
#4129 = FACE_BOUND('',#4130,.T.);
#4130 = EDGE_LOOP('',(#4131,#4132,#4140,#4148));
#4131 = ORIENTED_EDGE('',*,*,#4110,.T.);
#4132 = ORIENTED_EDGE('',*,*,#4133,.T.);
#4133 = EDGE_CURVE('',#4103,#4134,#4136,.T.);
#4134 = VERTEX_POINT('',#4135);
#4135 = CARTESIAN_POINT('',(2.500685232623,-4.6,2.616797812147E-02));
#4136 = LINE('',#4137,#4138);
#4137 = CARTESIAN_POINT('',(3.,-4.6,1.E-15));
#4138 = VECTOR('',#4139,1.);
#4139 = DIRECTION('',(-0.998629534755,1.E-17,5.233595624292E-02));
#4140 = ORIENTED_EDGE('',*,*,#4141,.F.);
#4141 = EDGE_CURVE('',#4142,#4134,#4144,.T.);
#4142 = VERTEX_POINT('',#4143);
#4143 = CARTESIAN_POINT('',(2.500685232623,-4.25,2.616797812147E-02));
#4144 = LINE('',#4145,#4146);
#4145 = CARTESIAN_POINT('',(2.500685232623,-4.25,2.616797812147E-02));
#4146 = VECTOR('',#4147,1.);
#4147 = DIRECTION('',(-0.,-1.,3.3E-16));
#4148 = ORIENTED_EDGE('',*,*,#4149,.F.);
#4149 = EDGE_CURVE('',#4111,#4142,#4150,.T.);
#4150 = LINE('',#4151,#4152);
#4151 = CARTESIAN_POINT('',(3.,-4.25,4.7E-16));
#4152 = VECTOR('',#4153,1.);
#4153 = DIRECTION('',(-0.998629534755,1.E-17,5.233595624292E-02));
#4154 = PLANE('',#4155);
#4155 = AXIS2_PLACEMENT_3D('',#4156,#4157,#4158);
#4156 = CARTESIAN_POINT('',(3.,-4.25,9.4E-16));
#4157 = DIRECTION('',(5.233595624292E-02,3.3E-16,0.998629534755));
#4158 = DIRECTION('',(0.998629534755,-2.E-17,-5.233595624292E-02));
#4159 = ADVANCED_FACE('',(#4160),#4187,.T.);
#4160 = FACE_BOUND('',#4161,.T.);
#4161 = EDGE_LOOP('',(#4162,#4163,#4172,#4180));
#4162 = ORIENTED_EDGE('',*,*,#4141,.T.);
#4163 = ORIENTED_EDGE('',*,*,#4164,.T.);
#4164 = EDGE_CURVE('',#4134,#4165,#4167,.T.);
#4165 = VERTEX_POINT('',#4166);
#4166 = CARTESIAN_POINT('',(2.25,-4.6,0.2410921491));
#4167 = CIRCLE('',#4168,0.268233064235);
#4168 = AXIS2_PLACEMENT_3D('',#4169,#4170,#4171);
#4169 = CARTESIAN_POINT('',(2.512939,-4.6,0.294121));
#4170 = DIRECTION('',(0.,1.,-2.2E-16));
#4171 = DIRECTION('',(-1.,0.,0.));
#4172 = ORIENTED_EDGE('',*,*,#4173,.F.);
#4173 = EDGE_CURVE('',#4174,#4165,#4176,.T.);
#4174 = VERTEX_POINT('',#4175);
#4175 = CARTESIAN_POINT('',(2.25,-4.25,0.2410921491));
#4176 = LINE('',#4177,#4178);
#4177 = CARTESIAN_POINT('',(2.25,-4.25,0.2410921491));
#4178 = VECTOR('',#4179,1.);
#4179 = DIRECTION('',(-0.,-1.,3.3E-16));
#4180 = ORIENTED_EDGE('',*,*,#4181,.F.);
#4181 = EDGE_CURVE('',#4142,#4174,#4182,.T.);
#4182 = CIRCLE('',#4183,0.268233064235);
#4183 = AXIS2_PLACEMENT_3D('',#4184,#4185,#4186);
#4184 = CARTESIAN_POINT('',(2.512939,-4.25,0.294121));
#4185 = DIRECTION('',(0.,1.,-2.2E-16));
#4186 = DIRECTION('',(-1.,0.,0.));
#4187 = CYLINDRICAL_SURFACE('',#4188,0.268233064235);
#4188 = AXIS2_PLACEMENT_3D('',#4189,#4190,#4191);
#4189 = CARTESIAN_POINT('',(2.512939,-4.25,0.294121));
#4190 = DIRECTION('',(-0.,1.,-3.3E-16));
#4191 = DIRECTION('',(-1.,-0.,0.));
#4192 = ADVANCED_FACE('',(#4193),#4218,.F.);
#4193 = FACE_BOUND('',#4194,.T.);
#4194 = EDGE_LOOP('',(#4195,#4196,#4204,#4212));
#4195 = ORIENTED_EDGE('',*,*,#4173,.T.);
#4196 = ORIENTED_EDGE('',*,*,#4197,.T.);
#4197 = EDGE_CURVE('',#4165,#4198,#4200,.T.);
#4198 = VERTEX_POINT('',#4199);
#4199 = CARTESIAN_POINT('',(2.213439196978,-4.6,0.538855994594));
#4200 = LINE('',#4201,#4202);
#4201 = CARTESIAN_POINT('',(2.25,-4.6,0.2410921491));
#4202 = VECTOR('',#4203,1.);
#4203 = DIRECTION('',(-0.121869343407,2.2E-16,0.992546151641));
#4204 = ORIENTED_EDGE('',*,*,#4205,.F.);
#4205 = EDGE_CURVE('',#4206,#4198,#4208,.T.);
#4206 = VERTEX_POINT('',#4207);
#4207 = CARTESIAN_POINT('',(2.213439196978,-4.25,0.538855994594));
#4208 = LINE('',#4209,#4210);
#4209 = CARTESIAN_POINT('',(2.213439196978,-4.25,0.538855994594));
#4210 = VECTOR('',#4211,1.);
#4211 = DIRECTION('',(-0.,-1.,3.3E-16));
#4212 = ORIENTED_EDGE('',*,*,#4213,.F.);
#4213 = EDGE_CURVE('',#4174,#4206,#4214,.T.);
#4214 = LINE('',#4215,#4216);
#4215 = CARTESIAN_POINT('',(2.25,-4.25,0.2410921491));
#4216 = VECTOR('',#4217,1.);
#4217 = DIRECTION('',(-0.121869343407,2.2E-16,0.992546151641));
#4218 = PLANE('',#4219);
#4219 = AXIS2_PLACEMENT_3D('',#4220,#4221,#4222);
#4220 = CARTESIAN_POINT('',(2.25,-4.25,0.2410921491));
#4221 = DIRECTION('',(0.992546151641,4.E-17,0.121869343407));
#4222 = DIRECTION('',(0.121869343407,-3.3E-16,-0.992546151641));
#4223 = ADVANCED_FACE('',(#4224),#4251,.F.);
#4224 = FACE_BOUND('',#4225,.F.);
#4225 = EDGE_LOOP('',(#4226,#4236,#4243,#4244));
#4226 = ORIENTED_EDGE('',*,*,#4227,.T.);
#4227 = EDGE_CURVE('',#4228,#4230,#4232,.T.);
#4228 = VERTEX_POINT('',#4229);
#4229 = CARTESIAN_POINT('',(2.050000000001,-4.25,0.674999999999));
#4230 = VERTEX_POINT('',#4231);
#4231 = CARTESIAN_POINT('',(2.050000000001,-4.6,0.674999999999));
#4232 = LINE('',#4233,#4234);
#4233 = CARTESIAN_POINT('',(2.050000000001,-4.25,0.674999999999));
#4234 = VECTOR('',#4235,1.);
#4235 = DIRECTION('',(-0.,-1.,3.3E-16));
#4236 = ORIENTED_EDGE('',*,*,#4237,.T.);
#4237 = EDGE_CURVE('',#4230,#4198,#4238,.T.);
#4238 = CIRCLE('',#4239,0.161896002983);
#4239 = AXIS2_PLACEMENT_3D('',#4240,#4241,#4242);
#4240 = CARTESIAN_POINT('',(2.053598,-4.6,0.513143983189));
#4241 = DIRECTION('',(0.,1.,-2.2E-16));
#4242 = DIRECTION('',(-1.,0.,0.));
#4243 = ORIENTED_EDGE('',*,*,#4205,.F.);
#4244 = ORIENTED_EDGE('',*,*,#4245,.F.);
#4245 = EDGE_CURVE('',#4228,#4206,#4246,.T.);
#4246 = CIRCLE('',#4247,0.161896002983);
#4247 = AXIS2_PLACEMENT_3D('',#4248,#4249,#4250);
#4248 = CARTESIAN_POINT('',(2.053598,-4.25,0.513143983189));
#4249 = DIRECTION('',(0.,1.,-2.2E-16));
#4250 = DIRECTION('',(-1.,0.,0.));
#4251 = CYLINDRICAL_SURFACE('',#4252,0.161896002983);
#4252 = AXIS2_PLACEMENT_3D('',#4253,#4254,#4255);
#4253 = CARTESIAN_POINT('',(2.053598,-4.25,0.513143983189));
#4254 = DIRECTION('',(-0.,1.,-3.3E-16));
#4255 = DIRECTION('',(-1.,-0.,0.));
#4256 = ADVANCED_FACE('',(#4257),#4282,.T.);
#4257 = FACE_BOUND('',#4258,.F.);
#4258 = EDGE_LOOP('',(#4259,#4269,#4275,#4276));
#4259 = ORIENTED_EDGE('',*,*,#4260,.T.);
#4260 = EDGE_CURVE('',#4261,#4263,#4265,.T.);
#4261 = VERTEX_POINT('',#4262);
#4262 = CARTESIAN_POINT('',(1.95,-4.25,0.674999999999));
#4263 = VERTEX_POINT('',#4264);
#4264 = CARTESIAN_POINT('',(1.95,-4.6,0.674999999999));
#4265 = LINE('',#4266,#4267);
#4266 = CARTESIAN_POINT('',(1.95,-4.25,0.674999999999));
#4267 = VECTOR('',#4268,1.);
#4268 = DIRECTION('',(-0.,-1.,3.3E-16));
#4269 = ORIENTED_EDGE('',*,*,#4270,.T.);
#4270 = EDGE_CURVE('',#4263,#4230,#4271,.T.);
#4271 = LINE('',#4272,#4273);
#4272 = CARTESIAN_POINT('',(1.95,-4.6,0.674999999999));
#4273 = VECTOR('',#4274,1.);
#4274 = DIRECTION('',(1.,0.,0.));
#4275 = ORIENTED_EDGE('',*,*,#4227,.F.);
#4276 = ORIENTED_EDGE('',*,*,#4277,.F.);
#4277 = EDGE_CURVE('',#4261,#4228,#4278,.T.);
#4278 = LINE('',#4279,#4280);
#4279 = CARTESIAN_POINT('',(1.95,-4.25,0.674999999999));
#4280 = VECTOR('',#4281,1.);
#4281 = DIRECTION('',(1.,0.,0.));
#4282 = PLANE('',#4283);
#4283 = AXIS2_PLACEMENT_3D('',#4284,#4285,#4286);
#4284 = CARTESIAN_POINT('',(1.95,-4.25,0.674999999999));
#4285 = DIRECTION('',(-0.,-3.3E-16,-1.));
#4286 = DIRECTION('',(-1.,0.,0.));
#4287 = ADVANCED_FACE('',(#4288),#4313,.T.);
#4288 = FACE_BOUND('',#4289,.F.);
#4289 = EDGE_LOOP('',(#4290,#4300,#4306,#4307));
#4290 = ORIENTED_EDGE('',*,*,#4291,.T.);
#4291 = EDGE_CURVE('',#4292,#4294,#4296,.T.);
#4292 = VERTEX_POINT('',#4293);
#4293 = CARTESIAN_POINT('',(1.95,-4.25,0.875));
#4294 = VERTEX_POINT('',#4295);
#4295 = CARTESIAN_POINT('',(1.95,-4.6,0.875));
#4296 = LINE('',#4297,#4298);
#4297 = CARTESIAN_POINT('',(1.95,-4.25,0.875));
#4298 = VECTOR('',#4299,1.);
#4299 = DIRECTION('',(-0.,-1.,3.3E-16));
#4300 = ORIENTED_EDGE('',*,*,#4301,.T.);
#4301 = EDGE_CURVE('',#4294,#4263,#4302,.T.);
#4302 = LINE('',#4303,#4304);
#4303 = CARTESIAN_POINT('',(1.95,-4.6,0.875));
#4304 = VECTOR('',#4305,1.);
#4305 = DIRECTION('',(-0.,-2.2E-16,-1.));
#4306 = ORIENTED_EDGE('',*,*,#4260,.F.);
#4307 = ORIENTED_EDGE('',*,*,#4308,.F.);
#4308 = EDGE_CURVE('',#4292,#4261,#4309,.T.);
#4309 = LINE('',#4310,#4311);
#4310 = CARTESIAN_POINT('',(1.95,-4.25,0.875));
#4311 = VECTOR('',#4312,1.);
#4312 = DIRECTION('',(-0.,-2.2E-16,-1.));
#4313 = PLANE('',#4314);
#4314 = AXIS2_PLACEMENT_3D('',#4315,#4316,#4317);
#4315 = CARTESIAN_POINT('',(1.95,-4.25,0.875));
#4316 = DIRECTION('',(-1.,-0.,-0.));
#4317 = DIRECTION('',(-0.,3.3E-16,1.));
#4318 = ADVANCED_FACE('',(#4319),#4344,.F.);
#4319 = FACE_BOUND('',#4320,.T.);
#4320 = EDGE_LOOP('',(#4321,#4322,#4330,#4338));
#4321 = ORIENTED_EDGE('',*,*,#4291,.T.);
#4322 = ORIENTED_EDGE('',*,*,#4323,.T.);
#4323 = EDGE_CURVE('',#4294,#4324,#4326,.T.);
#4324 = VERTEX_POINT('',#4325);
#4325 = CARTESIAN_POINT('',(2.1,-4.6,0.875));
#4326 = LINE('',#4327,#4328);
#4327 = CARTESIAN_POINT('',(1.95,-4.6,0.875));
#4328 = VECTOR('',#4329,1.);
#4329 = DIRECTION('',(1.,0.,0.));
#4330 = ORIENTED_EDGE('',*,*,#4331,.F.);
#4331 = EDGE_CURVE('',#4332,#4324,#4334,.T.);
#4332 = VERTEX_POINT('',#4333);
#4333 = CARTESIAN_POINT('',(2.1,-4.25,0.875));
#4334 = LINE('',#4335,#4336);
#4335 = CARTESIAN_POINT('',(2.1,-4.25,0.875));
#4336 = VECTOR('',#4337,1.);
#4337 = DIRECTION('',(-0.,-1.,3.3E-16));
#4338 = ORIENTED_EDGE('',*,*,#4339,.F.);
#4339 = EDGE_CURVE('',#4292,#4332,#4340,.T.);
#4340 = LINE('',#4341,#4342);
#4341 = CARTESIAN_POINT('',(1.95,-4.25,0.875));
#4342 = VECTOR('',#4343,1.);
#4343 = DIRECTION('',(1.,0.,0.));
#4344 = PLANE('',#4345);
#4345 = AXIS2_PLACEMENT_3D('',#4346,#4347,#4348);
#4346 = CARTESIAN_POINT('',(1.95,-4.25,0.875));
#4347 = DIRECTION('',(-0.,-3.3E-16,-1.));
#4348 = DIRECTION('',(-1.,0.,0.));
#4349 = ADVANCED_FACE('',(#4350),#4377,.T.);
#4350 = FACE_BOUND('',#4351,.T.);
#4351 = EDGE_LOOP('',(#4352,#4353,#4362,#4370));
#4352 = ORIENTED_EDGE('',*,*,#4331,.T.);
#4353 = ORIENTED_EDGE('',*,*,#4354,.T.);
#4354 = EDGE_CURVE('',#4324,#4355,#4357,.T.);
#4355 = VERTEX_POINT('',#4356);
#4356 = CARTESIAN_POINT('',(2.404266065791,-4.6,0.625797676838));
#4357 = CIRCLE('',#4358,0.310349507779);
#4358 = AXIS2_PLACEMENT_3D('',#4359,#4360,#4361);
#4359 = CARTESIAN_POINT('',(2.1,-4.6,0.564650492221));
#4360 = DIRECTION('',(0.,1.,-2.2E-16));
#4361 = DIRECTION('',(-1.,0.,0.));
#4362 = ORIENTED_EDGE('',*,*,#4363,.F.);
#4363 = EDGE_CURVE('',#4364,#4355,#4366,.T.);
#4364 = VERTEX_POINT('',#4365);
#4365 = CARTESIAN_POINT('',(2.404266065791,-4.25,0.625797676838));
#4366 = LINE('',#4367,#4368);
#4367 = CARTESIAN_POINT('',(2.404266065791,-4.25,0.625797676838));
#4368 = VECTOR('',#4369,1.);
#4369 = DIRECTION('',(-0.,-1.,3.3E-16));
#4370 = ORIENTED_EDGE('',*,*,#4371,.F.);
#4371 = EDGE_CURVE('',#4332,#4364,#4372,.T.);
#4372 = CIRCLE('',#4373,0.310349507779);
#4373 = AXIS2_PLACEMENT_3D('',#4374,#4375,#4376);
#4374 = CARTESIAN_POINT('',(2.1,-4.25,0.564650492221));
#4375 = DIRECTION('',(0.,1.,-2.2E-16));
#4376 = DIRECTION('',(-1.,0.,0.));
#4377 = CYLINDRICAL_SURFACE('',#4378,0.310349507779);
#4378 = AXIS2_PLACEMENT_3D('',#4379,#4380,#4381);
#4379 = CARTESIAN_POINT('',(2.1,-4.25,0.564650492221));
#4380 = DIRECTION('',(-0.,1.,-3.3E-16));
#4381 = DIRECTION('',(-1.,-0.,0.));
#4382 = ADVANCED_FACE('',(#4383),#4399,.T.);
#4383 = FACE_BOUND('',#4384,.F.);
#4384 = EDGE_LOOP('',(#4385,#4386,#4392,#4393));
#4385 = ORIENTED_EDGE('',*,*,#4047,.T.);
#4386 = ORIENTED_EDGE('',*,*,#4387,.T.);
#4387 = EDGE_CURVE('',#4039,#4355,#4388,.T.);
#4388 = LINE('',#4389,#4390);
#4389 = CARTESIAN_POINT('',(2.440826868813,-4.6,0.328033831346));
#4390 = VECTOR('',#4391,1.);
#4391 = DIRECTION('',(-0.121869343405,2.2E-16,0.992546151641));
#4392 = ORIENTED_EDGE('',*,*,#4363,.F.);
#4393 = ORIENTED_EDGE('',*,*,#4394,.F.);
#4394 = EDGE_CURVE('',#4048,#4364,#4395,.T.);
#4395 = LINE('',#4396,#4397);
#4396 = CARTESIAN_POINT('',(2.440826868813,-4.25,0.328033831346));
#4397 = VECTOR('',#4398,1.);
#4398 = DIRECTION('',(-0.121869343405,2.2E-16,0.992546151641));
#4399 = PLANE('',#4400);
#4400 = AXIS2_PLACEMENT_3D('',#4401,#4402,#4403);
#4401 = CARTESIAN_POINT('',(2.440826868813,-4.25,0.328033831346));
#4402 = DIRECTION('',(0.992546151641,4.E-17,0.121869343405));
#4403 = DIRECTION('',(0.121869343405,-3.3E-16,-0.992546151641));
#4404 = ADVANCED_FACE('',(#4405),#4419,.T.);
#4405 = FACE_BOUND('',#4406,.T.);
#4406 = EDGE_LOOP('',(#4407,#4408,#4409,#4410,#4411,#4412,#4413,#4414,
    #4415,#4416,#4417,#4418));
#4407 = ORIENTED_EDGE('',*,*,#4055,.F.);
#4408 = ORIENTED_EDGE('',*,*,#4087,.T.);
#4409 = ORIENTED_EDGE('',*,*,#4118,.T.);
#4410 = ORIENTED_EDGE('',*,*,#4149,.T.);
#4411 = ORIENTED_EDGE('',*,*,#4181,.T.);
#4412 = ORIENTED_EDGE('',*,*,#4213,.T.);
#4413 = ORIENTED_EDGE('',*,*,#4245,.F.);
#4414 = ORIENTED_EDGE('',*,*,#4277,.F.);
#4415 = ORIENTED_EDGE('',*,*,#4308,.F.);
#4416 = ORIENTED_EDGE('',*,*,#4339,.T.);
#4417 = ORIENTED_EDGE('',*,*,#4371,.T.);
#4418 = ORIENTED_EDGE('',*,*,#4394,.F.);
#4419 = PLANE('',#4420);
#4420 = AXIS2_PLACEMENT_3D('',#4421,#4422,#4423);
#4421 = CARTESIAN_POINT('',(2.436235547263,-4.25,0.383511578704));
#4422 = DIRECTION('',(0.,1.,-2.2E-16));
#4423 = DIRECTION('',(0.,-2.2E-16,-1.));
#4424 = ADVANCED_FACE('',(#4425),#4439,.F.);
#4425 = FACE_BOUND('',#4426,.F.);
#4426 = EDGE_LOOP('',(#4427,#4428,#4429,#4430,#4431,#4432,#4433,#4434,
    #4435,#4436,#4437,#4438));
#4427 = ORIENTED_EDGE('',*,*,#4038,.F.);
#4428 = ORIENTED_EDGE('',*,*,#4071,.T.);
#4429 = ORIENTED_EDGE('',*,*,#4102,.T.);
#4430 = ORIENTED_EDGE('',*,*,#4133,.T.);
#4431 = ORIENTED_EDGE('',*,*,#4164,.T.);
#4432 = ORIENTED_EDGE('',*,*,#4197,.T.);
#4433 = ORIENTED_EDGE('',*,*,#4237,.F.);
#4434 = ORIENTED_EDGE('',*,*,#4270,.F.);
#4435 = ORIENTED_EDGE('',*,*,#4301,.F.);
#4436 = ORIENTED_EDGE('',*,*,#4323,.T.);
#4437 = ORIENTED_EDGE('',*,*,#4354,.T.);
#4438 = ORIENTED_EDGE('',*,*,#4387,.F.);
#4439 = PLANE('',#4440);
#4440 = AXIS2_PLACEMENT_3D('',#4441,#4442,#4443);
#4441 = CARTESIAN_POINT('',(2.436235547263,-4.6,0.383511578704));
#4442 = DIRECTION('',(0.,1.,-2.2E-16));
#4443 = DIRECTION('',(0.,-2.2E-16,-1.));
#4444 = ( GEOMETRIC_REPRESENTATION_CONTEXT(3) 
GLOBAL_UNCERTAINTY_ASSIGNED_CONTEXT((#4448)) 
GLOBAL_UNIT_ASSIGNED_CONTEXT((#4445,#4446,#4447)) REPRESENTATION_CONTEXT
('Context #1','3D Context with UNIT and UNCERTAINTY') );
#4445 = ( LENGTH_UNIT() NAMED_UNIT(*) SI_UNIT(.MILLI.,.METRE.) );
#4446 = ( NAMED_UNIT(*) PLANE_ANGLE_UNIT() SI_UNIT($,.RADIAN.) );
#4447 = ( NAMED_UNIT(*) SI_UNIT($,.STERADIAN.) SOLID_ANGLE_UNIT() );
#4448 = UNCERTAINTY_MEASURE_WITH_UNIT(LENGTH_MEASURE(1.E-07),#4445,
  'distance_accuracy_value','confusion accuracy');
#4449 = CONTEXT_DEPENDENT_SHAPE_REPRESENTATION(#4450,#4452);
#4450 = ( REPRESENTATION_RELATIONSHIP('','',#4021,#1765) 
REPRESENTATION_RELATIONSHIP_WITH_TRANSFORMATION(#4451) 
SHAPE_REPRESENTATION_RELATIONSHIP() );
#4451 = ITEM_DEFINED_TRANSFORMATION('','',#11,#1786);
#4452 = PRODUCT_DEFINITION_SHAPE('Placement','Placement of an item',
  #4453);
#4453 = NEXT_ASSEMBLY_USAGE_OCCURRENCE('7','Pad001 (Mirror #1)005','',
  #1760,#4016,$);
#4454 = PRODUCT_RELATED_PRODUCT_CATEGORY('part',$,(#4018));
#4455 = SHAPE_DEFINITION_REPRESENTATION(#4456,#4462);
#4456 = PRODUCT_DEFINITION_SHAPE('','',#4457);
#4457 = PRODUCT_DEFINITION('design','',#4458,#4461);
#4458 = PRODUCT_DEFINITION_FORMATION('','',#4459);
#4459 = PRODUCT('Pad001 (Mirror #1)006','Pad001 (Mirror #1)006','',(
    #4460));
#4460 = PRODUCT_CONTEXT('',#2,'mechanical');
#4461 = PRODUCT_DEFINITION_CONTEXT('part definition',#2,'design');
#4462 = ADVANCED_BREP_SHAPE_REPRESENTATION('',(#11,#4463),#4885);
#4463 = MANIFOLD_SOLID_BREP('',#4464);
#4464 = CLOSED_SHELL('',(#4465,#4507,#4538,#4569,#4600,#4633,#4664,#4697
    ,#4728,#4759,#4790,#4823,#4845,#4865));
#4465 = ADVANCED_FACE('',(#4466),#4502,.F.);
#4466 = FACE_BOUND('',#4467,.F.);
#4467 = EDGE_LOOP('',(#4468,#4478,#4487,#4495));
#4468 = ORIENTED_EDGE('',*,*,#4469,.T.);
#4469 = EDGE_CURVE('',#4470,#4472,#4474,.T.);
#4470 = VERTEX_POINT('',#4471);
#4471 = CARTESIAN_POINT('',(2.55061670936,-4.25,0.223551180309));
#4472 = VERTEX_POINT('',#4473);
#4473 = CARTESIAN_POINT('',(2.55061670936,-4.6,0.223551180309));
#4474 = LINE('',#4475,#4476);
#4475 = CARTESIAN_POINT('',(2.55061670936,-4.25,0.223551180309));
#4476 = VECTOR('',#4477,1.);
#4477 = DIRECTION('',(-0.,-1.,3.3E-16));
#4478 = ORIENTED_EDGE('',*,*,#4479,.T.);
#4479 = EDGE_CURVE('',#4472,#4480,#4482,.T.);
#4480 = VERTEX_POINT('',#4481);
#4481 = CARTESIAN_POINT('',(2.440826868813,-4.6,0.328033831346));
#4482 = CIRCLE('',#4483,0.137039746262);
#4483 = AXIS2_PLACEMENT_3D('',#4484,#4485,#4486);
#4484 = CARTESIAN_POINT('',(2.574436,-4.6,0.358505));
#4485 = DIRECTION('',(0.,1.,-2.2E-16));
#4486 = DIRECTION('',(-1.,0.,0.));
#4487 = ORIENTED_EDGE('',*,*,#4488,.F.);
#4488 = EDGE_CURVE('',#4489,#4480,#4491,.T.);
#4489 = VERTEX_POINT('',#4490);
#4490 = CARTESIAN_POINT('',(2.440826868813,-4.25,0.328033831346));
#4491 = LINE('',#4492,#4493);
#4492 = CARTESIAN_POINT('',(2.440826868813,-4.25,0.328033831346));
#4493 = VECTOR('',#4494,1.);
#4494 = DIRECTION('',(-0.,-1.,3.3E-16));
#4495 = ORIENTED_EDGE('',*,*,#4496,.F.);
#4496 = EDGE_CURVE('',#4470,#4489,#4497,.T.);
#4497 = CIRCLE('',#4498,0.137039746262);
#4498 = AXIS2_PLACEMENT_3D('',#4499,#4500,#4501);
#4499 = CARTESIAN_POINT('',(2.574436,-4.25,0.358505));
#4500 = DIRECTION('',(0.,1.,-2.2E-16));
#4501 = DIRECTION('',(-1.,0.,0.));
#4502 = CYLINDRICAL_SURFACE('',#4503,0.137039746262);
#4503 = AXIS2_PLACEMENT_3D('',#4504,#4505,#4506);
#4504 = CARTESIAN_POINT('',(2.574436,-4.25,0.358505));
#4505 = DIRECTION('',(-0.,1.,-3.3E-16));
#4506 = DIRECTION('',(-1.,-0.,0.));
#4507 = ADVANCED_FACE('',(#4508),#4533,.F.);
#4508 = FACE_BOUND('',#4509,.T.);
#4509 = EDGE_LOOP('',(#4510,#4511,#4519,#4527));
#4510 = ORIENTED_EDGE('',*,*,#4469,.T.);
#4511 = ORIENTED_EDGE('',*,*,#4512,.T.);
#4512 = EDGE_CURVE('',#4472,#4513,#4515,.T.);
#4513 = VERTEX_POINT('',#4514);
#4514 = CARTESIAN_POINT('',(3.,-4.6,0.2));
#4515 = LINE('',#4516,#4517);
#4516 = CARTESIAN_POINT('',(2.55061670936,-4.6,0.223551180309));
#4517 = VECTOR('',#4518,1.);
#4518 = DIRECTION('',(0.998629534755,-1.E-17,-5.233595624292E-02));
#4519 = ORIENTED_EDGE('',*,*,#4520,.F.);
#4520 = EDGE_CURVE('',#4521,#4513,#4523,.T.);
#4521 = VERTEX_POINT('',#4522);
#4522 = CARTESIAN_POINT('',(3.,-4.25,0.2));
#4523 = LINE('',#4524,#4525);
#4524 = CARTESIAN_POINT('',(3.,-4.25,0.2));
#4525 = VECTOR('',#4526,1.);
#4526 = DIRECTION('',(-0.,-1.,3.3E-16));
#4527 = ORIENTED_EDGE('',*,*,#4528,.F.);
#4528 = EDGE_CURVE('',#4470,#4521,#4529,.T.);
#4529 = LINE('',#4530,#4531);
#4530 = CARTESIAN_POINT('',(2.55061670936,-4.25,0.223551180309));
#4531 = VECTOR('',#4532,1.);
#4532 = DIRECTION('',(0.998629534755,-1.E-17,-5.233595624292E-02));
#4533 = PLANE('',#4534);
#4534 = AXIS2_PLACEMENT_3D('',#4535,#4536,#4537);
#4535 = CARTESIAN_POINT('',(2.55061670936,-4.25,0.223551180309));
#4536 = DIRECTION('',(-5.233595624292E-02,-3.3E-16,-0.998629534755));
#4537 = DIRECTION('',(-0.998629534755,2.E-17,5.233595624292E-02));
#4538 = ADVANCED_FACE('',(#4539),#4564,.F.);
#4539 = FACE_BOUND('',#4540,.T.);
#4540 = EDGE_LOOP('',(#4541,#4542,#4550,#4558));
#4541 = ORIENTED_EDGE('',*,*,#4520,.T.);
#4542 = ORIENTED_EDGE('',*,*,#4543,.T.);
#4543 = EDGE_CURVE('',#4513,#4544,#4546,.T.);
#4544 = VERTEX_POINT('',#4545);
#4545 = CARTESIAN_POINT('',(3.,-4.6,2.E-15));
#4546 = LINE('',#4547,#4548);
#4547 = CARTESIAN_POINT('',(3.,-4.6,0.2));
#4548 = VECTOR('',#4549,1.);
#4549 = DIRECTION('',(-0.,-2.2E-16,-1.));
#4550 = ORIENTED_EDGE('',*,*,#4551,.F.);
#4551 = EDGE_CURVE('',#4552,#4544,#4554,.T.);
#4552 = VERTEX_POINT('',#4553);
#4553 = CARTESIAN_POINT('',(3.,-4.25,2.E-15));
#4554 = LINE('',#4555,#4556);
#4555 = CARTESIAN_POINT('',(3.,-4.25,9.4E-16));
#4556 = VECTOR('',#4557,1.);
#4557 = DIRECTION('',(-0.,-1.,3.3E-16));
#4558 = ORIENTED_EDGE('',*,*,#4559,.F.);
#4559 = EDGE_CURVE('',#4521,#4552,#4560,.T.);
#4560 = LINE('',#4561,#4562);
#4561 = CARTESIAN_POINT('',(3.,-4.25,0.2));
#4562 = VECTOR('',#4563,1.);
#4563 = DIRECTION('',(-0.,-2.2E-16,-1.));
#4564 = PLANE('',#4565);
#4565 = AXIS2_PLACEMENT_3D('',#4566,#4567,#4568);
#4566 = CARTESIAN_POINT('',(3.,-4.25,0.2));
#4567 = DIRECTION('',(-1.,-0.,-0.));
#4568 = DIRECTION('',(-0.,3.3E-16,1.));
#4569 = ADVANCED_FACE('',(#4570),#4595,.F.);
#4570 = FACE_BOUND('',#4571,.T.);
#4571 = EDGE_LOOP('',(#4572,#4573,#4581,#4589));
#4572 = ORIENTED_EDGE('',*,*,#4551,.T.);
#4573 = ORIENTED_EDGE('',*,*,#4574,.T.);
#4574 = EDGE_CURVE('',#4544,#4575,#4577,.T.);
#4575 = VERTEX_POINT('',#4576);
#4576 = CARTESIAN_POINT('',(2.500685232623,-4.6,2.616797812147E-02));
#4577 = LINE('',#4578,#4579);
#4578 = CARTESIAN_POINT('',(3.,-4.6,1.E-15));
#4579 = VECTOR('',#4580,1.);
#4580 = DIRECTION('',(-0.998629534755,1.E-17,5.233595624292E-02));
#4581 = ORIENTED_EDGE('',*,*,#4582,.F.);
#4582 = EDGE_CURVE('',#4583,#4575,#4585,.T.);
#4583 = VERTEX_POINT('',#4584);
#4584 = CARTESIAN_POINT('',(2.500685232623,-4.25,2.616797812147E-02));
#4585 = LINE('',#4586,#4587);
#4586 = CARTESIAN_POINT('',(2.500685232623,-4.25,2.616797812147E-02));
#4587 = VECTOR('',#4588,1.);
#4588 = DIRECTION('',(-0.,-1.,3.3E-16));
#4589 = ORIENTED_EDGE('',*,*,#4590,.F.);
#4590 = EDGE_CURVE('',#4552,#4583,#4591,.T.);
#4591 = LINE('',#4592,#4593);
#4592 = CARTESIAN_POINT('',(3.,-4.25,4.7E-16));
#4593 = VECTOR('',#4594,1.);
#4594 = DIRECTION('',(-0.998629534755,1.E-17,5.233595624292E-02));
#4595 = PLANE('',#4596);
#4596 = AXIS2_PLACEMENT_3D('',#4597,#4598,#4599);
#4597 = CARTESIAN_POINT('',(3.,-4.25,9.4E-16));
#4598 = DIRECTION('',(5.233595624292E-02,3.3E-16,0.998629534755));
#4599 = DIRECTION('',(0.998629534755,-2.E-17,-5.233595624292E-02));
#4600 = ADVANCED_FACE('',(#4601),#4628,.T.);
#4601 = FACE_BOUND('',#4602,.T.);
#4602 = EDGE_LOOP('',(#4603,#4604,#4613,#4621));
#4603 = ORIENTED_EDGE('',*,*,#4582,.T.);
#4604 = ORIENTED_EDGE('',*,*,#4605,.T.);
#4605 = EDGE_CURVE('',#4575,#4606,#4608,.T.);
#4606 = VERTEX_POINT('',#4607);
#4607 = CARTESIAN_POINT('',(2.25,-4.6,0.2410921491));
#4608 = CIRCLE('',#4609,0.268233064235);
#4609 = AXIS2_PLACEMENT_3D('',#4610,#4611,#4612);
#4610 = CARTESIAN_POINT('',(2.512939,-4.6,0.294121));
#4611 = DIRECTION('',(0.,1.,-2.2E-16));
#4612 = DIRECTION('',(-1.,0.,0.));
#4613 = ORIENTED_EDGE('',*,*,#4614,.F.);
#4614 = EDGE_CURVE('',#4615,#4606,#4617,.T.);
#4615 = VERTEX_POINT('',#4616);
#4616 = CARTESIAN_POINT('',(2.25,-4.25,0.2410921491));
#4617 = LINE('',#4618,#4619);
#4618 = CARTESIAN_POINT('',(2.25,-4.25,0.2410921491));
#4619 = VECTOR('',#4620,1.);
#4620 = DIRECTION('',(-0.,-1.,3.3E-16));
#4621 = ORIENTED_EDGE('',*,*,#4622,.F.);
#4622 = EDGE_CURVE('',#4583,#4615,#4623,.T.);
#4623 = CIRCLE('',#4624,0.268233064235);
#4624 = AXIS2_PLACEMENT_3D('',#4625,#4626,#4627);
#4625 = CARTESIAN_POINT('',(2.512939,-4.25,0.294121));
#4626 = DIRECTION('',(0.,1.,-2.2E-16));
#4627 = DIRECTION('',(-1.,0.,0.));
#4628 = CYLINDRICAL_SURFACE('',#4629,0.268233064235);
#4629 = AXIS2_PLACEMENT_3D('',#4630,#4631,#4632);
#4630 = CARTESIAN_POINT('',(2.512939,-4.25,0.294121));
#4631 = DIRECTION('',(-0.,1.,-3.3E-16));
#4632 = DIRECTION('',(-1.,-0.,0.));
#4633 = ADVANCED_FACE('',(#4634),#4659,.F.);
#4634 = FACE_BOUND('',#4635,.T.);
#4635 = EDGE_LOOP('',(#4636,#4637,#4645,#4653));
#4636 = ORIENTED_EDGE('',*,*,#4614,.T.);
#4637 = ORIENTED_EDGE('',*,*,#4638,.T.);
#4638 = EDGE_CURVE('',#4606,#4639,#4641,.T.);
#4639 = VERTEX_POINT('',#4640);
#4640 = CARTESIAN_POINT('',(2.213439196978,-4.6,0.538855994594));
#4641 = LINE('',#4642,#4643);
#4642 = CARTESIAN_POINT('',(2.25,-4.6,0.2410921491));
#4643 = VECTOR('',#4644,1.);
#4644 = DIRECTION('',(-0.121869343407,2.2E-16,0.992546151641));
#4645 = ORIENTED_EDGE('',*,*,#4646,.F.);
#4646 = EDGE_CURVE('',#4647,#4639,#4649,.T.);
#4647 = VERTEX_POINT('',#4648);
#4648 = CARTESIAN_POINT('',(2.213439196978,-4.25,0.538855994594));
#4649 = LINE('',#4650,#4651);
#4650 = CARTESIAN_POINT('',(2.213439196978,-4.25,0.538855994594));
#4651 = VECTOR('',#4652,1.);
#4652 = DIRECTION('',(-0.,-1.,3.3E-16));
#4653 = ORIENTED_EDGE('',*,*,#4654,.F.);
#4654 = EDGE_CURVE('',#4615,#4647,#4655,.T.);
#4655 = LINE('',#4656,#4657);
#4656 = CARTESIAN_POINT('',(2.25,-4.25,0.2410921491));
#4657 = VECTOR('',#4658,1.);
#4658 = DIRECTION('',(-0.121869343407,2.2E-16,0.992546151641));
#4659 = PLANE('',#4660);
#4660 = AXIS2_PLACEMENT_3D('',#4661,#4662,#4663);
#4661 = CARTESIAN_POINT('',(2.25,-4.25,0.2410921491));
#4662 = DIRECTION('',(0.992546151641,4.E-17,0.121869343407));
#4663 = DIRECTION('',(0.121869343407,-3.3E-16,-0.992546151641));
#4664 = ADVANCED_FACE('',(#4665),#4692,.F.);
#4665 = FACE_BOUND('',#4666,.F.);
#4666 = EDGE_LOOP('',(#4667,#4677,#4684,#4685));
#4667 = ORIENTED_EDGE('',*,*,#4668,.T.);
#4668 = EDGE_CURVE('',#4669,#4671,#4673,.T.);
#4669 = VERTEX_POINT('',#4670);
#4670 = CARTESIAN_POINT('',(2.050000000001,-4.25,0.674999999999));
#4671 = VERTEX_POINT('',#4672);
#4672 = CARTESIAN_POINT('',(2.050000000001,-4.6,0.674999999999));
#4673 = LINE('',#4674,#4675);
#4674 = CARTESIAN_POINT('',(2.050000000001,-4.25,0.674999999999));
#4675 = VECTOR('',#4676,1.);
#4676 = DIRECTION('',(-0.,-1.,3.3E-16));
#4677 = ORIENTED_EDGE('',*,*,#4678,.T.);
#4678 = EDGE_CURVE('',#4671,#4639,#4679,.T.);
#4679 = CIRCLE('',#4680,0.161896002983);
#4680 = AXIS2_PLACEMENT_3D('',#4681,#4682,#4683);
#4681 = CARTESIAN_POINT('',(2.053598,-4.6,0.513143983189));
#4682 = DIRECTION('',(0.,1.,-2.2E-16));
#4683 = DIRECTION('',(-1.,0.,0.));
#4684 = ORIENTED_EDGE('',*,*,#4646,.F.);
#4685 = ORIENTED_EDGE('',*,*,#4686,.F.);
#4686 = EDGE_CURVE('',#4669,#4647,#4687,.T.);
#4687 = CIRCLE('',#4688,0.161896002983);
#4688 = AXIS2_PLACEMENT_3D('',#4689,#4690,#4691);
#4689 = CARTESIAN_POINT('',(2.053598,-4.25,0.513143983189));
#4690 = DIRECTION('',(0.,1.,-2.2E-16));
#4691 = DIRECTION('',(-1.,0.,0.));
#4692 = CYLINDRICAL_SURFACE('',#4693,0.161896002983);
#4693 = AXIS2_PLACEMENT_3D('',#4694,#4695,#4696);
#4694 = CARTESIAN_POINT('',(2.053598,-4.25,0.513143983189));
#4695 = DIRECTION('',(-0.,1.,-3.3E-16));
#4696 = DIRECTION('',(-1.,-0.,0.));
#4697 = ADVANCED_FACE('',(#4698),#4723,.T.);
#4698 = FACE_BOUND('',#4699,.F.);
#4699 = EDGE_LOOP('',(#4700,#4710,#4716,#4717));
#4700 = ORIENTED_EDGE('',*,*,#4701,.T.);
#4701 = EDGE_CURVE('',#4702,#4704,#4706,.T.);
#4702 = VERTEX_POINT('',#4703);
#4703 = CARTESIAN_POINT('',(1.95,-4.25,0.674999999999));
#4704 = VERTEX_POINT('',#4705);
#4705 = CARTESIAN_POINT('',(1.95,-4.6,0.674999999999));
#4706 = LINE('',#4707,#4708);
#4707 = CARTESIAN_POINT('',(1.95,-4.25,0.674999999999));
#4708 = VECTOR('',#4709,1.);
#4709 = DIRECTION('',(-0.,-1.,3.3E-16));
#4710 = ORIENTED_EDGE('',*,*,#4711,.T.);
#4711 = EDGE_CURVE('',#4704,#4671,#4712,.T.);
#4712 = LINE('',#4713,#4714);
#4713 = CARTESIAN_POINT('',(1.95,-4.6,0.674999999999));
#4714 = VECTOR('',#4715,1.);
#4715 = DIRECTION('',(1.,0.,0.));
#4716 = ORIENTED_EDGE('',*,*,#4668,.F.);
#4717 = ORIENTED_EDGE('',*,*,#4718,.F.);
#4718 = EDGE_CURVE('',#4702,#4669,#4719,.T.);
#4719 = LINE('',#4720,#4721);
#4720 = CARTESIAN_POINT('',(1.95,-4.25,0.674999999999));
#4721 = VECTOR('',#4722,1.);
#4722 = DIRECTION('',(1.,0.,0.));
#4723 = PLANE('',#4724);
#4724 = AXIS2_PLACEMENT_3D('',#4725,#4726,#4727);
#4725 = CARTESIAN_POINT('',(1.95,-4.25,0.674999999999));
#4726 = DIRECTION('',(-0.,-3.3E-16,-1.));
#4727 = DIRECTION('',(-1.,0.,0.));
#4728 = ADVANCED_FACE('',(#4729),#4754,.T.);
#4729 = FACE_BOUND('',#4730,.F.);
#4730 = EDGE_LOOP('',(#4731,#4741,#4747,#4748));
#4731 = ORIENTED_EDGE('',*,*,#4732,.T.);
#4732 = EDGE_CURVE('',#4733,#4735,#4737,.T.);
#4733 = VERTEX_POINT('',#4734);
#4734 = CARTESIAN_POINT('',(1.95,-4.25,0.875));
#4735 = VERTEX_POINT('',#4736);
#4736 = CARTESIAN_POINT('',(1.95,-4.6,0.875));
#4737 = LINE('',#4738,#4739);
#4738 = CARTESIAN_POINT('',(1.95,-4.25,0.875));
#4739 = VECTOR('',#4740,1.);
#4740 = DIRECTION('',(-0.,-1.,3.3E-16));
#4741 = ORIENTED_EDGE('',*,*,#4742,.T.);
#4742 = EDGE_CURVE('',#4735,#4704,#4743,.T.);
#4743 = LINE('',#4744,#4745);
#4744 = CARTESIAN_POINT('',(1.95,-4.6,0.875));
#4745 = VECTOR('',#4746,1.);
#4746 = DIRECTION('',(-0.,-2.2E-16,-1.));
#4747 = ORIENTED_EDGE('',*,*,#4701,.F.);
#4748 = ORIENTED_EDGE('',*,*,#4749,.F.);
#4749 = EDGE_CURVE('',#4733,#4702,#4750,.T.);
#4750 = LINE('',#4751,#4752);
#4751 = CARTESIAN_POINT('',(1.95,-4.25,0.875));
#4752 = VECTOR('',#4753,1.);
#4753 = DIRECTION('',(-0.,-2.2E-16,-1.));
#4754 = PLANE('',#4755);
#4755 = AXIS2_PLACEMENT_3D('',#4756,#4757,#4758);
#4756 = CARTESIAN_POINT('',(1.95,-4.25,0.875));
#4757 = DIRECTION('',(-1.,-0.,-0.));
#4758 = DIRECTION('',(-0.,3.3E-16,1.));
#4759 = ADVANCED_FACE('',(#4760),#4785,.F.);
#4760 = FACE_BOUND('',#4761,.T.);
#4761 = EDGE_LOOP('',(#4762,#4763,#4771,#4779));
#4762 = ORIENTED_EDGE('',*,*,#4732,.T.);
#4763 = ORIENTED_EDGE('',*,*,#4764,.T.);
#4764 = EDGE_CURVE('',#4735,#4765,#4767,.T.);
#4765 = VERTEX_POINT('',#4766);
#4766 = CARTESIAN_POINT('',(2.1,-4.6,0.875));
#4767 = LINE('',#4768,#4769);
#4768 = CARTESIAN_POINT('',(1.95,-4.6,0.875));
#4769 = VECTOR('',#4770,1.);
#4770 = DIRECTION('',(1.,0.,0.));
#4771 = ORIENTED_EDGE('',*,*,#4772,.F.);
#4772 = EDGE_CURVE('',#4773,#4765,#4775,.T.);
#4773 = VERTEX_POINT('',#4774);
#4774 = CARTESIAN_POINT('',(2.1,-4.25,0.875));
#4775 = LINE('',#4776,#4777);
#4776 = CARTESIAN_POINT('',(2.1,-4.25,0.875));
#4777 = VECTOR('',#4778,1.);
#4778 = DIRECTION('',(-0.,-1.,3.3E-16));
#4779 = ORIENTED_EDGE('',*,*,#4780,.F.);
#4780 = EDGE_CURVE('',#4733,#4773,#4781,.T.);
#4781 = LINE('',#4782,#4783);
#4782 = CARTESIAN_POINT('',(1.95,-4.25,0.875));
#4783 = VECTOR('',#4784,1.);
#4784 = DIRECTION('',(1.,0.,0.));
#4785 = PLANE('',#4786);
#4786 = AXIS2_PLACEMENT_3D('',#4787,#4788,#4789);
#4787 = CARTESIAN_POINT('',(1.95,-4.25,0.875));
#4788 = DIRECTION('',(-0.,-3.3E-16,-1.));
#4789 = DIRECTION('',(-1.,0.,0.));
#4790 = ADVANCED_FACE('',(#4791),#4818,.T.);
#4791 = FACE_BOUND('',#4792,.T.);
#4792 = EDGE_LOOP('',(#4793,#4794,#4803,#4811));
#4793 = ORIENTED_EDGE('',*,*,#4772,.T.);
#4794 = ORIENTED_EDGE('',*,*,#4795,.T.);
#4795 = EDGE_CURVE('',#4765,#4796,#4798,.T.);
#4796 = VERTEX_POINT('',#4797);
#4797 = CARTESIAN_POINT('',(2.404266065791,-4.6,0.625797676838));
#4798 = CIRCLE('',#4799,0.310349507779);
#4799 = AXIS2_PLACEMENT_3D('',#4800,#4801,#4802);
#4800 = CARTESIAN_POINT('',(2.1,-4.6,0.564650492221));
#4801 = DIRECTION('',(0.,1.,-2.2E-16));
#4802 = DIRECTION('',(-1.,0.,0.));
#4803 = ORIENTED_EDGE('',*,*,#4804,.F.);
#4804 = EDGE_CURVE('',#4805,#4796,#4807,.T.);
#4805 = VERTEX_POINT('',#4806);
#4806 = CARTESIAN_POINT('',(2.404266065791,-4.25,0.625797676838));
#4807 = LINE('',#4808,#4809);
#4808 = CARTESIAN_POINT('',(2.404266065791,-4.25,0.625797676838));
#4809 = VECTOR('',#4810,1.);
#4810 = DIRECTION('',(-0.,-1.,3.3E-16));
#4811 = ORIENTED_EDGE('',*,*,#4812,.F.);
#4812 = EDGE_CURVE('',#4773,#4805,#4813,.T.);
#4813 = CIRCLE('',#4814,0.310349507779);
#4814 = AXIS2_PLACEMENT_3D('',#4815,#4816,#4817);
#4815 = CARTESIAN_POINT('',(2.1,-4.25,0.564650492221));
#4816 = DIRECTION('',(0.,1.,-2.2E-16));
#4817 = DIRECTION('',(-1.,0.,0.));
#4818 = CYLINDRICAL_SURFACE('',#4819,0.310349507779);
#4819 = AXIS2_PLACEMENT_3D('',#4820,#4821,#4822);
#4820 = CARTESIAN_POINT('',(2.1,-4.25,0.564650492221));
#4821 = DIRECTION('',(-0.,1.,-3.3E-16));
#4822 = DIRECTION('',(-1.,-0.,0.));
#4823 = ADVANCED_FACE('',(#4824),#4840,.T.);
#4824 = FACE_BOUND('',#4825,.F.);
#4825 = EDGE_LOOP('',(#4826,#4827,#4833,#4834));
#4826 = ORIENTED_EDGE('',*,*,#4488,.T.);
#4827 = ORIENTED_EDGE('',*,*,#4828,.T.);
#4828 = EDGE_CURVE('',#4480,#4796,#4829,.T.);
#4829 = LINE('',#4830,#4831);
#4830 = CARTESIAN_POINT('',(2.440826868813,-4.6,0.328033831346));
#4831 = VECTOR('',#4832,1.);
#4832 = DIRECTION('',(-0.121869343405,2.2E-16,0.992546151641));
#4833 = ORIENTED_EDGE('',*,*,#4804,.F.);
#4834 = ORIENTED_EDGE('',*,*,#4835,.F.);
#4835 = EDGE_CURVE('',#4489,#4805,#4836,.T.);
#4836 = LINE('',#4837,#4838);
#4837 = CARTESIAN_POINT('',(2.440826868813,-4.25,0.328033831346));
#4838 = VECTOR('',#4839,1.);
#4839 = DIRECTION('',(-0.121869343405,2.2E-16,0.992546151641));
#4840 = PLANE('',#4841);
#4841 = AXIS2_PLACEMENT_3D('',#4842,#4843,#4844);
#4842 = CARTESIAN_POINT('',(2.440826868813,-4.25,0.328033831346));
#4843 = DIRECTION('',(0.992546151641,4.E-17,0.121869343405));
#4844 = DIRECTION('',(0.121869343405,-3.3E-16,-0.992546151641));
#4845 = ADVANCED_FACE('',(#4846),#4860,.T.);
#4846 = FACE_BOUND('',#4847,.T.);
#4847 = EDGE_LOOP('',(#4848,#4849,#4850,#4851,#4852,#4853,#4854,#4855,
    #4856,#4857,#4858,#4859));
#4848 = ORIENTED_EDGE('',*,*,#4496,.F.);
#4849 = ORIENTED_EDGE('',*,*,#4528,.T.);
#4850 = ORIENTED_EDGE('',*,*,#4559,.T.);
#4851 = ORIENTED_EDGE('',*,*,#4590,.T.);
#4852 = ORIENTED_EDGE('',*,*,#4622,.T.);
#4853 = ORIENTED_EDGE('',*,*,#4654,.T.);
#4854 = ORIENTED_EDGE('',*,*,#4686,.F.);
#4855 = ORIENTED_EDGE('',*,*,#4718,.F.);
#4856 = ORIENTED_EDGE('',*,*,#4749,.F.);
#4857 = ORIENTED_EDGE('',*,*,#4780,.T.);
#4858 = ORIENTED_EDGE('',*,*,#4812,.T.);
#4859 = ORIENTED_EDGE('',*,*,#4835,.F.);
#4860 = PLANE('',#4861);
#4861 = AXIS2_PLACEMENT_3D('',#4862,#4863,#4864);
#4862 = CARTESIAN_POINT('',(2.436235547263,-4.25,0.383511578704));
#4863 = DIRECTION('',(0.,1.,-2.2E-16));
#4864 = DIRECTION('',(0.,-2.2E-16,-1.));
#4865 = ADVANCED_FACE('',(#4866),#4880,.F.);
#4866 = FACE_BOUND('',#4867,.F.);
#4867 = EDGE_LOOP('',(#4868,#4869,#4870,#4871,#4872,#4873,#4874,#4875,
    #4876,#4877,#4878,#4879));
#4868 = ORIENTED_EDGE('',*,*,#4479,.F.);
#4869 = ORIENTED_EDGE('',*,*,#4512,.T.);
#4870 = ORIENTED_EDGE('',*,*,#4543,.T.);
#4871 = ORIENTED_EDGE('',*,*,#4574,.T.);
#4872 = ORIENTED_EDGE('',*,*,#4605,.T.);
#4873 = ORIENTED_EDGE('',*,*,#4638,.T.);
#4874 = ORIENTED_EDGE('',*,*,#4678,.F.);
#4875 = ORIENTED_EDGE('',*,*,#4711,.F.);
#4876 = ORIENTED_EDGE('',*,*,#4742,.F.);
#4877 = ORIENTED_EDGE('',*,*,#4764,.T.);
#4878 = ORIENTED_EDGE('',*,*,#4795,.T.);
#4879 = ORIENTED_EDGE('',*,*,#4828,.F.);
#4880 = PLANE('',#4881);
#4881 = AXIS2_PLACEMENT_3D('',#4882,#4883,#4884);
#4882 = CARTESIAN_POINT('',(2.436235547263,-4.6,0.383511578704));
#4883 = DIRECTION('',(0.,1.,-2.2E-16));
#4884 = DIRECTION('',(0.,-2.2E-16,-1.));
#4885 = ( GEOMETRIC_REPRESENTATION_CONTEXT(3) 
GLOBAL_UNCERTAINTY_ASSIGNED_CONTEXT((#4889)) 
GLOBAL_UNIT_ASSIGNED_CONTEXT((#4886,#4887,#4888)) REPRESENTATION_CONTEXT
('Context #1','3D Context with UNIT and UNCERTAINTY') );
#4886 = ( LENGTH_UNIT() NAMED_UNIT(*) SI_UNIT(.MILLI.,.METRE.) );
#4887 = ( NAMED_UNIT(*) PLANE_ANGLE_UNIT() SI_UNIT($,.RADIAN.) );
#4888 = ( NAMED_UNIT(*) SI_UNIT($,.STERADIAN.) SOLID_ANGLE_UNIT() );
#4889 = UNCERTAINTY_MEASURE_WITH_UNIT(LENGTH_MEASURE(1.E-07),#4886,
  'distance_accuracy_value','confusion accuracy');
#4890 = CONTEXT_DEPENDENT_SHAPE_REPRESENTATION(#4891,#4893);
#4891 = ( REPRESENTATION_RELATIONSHIP('','',#4462,#1765) 
REPRESENTATION_RELATIONSHIP_WITH_TRANSFORMATION(#4892) 
SHAPE_REPRESENTATION_RELATIONSHIP() );
#4892 = ITEM_DEFINED_TRANSFORMATION('','',#11,#1790);
#4893 = PRODUCT_DEFINITION_SHAPE('Placement','Placement of an item',
  #4894);
#4894 = NEXT_ASSEMBLY_USAGE_OCCURRENCE('8','Pad001 (Mirror #1)006','',
  #1760,#4457,$);
#4895 = PRODUCT_RELATED_PRODUCT_CATEGORY('part',$,(#4459));
#4896 = SHAPE_DEFINITION_REPRESENTATION(#4897,#4903);
#4897 = PRODUCT_DEFINITION_SHAPE('','',#4898);
#4898 = PRODUCT_DEFINITION('design','',#4899,#4902);
#4899 = PRODUCT_DEFINITION_FORMATION('','',#4900);
#4900 = PRODUCT('Pad001 (Mirror #1)007','Pad001 (Mirror #1)007','',(
    #4901));
#4901 = PRODUCT_CONTEXT('',#2,'mechanical');
#4902 = PRODUCT_DEFINITION_CONTEXT('part definition',#2,'design');
#4903 = ADVANCED_BREP_SHAPE_REPRESENTATION('',(#11,#4904),#5326);
#4904 = MANIFOLD_SOLID_BREP('',#4905);
#4905 = CLOSED_SHELL('',(#4906,#4948,#4979,#5010,#5041,#5074,#5105,#5138
    ,#5169,#5200,#5231,#5264,#5286,#5306));
#4906 = ADVANCED_FACE('',(#4907),#4943,.F.);
#4907 = FACE_BOUND('',#4908,.F.);
#4908 = EDGE_LOOP('',(#4909,#4919,#4928,#4936));
#4909 = ORIENTED_EDGE('',*,*,#4910,.T.);
#4910 = EDGE_CURVE('',#4911,#4913,#4915,.T.);
#4911 = VERTEX_POINT('',#4912);
#4912 = CARTESIAN_POINT('',(2.55061670936,-4.25,0.223551180309));
#4913 = VERTEX_POINT('',#4914);
#4914 = CARTESIAN_POINT('',(2.55061670936,-4.6,0.223551180309));
#4915 = LINE('',#4916,#4917);
#4916 = CARTESIAN_POINT('',(2.55061670936,-4.25,0.223551180309));
#4917 = VECTOR('',#4918,1.);
#4918 = DIRECTION('',(-0.,-1.,3.3E-16));
#4919 = ORIENTED_EDGE('',*,*,#4920,.T.);
#4920 = EDGE_CURVE('',#4913,#4921,#4923,.T.);
#4921 = VERTEX_POINT('',#4922);
#4922 = CARTESIAN_POINT('',(2.440826868813,-4.6,0.328033831346));
#4923 = CIRCLE('',#4924,0.137039746262);
#4924 = AXIS2_PLACEMENT_3D('',#4925,#4926,#4927);
#4925 = CARTESIAN_POINT('',(2.574436,-4.6,0.358505));
#4926 = DIRECTION('',(0.,1.,-2.2E-16));
#4927 = DIRECTION('',(-1.,0.,0.));
#4928 = ORIENTED_EDGE('',*,*,#4929,.F.);
#4929 = EDGE_CURVE('',#4930,#4921,#4932,.T.);
#4930 = VERTEX_POINT('',#4931);
#4931 = CARTESIAN_POINT('',(2.440826868813,-4.25,0.328033831346));
#4932 = LINE('',#4933,#4934);
#4933 = CARTESIAN_POINT('',(2.440826868813,-4.25,0.328033831346));
#4934 = VECTOR('',#4935,1.);
#4935 = DIRECTION('',(-0.,-1.,3.3E-16));
#4936 = ORIENTED_EDGE('',*,*,#4937,.F.);
#4937 = EDGE_CURVE('',#4911,#4930,#4938,.T.);
#4938 = CIRCLE('',#4939,0.137039746262);
#4939 = AXIS2_PLACEMENT_3D('',#4940,#4941,#4942);
#4940 = CARTESIAN_POINT('',(2.574436,-4.25,0.358505));
#4941 = DIRECTION('',(0.,1.,-2.2E-16));
#4942 = DIRECTION('',(-1.,0.,0.));
#4943 = CYLINDRICAL_SURFACE('',#4944,0.137039746262);
#4944 = AXIS2_PLACEMENT_3D('',#4945,#4946,#4947);
#4945 = CARTESIAN_POINT('',(2.574436,-4.25,0.358505));
#4946 = DIRECTION('',(-0.,1.,-3.3E-16));
#4947 = DIRECTION('',(-1.,-0.,0.));
#4948 = ADVANCED_FACE('',(#4949),#4974,.F.);
#4949 = FACE_BOUND('',#4950,.T.);
#4950 = EDGE_LOOP('',(#4951,#4952,#4960,#4968));
#4951 = ORIENTED_EDGE('',*,*,#4910,.T.);
#4952 = ORIENTED_EDGE('',*,*,#4953,.T.);
#4953 = EDGE_CURVE('',#4913,#4954,#4956,.T.);
#4954 = VERTEX_POINT('',#4955);
#4955 = CARTESIAN_POINT('',(3.,-4.6,0.2));
#4956 = LINE('',#4957,#4958);
#4957 = CARTESIAN_POINT('',(2.55061670936,-4.6,0.223551180309));
#4958 = VECTOR('',#4959,1.);
#4959 = DIRECTION('',(0.998629534755,-1.E-17,-5.233595624292E-02));
#4960 = ORIENTED_EDGE('',*,*,#4961,.F.);
#4961 = EDGE_CURVE('',#4962,#4954,#4964,.T.);
#4962 = VERTEX_POINT('',#4963);
#4963 = CARTESIAN_POINT('',(3.,-4.25,0.2));
#4964 = LINE('',#4965,#4966);
#4965 = CARTESIAN_POINT('',(3.,-4.25,0.2));
#4966 = VECTOR('',#4967,1.);
#4967 = DIRECTION('',(-0.,-1.,3.3E-16));
#4968 = ORIENTED_EDGE('',*,*,#4969,.F.);
#4969 = EDGE_CURVE('',#4911,#4962,#4970,.T.);
#4970 = LINE('',#4971,#4972);
#4971 = CARTESIAN_POINT('',(2.55061670936,-4.25,0.223551180309));
#4972 = VECTOR('',#4973,1.);
#4973 = DIRECTION('',(0.998629534755,-1.E-17,-5.233595624292E-02));
#4974 = PLANE('',#4975);
#4975 = AXIS2_PLACEMENT_3D('',#4976,#4977,#4978);
#4976 = CARTESIAN_POINT('',(2.55061670936,-4.25,0.223551180309));
#4977 = DIRECTION('',(-5.233595624292E-02,-3.3E-16,-0.998629534755));
#4978 = DIRECTION('',(-0.998629534755,2.E-17,5.233595624292E-02));
#4979 = ADVANCED_FACE('',(#4980),#5005,.F.);
#4980 = FACE_BOUND('',#4981,.T.);
#4981 = EDGE_LOOP('',(#4982,#4983,#4991,#4999));
#4982 = ORIENTED_EDGE('',*,*,#4961,.T.);
#4983 = ORIENTED_EDGE('',*,*,#4984,.T.);
#4984 = EDGE_CURVE('',#4954,#4985,#4987,.T.);
#4985 = VERTEX_POINT('',#4986);
#4986 = CARTESIAN_POINT('',(3.,-4.6,2.E-15));
#4987 = LINE('',#4988,#4989);
#4988 = CARTESIAN_POINT('',(3.,-4.6,0.2));
#4989 = VECTOR('',#4990,1.);
#4990 = DIRECTION('',(-0.,-2.2E-16,-1.));
#4991 = ORIENTED_EDGE('',*,*,#4992,.F.);
#4992 = EDGE_CURVE('',#4993,#4985,#4995,.T.);
#4993 = VERTEX_POINT('',#4994);
#4994 = CARTESIAN_POINT('',(3.,-4.25,2.E-15));
#4995 = LINE('',#4996,#4997);
#4996 = CARTESIAN_POINT('',(3.,-4.25,9.4E-16));
#4997 = VECTOR('',#4998,1.);
#4998 = DIRECTION('',(-0.,-1.,3.3E-16));
#4999 = ORIENTED_EDGE('',*,*,#5000,.F.);
#5000 = EDGE_CURVE('',#4962,#4993,#5001,.T.);
#5001 = LINE('',#5002,#5003);
#5002 = CARTESIAN_POINT('',(3.,-4.25,0.2));
#5003 = VECTOR('',#5004,1.);
#5004 = DIRECTION('',(-0.,-2.2E-16,-1.));
#5005 = PLANE('',#5006);
#5006 = AXIS2_PLACEMENT_3D('',#5007,#5008,#5009);
#5007 = CARTESIAN_POINT('',(3.,-4.25,0.2));
#5008 = DIRECTION('',(-1.,-0.,-0.));
#5009 = DIRECTION('',(-0.,3.3E-16,1.));
#5010 = ADVANCED_FACE('',(#5011),#5036,.F.);
#5011 = FACE_BOUND('',#5012,.T.);
#5012 = EDGE_LOOP('',(#5013,#5014,#5022,#5030));
#5013 = ORIENTED_EDGE('',*,*,#4992,.T.);
#5014 = ORIENTED_EDGE('',*,*,#5015,.T.);
#5015 = EDGE_CURVE('',#4985,#5016,#5018,.T.);
#5016 = VERTEX_POINT('',#5017);
#5017 = CARTESIAN_POINT('',(2.500685232623,-4.6,2.616797812147E-02));
#5018 = LINE('',#5019,#5020);
#5019 = CARTESIAN_POINT('',(3.,-4.6,1.E-15));
#5020 = VECTOR('',#5021,1.);
#5021 = DIRECTION('',(-0.998629534755,1.E-17,5.233595624292E-02));
#5022 = ORIENTED_EDGE('',*,*,#5023,.F.);
#5023 = EDGE_CURVE('',#5024,#5016,#5026,.T.);
#5024 = VERTEX_POINT('',#5025);
#5025 = CARTESIAN_POINT('',(2.500685232623,-4.25,2.616797812147E-02));
#5026 = LINE('',#5027,#5028);
#5027 = CARTESIAN_POINT('',(2.500685232623,-4.25,2.616797812147E-02));
#5028 = VECTOR('',#5029,1.);
#5029 = DIRECTION('',(-0.,-1.,3.3E-16));
#5030 = ORIENTED_EDGE('',*,*,#5031,.F.);
#5031 = EDGE_CURVE('',#4993,#5024,#5032,.T.);
#5032 = LINE('',#5033,#5034);
#5033 = CARTESIAN_POINT('',(3.,-4.25,4.7E-16));
#5034 = VECTOR('',#5035,1.);
#5035 = DIRECTION('',(-0.998629534755,1.E-17,5.233595624292E-02));
#5036 = PLANE('',#5037);
#5037 = AXIS2_PLACEMENT_3D('',#5038,#5039,#5040);
#5038 = CARTESIAN_POINT('',(3.,-4.25,9.4E-16));
#5039 = DIRECTION('',(5.233595624292E-02,3.3E-16,0.998629534755));
#5040 = DIRECTION('',(0.998629534755,-2.E-17,-5.233595624292E-02));
#5041 = ADVANCED_FACE('',(#5042),#5069,.T.);
#5042 = FACE_BOUND('',#5043,.T.);
#5043 = EDGE_LOOP('',(#5044,#5045,#5054,#5062));
#5044 = ORIENTED_EDGE('',*,*,#5023,.T.);
#5045 = ORIENTED_EDGE('',*,*,#5046,.T.);
#5046 = EDGE_CURVE('',#5016,#5047,#5049,.T.);
#5047 = VERTEX_POINT('',#5048);
#5048 = CARTESIAN_POINT('',(2.25,-4.6,0.2410921491));
#5049 = CIRCLE('',#5050,0.268233064235);
#5050 = AXIS2_PLACEMENT_3D('',#5051,#5052,#5053);
#5051 = CARTESIAN_POINT('',(2.512939,-4.6,0.294121));
#5052 = DIRECTION('',(0.,1.,-2.2E-16));
#5053 = DIRECTION('',(-1.,0.,0.));
#5054 = ORIENTED_EDGE('',*,*,#5055,.F.);
#5055 = EDGE_CURVE('',#5056,#5047,#5058,.T.);
#5056 = VERTEX_POINT('',#5057);
#5057 = CARTESIAN_POINT('',(2.25,-4.25,0.2410921491));
#5058 = LINE('',#5059,#5060);
#5059 = CARTESIAN_POINT('',(2.25,-4.25,0.2410921491));
#5060 = VECTOR('',#5061,1.);
#5061 = DIRECTION('',(-0.,-1.,3.3E-16));
#5062 = ORIENTED_EDGE('',*,*,#5063,.F.);
#5063 = EDGE_CURVE('',#5024,#5056,#5064,.T.);
#5064 = CIRCLE('',#5065,0.268233064235);
#5065 = AXIS2_PLACEMENT_3D('',#5066,#5067,#5068);
#5066 = CARTESIAN_POINT('',(2.512939,-4.25,0.294121));
#5067 = DIRECTION('',(0.,1.,-2.2E-16));
#5068 = DIRECTION('',(-1.,0.,0.));
#5069 = CYLINDRICAL_SURFACE('',#5070,0.268233064235);
#5070 = AXIS2_PLACEMENT_3D('',#5071,#5072,#5073);
#5071 = CARTESIAN_POINT('',(2.512939,-4.25,0.294121));
#5072 = DIRECTION('',(-0.,1.,-3.3E-16));
#5073 = DIRECTION('',(-1.,-0.,0.));
#5074 = ADVANCED_FACE('',(#5075),#5100,.F.);
#5075 = FACE_BOUND('',#5076,.T.);
#5076 = EDGE_LOOP('',(#5077,#5078,#5086,#5094));
#5077 = ORIENTED_EDGE('',*,*,#5055,.T.);
#5078 = ORIENTED_EDGE('',*,*,#5079,.T.);
#5079 = EDGE_CURVE('',#5047,#5080,#5082,.T.);
#5080 = VERTEX_POINT('',#5081);
#5081 = CARTESIAN_POINT('',(2.213439196978,-4.6,0.538855994594));
#5082 = LINE('',#5083,#5084);
#5083 = CARTESIAN_POINT('',(2.25,-4.6,0.2410921491));
#5084 = VECTOR('',#5085,1.);
#5085 = DIRECTION('',(-0.121869343407,2.2E-16,0.992546151641));
#5086 = ORIENTED_EDGE('',*,*,#5087,.F.);
#5087 = EDGE_CURVE('',#5088,#5080,#5090,.T.);
#5088 = VERTEX_POINT('',#5089);
#5089 = CARTESIAN_POINT('',(2.213439196978,-4.25,0.538855994594));
#5090 = LINE('',#5091,#5092);
#5091 = CARTESIAN_POINT('',(2.213439196978,-4.25,0.538855994594));
#5092 = VECTOR('',#5093,1.);
#5093 = DIRECTION('',(-0.,-1.,3.3E-16));
#5094 = ORIENTED_EDGE('',*,*,#5095,.F.);
#5095 = EDGE_CURVE('',#5056,#5088,#5096,.T.);
#5096 = LINE('',#5097,#5098);
#5097 = CARTESIAN_POINT('',(2.25,-4.25,0.2410921491));
#5098 = VECTOR('',#5099,1.);
#5099 = DIRECTION('',(-0.121869343407,2.2E-16,0.992546151641));
#5100 = PLANE('',#5101);
#5101 = AXIS2_PLACEMENT_3D('',#5102,#5103,#5104);
#5102 = CARTESIAN_POINT('',(2.25,-4.25,0.2410921491));
#5103 = DIRECTION('',(0.992546151641,4.E-17,0.121869343407));
#5104 = DIRECTION('',(0.121869343407,-3.3E-16,-0.992546151641));
#5105 = ADVANCED_FACE('',(#5106),#5133,.F.);
#5106 = FACE_BOUND('',#5107,.F.);
#5107 = EDGE_LOOP('',(#5108,#5118,#5125,#5126));
#5108 = ORIENTED_EDGE('',*,*,#5109,.T.);
#5109 = EDGE_CURVE('',#5110,#5112,#5114,.T.);
#5110 = VERTEX_POINT('',#5111);
#5111 = CARTESIAN_POINT('',(2.050000000001,-4.25,0.674999999999));
#5112 = VERTEX_POINT('',#5113);
#5113 = CARTESIAN_POINT('',(2.050000000001,-4.6,0.674999999999));
#5114 = LINE('',#5115,#5116);
#5115 = CARTESIAN_POINT('',(2.050000000001,-4.25,0.674999999999));
#5116 = VECTOR('',#5117,1.);
#5117 = DIRECTION('',(-0.,-1.,3.3E-16));
#5118 = ORIENTED_EDGE('',*,*,#5119,.T.);
#5119 = EDGE_CURVE('',#5112,#5080,#5120,.T.);
#5120 = CIRCLE('',#5121,0.161896002983);
#5121 = AXIS2_PLACEMENT_3D('',#5122,#5123,#5124);
#5122 = CARTESIAN_POINT('',(2.053598,-4.6,0.513143983189));
#5123 = DIRECTION('',(0.,1.,-2.2E-16));
#5124 = DIRECTION('',(-1.,0.,0.));
#5125 = ORIENTED_EDGE('',*,*,#5087,.F.);
#5126 = ORIENTED_EDGE('',*,*,#5127,.F.);
#5127 = EDGE_CURVE('',#5110,#5088,#5128,.T.);
#5128 = CIRCLE('',#5129,0.161896002983);
#5129 = AXIS2_PLACEMENT_3D('',#5130,#5131,#5132);
#5130 = CARTESIAN_POINT('',(2.053598,-4.25,0.513143983189));
#5131 = DIRECTION('',(0.,1.,-2.2E-16));
#5132 = DIRECTION('',(-1.,0.,0.));
#5133 = CYLINDRICAL_SURFACE('',#5134,0.161896002983);
#5134 = AXIS2_PLACEMENT_3D('',#5135,#5136,#5137);
#5135 = CARTESIAN_POINT('',(2.053598,-4.25,0.513143983189));
#5136 = DIRECTION('',(-0.,1.,-3.3E-16));
#5137 = DIRECTION('',(-1.,-0.,0.));
#5138 = ADVANCED_FACE('',(#5139),#5164,.T.);
#5139 = FACE_BOUND('',#5140,.F.);
#5140 = EDGE_LOOP('',(#5141,#5151,#5157,#5158));
#5141 = ORIENTED_EDGE('',*,*,#5142,.T.);
#5142 = EDGE_CURVE('',#5143,#5145,#5147,.T.);
#5143 = VERTEX_POINT('',#5144);
#5144 = CARTESIAN_POINT('',(1.95,-4.25,0.674999999999));
#5145 = VERTEX_POINT('',#5146);
#5146 = CARTESIAN_POINT('',(1.95,-4.6,0.674999999999));
#5147 = LINE('',#5148,#5149);
#5148 = CARTESIAN_POINT('',(1.95,-4.25,0.674999999999));
#5149 = VECTOR('',#5150,1.);
#5150 = DIRECTION('',(-0.,-1.,3.3E-16));
#5151 = ORIENTED_EDGE('',*,*,#5152,.T.);
#5152 = EDGE_CURVE('',#5145,#5112,#5153,.T.);
#5153 = LINE('',#5154,#5155);
#5154 = CARTESIAN_POINT('',(1.95,-4.6,0.674999999999));
#5155 = VECTOR('',#5156,1.);
#5156 = DIRECTION('',(1.,0.,0.));
#5157 = ORIENTED_EDGE('',*,*,#5109,.F.);
#5158 = ORIENTED_EDGE('',*,*,#5159,.F.);
#5159 = EDGE_CURVE('',#5143,#5110,#5160,.T.);
#5160 = LINE('',#5161,#5162);
#5161 = CARTESIAN_POINT('',(1.95,-4.25,0.674999999999));
#5162 = VECTOR('',#5163,1.);
#5163 = DIRECTION('',(1.,0.,0.));
#5164 = PLANE('',#5165);
#5165 = AXIS2_PLACEMENT_3D('',#5166,#5167,#5168);
#5166 = CARTESIAN_POINT('',(1.95,-4.25,0.674999999999));
#5167 = DIRECTION('',(-0.,-3.3E-16,-1.));
#5168 = DIRECTION('',(-1.,0.,0.));
#5169 = ADVANCED_FACE('',(#5170),#5195,.T.);
#5170 = FACE_BOUND('',#5171,.F.);
#5171 = EDGE_LOOP('',(#5172,#5182,#5188,#5189));
#5172 = ORIENTED_EDGE('',*,*,#5173,.T.);
#5173 = EDGE_CURVE('',#5174,#5176,#5178,.T.);
#5174 = VERTEX_POINT('',#5175);
#5175 = CARTESIAN_POINT('',(1.95,-4.25,0.875));
#5176 = VERTEX_POINT('',#5177);
#5177 = CARTESIAN_POINT('',(1.95,-4.6,0.875));
#5178 = LINE('',#5179,#5180);
#5179 = CARTESIAN_POINT('',(1.95,-4.25,0.875));
#5180 = VECTOR('',#5181,1.);
#5181 = DIRECTION('',(-0.,-1.,3.3E-16));
#5182 = ORIENTED_EDGE('',*,*,#5183,.T.);
#5183 = EDGE_CURVE('',#5176,#5145,#5184,.T.);
#5184 = LINE('',#5185,#5186);
#5185 = CARTESIAN_POINT('',(1.95,-4.6,0.875));
#5186 = VECTOR('',#5187,1.);
#5187 = DIRECTION('',(-0.,-2.2E-16,-1.));
#5188 = ORIENTED_EDGE('',*,*,#5142,.F.);
#5189 = ORIENTED_EDGE('',*,*,#5190,.F.);
#5190 = EDGE_CURVE('',#5174,#5143,#5191,.T.);
#5191 = LINE('',#5192,#5193);
#5192 = CARTESIAN_POINT('',(1.95,-4.25,0.875));
#5193 = VECTOR('',#5194,1.);
#5194 = DIRECTION('',(-0.,-2.2E-16,-1.));
#5195 = PLANE('',#5196);
#5196 = AXIS2_PLACEMENT_3D('',#5197,#5198,#5199);
#5197 = CARTESIAN_POINT('',(1.95,-4.25,0.875));
#5198 = DIRECTION('',(-1.,-0.,-0.));
#5199 = DIRECTION('',(-0.,3.3E-16,1.));
#5200 = ADVANCED_FACE('',(#5201),#5226,.F.);
#5201 = FACE_BOUND('',#5202,.T.);
#5202 = EDGE_LOOP('',(#5203,#5204,#5212,#5220));
#5203 = ORIENTED_EDGE('',*,*,#5173,.T.);
#5204 = ORIENTED_EDGE('',*,*,#5205,.T.);
#5205 = EDGE_CURVE('',#5176,#5206,#5208,.T.);
#5206 = VERTEX_POINT('',#5207);
#5207 = CARTESIAN_POINT('',(2.1,-4.6,0.875));
#5208 = LINE('',#5209,#5210);
#5209 = CARTESIAN_POINT('',(1.95,-4.6,0.875));
#5210 = VECTOR('',#5211,1.);
#5211 = DIRECTION('',(1.,0.,0.));
#5212 = ORIENTED_EDGE('',*,*,#5213,.F.);
#5213 = EDGE_CURVE('',#5214,#5206,#5216,.T.);
#5214 = VERTEX_POINT('',#5215);
#5215 = CARTESIAN_POINT('',(2.1,-4.25,0.875));
#5216 = LINE('',#5217,#5218);
#5217 = CARTESIAN_POINT('',(2.1,-4.25,0.875));
#5218 = VECTOR('',#5219,1.);
#5219 = DIRECTION('',(-0.,-1.,3.3E-16));
#5220 = ORIENTED_EDGE('',*,*,#5221,.F.);
#5221 = EDGE_CURVE('',#5174,#5214,#5222,.T.);
#5222 = LINE('',#5223,#5224);
#5223 = CARTESIAN_POINT('',(1.95,-4.25,0.875));
#5224 = VECTOR('',#5225,1.);
#5225 = DIRECTION('',(1.,0.,0.));
#5226 = PLANE('',#5227);
#5227 = AXIS2_PLACEMENT_3D('',#5228,#5229,#5230);
#5228 = CARTESIAN_POINT('',(1.95,-4.25,0.875));
#5229 = DIRECTION('',(-0.,-3.3E-16,-1.));
#5230 = DIRECTION('',(-1.,0.,0.));
#5231 = ADVANCED_FACE('',(#5232),#5259,.T.);
#5232 = FACE_BOUND('',#5233,.T.);
#5233 = EDGE_LOOP('',(#5234,#5235,#5244,#5252));
#5234 = ORIENTED_EDGE('',*,*,#5213,.T.);
#5235 = ORIENTED_EDGE('',*,*,#5236,.T.);
#5236 = EDGE_CURVE('',#5206,#5237,#5239,.T.);
#5237 = VERTEX_POINT('',#5238);
#5238 = CARTESIAN_POINT('',(2.404266065791,-4.6,0.625797676838));
#5239 = CIRCLE('',#5240,0.310349507779);
#5240 = AXIS2_PLACEMENT_3D('',#5241,#5242,#5243);
#5241 = CARTESIAN_POINT('',(2.1,-4.6,0.564650492221));
#5242 = DIRECTION('',(0.,1.,-2.2E-16));
#5243 = DIRECTION('',(-1.,0.,0.));
#5244 = ORIENTED_EDGE('',*,*,#5245,.F.);
#5245 = EDGE_CURVE('',#5246,#5237,#5248,.T.);
#5246 = VERTEX_POINT('',#5247);
#5247 = CARTESIAN_POINT('',(2.404266065791,-4.25,0.625797676838));
#5248 = LINE('',#5249,#5250);
#5249 = CARTESIAN_POINT('',(2.404266065791,-4.25,0.625797676838));
#5250 = VECTOR('',#5251,1.);
#5251 = DIRECTION('',(-0.,-1.,3.3E-16));
#5252 = ORIENTED_EDGE('',*,*,#5253,.F.);
#5253 = EDGE_CURVE('',#5214,#5246,#5254,.T.);
#5254 = CIRCLE('',#5255,0.310349507779);
#5255 = AXIS2_PLACEMENT_3D('',#5256,#5257,#5258);
#5256 = CARTESIAN_POINT('',(2.1,-4.25,0.564650492221));
#5257 = DIRECTION('',(0.,1.,-2.2E-16));
#5258 = DIRECTION('',(-1.,0.,0.));
#5259 = CYLINDRICAL_SURFACE('',#5260,0.310349507779);
#5260 = AXIS2_PLACEMENT_3D('',#5261,#5262,#5263);
#5261 = CARTESIAN_POINT('',(2.1,-4.25,0.564650492221));
#5262 = DIRECTION('',(-0.,1.,-3.3E-16));
#5263 = DIRECTION('',(-1.,-0.,0.));
#5264 = ADVANCED_FACE('',(#5265),#5281,.T.);
#5265 = FACE_BOUND('',#5266,.F.);
#5266 = EDGE_LOOP('',(#5267,#5268,#5274,#5275));
#5267 = ORIENTED_EDGE('',*,*,#4929,.T.);
#5268 = ORIENTED_EDGE('',*,*,#5269,.T.);
#5269 = EDGE_CURVE('',#4921,#5237,#5270,.T.);
#5270 = LINE('',#5271,#5272);
#5271 = CARTESIAN_POINT('',(2.440826868813,-4.6,0.328033831346));
#5272 = VECTOR('',#5273,1.);
#5273 = DIRECTION('',(-0.121869343405,2.2E-16,0.992546151641));
#5274 = ORIENTED_EDGE('',*,*,#5245,.F.);
#5275 = ORIENTED_EDGE('',*,*,#5276,.F.);
#5276 = EDGE_CURVE('',#4930,#5246,#5277,.T.);
#5277 = LINE('',#5278,#5279);
#5278 = CARTESIAN_POINT('',(2.440826868813,-4.25,0.328033831346));
#5279 = VECTOR('',#5280,1.);
#5280 = DIRECTION('',(-0.121869343405,2.2E-16,0.992546151641));
#5281 = PLANE('',#5282);
#5282 = AXIS2_PLACEMENT_3D('',#5283,#5284,#5285);
#5283 = CARTESIAN_POINT('',(2.440826868813,-4.25,0.328033831346));
#5284 = DIRECTION('',(0.992546151641,4.E-17,0.121869343405));
#5285 = DIRECTION('',(0.121869343405,-3.3E-16,-0.992546151641));
#5286 = ADVANCED_FACE('',(#5287),#5301,.T.);
#5287 = FACE_BOUND('',#5288,.T.);
#5288 = EDGE_LOOP('',(#5289,#5290,#5291,#5292,#5293,#5294,#5295,#5296,
    #5297,#5298,#5299,#5300));
#5289 = ORIENTED_EDGE('',*,*,#4937,.F.);
#5290 = ORIENTED_EDGE('',*,*,#4969,.T.);
#5291 = ORIENTED_EDGE('',*,*,#5000,.T.);
#5292 = ORIENTED_EDGE('',*,*,#5031,.T.);
#5293 = ORIENTED_EDGE('',*,*,#5063,.T.);
#5294 = ORIENTED_EDGE('',*,*,#5095,.T.);
#5295 = ORIENTED_EDGE('',*,*,#5127,.F.);
#5296 = ORIENTED_EDGE('',*,*,#5159,.F.);
#5297 = ORIENTED_EDGE('',*,*,#5190,.F.);
#5298 = ORIENTED_EDGE('',*,*,#5221,.T.);
#5299 = ORIENTED_EDGE('',*,*,#5253,.T.);
#5300 = ORIENTED_EDGE('',*,*,#5276,.F.);
#5301 = PLANE('',#5302);
#5302 = AXIS2_PLACEMENT_3D('',#5303,#5304,#5305);
#5303 = CARTESIAN_POINT('',(2.436235547263,-4.25,0.383511578704));
#5304 = DIRECTION('',(0.,1.,-2.2E-16));
#5305 = DIRECTION('',(0.,-2.2E-16,-1.));
#5306 = ADVANCED_FACE('',(#5307),#5321,.F.);
#5307 = FACE_BOUND('',#5308,.F.);
#5308 = EDGE_LOOP('',(#5309,#5310,#5311,#5312,#5313,#5314,#5315,#5316,
    #5317,#5318,#5319,#5320));
#5309 = ORIENTED_EDGE('',*,*,#4920,.F.);
#5310 = ORIENTED_EDGE('',*,*,#4953,.T.);
#5311 = ORIENTED_EDGE('',*,*,#4984,.T.);
#5312 = ORIENTED_EDGE('',*,*,#5015,.T.);
#5313 = ORIENTED_EDGE('',*,*,#5046,.T.);
#5314 = ORIENTED_EDGE('',*,*,#5079,.T.);
#5315 = ORIENTED_EDGE('',*,*,#5119,.F.);
#5316 = ORIENTED_EDGE('',*,*,#5152,.F.);
#5317 = ORIENTED_EDGE('',*,*,#5183,.F.);
#5318 = ORIENTED_EDGE('',*,*,#5205,.T.);
#5319 = ORIENTED_EDGE('',*,*,#5236,.T.);
#5320 = ORIENTED_EDGE('',*,*,#5269,.F.);
#5321 = PLANE('',#5322);
#5322 = AXIS2_PLACEMENT_3D('',#5323,#5324,#5325);
#5323 = CARTESIAN_POINT('',(2.436235547263,-4.6,0.383511578704));
#5324 = DIRECTION('',(0.,1.,-2.2E-16));
#5325 = DIRECTION('',(0.,-2.2E-16,-1.));
#5326 = ( GEOMETRIC_REPRESENTATION_CONTEXT(3) 
GLOBAL_UNCERTAINTY_ASSIGNED_CONTEXT((#5330)) 
GLOBAL_UNIT_ASSIGNED_CONTEXT((#5327,#5328,#5329)) REPRESENTATION_CONTEXT
('Context #1','3D Context with UNIT and UNCERTAINTY') );
#5327 = ( LENGTH_UNIT() NAMED_UNIT(*) SI_UNIT(.MILLI.,.METRE.) );
#5328 = ( NAMED_UNIT(*) PLANE_ANGLE_UNIT() SI_UNIT($,.RADIAN.) );
#5329 = ( NAMED_UNIT(*) SI_UNIT($,.STERADIAN.) SOLID_ANGLE_UNIT() );
#5330 = UNCERTAINTY_MEASURE_WITH_UNIT(LENGTH_MEASURE(1.E-07),#5327,
  'distance_accuracy_value','confusion accuracy');
#5331 = CONTEXT_DEPENDENT_SHAPE_REPRESENTATION(#5332,#5334);
#5332 = ( REPRESENTATION_RELATIONSHIP('','',#4903,#1765) 
REPRESENTATION_RELATIONSHIP_WITH_TRANSFORMATION(#5333) 
SHAPE_REPRESENTATION_RELATIONSHIP() );
#5333 = ITEM_DEFINED_TRANSFORMATION('','',#11,#1794);
#5334 = PRODUCT_DEFINITION_SHAPE('Placement','Placement of an item',
  #5335);
#5335 = NEXT_ASSEMBLY_USAGE_OCCURRENCE('9','Pad001 (Mirror #1)007','',
  #1760,#4898,$);
#5336 = PRODUCT_RELATED_PRODUCT_CATEGORY('part',$,(#4900));
#5337 = SHAPE_DEFINITION_REPRESENTATION(#5338,#5344);
#5338 = PRODUCT_DEFINITION_SHAPE('','',#5339);
#5339 = PRODUCT_DEFINITION('design','',#5340,#5343);
#5340 = PRODUCT_DEFINITION_FORMATION('','',#5341);
#5341 = PRODUCT('Array001','Array001','',(#5342));
#5342 = PRODUCT_CONTEXT('',#2,'mechanical');
#5343 = PRODUCT_DEFINITION_CONTEXT('part definition',#2,'design');
#5344 = SHAPE_REPRESENTATION('',(#11,#5345,#5349,#5353,#5357,#5361,#5365
    ,#5369,#5373),#5377);
#5345 = AXIS2_PLACEMENT_3D('',#5346,#5347,#5348);
#5346 = CARTESIAN_POINT('',(0.,0.,0.));
#5347 = DIRECTION('',(0.,0.,1.));
#5348 = DIRECTION('',(1.,0.,0.));
#5349 = AXIS2_PLACEMENT_3D('',#5350,#5351,#5352);
#5350 = CARTESIAN_POINT('',(0.,1.27,0.));
#5351 = DIRECTION('',(0.,0.,1.));
#5352 = DIRECTION('',(1.,0.,0.));
#5353 = AXIS2_PLACEMENT_3D('',#5354,#5355,#5356);
#5354 = CARTESIAN_POINT('',(0.,2.54,0.));
#5355 = DIRECTION('',(0.,0.,1.));
#5356 = DIRECTION('',(1.,0.,0.));
#5357 = AXIS2_PLACEMENT_3D('',#5358,#5359,#5360);
#5358 = CARTESIAN_POINT('',(0.,3.81,0.));
#5359 = DIRECTION('',(0.,0.,1.));
#5360 = DIRECTION('',(1.,0.,0.));
#5361 = AXIS2_PLACEMENT_3D('',#5362,#5363,#5364);
#5362 = CARTESIAN_POINT('',(0.,5.08,0.));
#5363 = DIRECTION('',(0.,0.,1.));
#5364 = DIRECTION('',(1.,0.,0.));
#5365 = AXIS2_PLACEMENT_3D('',#5366,#5367,#5368);
#5366 = CARTESIAN_POINT('',(0.,6.35,0.));
#5367 = DIRECTION('',(0.,0.,1.));
#5368 = DIRECTION('',(1.,0.,0.));
#5369 = AXIS2_PLACEMENT_3D('',#5370,#5371,#5372);
#5370 = CARTESIAN_POINT('',(0.,7.62,0.));
#5371 = DIRECTION('',(0.,0.,1.));
#5372 = DIRECTION('',(1.,0.,0.));
#5373 = AXIS2_PLACEMENT_3D('',#5374,#5375,#5376);
#5374 = CARTESIAN_POINT('',(0.,8.89,0.));
#5375 = DIRECTION('',(0.,0.,1.));
#5376 = DIRECTION('',(1.,0.,0.));
#5377 = ( GEOMETRIC_REPRESENTATION_CONTEXT(3) 
GLOBAL_UNCERTAINTY_ASSIGNED_CONTEXT((#5381)) 
GLOBAL_UNIT_ASSIGNED_CONTEXT((#5378,#5379,#5380)) REPRESENTATION_CONTEXT
('Context #1','3D Context with UNIT and UNCERTAINTY') );
#5378 = ( LENGTH_UNIT() NAMED_UNIT(*) SI_UNIT(.MILLI.,.METRE.) );
#5379 = ( NAMED_UNIT(*) PLANE_ANGLE_UNIT() SI_UNIT($,.RADIAN.) );
#5380 = ( NAMED_UNIT(*) SI_UNIT($,.STERADIAN.) SOLID_ANGLE_UNIT() );
#5381 = UNCERTAINTY_MEASURE_WITH_UNIT(LENGTH_MEASURE(1.E-07),#5378,
  'distance_accuracy_value','confusion accuracy');
#5382 = CONTEXT_DEPENDENT_SHAPE_REPRESENTATION(#5383,#5385);
#5383 = ( REPRESENTATION_RELATIONSHIP('','',#5344,#10) 
REPRESENTATION_RELATIONSHIP_WITH_TRANSFORMATION(#5384) 
SHAPE_REPRESENTATION_RELATIONSHIP() );
#5384 = ITEM_DEFINED_TRANSFORMATION('','',#11,#23);
#5385 = PRODUCT_DEFINITION_SHAPE('Placement','Placement of an item',
  #5386);
#5386 = NEXT_ASSEMBLY_USAGE_OCCURRENCE('19','Array001','',#5,#5339,$);
#5387 = PRODUCT_RELATED_PRODUCT_CATEGORY('part',$,(#5341));
#5388 = SHAPE_DEFINITION_REPRESENTATION(#5389,#5395);
#5389 = PRODUCT_DEFINITION_SHAPE('','',#5390);
#5390 = PRODUCT_DEFINITION('design','',#5391,#5394);
#5391 = PRODUCT_DEFINITION_FORMATION('','',#5392);
#5392 = PRODUCT('Pad001 (Mirror #2)','Pad001 (Mirror #2)','',(#5393));
#5393 = PRODUCT_CONTEXT('',#2,'mechanical');
#5394 = PRODUCT_DEFINITION_CONTEXT('part definition',#2,'design');
#5395 = ADVANCED_BREP_SHAPE_REPRESENTATION('',(#11,#5396),#5818);
#5396 = MANIFOLD_SOLID_BREP('',#5397);
#5397 = CLOSED_SHELL('',(#5398,#5440,#5471,#5502,#5533,#5566,#5597,#5630
    ,#5661,#5692,#5723,#5756,#5778,#5798));
#5398 = ADVANCED_FACE('',(#5399),#5435,.F.);
#5399 = FACE_BOUND('',#5400,.F.);
#5400 = EDGE_LOOP('',(#5401,#5412,#5420,#5429));
#5401 = ORIENTED_EDGE('',*,*,#5402,.T.);
#5402 = EDGE_CURVE('',#5403,#5405,#5407,.T.);
#5403 = VERTEX_POINT('',#5404);
#5404 = CARTESIAN_POINT('',(-2.55061670936,-4.25,0.223551180309));
#5405 = VERTEX_POINT('',#5406);
#5406 = CARTESIAN_POINT('',(-2.440826868813,-4.25,0.328033831346));
#5407 = CIRCLE('',#5408,0.137039746262);
#5408 = AXIS2_PLACEMENT_3D('',#5409,#5410,#5411);
#5409 = CARTESIAN_POINT('',(-2.574436,-4.25,0.358505));
#5410 = DIRECTION('',(0.,-1.,2.2E-16));
#5411 = DIRECTION('',(1.,0.,0.));
#5412 = ORIENTED_EDGE('',*,*,#5413,.T.);
#5413 = EDGE_CURVE('',#5405,#5414,#5416,.T.);
#5414 = VERTEX_POINT('',#5415);
#5415 = CARTESIAN_POINT('',(-2.440826868813,-4.6,0.328033831346));
#5416 = LINE('',#5417,#5418);
#5417 = CARTESIAN_POINT('',(-2.440826868813,-4.25,0.328033831346));
#5418 = VECTOR('',#5419,1.);
#5419 = DIRECTION('',(-0.,-1.,3.3E-16));
#5420 = ORIENTED_EDGE('',*,*,#5421,.F.);
#5421 = EDGE_CURVE('',#5422,#5414,#5424,.T.);
#5422 = VERTEX_POINT('',#5423);
#5423 = CARTESIAN_POINT('',(-2.55061670936,-4.6,0.223551180309));
#5424 = CIRCLE('',#5425,0.137039746262);
#5425 = AXIS2_PLACEMENT_3D('',#5426,#5427,#5428);
#5426 = CARTESIAN_POINT('',(-2.574436,-4.6,0.358505));
#5427 = DIRECTION('',(0.,-1.,2.2E-16));
#5428 = DIRECTION('',(1.,0.,0.));
#5429 = ORIENTED_EDGE('',*,*,#5430,.F.);
#5430 = EDGE_CURVE('',#5403,#5422,#5431,.T.);
#5431 = LINE('',#5432,#5433);
#5432 = CARTESIAN_POINT('',(-2.55061670936,-4.25,0.223551180309));
#5433 = VECTOR('',#5434,1.);
#5434 = DIRECTION('',(-0.,-1.,3.3E-16));
#5435 = CYLINDRICAL_SURFACE('',#5436,0.137039746262);
#5436 = AXIS2_PLACEMENT_3D('',#5437,#5438,#5439);
#5437 = CARTESIAN_POINT('',(-2.574436,-4.25,0.358505));
#5438 = DIRECTION('',(-0.,1.,-3.3E-16));
#5439 = DIRECTION('',(1.,0.,-0.));
#5440 = ADVANCED_FACE('',(#5441),#5466,.F.);
#5441 = FACE_BOUND('',#5442,.F.);
#5442 = EDGE_LOOP('',(#5443,#5444,#5452,#5460));
#5443 = ORIENTED_EDGE('',*,*,#5430,.T.);
#5444 = ORIENTED_EDGE('',*,*,#5445,.T.);
#5445 = EDGE_CURVE('',#5422,#5446,#5448,.T.);
#5446 = VERTEX_POINT('',#5447);
#5447 = CARTESIAN_POINT('',(-3.,-4.6,0.2));
#5448 = LINE('',#5449,#5450);
#5449 = CARTESIAN_POINT('',(-2.55061670936,-4.6,0.223551180309));
#5450 = VECTOR('',#5451,1.);
#5451 = DIRECTION('',(-0.998629534755,-1.E-17,-5.233595624292E-02));
#5452 = ORIENTED_EDGE('',*,*,#5453,.F.);
#5453 = EDGE_CURVE('',#5454,#5446,#5456,.T.);
#5454 = VERTEX_POINT('',#5455);
#5455 = CARTESIAN_POINT('',(-3.,-4.25,0.2));
#5456 = LINE('',#5457,#5458);
#5457 = CARTESIAN_POINT('',(-3.,-4.25,0.2));
#5458 = VECTOR('',#5459,1.);
#5459 = DIRECTION('',(-0.,-1.,3.3E-16));
#5460 = ORIENTED_EDGE('',*,*,#5461,.F.);
#5461 = EDGE_CURVE('',#5403,#5454,#5462,.T.);
#5462 = LINE('',#5463,#5464);
#5463 = CARTESIAN_POINT('',(-2.55061670936,-4.25,0.223551180309));
#5464 = VECTOR('',#5465,1.);
#5465 = DIRECTION('',(-0.998629534755,-1.E-17,-5.233595624292E-02));
#5466 = PLANE('',#5467);
#5467 = AXIS2_PLACEMENT_3D('',#5468,#5469,#5470);
#5468 = CARTESIAN_POINT('',(-2.55061670936,-4.25,0.223551180309));
#5469 = DIRECTION('',(5.233595624292E-02,-3.3E-16,-0.998629534755));
#5470 = DIRECTION('',(-0.998629534755,-2.E-17,-5.233595624292E-02));
#5471 = ADVANCED_FACE('',(#5472),#5497,.F.);
#5472 = FACE_BOUND('',#5473,.F.);
#5473 = EDGE_LOOP('',(#5474,#5475,#5483,#5491));
#5474 = ORIENTED_EDGE('',*,*,#5453,.T.);
#5475 = ORIENTED_EDGE('',*,*,#5476,.T.);
#5476 = EDGE_CURVE('',#5446,#5477,#5479,.T.);
#5477 = VERTEX_POINT('',#5478);
#5478 = CARTESIAN_POINT('',(-3.,-4.6,1.E-15));
#5479 = LINE('',#5480,#5481);
#5480 = CARTESIAN_POINT('',(-3.,-4.6,0.2));
#5481 = VECTOR('',#5482,1.);
#5482 = DIRECTION('',(0.,-2.2E-16,-1.));
#5483 = ORIENTED_EDGE('',*,*,#5484,.F.);
#5484 = EDGE_CURVE('',#5485,#5477,#5487,.T.);
#5485 = VERTEX_POINT('',#5486);
#5486 = CARTESIAN_POINT('',(-3.,-4.25,1.E-15));
#5487 = LINE('',#5488,#5489);
#5488 = CARTESIAN_POINT('',(-3.,-4.25,9.4E-16));
#5489 = VECTOR('',#5490,1.);
#5490 = DIRECTION('',(-0.,-1.,3.3E-16));
#5491 = ORIENTED_EDGE('',*,*,#5492,.F.);
#5492 = EDGE_CURVE('',#5454,#5485,#5493,.T.);
#5493 = LINE('',#5494,#5495);
#5494 = CARTESIAN_POINT('',(-3.,-4.25,0.2));
#5495 = VECTOR('',#5496,1.);
#5496 = DIRECTION('',(0.,-2.2E-16,-1.));
#5497 = PLANE('',#5498);
#5498 = AXIS2_PLACEMENT_3D('',#5499,#5500,#5501);
#5499 = CARTESIAN_POINT('',(-3.,-4.25,0.2));
#5500 = DIRECTION('',(1.,-0.,-0.));
#5501 = DIRECTION('',(-0.,-3.3E-16,-1.));
#5502 = ADVANCED_FACE('',(#5503),#5528,.F.);
#5503 = FACE_BOUND('',#5504,.F.);
#5504 = EDGE_LOOP('',(#5505,#5506,#5514,#5522));
#5505 = ORIENTED_EDGE('',*,*,#5484,.T.);
#5506 = ORIENTED_EDGE('',*,*,#5507,.T.);
#5507 = EDGE_CURVE('',#5477,#5508,#5510,.T.);
#5508 = VERTEX_POINT('',#5509);
#5509 = CARTESIAN_POINT('',(-2.500685232623,-4.6,2.616797812147E-02));
#5510 = LINE('',#5511,#5512);
#5511 = CARTESIAN_POINT('',(-3.,-4.6,1.E-15));
#5512 = VECTOR('',#5513,1.);
#5513 = DIRECTION('',(0.998629534755,1.E-17,5.233595624292E-02));
#5514 = ORIENTED_EDGE('',*,*,#5515,.F.);
#5515 = EDGE_CURVE('',#5516,#5508,#5518,.T.);
#5516 = VERTEX_POINT('',#5517);
#5517 = CARTESIAN_POINT('',(-2.500685232623,-4.25,2.616797812147E-02));
#5518 = LINE('',#5519,#5520);
#5519 = CARTESIAN_POINT('',(-2.500685232623,-4.25,2.616797812147E-02));
#5520 = VECTOR('',#5521,1.);
#5521 = DIRECTION('',(-0.,-1.,3.3E-16));
#5522 = ORIENTED_EDGE('',*,*,#5523,.F.);
#5523 = EDGE_CURVE('',#5485,#5516,#5524,.T.);
#5524 = LINE('',#5525,#5526);
#5525 = CARTESIAN_POINT('',(-3.,-4.25,4.7E-16));
#5526 = VECTOR('',#5527,1.);
#5527 = DIRECTION('',(0.998629534755,1.E-17,5.233595624292E-02));
#5528 = PLANE('',#5529);
#5529 = AXIS2_PLACEMENT_3D('',#5530,#5531,#5532);
#5530 = CARTESIAN_POINT('',(-3.,-4.25,9.4E-16));
#5531 = DIRECTION('',(-5.233595624292E-02,3.3E-16,0.998629534755));
#5532 = DIRECTION('',(0.998629534755,2.E-17,5.233595624292E-02));
#5533 = ADVANCED_FACE('',(#5534),#5561,.T.);
#5534 = FACE_BOUND('',#5535,.T.);
#5535 = EDGE_LOOP('',(#5536,#5545,#5553,#5560));
#5536 = ORIENTED_EDGE('',*,*,#5537,.T.);
#5537 = EDGE_CURVE('',#5516,#5538,#5540,.T.);
#5538 = VERTEX_POINT('',#5539);
#5539 = CARTESIAN_POINT('',(-2.25,-4.25,0.2410921491));
#5540 = CIRCLE('',#5541,0.268233064235);
#5541 = AXIS2_PLACEMENT_3D('',#5542,#5543,#5544);
#5542 = CARTESIAN_POINT('',(-2.512939,-4.25,0.294121));
#5543 = DIRECTION('',(0.,-1.,2.2E-16));
#5544 = DIRECTION('',(1.,0.,0.));
#5545 = ORIENTED_EDGE('',*,*,#5546,.T.);
#5546 = EDGE_CURVE('',#5538,#5547,#5549,.T.);
#5547 = VERTEX_POINT('',#5548);
#5548 = CARTESIAN_POINT('',(-2.25,-4.6,0.2410921491));
#5549 = LINE('',#5550,#5551);
#5550 = CARTESIAN_POINT('',(-2.25,-4.25,0.2410921491));
#5551 = VECTOR('',#5552,1.);
#5552 = DIRECTION('',(-0.,-1.,3.3E-16));
#5553 = ORIENTED_EDGE('',*,*,#5554,.F.);
#5554 = EDGE_CURVE('',#5508,#5547,#5555,.T.);
#5555 = CIRCLE('',#5556,0.268233064235);
#5556 = AXIS2_PLACEMENT_3D('',#5557,#5558,#5559);
#5557 = CARTESIAN_POINT('',(-2.512939,-4.6,0.294121));
#5558 = DIRECTION('',(0.,-1.,2.2E-16));
#5559 = DIRECTION('',(1.,0.,0.));
#5560 = ORIENTED_EDGE('',*,*,#5515,.F.);
#5561 = CYLINDRICAL_SURFACE('',#5562,0.268233064235);
#5562 = AXIS2_PLACEMENT_3D('',#5563,#5564,#5565);
#5563 = CARTESIAN_POINT('',(-2.512939,-4.25,0.294121));
#5564 = DIRECTION('',(-0.,1.,-3.3E-16));
#5565 = DIRECTION('',(1.,0.,-0.));
#5566 = ADVANCED_FACE('',(#5567),#5592,.F.);
#5567 = FACE_BOUND('',#5568,.F.);
#5568 = EDGE_LOOP('',(#5569,#5570,#5578,#5586));
#5569 = ORIENTED_EDGE('',*,*,#5546,.T.);
#5570 = ORIENTED_EDGE('',*,*,#5571,.T.);
#5571 = EDGE_CURVE('',#5547,#5572,#5574,.T.);
#5572 = VERTEX_POINT('',#5573);
#5573 = CARTESIAN_POINT('',(-2.213439196978,-4.6,0.538855994594));
#5574 = LINE('',#5575,#5576);
#5575 = CARTESIAN_POINT('',(-2.25,-4.6,0.2410921491));
#5576 = VECTOR('',#5577,1.);
#5577 = DIRECTION('',(0.121869343407,2.2E-16,0.992546151641));
#5578 = ORIENTED_EDGE('',*,*,#5579,.F.);
#5579 = EDGE_CURVE('',#5580,#5572,#5582,.T.);
#5580 = VERTEX_POINT('',#5581);
#5581 = CARTESIAN_POINT('',(-2.213439196978,-4.25,0.538855994594));
#5582 = LINE('',#5583,#5584);
#5583 = CARTESIAN_POINT('',(-2.213439196978,-4.25,0.538855994594));
#5584 = VECTOR('',#5585,1.);
#5585 = DIRECTION('',(-0.,-1.,3.3E-16));
#5586 = ORIENTED_EDGE('',*,*,#5587,.F.);
#5587 = EDGE_CURVE('',#5538,#5580,#5588,.T.);
#5588 = LINE('',#5589,#5590);
#5589 = CARTESIAN_POINT('',(-2.25,-4.25,0.2410921491));
#5590 = VECTOR('',#5591,1.);
#5591 = DIRECTION('',(0.121869343407,2.2E-16,0.992546151641));
#5592 = PLANE('',#5593);
#5593 = AXIS2_PLACEMENT_3D('',#5594,#5595,#5596);
#5594 = CARTESIAN_POINT('',(-2.25,-4.25,0.2410921491));
#5595 = DIRECTION('',(-0.992546151641,4.E-17,0.121869343407));
#5596 = DIRECTION('',(0.121869343407,3.3E-16,0.992546151641));
#5597 = ADVANCED_FACE('',(#5598),#5625,.F.);
#5598 = FACE_BOUND('',#5599,.F.);
#5599 = EDGE_LOOP('',(#5600,#5609,#5610,#5619));
#5600 = ORIENTED_EDGE('',*,*,#5601,.T.);
#5601 = EDGE_CURVE('',#5602,#5580,#5604,.T.);
#5602 = VERTEX_POINT('',#5603);
#5603 = CARTESIAN_POINT('',(-2.050000000001,-4.25,0.674999999999));
#5604 = CIRCLE('',#5605,0.161896002983);
#5605 = AXIS2_PLACEMENT_3D('',#5606,#5607,#5608);
#5606 = CARTESIAN_POINT('',(-2.053598,-4.25,0.513143983189));
#5607 = DIRECTION('',(0.,-1.,2.2E-16));
#5608 = DIRECTION('',(1.,0.,0.));
#5609 = ORIENTED_EDGE('',*,*,#5579,.T.);
#5610 = ORIENTED_EDGE('',*,*,#5611,.F.);
#5611 = EDGE_CURVE('',#5612,#5572,#5614,.T.);
#5612 = VERTEX_POINT('',#5613);
#5613 = CARTESIAN_POINT('',(-2.050000000001,-4.6,0.674999999999));
#5614 = CIRCLE('',#5615,0.161896002983);
#5615 = AXIS2_PLACEMENT_3D('',#5616,#5617,#5618);
#5616 = CARTESIAN_POINT('',(-2.053598,-4.6,0.513143983189));
#5617 = DIRECTION('',(0.,-1.,2.2E-16));
#5618 = DIRECTION('',(1.,0.,0.));
#5619 = ORIENTED_EDGE('',*,*,#5620,.F.);
#5620 = EDGE_CURVE('',#5602,#5612,#5621,.T.);
#5621 = LINE('',#5622,#5623);
#5622 = CARTESIAN_POINT('',(-2.050000000001,-4.25,0.674999999999));
#5623 = VECTOR('',#5624,1.);
#5624 = DIRECTION('',(-0.,-1.,3.3E-16));
#5625 = CYLINDRICAL_SURFACE('',#5626,0.161896002983);
#5626 = AXIS2_PLACEMENT_3D('',#5627,#5628,#5629);
#5627 = CARTESIAN_POINT('',(-2.053598,-4.25,0.513143983189));
#5628 = DIRECTION('',(-0.,1.,-3.3E-16));
#5629 = DIRECTION('',(1.,0.,-0.));
#5630 = ADVANCED_FACE('',(#5631),#5656,.T.);
#5631 = FACE_BOUND('',#5632,.T.);
#5632 = EDGE_LOOP('',(#5633,#5643,#5649,#5650));
#5633 = ORIENTED_EDGE('',*,*,#5634,.T.);
#5634 = EDGE_CURVE('',#5635,#5637,#5639,.T.);
#5635 = VERTEX_POINT('',#5636);
#5636 = CARTESIAN_POINT('',(-1.95,-4.25,0.674999999999));
#5637 = VERTEX_POINT('',#5638);
#5638 = CARTESIAN_POINT('',(-1.95,-4.6,0.674999999999));
#5639 = LINE('',#5640,#5641);
#5640 = CARTESIAN_POINT('',(-1.95,-4.25,0.674999999999));
#5641 = VECTOR('',#5642,1.);
#5642 = DIRECTION('',(-0.,-1.,3.3E-16));
#5643 = ORIENTED_EDGE('',*,*,#5644,.T.);
#5644 = EDGE_CURVE('',#5637,#5612,#5645,.T.);
#5645 = LINE('',#5646,#5647);
#5646 = CARTESIAN_POINT('',(-1.95,-4.6,0.674999999999));
#5647 = VECTOR('',#5648,1.);
#5648 = DIRECTION('',(-1.,-0.,-0.));
#5649 = ORIENTED_EDGE('',*,*,#5620,.F.);
#5650 = ORIENTED_EDGE('',*,*,#5651,.F.);
#5651 = EDGE_CURVE('',#5635,#5602,#5652,.T.);
#5652 = LINE('',#5653,#5654);
#5653 = CARTESIAN_POINT('',(-1.95,-4.25,0.674999999999));
#5654 = VECTOR('',#5655,1.);
#5655 = DIRECTION('',(-1.,-0.,-0.));
#5656 = PLANE('',#5657);
#5657 = AXIS2_PLACEMENT_3D('',#5658,#5659,#5660);
#5658 = CARTESIAN_POINT('',(-1.95,-4.25,0.674999999999));
#5659 = DIRECTION('',(0.,-3.3E-16,-1.));
#5660 = DIRECTION('',(-1.,-0.,0.));
#5661 = ADVANCED_FACE('',(#5662),#5687,.T.);
#5662 = FACE_BOUND('',#5663,.T.);
#5663 = EDGE_LOOP('',(#5664,#5674,#5680,#5681));
#5664 = ORIENTED_EDGE('',*,*,#5665,.T.);
#5665 = EDGE_CURVE('',#5666,#5668,#5670,.T.);
#5666 = VERTEX_POINT('',#5667);
#5667 = CARTESIAN_POINT('',(-1.95,-4.25,0.875));
#5668 = VERTEX_POINT('',#5669);
#5669 = CARTESIAN_POINT('',(-1.95,-4.6,0.875));
#5670 = LINE('',#5671,#5672);
#5671 = CARTESIAN_POINT('',(-1.95,-4.25,0.875));
#5672 = VECTOR('',#5673,1.);
#5673 = DIRECTION('',(-0.,-1.,3.3E-16));
#5674 = ORIENTED_EDGE('',*,*,#5675,.T.);
#5675 = EDGE_CURVE('',#5668,#5637,#5676,.T.);
#5676 = LINE('',#5677,#5678);
#5677 = CARTESIAN_POINT('',(-1.95,-4.6,0.875));
#5678 = VECTOR('',#5679,1.);
#5679 = DIRECTION('',(0.,-2.2E-16,-1.));
#5680 = ORIENTED_EDGE('',*,*,#5634,.F.);
#5681 = ORIENTED_EDGE('',*,*,#5682,.F.);
#5682 = EDGE_CURVE('',#5666,#5635,#5683,.T.);
#5683 = LINE('',#5684,#5685);
#5684 = CARTESIAN_POINT('',(-1.95,-4.25,0.875));
#5685 = VECTOR('',#5686,1.);
#5686 = DIRECTION('',(0.,-2.2E-16,-1.));
#5687 = PLANE('',#5688);
#5688 = AXIS2_PLACEMENT_3D('',#5689,#5690,#5691);
#5689 = CARTESIAN_POINT('',(-1.95,-4.25,0.875));
#5690 = DIRECTION('',(1.,-0.,-0.));
#5691 = DIRECTION('',(-0.,-3.3E-16,-1.));
#5692 = ADVANCED_FACE('',(#5693),#5718,.F.);
#5693 = FACE_BOUND('',#5694,.F.);
#5694 = EDGE_LOOP('',(#5695,#5696,#5704,#5712));
#5695 = ORIENTED_EDGE('',*,*,#5665,.T.);
#5696 = ORIENTED_EDGE('',*,*,#5697,.T.);
#5697 = EDGE_CURVE('',#5668,#5698,#5700,.T.);
#5698 = VERTEX_POINT('',#5699);
#5699 = CARTESIAN_POINT('',(-2.1,-4.6,0.875));
#5700 = LINE('',#5701,#5702);
#5701 = CARTESIAN_POINT('',(-1.95,-4.6,0.875));
#5702 = VECTOR('',#5703,1.);
#5703 = DIRECTION('',(-1.,-0.,-0.));
#5704 = ORIENTED_EDGE('',*,*,#5705,.F.);
#5705 = EDGE_CURVE('',#5706,#5698,#5708,.T.);
#5706 = VERTEX_POINT('',#5707);
#5707 = CARTESIAN_POINT('',(-2.1,-4.25,0.875));
#5708 = LINE('',#5709,#5710);
#5709 = CARTESIAN_POINT('',(-2.1,-4.25,0.875));
#5710 = VECTOR('',#5711,1.);
#5711 = DIRECTION('',(-0.,-1.,3.3E-16));
#5712 = ORIENTED_EDGE('',*,*,#5713,.F.);
#5713 = EDGE_CURVE('',#5666,#5706,#5714,.T.);
#5714 = LINE('',#5715,#5716);
#5715 = CARTESIAN_POINT('',(-1.95,-4.25,0.875));
#5716 = VECTOR('',#5717,1.);
#5717 = DIRECTION('',(-1.,-0.,-0.));
#5718 = PLANE('',#5719);
#5719 = AXIS2_PLACEMENT_3D('',#5720,#5721,#5722);
#5720 = CARTESIAN_POINT('',(-1.95,-4.25,0.875));
#5721 = DIRECTION('',(0.,-3.3E-16,-1.));
#5722 = DIRECTION('',(-1.,-0.,0.));
#5723 = ADVANCED_FACE('',(#5724),#5751,.T.);
#5724 = FACE_BOUND('',#5725,.T.);
#5725 = EDGE_LOOP('',(#5726,#5735,#5743,#5750));
#5726 = ORIENTED_EDGE('',*,*,#5727,.T.);
#5727 = EDGE_CURVE('',#5706,#5728,#5730,.T.);
#5728 = VERTEX_POINT('',#5729);
#5729 = CARTESIAN_POINT('',(-2.404266065791,-4.25,0.625797676838));
#5730 = CIRCLE('',#5731,0.310349507779);
#5731 = AXIS2_PLACEMENT_3D('',#5732,#5733,#5734);
#5732 = CARTESIAN_POINT('',(-2.1,-4.25,0.564650492221));
#5733 = DIRECTION('',(0.,-1.,2.2E-16));
#5734 = DIRECTION('',(1.,0.,0.));
#5735 = ORIENTED_EDGE('',*,*,#5736,.T.);
#5736 = EDGE_CURVE('',#5728,#5737,#5739,.T.);
#5737 = VERTEX_POINT('',#5738);
#5738 = CARTESIAN_POINT('',(-2.404266065791,-4.6,0.625797676838));
#5739 = LINE('',#5740,#5741);
#5740 = CARTESIAN_POINT('',(-2.404266065791,-4.25,0.625797676838));
#5741 = VECTOR('',#5742,1.);
#5742 = DIRECTION('',(-0.,-1.,3.3E-16));
#5743 = ORIENTED_EDGE('',*,*,#5744,.F.);
#5744 = EDGE_CURVE('',#5698,#5737,#5745,.T.);
#5745 = CIRCLE('',#5746,0.310349507779);
#5746 = AXIS2_PLACEMENT_3D('',#5747,#5748,#5749);
#5747 = CARTESIAN_POINT('',(-2.1,-4.6,0.564650492221));
#5748 = DIRECTION('',(0.,-1.,2.2E-16));
#5749 = DIRECTION('',(1.,0.,0.));
#5750 = ORIENTED_EDGE('',*,*,#5705,.F.);
#5751 = CYLINDRICAL_SURFACE('',#5752,0.310349507779);
#5752 = AXIS2_PLACEMENT_3D('',#5753,#5754,#5755);
#5753 = CARTESIAN_POINT('',(-2.1,-4.25,0.564650492221));
#5754 = DIRECTION('',(-0.,1.,-3.3E-16));
#5755 = DIRECTION('',(1.,0.,-0.));
#5756 = ADVANCED_FACE('',(#5757),#5773,.T.);
#5757 = FACE_BOUND('',#5758,.T.);
#5758 = EDGE_LOOP('',(#5759,#5760,#5766,#5767));
#5759 = ORIENTED_EDGE('',*,*,#5413,.T.);
#5760 = ORIENTED_EDGE('',*,*,#5761,.T.);
#5761 = EDGE_CURVE('',#5414,#5737,#5762,.T.);
#5762 = LINE('',#5763,#5764);
#5763 = CARTESIAN_POINT('',(-2.440826868813,-4.6,0.328033831346));
#5764 = VECTOR('',#5765,1.);
#5765 = DIRECTION('',(0.121869343405,2.2E-16,0.992546151641));
#5766 = ORIENTED_EDGE('',*,*,#5736,.F.);
#5767 = ORIENTED_EDGE('',*,*,#5768,.F.);
#5768 = EDGE_CURVE('',#5405,#5728,#5769,.T.);
#5769 = LINE('',#5770,#5771);
#5770 = CARTESIAN_POINT('',(-2.440826868813,-4.25,0.328033831346));
#5771 = VECTOR('',#5772,1.);
#5772 = DIRECTION('',(0.121869343405,2.2E-16,0.992546151641));
#5773 = PLANE('',#5774);
#5774 = AXIS2_PLACEMENT_3D('',#5775,#5776,#5777);
#5775 = CARTESIAN_POINT('',(-2.440826868813,-4.25,0.328033831346));
#5776 = DIRECTION('',(-0.992546151641,4.E-17,0.121869343405));
#5777 = DIRECTION('',(0.121869343405,3.3E-16,0.992546151641));
#5778 = ADVANCED_FACE('',(#5779),#5793,.T.);
#5779 = FACE_BOUND('',#5780,.F.);
#5780 = EDGE_LOOP('',(#5781,#5782,#5783,#5784,#5785,#5786,#5787,#5788,
    #5789,#5790,#5791,#5792));
#5781 = ORIENTED_EDGE('',*,*,#5402,.F.);
#5782 = ORIENTED_EDGE('',*,*,#5461,.T.);
#5783 = ORIENTED_EDGE('',*,*,#5492,.T.);
#5784 = ORIENTED_EDGE('',*,*,#5523,.T.);
#5785 = ORIENTED_EDGE('',*,*,#5537,.T.);
#5786 = ORIENTED_EDGE('',*,*,#5587,.T.);
#5787 = ORIENTED_EDGE('',*,*,#5601,.F.);
#5788 = ORIENTED_EDGE('',*,*,#5651,.F.);
#5789 = ORIENTED_EDGE('',*,*,#5682,.F.);
#5790 = ORIENTED_EDGE('',*,*,#5713,.T.);
#5791 = ORIENTED_EDGE('',*,*,#5727,.T.);
#5792 = ORIENTED_EDGE('',*,*,#5768,.F.);
#5793 = PLANE('',#5794);
#5794 = AXIS2_PLACEMENT_3D('',#5795,#5796,#5797);
#5795 = CARTESIAN_POINT('',(-2.436235547263,-4.25,0.383511578704));
#5796 = DIRECTION('',(0.,1.,-2.2E-16));
#5797 = DIRECTION('',(0.,2.2E-16,1.));
#5798 = ADVANCED_FACE('',(#5799),#5813,.F.);
#5799 = FACE_BOUND('',#5800,.T.);
#5800 = EDGE_LOOP('',(#5801,#5802,#5803,#5804,#5805,#5806,#5807,#5808,
    #5809,#5810,#5811,#5812));
#5801 = ORIENTED_EDGE('',*,*,#5421,.F.);
#5802 = ORIENTED_EDGE('',*,*,#5445,.T.);
#5803 = ORIENTED_EDGE('',*,*,#5476,.T.);
#5804 = ORIENTED_EDGE('',*,*,#5507,.T.);
#5805 = ORIENTED_EDGE('',*,*,#5554,.T.);
#5806 = ORIENTED_EDGE('',*,*,#5571,.T.);
#5807 = ORIENTED_EDGE('',*,*,#5611,.F.);
#5808 = ORIENTED_EDGE('',*,*,#5644,.F.);
#5809 = ORIENTED_EDGE('',*,*,#5675,.F.);
#5810 = ORIENTED_EDGE('',*,*,#5697,.T.);
#5811 = ORIENTED_EDGE('',*,*,#5744,.T.);
#5812 = ORIENTED_EDGE('',*,*,#5761,.F.);
#5813 = PLANE('',#5814);
#5814 = AXIS2_PLACEMENT_3D('',#5815,#5816,#5817);
#5815 = CARTESIAN_POINT('',(-2.436235547263,-4.6,0.383511578704));
#5816 = DIRECTION('',(0.,1.,-2.2E-16));
#5817 = DIRECTION('',(0.,2.2E-16,1.));
#5818 = ( GEOMETRIC_REPRESENTATION_CONTEXT(3) 
GLOBAL_UNCERTAINTY_ASSIGNED_CONTEXT((#5822)) 
GLOBAL_UNIT_ASSIGNED_CONTEXT((#5819,#5820,#5821)) REPRESENTATION_CONTEXT
('Context #1','3D Context with UNIT and UNCERTAINTY') );
#5819 = ( LENGTH_UNIT() NAMED_UNIT(*) SI_UNIT(.MILLI.,.METRE.) );
#5820 = ( NAMED_UNIT(*) PLANE_ANGLE_UNIT() SI_UNIT($,.RADIAN.) );
#5821 = ( NAMED_UNIT(*) SI_UNIT($,.STERADIAN.) SOLID_ANGLE_UNIT() );
#5822 = UNCERTAINTY_MEASURE_WITH_UNIT(LENGTH_MEASURE(1.E-07),#5819,
  'distance_accuracy_value','confusion accuracy');
#5823 = CONTEXT_DEPENDENT_SHAPE_REPRESENTATION(#5824,#5826);
#5824 = ( REPRESENTATION_RELATIONSHIP('','',#5395,#5344) 
REPRESENTATION_RELATIONSHIP_WITH_TRANSFORMATION(#5825) 
SHAPE_REPRESENTATION_RELATIONSHIP() );
#5825 = ITEM_DEFINED_TRANSFORMATION('','',#11,#5345);
#5826 = PRODUCT_DEFINITION_SHAPE('Placement','Placement of an item',
  #5827);
#5827 = NEXT_ASSEMBLY_USAGE_OCCURRENCE('11','Pad001 (Mirror #2)','',
  #5339,#5390,$);
#5828 = PRODUCT_RELATED_PRODUCT_CATEGORY('part',$,(#5392));
#5829 = SHAPE_DEFINITION_REPRESENTATION(#5830,#5836);
#5830 = PRODUCT_DEFINITION_SHAPE('','',#5831);
#5831 = PRODUCT_DEFINITION('design','',#5832,#5835);
#5832 = PRODUCT_DEFINITION_FORMATION('','',#5833);
#5833 = PRODUCT('Pad001 (Mirror #2)001','Pad001 (Mirror #2)001','',(
    #5834));
#5834 = PRODUCT_CONTEXT('',#2,'mechanical');
#5835 = PRODUCT_DEFINITION_CONTEXT('part definition',#2,'design');
#5836 = ADVANCED_BREP_SHAPE_REPRESENTATION('',(#11,#5837),#6259);
#5837 = MANIFOLD_SOLID_BREP('',#5838);
#5838 = CLOSED_SHELL('',(#5839,#5881,#5912,#5943,#5974,#6007,#6038,#6071
    ,#6102,#6133,#6164,#6197,#6219,#6239));
#5839 = ADVANCED_FACE('',(#5840),#5876,.F.);
#5840 = FACE_BOUND('',#5841,.F.);
#5841 = EDGE_LOOP('',(#5842,#5853,#5861,#5870));
#5842 = ORIENTED_EDGE('',*,*,#5843,.T.);
#5843 = EDGE_CURVE('',#5844,#5846,#5848,.T.);
#5844 = VERTEX_POINT('',#5845);
#5845 = CARTESIAN_POINT('',(-2.55061670936,-4.25,0.223551180309));
#5846 = VERTEX_POINT('',#5847);
#5847 = CARTESIAN_POINT('',(-2.440826868813,-4.25,0.328033831346));
#5848 = CIRCLE('',#5849,0.137039746262);
#5849 = AXIS2_PLACEMENT_3D('',#5850,#5851,#5852);
#5850 = CARTESIAN_POINT('',(-2.574436,-4.25,0.358505));
#5851 = DIRECTION('',(0.,-1.,2.2E-16));
#5852 = DIRECTION('',(1.,0.,0.));
#5853 = ORIENTED_EDGE('',*,*,#5854,.T.);
#5854 = EDGE_CURVE('',#5846,#5855,#5857,.T.);
#5855 = VERTEX_POINT('',#5856);
#5856 = CARTESIAN_POINT('',(-2.440826868813,-4.6,0.328033831346));
#5857 = LINE('',#5858,#5859);
#5858 = CARTESIAN_POINT('',(-2.440826868813,-4.25,0.328033831346));
#5859 = VECTOR('',#5860,1.);
#5860 = DIRECTION('',(-0.,-1.,3.3E-16));
#5861 = ORIENTED_EDGE('',*,*,#5862,.F.);
#5862 = EDGE_CURVE('',#5863,#5855,#5865,.T.);
#5863 = VERTEX_POINT('',#5864);
#5864 = CARTESIAN_POINT('',(-2.55061670936,-4.6,0.223551180309));
#5865 = CIRCLE('',#5866,0.137039746262);
#5866 = AXIS2_PLACEMENT_3D('',#5867,#5868,#5869);
#5867 = CARTESIAN_POINT('',(-2.574436,-4.6,0.358505));
#5868 = DIRECTION('',(0.,-1.,2.2E-16));
#5869 = DIRECTION('',(1.,0.,0.));
#5870 = ORIENTED_EDGE('',*,*,#5871,.F.);
#5871 = EDGE_CURVE('',#5844,#5863,#5872,.T.);
#5872 = LINE('',#5873,#5874);
#5873 = CARTESIAN_POINT('',(-2.55061670936,-4.25,0.223551180309));
#5874 = VECTOR('',#5875,1.);
#5875 = DIRECTION('',(-0.,-1.,3.3E-16));
#5876 = CYLINDRICAL_SURFACE('',#5877,0.137039746262);
#5877 = AXIS2_PLACEMENT_3D('',#5878,#5879,#5880);
#5878 = CARTESIAN_POINT('',(-2.574436,-4.25,0.358505));
#5879 = DIRECTION('',(-0.,1.,-3.3E-16));
#5880 = DIRECTION('',(1.,0.,-0.));
#5881 = ADVANCED_FACE('',(#5882),#5907,.F.);
#5882 = FACE_BOUND('',#5883,.F.);
#5883 = EDGE_LOOP('',(#5884,#5885,#5893,#5901));
#5884 = ORIENTED_EDGE('',*,*,#5871,.T.);
#5885 = ORIENTED_EDGE('',*,*,#5886,.T.);
#5886 = EDGE_CURVE('',#5863,#5887,#5889,.T.);
#5887 = VERTEX_POINT('',#5888);
#5888 = CARTESIAN_POINT('',(-3.,-4.6,0.2));
#5889 = LINE('',#5890,#5891);
#5890 = CARTESIAN_POINT('',(-2.55061670936,-4.6,0.223551180309));
#5891 = VECTOR('',#5892,1.);
#5892 = DIRECTION('',(-0.998629534755,-1.E-17,-5.233595624292E-02));
#5893 = ORIENTED_EDGE('',*,*,#5894,.F.);
#5894 = EDGE_CURVE('',#5895,#5887,#5897,.T.);
#5895 = VERTEX_POINT('',#5896);
#5896 = CARTESIAN_POINT('',(-3.,-4.25,0.2));
#5897 = LINE('',#5898,#5899);
#5898 = CARTESIAN_POINT('',(-3.,-4.25,0.2));
#5899 = VECTOR('',#5900,1.);
#5900 = DIRECTION('',(-0.,-1.,3.3E-16));
#5901 = ORIENTED_EDGE('',*,*,#5902,.F.);
#5902 = EDGE_CURVE('',#5844,#5895,#5903,.T.);
#5903 = LINE('',#5904,#5905);
#5904 = CARTESIAN_POINT('',(-2.55061670936,-4.25,0.223551180309));
#5905 = VECTOR('',#5906,1.);
#5906 = DIRECTION('',(-0.998629534755,-1.E-17,-5.233595624292E-02));
#5907 = PLANE('',#5908);
#5908 = AXIS2_PLACEMENT_3D('',#5909,#5910,#5911);
#5909 = CARTESIAN_POINT('',(-2.55061670936,-4.25,0.223551180309));
#5910 = DIRECTION('',(5.233595624292E-02,-3.3E-16,-0.998629534755));
#5911 = DIRECTION('',(-0.998629534755,-2.E-17,-5.233595624292E-02));
#5912 = ADVANCED_FACE('',(#5913),#5938,.F.);
#5913 = FACE_BOUND('',#5914,.F.);
#5914 = EDGE_LOOP('',(#5915,#5916,#5924,#5932));
#5915 = ORIENTED_EDGE('',*,*,#5894,.T.);
#5916 = ORIENTED_EDGE('',*,*,#5917,.T.);
#5917 = EDGE_CURVE('',#5887,#5918,#5920,.T.);
#5918 = VERTEX_POINT('',#5919);
#5919 = CARTESIAN_POINT('',(-3.,-4.6,1.E-15));
#5920 = LINE('',#5921,#5922);
#5921 = CARTESIAN_POINT('',(-3.,-4.6,0.2));
#5922 = VECTOR('',#5923,1.);
#5923 = DIRECTION('',(0.,-2.2E-16,-1.));
#5924 = ORIENTED_EDGE('',*,*,#5925,.F.);
#5925 = EDGE_CURVE('',#5926,#5918,#5928,.T.);
#5926 = VERTEX_POINT('',#5927);
#5927 = CARTESIAN_POINT('',(-3.,-4.25,1.E-15));
#5928 = LINE('',#5929,#5930);
#5929 = CARTESIAN_POINT('',(-3.,-4.25,9.4E-16));
#5930 = VECTOR('',#5931,1.);
#5931 = DIRECTION('',(-0.,-1.,3.3E-16));
#5932 = ORIENTED_EDGE('',*,*,#5933,.F.);
#5933 = EDGE_CURVE('',#5895,#5926,#5934,.T.);
#5934 = LINE('',#5935,#5936);
#5935 = CARTESIAN_POINT('',(-3.,-4.25,0.2));
#5936 = VECTOR('',#5937,1.);
#5937 = DIRECTION('',(0.,-2.2E-16,-1.));
#5938 = PLANE('',#5939);
#5939 = AXIS2_PLACEMENT_3D('',#5940,#5941,#5942);
#5940 = CARTESIAN_POINT('',(-3.,-4.25,0.2));
#5941 = DIRECTION('',(1.,-0.,-0.));
#5942 = DIRECTION('',(-0.,-3.3E-16,-1.));
#5943 = ADVANCED_FACE('',(#5944),#5969,.F.);
#5944 = FACE_BOUND('',#5945,.F.);
#5945 = EDGE_LOOP('',(#5946,#5947,#5955,#5963));
#5946 = ORIENTED_EDGE('',*,*,#5925,.T.);
#5947 = ORIENTED_EDGE('',*,*,#5948,.T.);
#5948 = EDGE_CURVE('',#5918,#5949,#5951,.T.);
#5949 = VERTEX_POINT('',#5950);
#5950 = CARTESIAN_POINT('',(-2.500685232623,-4.6,2.616797812147E-02));
#5951 = LINE('',#5952,#5953);
#5952 = CARTESIAN_POINT('',(-3.,-4.6,1.E-15));
#5953 = VECTOR('',#5954,1.);
#5954 = DIRECTION('',(0.998629534755,1.E-17,5.233595624292E-02));
#5955 = ORIENTED_EDGE('',*,*,#5956,.F.);
#5956 = EDGE_CURVE('',#5957,#5949,#5959,.T.);
#5957 = VERTEX_POINT('',#5958);
#5958 = CARTESIAN_POINT('',(-2.500685232623,-4.25,2.616797812147E-02));
#5959 = LINE('',#5960,#5961);
#5960 = CARTESIAN_POINT('',(-2.500685232623,-4.25,2.616797812147E-02));
#5961 = VECTOR('',#5962,1.);
#5962 = DIRECTION('',(-0.,-1.,3.3E-16));
#5963 = ORIENTED_EDGE('',*,*,#5964,.F.);
#5964 = EDGE_CURVE('',#5926,#5957,#5965,.T.);
#5965 = LINE('',#5966,#5967);
#5966 = CARTESIAN_POINT('',(-3.,-4.25,4.7E-16));
#5967 = VECTOR('',#5968,1.);
#5968 = DIRECTION('',(0.998629534755,1.E-17,5.233595624292E-02));
#5969 = PLANE('',#5970);
#5970 = AXIS2_PLACEMENT_3D('',#5971,#5972,#5973);
#5971 = CARTESIAN_POINT('',(-3.,-4.25,9.4E-16));
#5972 = DIRECTION('',(-5.233595624292E-02,3.3E-16,0.998629534755));
#5973 = DIRECTION('',(0.998629534755,2.E-17,5.233595624292E-02));
#5974 = ADVANCED_FACE('',(#5975),#6002,.T.);
#5975 = FACE_BOUND('',#5976,.T.);
#5976 = EDGE_LOOP('',(#5977,#5986,#5994,#6001));
#5977 = ORIENTED_EDGE('',*,*,#5978,.T.);
#5978 = EDGE_CURVE('',#5957,#5979,#5981,.T.);
#5979 = VERTEX_POINT('',#5980);
#5980 = CARTESIAN_POINT('',(-2.25,-4.25,0.2410921491));
#5981 = CIRCLE('',#5982,0.268233064235);
#5982 = AXIS2_PLACEMENT_3D('',#5983,#5984,#5985);
#5983 = CARTESIAN_POINT('',(-2.512939,-4.25,0.294121));
#5984 = DIRECTION('',(0.,-1.,2.2E-16));
#5985 = DIRECTION('',(1.,0.,0.));
#5986 = ORIENTED_EDGE('',*,*,#5987,.T.);
#5987 = EDGE_CURVE('',#5979,#5988,#5990,.T.);
#5988 = VERTEX_POINT('',#5989);
#5989 = CARTESIAN_POINT('',(-2.25,-4.6,0.2410921491));
#5990 = LINE('',#5991,#5992);
#5991 = CARTESIAN_POINT('',(-2.25,-4.25,0.2410921491));
#5992 = VECTOR('',#5993,1.);
#5993 = DIRECTION('',(-0.,-1.,3.3E-16));
#5994 = ORIENTED_EDGE('',*,*,#5995,.F.);
#5995 = EDGE_CURVE('',#5949,#5988,#5996,.T.);
#5996 = CIRCLE('',#5997,0.268233064235);
#5997 = AXIS2_PLACEMENT_3D('',#5998,#5999,#6000);
#5998 = CARTESIAN_POINT('',(-2.512939,-4.6,0.294121));
#5999 = DIRECTION('',(0.,-1.,2.2E-16));
#6000 = DIRECTION('',(1.,0.,0.));
#6001 = ORIENTED_EDGE('',*,*,#5956,.F.);
#6002 = CYLINDRICAL_SURFACE('',#6003,0.268233064235);
#6003 = AXIS2_PLACEMENT_3D('',#6004,#6005,#6006);
#6004 = CARTESIAN_POINT('',(-2.512939,-4.25,0.294121));
#6005 = DIRECTION('',(-0.,1.,-3.3E-16));
#6006 = DIRECTION('',(1.,0.,-0.));
#6007 = ADVANCED_FACE('',(#6008),#6033,.F.);
#6008 = FACE_BOUND('',#6009,.F.);
#6009 = EDGE_LOOP('',(#6010,#6011,#6019,#6027));
#6010 = ORIENTED_EDGE('',*,*,#5987,.T.);
#6011 = ORIENTED_EDGE('',*,*,#6012,.T.);
#6012 = EDGE_CURVE('',#5988,#6013,#6015,.T.);
#6013 = VERTEX_POINT('',#6014);
#6014 = CARTESIAN_POINT('',(-2.213439196978,-4.6,0.538855994594));
#6015 = LINE('',#6016,#6017);
#6016 = CARTESIAN_POINT('',(-2.25,-4.6,0.2410921491));
#6017 = VECTOR('',#6018,1.);
#6018 = DIRECTION('',(0.121869343407,2.2E-16,0.992546151641));
#6019 = ORIENTED_EDGE('',*,*,#6020,.F.);
#6020 = EDGE_CURVE('',#6021,#6013,#6023,.T.);
#6021 = VERTEX_POINT('',#6022);
#6022 = CARTESIAN_POINT('',(-2.213439196978,-4.25,0.538855994594));
#6023 = LINE('',#6024,#6025);
#6024 = CARTESIAN_POINT('',(-2.213439196978,-4.25,0.538855994594));
#6025 = VECTOR('',#6026,1.);
#6026 = DIRECTION('',(-0.,-1.,3.3E-16));
#6027 = ORIENTED_EDGE('',*,*,#6028,.F.);
#6028 = EDGE_CURVE('',#5979,#6021,#6029,.T.);
#6029 = LINE('',#6030,#6031);
#6030 = CARTESIAN_POINT('',(-2.25,-4.25,0.2410921491));
#6031 = VECTOR('',#6032,1.);
#6032 = DIRECTION('',(0.121869343407,2.2E-16,0.992546151641));
#6033 = PLANE('',#6034);
#6034 = AXIS2_PLACEMENT_3D('',#6035,#6036,#6037);
#6035 = CARTESIAN_POINT('',(-2.25,-4.25,0.2410921491));
#6036 = DIRECTION('',(-0.992546151641,4.E-17,0.121869343407));
#6037 = DIRECTION('',(0.121869343407,3.3E-16,0.992546151641));
#6038 = ADVANCED_FACE('',(#6039),#6066,.F.);
#6039 = FACE_BOUND('',#6040,.F.);
#6040 = EDGE_LOOP('',(#6041,#6050,#6051,#6060));
#6041 = ORIENTED_EDGE('',*,*,#6042,.T.);
#6042 = EDGE_CURVE('',#6043,#6021,#6045,.T.);
#6043 = VERTEX_POINT('',#6044);
#6044 = CARTESIAN_POINT('',(-2.050000000001,-4.25,0.674999999999));
#6045 = CIRCLE('',#6046,0.161896002983);
#6046 = AXIS2_PLACEMENT_3D('',#6047,#6048,#6049);
#6047 = CARTESIAN_POINT('',(-2.053598,-4.25,0.513143983189));
#6048 = DIRECTION('',(0.,-1.,2.2E-16));
#6049 = DIRECTION('',(1.,0.,0.));
#6050 = ORIENTED_EDGE('',*,*,#6020,.T.);
#6051 = ORIENTED_EDGE('',*,*,#6052,.F.);
#6052 = EDGE_CURVE('',#6053,#6013,#6055,.T.);
#6053 = VERTEX_POINT('',#6054);
#6054 = CARTESIAN_POINT('',(-2.050000000001,-4.6,0.674999999999));
#6055 = CIRCLE('',#6056,0.161896002983);
#6056 = AXIS2_PLACEMENT_3D('',#6057,#6058,#6059);
#6057 = CARTESIAN_POINT('',(-2.053598,-4.6,0.513143983189));
#6058 = DIRECTION('',(0.,-1.,2.2E-16));
#6059 = DIRECTION('',(1.,0.,0.));
#6060 = ORIENTED_EDGE('',*,*,#6061,.F.);
#6061 = EDGE_CURVE('',#6043,#6053,#6062,.T.);
#6062 = LINE('',#6063,#6064);
#6063 = CARTESIAN_POINT('',(-2.050000000001,-4.25,0.674999999999));
#6064 = VECTOR('',#6065,1.);
#6065 = DIRECTION('',(-0.,-1.,3.3E-16));
#6066 = CYLINDRICAL_SURFACE('',#6067,0.161896002983);
#6067 = AXIS2_PLACEMENT_3D('',#6068,#6069,#6070);
#6068 = CARTESIAN_POINT('',(-2.053598,-4.25,0.513143983189));
#6069 = DIRECTION('',(-0.,1.,-3.3E-16));
#6070 = DIRECTION('',(1.,0.,-0.));
#6071 = ADVANCED_FACE('',(#6072),#6097,.T.);
#6072 = FACE_BOUND('',#6073,.T.);
#6073 = EDGE_LOOP('',(#6074,#6084,#6090,#6091));
#6074 = ORIENTED_EDGE('',*,*,#6075,.T.);
#6075 = EDGE_CURVE('',#6076,#6078,#6080,.T.);
#6076 = VERTEX_POINT('',#6077);
#6077 = CARTESIAN_POINT('',(-1.95,-4.25,0.674999999999));
#6078 = VERTEX_POINT('',#6079);
#6079 = CARTESIAN_POINT('',(-1.95,-4.6,0.674999999999));
#6080 = LINE('',#6081,#6082);
#6081 = CARTESIAN_POINT('',(-1.95,-4.25,0.674999999999));
#6082 = VECTOR('',#6083,1.);
#6083 = DIRECTION('',(-0.,-1.,3.3E-16));
#6084 = ORIENTED_EDGE('',*,*,#6085,.T.);
#6085 = EDGE_CURVE('',#6078,#6053,#6086,.T.);
#6086 = LINE('',#6087,#6088);
#6087 = CARTESIAN_POINT('',(-1.95,-4.6,0.674999999999));
#6088 = VECTOR('',#6089,1.);
#6089 = DIRECTION('',(-1.,-0.,-0.));
#6090 = ORIENTED_EDGE('',*,*,#6061,.F.);
#6091 = ORIENTED_EDGE('',*,*,#6092,.F.);
#6092 = EDGE_CURVE('',#6076,#6043,#6093,.T.);
#6093 = LINE('',#6094,#6095);
#6094 = CARTESIAN_POINT('',(-1.95,-4.25,0.674999999999));
#6095 = VECTOR('',#6096,1.);
#6096 = DIRECTION('',(-1.,-0.,-0.));
#6097 = PLANE('',#6098);
#6098 = AXIS2_PLACEMENT_3D('',#6099,#6100,#6101);
#6099 = CARTESIAN_POINT('',(-1.95,-4.25,0.674999999999));
#6100 = DIRECTION('',(0.,-3.3E-16,-1.));
#6101 = DIRECTION('',(-1.,-0.,0.));
#6102 = ADVANCED_FACE('',(#6103),#6128,.T.);
#6103 = FACE_BOUND('',#6104,.T.);
#6104 = EDGE_LOOP('',(#6105,#6115,#6121,#6122));
#6105 = ORIENTED_EDGE('',*,*,#6106,.T.);
#6106 = EDGE_CURVE('',#6107,#6109,#6111,.T.);
#6107 = VERTEX_POINT('',#6108);
#6108 = CARTESIAN_POINT('',(-1.95,-4.25,0.875));
#6109 = VERTEX_POINT('',#6110);
#6110 = CARTESIAN_POINT('',(-1.95,-4.6,0.875));
#6111 = LINE('',#6112,#6113);
#6112 = CARTESIAN_POINT('',(-1.95,-4.25,0.875));
#6113 = VECTOR('',#6114,1.);
#6114 = DIRECTION('',(-0.,-1.,3.3E-16));
#6115 = ORIENTED_EDGE('',*,*,#6116,.T.);
#6116 = EDGE_CURVE('',#6109,#6078,#6117,.T.);
#6117 = LINE('',#6118,#6119);
#6118 = CARTESIAN_POINT('',(-1.95,-4.6,0.875));
#6119 = VECTOR('',#6120,1.);
#6120 = DIRECTION('',(0.,-2.2E-16,-1.));
#6121 = ORIENTED_EDGE('',*,*,#6075,.F.);
#6122 = ORIENTED_EDGE('',*,*,#6123,.F.);
#6123 = EDGE_CURVE('',#6107,#6076,#6124,.T.);
#6124 = LINE('',#6125,#6126);
#6125 = CARTESIAN_POINT('',(-1.95,-4.25,0.875));
#6126 = VECTOR('',#6127,1.);
#6127 = DIRECTION('',(0.,-2.2E-16,-1.));
#6128 = PLANE('',#6129);
#6129 = AXIS2_PLACEMENT_3D('',#6130,#6131,#6132);
#6130 = CARTESIAN_POINT('',(-1.95,-4.25,0.875));
#6131 = DIRECTION('',(1.,-0.,-0.));
#6132 = DIRECTION('',(-0.,-3.3E-16,-1.));
#6133 = ADVANCED_FACE('',(#6134),#6159,.F.);
#6134 = FACE_BOUND('',#6135,.F.);
#6135 = EDGE_LOOP('',(#6136,#6137,#6145,#6153));
#6136 = ORIENTED_EDGE('',*,*,#6106,.T.);
#6137 = ORIENTED_EDGE('',*,*,#6138,.T.);
#6138 = EDGE_CURVE('',#6109,#6139,#6141,.T.);
#6139 = VERTEX_POINT('',#6140);
#6140 = CARTESIAN_POINT('',(-2.1,-4.6,0.875));
#6141 = LINE('',#6142,#6143);
#6142 = CARTESIAN_POINT('',(-1.95,-4.6,0.875));
#6143 = VECTOR('',#6144,1.);
#6144 = DIRECTION('',(-1.,-0.,-0.));
#6145 = ORIENTED_EDGE('',*,*,#6146,.F.);
#6146 = EDGE_CURVE('',#6147,#6139,#6149,.T.);
#6147 = VERTEX_POINT('',#6148);
#6148 = CARTESIAN_POINT('',(-2.1,-4.25,0.875));
#6149 = LINE('',#6150,#6151);
#6150 = CARTESIAN_POINT('',(-2.1,-4.25,0.875));
#6151 = VECTOR('',#6152,1.);
#6152 = DIRECTION('',(-0.,-1.,3.3E-16));
#6153 = ORIENTED_EDGE('',*,*,#6154,.F.);
#6154 = EDGE_CURVE('',#6107,#6147,#6155,.T.);
#6155 = LINE('',#6156,#6157);
#6156 = CARTESIAN_POINT('',(-1.95,-4.25,0.875));
#6157 = VECTOR('',#6158,1.);
#6158 = DIRECTION('',(-1.,-0.,-0.));
#6159 = PLANE('',#6160);
#6160 = AXIS2_PLACEMENT_3D('',#6161,#6162,#6163);
#6161 = CARTESIAN_POINT('',(-1.95,-4.25,0.875));
#6162 = DIRECTION('',(0.,-3.3E-16,-1.));
#6163 = DIRECTION('',(-1.,-0.,0.));
#6164 = ADVANCED_FACE('',(#6165),#6192,.T.);
#6165 = FACE_BOUND('',#6166,.T.);
#6166 = EDGE_LOOP('',(#6167,#6176,#6184,#6191));
#6167 = ORIENTED_EDGE('',*,*,#6168,.T.);
#6168 = EDGE_CURVE('',#6147,#6169,#6171,.T.);
#6169 = VERTEX_POINT('',#6170);
#6170 = CARTESIAN_POINT('',(-2.404266065791,-4.25,0.625797676838));
#6171 = CIRCLE('',#6172,0.310349507779);
#6172 = AXIS2_PLACEMENT_3D('',#6173,#6174,#6175);
#6173 = CARTESIAN_POINT('',(-2.1,-4.25,0.564650492221));
#6174 = DIRECTION('',(0.,-1.,2.2E-16));
#6175 = DIRECTION('',(1.,0.,0.));
#6176 = ORIENTED_EDGE('',*,*,#6177,.T.);
#6177 = EDGE_CURVE('',#6169,#6178,#6180,.T.);
#6178 = VERTEX_POINT('',#6179);
#6179 = CARTESIAN_POINT('',(-2.404266065791,-4.6,0.625797676838));
#6180 = LINE('',#6181,#6182);
#6181 = CARTESIAN_POINT('',(-2.404266065791,-4.25,0.625797676838));
#6182 = VECTOR('',#6183,1.);
#6183 = DIRECTION('',(-0.,-1.,3.3E-16));
#6184 = ORIENTED_EDGE('',*,*,#6185,.F.);
#6185 = EDGE_CURVE('',#6139,#6178,#6186,.T.);
#6186 = CIRCLE('',#6187,0.310349507779);
#6187 = AXIS2_PLACEMENT_3D('',#6188,#6189,#6190);
#6188 = CARTESIAN_POINT('',(-2.1,-4.6,0.564650492221));
#6189 = DIRECTION('',(0.,-1.,2.2E-16));
#6190 = DIRECTION('',(1.,0.,0.));
#6191 = ORIENTED_EDGE('',*,*,#6146,.F.);
#6192 = CYLINDRICAL_SURFACE('',#6193,0.310349507779);
#6193 = AXIS2_PLACEMENT_3D('',#6194,#6195,#6196);
#6194 = CARTESIAN_POINT('',(-2.1,-4.25,0.564650492221));
#6195 = DIRECTION('',(-0.,1.,-3.3E-16));
#6196 = DIRECTION('',(1.,0.,-0.));
#6197 = ADVANCED_FACE('',(#6198),#6214,.T.);
#6198 = FACE_BOUND('',#6199,.T.);
#6199 = EDGE_LOOP('',(#6200,#6201,#6207,#6208));
#6200 = ORIENTED_EDGE('',*,*,#5854,.T.);
#6201 = ORIENTED_EDGE('',*,*,#6202,.T.);
#6202 = EDGE_CURVE('',#5855,#6178,#6203,.T.);
#6203 = LINE('',#6204,#6205);
#6204 = CARTESIAN_POINT('',(-2.440826868813,-4.6,0.328033831346));
#6205 = VECTOR('',#6206,1.);
#6206 = DIRECTION('',(0.121869343405,2.2E-16,0.992546151641));
#6207 = ORIENTED_EDGE('',*,*,#6177,.F.);
#6208 = ORIENTED_EDGE('',*,*,#6209,.F.);
#6209 = EDGE_CURVE('',#5846,#6169,#6210,.T.);
#6210 = LINE('',#6211,#6212);
#6211 = CARTESIAN_POINT('',(-2.440826868813,-4.25,0.328033831346));
#6212 = VECTOR('',#6213,1.);
#6213 = DIRECTION('',(0.121869343405,2.2E-16,0.992546151641));
#6214 = PLANE('',#6215);
#6215 = AXIS2_PLACEMENT_3D('',#6216,#6217,#6218);
#6216 = CARTESIAN_POINT('',(-2.440826868813,-4.25,0.328033831346));
#6217 = DIRECTION('',(-0.992546151641,4.E-17,0.121869343405));
#6218 = DIRECTION('',(0.121869343405,3.3E-16,0.992546151641));
#6219 = ADVANCED_FACE('',(#6220),#6234,.T.);
#6220 = FACE_BOUND('',#6221,.F.);
#6221 = EDGE_LOOP('',(#6222,#6223,#6224,#6225,#6226,#6227,#6228,#6229,
    #6230,#6231,#6232,#6233));
#6222 = ORIENTED_EDGE('',*,*,#5843,.F.);
#6223 = ORIENTED_EDGE('',*,*,#5902,.T.);
#6224 = ORIENTED_EDGE('',*,*,#5933,.T.);
#6225 = ORIENTED_EDGE('',*,*,#5964,.T.);
#6226 = ORIENTED_EDGE('',*,*,#5978,.T.);
#6227 = ORIENTED_EDGE('',*,*,#6028,.T.);
#6228 = ORIENTED_EDGE('',*,*,#6042,.F.);
#6229 = ORIENTED_EDGE('',*,*,#6092,.F.);
#6230 = ORIENTED_EDGE('',*,*,#6123,.F.);
#6231 = ORIENTED_EDGE('',*,*,#6154,.T.);
#6232 = ORIENTED_EDGE('',*,*,#6168,.T.);
#6233 = ORIENTED_EDGE('',*,*,#6209,.F.);
#6234 = PLANE('',#6235);
#6235 = AXIS2_PLACEMENT_3D('',#6236,#6237,#6238);
#6236 = CARTESIAN_POINT('',(-2.436235547263,-4.25,0.383511578704));
#6237 = DIRECTION('',(0.,1.,-2.2E-16));
#6238 = DIRECTION('',(0.,2.2E-16,1.));
#6239 = ADVANCED_FACE('',(#6240),#6254,.F.);
#6240 = FACE_BOUND('',#6241,.T.);
#6241 = EDGE_LOOP('',(#6242,#6243,#6244,#6245,#6246,#6247,#6248,#6249,
    #6250,#6251,#6252,#6253));
#6242 = ORIENTED_EDGE('',*,*,#5862,.F.);
#6243 = ORIENTED_EDGE('',*,*,#5886,.T.);
#6244 = ORIENTED_EDGE('',*,*,#5917,.T.);
#6245 = ORIENTED_EDGE('',*,*,#5948,.T.);
#6246 = ORIENTED_EDGE('',*,*,#5995,.T.);
#6247 = ORIENTED_EDGE('',*,*,#6012,.T.);
#6248 = ORIENTED_EDGE('',*,*,#6052,.F.);
#6249 = ORIENTED_EDGE('',*,*,#6085,.F.);
#6250 = ORIENTED_EDGE('',*,*,#6116,.F.);
#6251 = ORIENTED_EDGE('',*,*,#6138,.T.);
#6252 = ORIENTED_EDGE('',*,*,#6185,.T.);
#6253 = ORIENTED_EDGE('',*,*,#6202,.F.);
#6254 = PLANE('',#6255);
#6255 = AXIS2_PLACEMENT_3D('',#6256,#6257,#6258);
#6256 = CARTESIAN_POINT('',(-2.436235547263,-4.6,0.383511578704));
#6257 = DIRECTION('',(0.,1.,-2.2E-16));
#6258 = DIRECTION('',(0.,2.2E-16,1.));
#6259 = ( GEOMETRIC_REPRESENTATION_CONTEXT(3) 
GLOBAL_UNCERTAINTY_ASSIGNED_CONTEXT((#6263)) 
GLOBAL_UNIT_ASSIGNED_CONTEXT((#6260,#6261,#6262)) REPRESENTATION_CONTEXT
('Context #1','3D Context with UNIT and UNCERTAINTY') );
#6260 = ( LENGTH_UNIT() NAMED_UNIT(*) SI_UNIT(.MILLI.,.METRE.) );
#6261 = ( NAMED_UNIT(*) PLANE_ANGLE_UNIT() SI_UNIT($,.RADIAN.) );
#6262 = ( NAMED_UNIT(*) SI_UNIT($,.STERADIAN.) SOLID_ANGLE_UNIT() );
#6263 = UNCERTAINTY_MEASURE_WITH_UNIT(LENGTH_MEASURE(1.E-07),#6260,
  'distance_accuracy_value','confusion accuracy');
#6264 = CONTEXT_DEPENDENT_SHAPE_REPRESENTATION(#6265,#6267);
#6265 = ( REPRESENTATION_RELATIONSHIP('','',#5836,#5344) 
REPRESENTATION_RELATIONSHIP_WITH_TRANSFORMATION(#6266) 
SHAPE_REPRESENTATION_RELATIONSHIP() );
#6266 = ITEM_DEFINED_TRANSFORMATION('','',#11,#5349);
#6267 = PRODUCT_DEFINITION_SHAPE('Placement','Placement of an item',
  #6268);
#6268 = NEXT_ASSEMBLY_USAGE_OCCURRENCE('12','Pad001 (Mirror #2)001','',
  #5339,#5831,$);
#6269 = PRODUCT_RELATED_PRODUCT_CATEGORY('part',$,(#5833));
#6270 = SHAPE_DEFINITION_REPRESENTATION(#6271,#6277);
#6271 = PRODUCT_DEFINITION_SHAPE('','',#6272);
#6272 = PRODUCT_DEFINITION('design','',#6273,#6276);
#6273 = PRODUCT_DEFINITION_FORMATION('','',#6274);
#6274 = PRODUCT('Pad001 (Mirror #2)002','Pad001 (Mirror #2)002','',(
    #6275));
#6275 = PRODUCT_CONTEXT('',#2,'mechanical');
#6276 = PRODUCT_DEFINITION_CONTEXT('part definition',#2,'design');
#6277 = ADVANCED_BREP_SHAPE_REPRESENTATION('',(#11,#6278),#6700);
#6278 = MANIFOLD_SOLID_BREP('',#6279);
#6279 = CLOSED_SHELL('',(#6280,#6322,#6353,#6384,#6415,#6448,#6479,#6512
    ,#6543,#6574,#6605,#6638,#6660,#6680));
#6280 = ADVANCED_FACE('',(#6281),#6317,.F.);
#6281 = FACE_BOUND('',#6282,.F.);
#6282 = EDGE_LOOP('',(#6283,#6294,#6302,#6311));
#6283 = ORIENTED_EDGE('',*,*,#6284,.T.);
#6284 = EDGE_CURVE('',#6285,#6287,#6289,.T.);
#6285 = VERTEX_POINT('',#6286);
#6286 = CARTESIAN_POINT('',(-2.55061670936,-4.25,0.223551180309));
#6287 = VERTEX_POINT('',#6288);
#6288 = CARTESIAN_POINT('',(-2.440826868813,-4.25,0.328033831346));
#6289 = CIRCLE('',#6290,0.137039746262);
#6290 = AXIS2_PLACEMENT_3D('',#6291,#6292,#6293);
#6291 = CARTESIAN_POINT('',(-2.574436,-4.25,0.358505));
#6292 = DIRECTION('',(0.,-1.,2.2E-16));
#6293 = DIRECTION('',(1.,0.,0.));
#6294 = ORIENTED_EDGE('',*,*,#6295,.T.);
#6295 = EDGE_CURVE('',#6287,#6296,#6298,.T.);
#6296 = VERTEX_POINT('',#6297);
#6297 = CARTESIAN_POINT('',(-2.440826868813,-4.6,0.328033831346));
#6298 = LINE('',#6299,#6300);
#6299 = CARTESIAN_POINT('',(-2.440826868813,-4.25,0.328033831346));
#6300 = VECTOR('',#6301,1.);
#6301 = DIRECTION('',(-0.,-1.,3.3E-16));
#6302 = ORIENTED_EDGE('',*,*,#6303,.F.);
#6303 = EDGE_CURVE('',#6304,#6296,#6306,.T.);
#6304 = VERTEX_POINT('',#6305);
#6305 = CARTESIAN_POINT('',(-2.55061670936,-4.6,0.223551180309));
#6306 = CIRCLE('',#6307,0.137039746262);
#6307 = AXIS2_PLACEMENT_3D('',#6308,#6309,#6310);
#6308 = CARTESIAN_POINT('',(-2.574436,-4.6,0.358505));
#6309 = DIRECTION('',(0.,-1.,2.2E-16));
#6310 = DIRECTION('',(1.,0.,0.));
#6311 = ORIENTED_EDGE('',*,*,#6312,.F.);
#6312 = EDGE_CURVE('',#6285,#6304,#6313,.T.);
#6313 = LINE('',#6314,#6315);
#6314 = CARTESIAN_POINT('',(-2.55061670936,-4.25,0.223551180309));
#6315 = VECTOR('',#6316,1.);
#6316 = DIRECTION('',(-0.,-1.,3.3E-16));
#6317 = CYLINDRICAL_SURFACE('',#6318,0.137039746262);
#6318 = AXIS2_PLACEMENT_3D('',#6319,#6320,#6321);
#6319 = CARTESIAN_POINT('',(-2.574436,-4.25,0.358505));
#6320 = DIRECTION('',(-0.,1.,-3.3E-16));
#6321 = DIRECTION('',(1.,0.,-0.));
#6322 = ADVANCED_FACE('',(#6323),#6348,.F.);
#6323 = FACE_BOUND('',#6324,.F.);
#6324 = EDGE_LOOP('',(#6325,#6326,#6334,#6342));
#6325 = ORIENTED_EDGE('',*,*,#6312,.T.);
#6326 = ORIENTED_EDGE('',*,*,#6327,.T.);
#6327 = EDGE_CURVE('',#6304,#6328,#6330,.T.);
#6328 = VERTEX_POINT('',#6329);
#6329 = CARTESIAN_POINT('',(-3.,-4.6,0.2));
#6330 = LINE('',#6331,#6332);
#6331 = CARTESIAN_POINT('',(-2.55061670936,-4.6,0.223551180309));
#6332 = VECTOR('',#6333,1.);
#6333 = DIRECTION('',(-0.998629534755,-1.E-17,-5.233595624292E-02));
#6334 = ORIENTED_EDGE('',*,*,#6335,.F.);
#6335 = EDGE_CURVE('',#6336,#6328,#6338,.T.);
#6336 = VERTEX_POINT('',#6337);
#6337 = CARTESIAN_POINT('',(-3.,-4.25,0.2));
#6338 = LINE('',#6339,#6340);
#6339 = CARTESIAN_POINT('',(-3.,-4.25,0.2));
#6340 = VECTOR('',#6341,1.);
#6341 = DIRECTION('',(-0.,-1.,3.3E-16));
#6342 = ORIENTED_EDGE('',*,*,#6343,.F.);
#6343 = EDGE_CURVE('',#6285,#6336,#6344,.T.);
#6344 = LINE('',#6345,#6346);
#6345 = CARTESIAN_POINT('',(-2.55061670936,-4.25,0.223551180309));
#6346 = VECTOR('',#6347,1.);
#6347 = DIRECTION('',(-0.998629534755,-1.E-17,-5.233595624292E-02));
#6348 = PLANE('',#6349);
#6349 = AXIS2_PLACEMENT_3D('',#6350,#6351,#6352);
#6350 = CARTESIAN_POINT('',(-2.55061670936,-4.25,0.223551180309));
#6351 = DIRECTION('',(5.233595624292E-02,-3.3E-16,-0.998629534755));
#6352 = DIRECTION('',(-0.998629534755,-2.E-17,-5.233595624292E-02));
#6353 = ADVANCED_FACE('',(#6354),#6379,.F.);
#6354 = FACE_BOUND('',#6355,.F.);
#6355 = EDGE_LOOP('',(#6356,#6357,#6365,#6373));
#6356 = ORIENTED_EDGE('',*,*,#6335,.T.);
#6357 = ORIENTED_EDGE('',*,*,#6358,.T.);
#6358 = EDGE_CURVE('',#6328,#6359,#6361,.T.);
#6359 = VERTEX_POINT('',#6360);
#6360 = CARTESIAN_POINT('',(-3.,-4.6,1.E-15));
#6361 = LINE('',#6362,#6363);
#6362 = CARTESIAN_POINT('',(-3.,-4.6,0.2));
#6363 = VECTOR('',#6364,1.);
#6364 = DIRECTION('',(0.,-2.2E-16,-1.));
#6365 = ORIENTED_EDGE('',*,*,#6366,.F.);
#6366 = EDGE_CURVE('',#6367,#6359,#6369,.T.);
#6367 = VERTEX_POINT('',#6368);
#6368 = CARTESIAN_POINT('',(-3.,-4.25,1.E-15));
#6369 = LINE('',#6370,#6371);
#6370 = CARTESIAN_POINT('',(-3.,-4.25,9.4E-16));
#6371 = VECTOR('',#6372,1.);
#6372 = DIRECTION('',(-0.,-1.,3.3E-16));
#6373 = ORIENTED_EDGE('',*,*,#6374,.F.);
#6374 = EDGE_CURVE('',#6336,#6367,#6375,.T.);
#6375 = LINE('',#6376,#6377);
#6376 = CARTESIAN_POINT('',(-3.,-4.25,0.2));
#6377 = VECTOR('',#6378,1.);
#6378 = DIRECTION('',(0.,-2.2E-16,-1.));
#6379 = PLANE('',#6380);
#6380 = AXIS2_PLACEMENT_3D('',#6381,#6382,#6383);
#6381 = CARTESIAN_POINT('',(-3.,-4.25,0.2));
#6382 = DIRECTION('',(1.,-0.,-0.));
#6383 = DIRECTION('',(-0.,-3.3E-16,-1.));
#6384 = ADVANCED_FACE('',(#6385),#6410,.F.);
#6385 = FACE_BOUND('',#6386,.F.);
#6386 = EDGE_LOOP('',(#6387,#6388,#6396,#6404));
#6387 = ORIENTED_EDGE('',*,*,#6366,.T.);
#6388 = ORIENTED_EDGE('',*,*,#6389,.T.);
#6389 = EDGE_CURVE('',#6359,#6390,#6392,.T.);
#6390 = VERTEX_POINT('',#6391);
#6391 = CARTESIAN_POINT('',(-2.500685232623,-4.6,2.616797812147E-02));
#6392 = LINE('',#6393,#6394);
#6393 = CARTESIAN_POINT('',(-3.,-4.6,1.E-15));
#6394 = VECTOR('',#6395,1.);
#6395 = DIRECTION('',(0.998629534755,1.E-17,5.233595624292E-02));
#6396 = ORIENTED_EDGE('',*,*,#6397,.F.);
#6397 = EDGE_CURVE('',#6398,#6390,#6400,.T.);
#6398 = VERTEX_POINT('',#6399);
#6399 = CARTESIAN_POINT('',(-2.500685232623,-4.25,2.616797812147E-02));
#6400 = LINE('',#6401,#6402);
#6401 = CARTESIAN_POINT('',(-2.500685232623,-4.25,2.616797812147E-02));
#6402 = VECTOR('',#6403,1.);
#6403 = DIRECTION('',(-0.,-1.,3.3E-16));
#6404 = ORIENTED_EDGE('',*,*,#6405,.F.);
#6405 = EDGE_CURVE('',#6367,#6398,#6406,.T.);
#6406 = LINE('',#6407,#6408);
#6407 = CARTESIAN_POINT('',(-3.,-4.25,4.7E-16));
#6408 = VECTOR('',#6409,1.);
#6409 = DIRECTION('',(0.998629534755,1.E-17,5.233595624292E-02));
#6410 = PLANE('',#6411);
#6411 = AXIS2_PLACEMENT_3D('',#6412,#6413,#6414);
#6412 = CARTESIAN_POINT('',(-3.,-4.25,9.4E-16));
#6413 = DIRECTION('',(-5.233595624292E-02,3.3E-16,0.998629534755));
#6414 = DIRECTION('',(0.998629534755,2.E-17,5.233595624292E-02));
#6415 = ADVANCED_FACE('',(#6416),#6443,.T.);
#6416 = FACE_BOUND('',#6417,.T.);
#6417 = EDGE_LOOP('',(#6418,#6427,#6435,#6442));
#6418 = ORIENTED_EDGE('',*,*,#6419,.T.);
#6419 = EDGE_CURVE('',#6398,#6420,#6422,.T.);
#6420 = VERTEX_POINT('',#6421);
#6421 = CARTESIAN_POINT('',(-2.25,-4.25,0.2410921491));
#6422 = CIRCLE('',#6423,0.268233064235);
#6423 = AXIS2_PLACEMENT_3D('',#6424,#6425,#6426);
#6424 = CARTESIAN_POINT('',(-2.512939,-4.25,0.294121));
#6425 = DIRECTION('',(0.,-1.,2.2E-16));
#6426 = DIRECTION('',(1.,0.,0.));
#6427 = ORIENTED_EDGE('',*,*,#6428,.T.);
#6428 = EDGE_CURVE('',#6420,#6429,#6431,.T.);
#6429 = VERTEX_POINT('',#6430);
#6430 = CARTESIAN_POINT('',(-2.25,-4.6,0.2410921491));
#6431 = LINE('',#6432,#6433);
#6432 = CARTESIAN_POINT('',(-2.25,-4.25,0.2410921491));
#6433 = VECTOR('',#6434,1.);
#6434 = DIRECTION('',(-0.,-1.,3.3E-16));
#6435 = ORIENTED_EDGE('',*,*,#6436,.F.);
#6436 = EDGE_CURVE('',#6390,#6429,#6437,.T.);
#6437 = CIRCLE('',#6438,0.268233064235);
#6438 = AXIS2_PLACEMENT_3D('',#6439,#6440,#6441);
#6439 = CARTESIAN_POINT('',(-2.512939,-4.6,0.294121));
#6440 = DIRECTION('',(0.,-1.,2.2E-16));
#6441 = DIRECTION('',(1.,0.,0.));
#6442 = ORIENTED_EDGE('',*,*,#6397,.F.);
#6443 = CYLINDRICAL_SURFACE('',#6444,0.268233064235);
#6444 = AXIS2_PLACEMENT_3D('',#6445,#6446,#6447);
#6445 = CARTESIAN_POINT('',(-2.512939,-4.25,0.294121));
#6446 = DIRECTION('',(-0.,1.,-3.3E-16));
#6447 = DIRECTION('',(1.,0.,-0.));
#6448 = ADVANCED_FACE('',(#6449),#6474,.F.);
#6449 = FACE_BOUND('',#6450,.F.);
#6450 = EDGE_LOOP('',(#6451,#6452,#6460,#6468));
#6451 = ORIENTED_EDGE('',*,*,#6428,.T.);
#6452 = ORIENTED_EDGE('',*,*,#6453,.T.);
#6453 = EDGE_CURVE('',#6429,#6454,#6456,.T.);
#6454 = VERTEX_POINT('',#6455);
#6455 = CARTESIAN_POINT('',(-2.213439196978,-4.6,0.538855994594));
#6456 = LINE('',#6457,#6458);
#6457 = CARTESIAN_POINT('',(-2.25,-4.6,0.2410921491));
#6458 = VECTOR('',#6459,1.);
#6459 = DIRECTION('',(0.121869343407,2.2E-16,0.992546151641));
#6460 = ORIENTED_EDGE('',*,*,#6461,.F.);
#6461 = EDGE_CURVE('',#6462,#6454,#6464,.T.);
#6462 = VERTEX_POINT('',#6463);
#6463 = CARTESIAN_POINT('',(-2.213439196978,-4.25,0.538855994594));
#6464 = LINE('',#6465,#6466);
#6465 = CARTESIAN_POINT('',(-2.213439196978,-4.25,0.538855994594));
#6466 = VECTOR('',#6467,1.);
#6467 = DIRECTION('',(-0.,-1.,3.3E-16));
#6468 = ORIENTED_EDGE('',*,*,#6469,.F.);
#6469 = EDGE_CURVE('',#6420,#6462,#6470,.T.);
#6470 = LINE('',#6471,#6472);
#6471 = CARTESIAN_POINT('',(-2.25,-4.25,0.2410921491));
#6472 = VECTOR('',#6473,1.);
#6473 = DIRECTION('',(0.121869343407,2.2E-16,0.992546151641));
#6474 = PLANE('',#6475);
#6475 = AXIS2_PLACEMENT_3D('',#6476,#6477,#6478);
#6476 = CARTESIAN_POINT('',(-2.25,-4.25,0.2410921491));
#6477 = DIRECTION('',(-0.992546151641,4.E-17,0.121869343407));
#6478 = DIRECTION('',(0.121869343407,3.3E-16,0.992546151641));
#6479 = ADVANCED_FACE('',(#6480),#6507,.F.);
#6480 = FACE_BOUND('',#6481,.F.);
#6481 = EDGE_LOOP('',(#6482,#6491,#6492,#6501));
#6482 = ORIENTED_EDGE('',*,*,#6483,.T.);
#6483 = EDGE_CURVE('',#6484,#6462,#6486,.T.);
#6484 = VERTEX_POINT('',#6485);
#6485 = CARTESIAN_POINT('',(-2.050000000001,-4.25,0.674999999999));
#6486 = CIRCLE('',#6487,0.161896002983);
#6487 = AXIS2_PLACEMENT_3D('',#6488,#6489,#6490);
#6488 = CARTESIAN_POINT('',(-2.053598,-4.25,0.513143983189));
#6489 = DIRECTION('',(0.,-1.,2.2E-16));
#6490 = DIRECTION('',(1.,0.,0.));
#6491 = ORIENTED_EDGE('',*,*,#6461,.T.);
#6492 = ORIENTED_EDGE('',*,*,#6493,.F.);
#6493 = EDGE_CURVE('',#6494,#6454,#6496,.T.);
#6494 = VERTEX_POINT('',#6495);
#6495 = CARTESIAN_POINT('',(-2.050000000001,-4.6,0.674999999999));
#6496 = CIRCLE('',#6497,0.161896002983);
#6497 = AXIS2_PLACEMENT_3D('',#6498,#6499,#6500);
#6498 = CARTESIAN_POINT('',(-2.053598,-4.6,0.513143983189));
#6499 = DIRECTION('',(0.,-1.,2.2E-16));
#6500 = DIRECTION('',(1.,0.,0.));
#6501 = ORIENTED_EDGE('',*,*,#6502,.F.);
#6502 = EDGE_CURVE('',#6484,#6494,#6503,.T.);
#6503 = LINE('',#6504,#6505);
#6504 = CARTESIAN_POINT('',(-2.050000000001,-4.25,0.674999999999));
#6505 = VECTOR('',#6506,1.);
#6506 = DIRECTION('',(-0.,-1.,3.3E-16));
#6507 = CYLINDRICAL_SURFACE('',#6508,0.161896002983);
#6508 = AXIS2_PLACEMENT_3D('',#6509,#6510,#6511);
#6509 = CARTESIAN_POINT('',(-2.053598,-4.25,0.513143983189));
#6510 = DIRECTION('',(-0.,1.,-3.3E-16));
#6511 = DIRECTION('',(1.,0.,-0.));
#6512 = ADVANCED_FACE('',(#6513),#6538,.T.);
#6513 = FACE_BOUND('',#6514,.T.);
#6514 = EDGE_LOOP('',(#6515,#6525,#6531,#6532));
#6515 = ORIENTED_EDGE('',*,*,#6516,.T.);
#6516 = EDGE_CURVE('',#6517,#6519,#6521,.T.);
#6517 = VERTEX_POINT('',#6518);
#6518 = CARTESIAN_POINT('',(-1.95,-4.25,0.674999999999));
#6519 = VERTEX_POINT('',#6520);
#6520 = CARTESIAN_POINT('',(-1.95,-4.6,0.674999999999));
#6521 = LINE('',#6522,#6523);
#6522 = CARTESIAN_POINT('',(-1.95,-4.25,0.674999999999));
#6523 = VECTOR('',#6524,1.);
#6524 = DIRECTION('',(-0.,-1.,3.3E-16));
#6525 = ORIENTED_EDGE('',*,*,#6526,.T.);
#6526 = EDGE_CURVE('',#6519,#6494,#6527,.T.);
#6527 = LINE('',#6528,#6529);
#6528 = CARTESIAN_POINT('',(-1.95,-4.6,0.674999999999));
#6529 = VECTOR('',#6530,1.);
#6530 = DIRECTION('',(-1.,-0.,-0.));
#6531 = ORIENTED_EDGE('',*,*,#6502,.F.);
#6532 = ORIENTED_EDGE('',*,*,#6533,.F.);
#6533 = EDGE_CURVE('',#6517,#6484,#6534,.T.);
#6534 = LINE('',#6535,#6536);
#6535 = CARTESIAN_POINT('',(-1.95,-4.25,0.674999999999));
#6536 = VECTOR('',#6537,1.);
#6537 = DIRECTION('',(-1.,-0.,-0.));
#6538 = PLANE('',#6539);
#6539 = AXIS2_PLACEMENT_3D('',#6540,#6541,#6542);
#6540 = CARTESIAN_POINT('',(-1.95,-4.25,0.674999999999));
#6541 = DIRECTION('',(0.,-3.3E-16,-1.));
#6542 = DIRECTION('',(-1.,-0.,0.));
#6543 = ADVANCED_FACE('',(#6544),#6569,.T.);
#6544 = FACE_BOUND('',#6545,.T.);
#6545 = EDGE_LOOP('',(#6546,#6556,#6562,#6563));
#6546 = ORIENTED_EDGE('',*,*,#6547,.T.);
#6547 = EDGE_CURVE('',#6548,#6550,#6552,.T.);
#6548 = VERTEX_POINT('',#6549);
#6549 = CARTESIAN_POINT('',(-1.95,-4.25,0.875));
#6550 = VERTEX_POINT('',#6551);
#6551 = CARTESIAN_POINT('',(-1.95,-4.6,0.875));
#6552 = LINE('',#6553,#6554);
#6553 = CARTESIAN_POINT('',(-1.95,-4.25,0.875));
#6554 = VECTOR('',#6555,1.);
#6555 = DIRECTION('',(-0.,-1.,3.3E-16));
#6556 = ORIENTED_EDGE('',*,*,#6557,.T.);
#6557 = EDGE_CURVE('',#6550,#6519,#6558,.T.);
#6558 = LINE('',#6559,#6560);
#6559 = CARTESIAN_POINT('',(-1.95,-4.6,0.875));
#6560 = VECTOR('',#6561,1.);
#6561 = DIRECTION('',(0.,-2.2E-16,-1.));
#6562 = ORIENTED_EDGE('',*,*,#6516,.F.);
#6563 = ORIENTED_EDGE('',*,*,#6564,.F.);
#6564 = EDGE_CURVE('',#6548,#6517,#6565,.T.);
#6565 = LINE('',#6566,#6567);
#6566 = CARTESIAN_POINT('',(-1.95,-4.25,0.875));
#6567 = VECTOR('',#6568,1.);
#6568 = DIRECTION('',(0.,-2.2E-16,-1.));
#6569 = PLANE('',#6570);
#6570 = AXIS2_PLACEMENT_3D('',#6571,#6572,#6573);
#6571 = CARTESIAN_POINT('',(-1.95,-4.25,0.875));
#6572 = DIRECTION('',(1.,-0.,-0.));
#6573 = DIRECTION('',(-0.,-3.3E-16,-1.));
#6574 = ADVANCED_FACE('',(#6575),#6600,.F.);
#6575 = FACE_BOUND('',#6576,.F.);
#6576 = EDGE_LOOP('',(#6577,#6578,#6586,#6594));
#6577 = ORIENTED_EDGE('',*,*,#6547,.T.);
#6578 = ORIENTED_EDGE('',*,*,#6579,.T.);
#6579 = EDGE_CURVE('',#6550,#6580,#6582,.T.);
#6580 = VERTEX_POINT('',#6581);
#6581 = CARTESIAN_POINT('',(-2.1,-4.6,0.875));
#6582 = LINE('',#6583,#6584);
#6583 = CARTESIAN_POINT('',(-1.95,-4.6,0.875));
#6584 = VECTOR('',#6585,1.);
#6585 = DIRECTION('',(-1.,-0.,-0.));
#6586 = ORIENTED_EDGE('',*,*,#6587,.F.);
#6587 = EDGE_CURVE('',#6588,#6580,#6590,.T.);
#6588 = VERTEX_POINT('',#6589);
#6589 = CARTESIAN_POINT('',(-2.1,-4.25,0.875));
#6590 = LINE('',#6591,#6592);
#6591 = CARTESIAN_POINT('',(-2.1,-4.25,0.875));
#6592 = VECTOR('',#6593,1.);
#6593 = DIRECTION('',(-0.,-1.,3.3E-16));
#6594 = ORIENTED_EDGE('',*,*,#6595,.F.);
#6595 = EDGE_CURVE('',#6548,#6588,#6596,.T.);
#6596 = LINE('',#6597,#6598);
#6597 = CARTESIAN_POINT('',(-1.95,-4.25,0.875));
#6598 = VECTOR('',#6599,1.);
#6599 = DIRECTION('',(-1.,-0.,-0.));
#6600 = PLANE('',#6601);
#6601 = AXIS2_PLACEMENT_3D('',#6602,#6603,#6604);
#6602 = CARTESIAN_POINT('',(-1.95,-4.25,0.875));
#6603 = DIRECTION('',(0.,-3.3E-16,-1.));
#6604 = DIRECTION('',(-1.,-0.,0.));
#6605 = ADVANCED_FACE('',(#6606),#6633,.T.);
#6606 = FACE_BOUND('',#6607,.T.);
#6607 = EDGE_LOOP('',(#6608,#6617,#6625,#6632));
#6608 = ORIENTED_EDGE('',*,*,#6609,.T.);
#6609 = EDGE_CURVE('',#6588,#6610,#6612,.T.);
#6610 = VERTEX_POINT('',#6611);
#6611 = CARTESIAN_POINT('',(-2.404266065791,-4.25,0.625797676838));
#6612 = CIRCLE('',#6613,0.310349507779);
#6613 = AXIS2_PLACEMENT_3D('',#6614,#6615,#6616);
#6614 = CARTESIAN_POINT('',(-2.1,-4.25,0.564650492221));
#6615 = DIRECTION('',(0.,-1.,2.2E-16));
#6616 = DIRECTION('',(1.,0.,0.));
#6617 = ORIENTED_EDGE('',*,*,#6618,.T.);
#6618 = EDGE_CURVE('',#6610,#6619,#6621,.T.);
#6619 = VERTEX_POINT('',#6620);
#6620 = CARTESIAN_POINT('',(-2.404266065791,-4.6,0.625797676838));
#6621 = LINE('',#6622,#6623);
#6622 = CARTESIAN_POINT('',(-2.404266065791,-4.25,0.625797676838));
#6623 = VECTOR('',#6624,1.);
#6624 = DIRECTION('',(-0.,-1.,3.3E-16));
#6625 = ORIENTED_EDGE('',*,*,#6626,.F.);
#6626 = EDGE_CURVE('',#6580,#6619,#6627,.T.);
#6627 = CIRCLE('',#6628,0.310349507779);
#6628 = AXIS2_PLACEMENT_3D('',#6629,#6630,#6631);
#6629 = CARTESIAN_POINT('',(-2.1,-4.6,0.564650492221));
#6630 = DIRECTION('',(0.,-1.,2.2E-16));
#6631 = DIRECTION('',(1.,0.,0.));
#6632 = ORIENTED_EDGE('',*,*,#6587,.F.);
#6633 = CYLINDRICAL_SURFACE('',#6634,0.310349507779);
#6634 = AXIS2_PLACEMENT_3D('',#6635,#6636,#6637);
#6635 = CARTESIAN_POINT('',(-2.1,-4.25,0.564650492221));
#6636 = DIRECTION('',(-0.,1.,-3.3E-16));
#6637 = DIRECTION('',(1.,0.,-0.));
#6638 = ADVANCED_FACE('',(#6639),#6655,.T.);
#6639 = FACE_BOUND('',#6640,.T.);
#6640 = EDGE_LOOP('',(#6641,#6642,#6648,#6649));
#6641 = ORIENTED_EDGE('',*,*,#6295,.T.);
#6642 = ORIENTED_EDGE('',*,*,#6643,.T.);
#6643 = EDGE_CURVE('',#6296,#6619,#6644,.T.);
#6644 = LINE('',#6645,#6646);
#6645 = CARTESIAN_POINT('',(-2.440826868813,-4.6,0.328033831346));
#6646 = VECTOR('',#6647,1.);
#6647 = DIRECTION('',(0.121869343405,2.2E-16,0.992546151641));
#6648 = ORIENTED_EDGE('',*,*,#6618,.F.);
#6649 = ORIENTED_EDGE('',*,*,#6650,.F.);
#6650 = EDGE_CURVE('',#6287,#6610,#6651,.T.);
#6651 = LINE('',#6652,#6653);
#6652 = CARTESIAN_POINT('',(-2.440826868813,-4.25,0.328033831346));
#6653 = VECTOR('',#6654,1.);
#6654 = DIRECTION('',(0.121869343405,2.2E-16,0.992546151641));
#6655 = PLANE('',#6656);
#6656 = AXIS2_PLACEMENT_3D('',#6657,#6658,#6659);
#6657 = CARTESIAN_POINT('',(-2.440826868813,-4.25,0.328033831346));
#6658 = DIRECTION('',(-0.992546151641,4.E-17,0.121869343405));
#6659 = DIRECTION('',(0.121869343405,3.3E-16,0.992546151641));
#6660 = ADVANCED_FACE('',(#6661),#6675,.T.);
#6661 = FACE_BOUND('',#6662,.F.);
#6662 = EDGE_LOOP('',(#6663,#6664,#6665,#6666,#6667,#6668,#6669,#6670,
    #6671,#6672,#6673,#6674));
#6663 = ORIENTED_EDGE('',*,*,#6284,.F.);
#6664 = ORIENTED_EDGE('',*,*,#6343,.T.);
#6665 = ORIENTED_EDGE('',*,*,#6374,.T.);
#6666 = ORIENTED_EDGE('',*,*,#6405,.T.);
#6667 = ORIENTED_EDGE('',*,*,#6419,.T.);
#6668 = ORIENTED_EDGE('',*,*,#6469,.T.);
#6669 = ORIENTED_EDGE('',*,*,#6483,.F.);
#6670 = ORIENTED_EDGE('',*,*,#6533,.F.);
#6671 = ORIENTED_EDGE('',*,*,#6564,.F.);
#6672 = ORIENTED_EDGE('',*,*,#6595,.T.);
#6673 = ORIENTED_EDGE('',*,*,#6609,.T.);
#6674 = ORIENTED_EDGE('',*,*,#6650,.F.);
#6675 = PLANE('',#6676);
#6676 = AXIS2_PLACEMENT_3D('',#6677,#6678,#6679);
#6677 = CARTESIAN_POINT('',(-2.436235547263,-4.25,0.383511578704));
#6678 = DIRECTION('',(0.,1.,-2.2E-16));
#6679 = DIRECTION('',(0.,2.2E-16,1.));
#6680 = ADVANCED_FACE('',(#6681),#6695,.F.);
#6681 = FACE_BOUND('',#6682,.T.);
#6682 = EDGE_LOOP('',(#6683,#6684,#6685,#6686,#6687,#6688,#6689,#6690,
    #6691,#6692,#6693,#6694));
#6683 = ORIENTED_EDGE('',*,*,#6303,.F.);
#6684 = ORIENTED_EDGE('',*,*,#6327,.T.);
#6685 = ORIENTED_EDGE('',*,*,#6358,.T.);
#6686 = ORIENTED_EDGE('',*,*,#6389,.T.);
#6687 = ORIENTED_EDGE('',*,*,#6436,.T.);
#6688 = ORIENTED_EDGE('',*,*,#6453,.T.);
#6689 = ORIENTED_EDGE('',*,*,#6493,.F.);
#6690 = ORIENTED_EDGE('',*,*,#6526,.F.);
#6691 = ORIENTED_EDGE('',*,*,#6557,.F.);
#6692 = ORIENTED_EDGE('',*,*,#6579,.T.);
#6693 = ORIENTED_EDGE('',*,*,#6626,.T.);
#6694 = ORIENTED_EDGE('',*,*,#6643,.F.);
#6695 = PLANE('',#6696);
#6696 = AXIS2_PLACEMENT_3D('',#6697,#6698,#6699);
#6697 = CARTESIAN_POINT('',(-2.436235547263,-4.6,0.383511578704));
#6698 = DIRECTION('',(0.,1.,-2.2E-16));
#6699 = DIRECTION('',(0.,2.2E-16,1.));
#6700 = ( GEOMETRIC_REPRESENTATION_CONTEXT(3) 
GLOBAL_UNCERTAINTY_ASSIGNED_CONTEXT((#6704)) 
GLOBAL_UNIT_ASSIGNED_CONTEXT((#6701,#6702,#6703)) REPRESENTATION_CONTEXT
('Context #1','3D Context with UNIT and UNCERTAINTY') );
#6701 = ( LENGTH_UNIT() NAMED_UNIT(*) SI_UNIT(.MILLI.,.METRE.) );
#6702 = ( NAMED_UNIT(*) PLANE_ANGLE_UNIT() SI_UNIT($,.RADIAN.) );
#6703 = ( NAMED_UNIT(*) SI_UNIT($,.STERADIAN.) SOLID_ANGLE_UNIT() );
#6704 = UNCERTAINTY_MEASURE_WITH_UNIT(LENGTH_MEASURE(1.E-07),#6701,
  'distance_accuracy_value','confusion accuracy');
#6705 = CONTEXT_DEPENDENT_SHAPE_REPRESENTATION(#6706,#6708);
#6706 = ( REPRESENTATION_RELATIONSHIP('','',#6277,#5344) 
REPRESENTATION_RELATIONSHIP_WITH_TRANSFORMATION(#6707) 
SHAPE_REPRESENTATION_RELATIONSHIP() );
#6707 = ITEM_DEFINED_TRANSFORMATION('','',#11,#5353);
#6708 = PRODUCT_DEFINITION_SHAPE('Placement','Placement of an item',
  #6709);
#6709 = NEXT_ASSEMBLY_USAGE_OCCURRENCE('13','Pad001 (Mirror #2)002','',
  #5339,#6272,$);
#6710 = PRODUCT_RELATED_PRODUCT_CATEGORY('part',$,(#6274));
#6711 = SHAPE_DEFINITION_REPRESENTATION(#6712,#6718);
#6712 = PRODUCT_DEFINITION_SHAPE('','',#6713);
#6713 = PRODUCT_DEFINITION('design','',#6714,#6717);
#6714 = PRODUCT_DEFINITION_FORMATION('','',#6715);
#6715 = PRODUCT('Pad001 (Mirror #2)003','Pad001 (Mirror #2)003','',(
    #6716));
#6716 = PRODUCT_CONTEXT('',#2,'mechanical');
#6717 = PRODUCT_DEFINITION_CONTEXT('part definition',#2,'design');
#6718 = ADVANCED_BREP_SHAPE_REPRESENTATION('',(#11,#6719),#7141);
#6719 = MANIFOLD_SOLID_BREP('',#6720);
#6720 = CLOSED_SHELL('',(#6721,#6763,#6794,#6825,#6856,#6889,#6920,#6953
    ,#6984,#7015,#7046,#7079,#7101,#7121));
#6721 = ADVANCED_FACE('',(#6722),#6758,.F.);
#6722 = FACE_BOUND('',#6723,.F.);
#6723 = EDGE_LOOP('',(#6724,#6735,#6743,#6752));
#6724 = ORIENTED_EDGE('',*,*,#6725,.T.);
#6725 = EDGE_CURVE('',#6726,#6728,#6730,.T.);
#6726 = VERTEX_POINT('',#6727);
#6727 = CARTESIAN_POINT('',(-2.55061670936,-4.25,0.223551180309));
#6728 = VERTEX_POINT('',#6729);
#6729 = CARTESIAN_POINT('',(-2.440826868813,-4.25,0.328033831346));
#6730 = CIRCLE('',#6731,0.137039746262);
#6731 = AXIS2_PLACEMENT_3D('',#6732,#6733,#6734);
#6732 = CARTESIAN_POINT('',(-2.574436,-4.25,0.358505));
#6733 = DIRECTION('',(0.,-1.,2.2E-16));
#6734 = DIRECTION('',(1.,0.,0.));
#6735 = ORIENTED_EDGE('',*,*,#6736,.T.);
#6736 = EDGE_CURVE('',#6728,#6737,#6739,.T.);
#6737 = VERTEX_POINT('',#6738);
#6738 = CARTESIAN_POINT('',(-2.440826868813,-4.6,0.328033831346));
#6739 = LINE('',#6740,#6741);
#6740 = CARTESIAN_POINT('',(-2.440826868813,-4.25,0.328033831346));
#6741 = VECTOR('',#6742,1.);
#6742 = DIRECTION('',(-0.,-1.,3.3E-16));
#6743 = ORIENTED_EDGE('',*,*,#6744,.F.);
#6744 = EDGE_CURVE('',#6745,#6737,#6747,.T.);
#6745 = VERTEX_POINT('',#6746);
#6746 = CARTESIAN_POINT('',(-2.55061670936,-4.6,0.223551180309));
#6747 = CIRCLE('',#6748,0.137039746262);
#6748 = AXIS2_PLACEMENT_3D('',#6749,#6750,#6751);
#6749 = CARTESIAN_POINT('',(-2.574436,-4.6,0.358505));
#6750 = DIRECTION('',(0.,-1.,2.2E-16));
#6751 = DIRECTION('',(1.,0.,0.));
#6752 = ORIENTED_EDGE('',*,*,#6753,.F.);
#6753 = EDGE_CURVE('',#6726,#6745,#6754,.T.);
#6754 = LINE('',#6755,#6756);
#6755 = CARTESIAN_POINT('',(-2.55061670936,-4.25,0.223551180309));
#6756 = VECTOR('',#6757,1.);
#6757 = DIRECTION('',(-0.,-1.,3.3E-16));
#6758 = CYLINDRICAL_SURFACE('',#6759,0.137039746262);
#6759 = AXIS2_PLACEMENT_3D('',#6760,#6761,#6762);
#6760 = CARTESIAN_POINT('',(-2.574436,-4.25,0.358505));
#6761 = DIRECTION('',(-0.,1.,-3.3E-16));
#6762 = DIRECTION('',(1.,0.,-0.));
#6763 = ADVANCED_FACE('',(#6764),#6789,.F.);
#6764 = FACE_BOUND('',#6765,.F.);
#6765 = EDGE_LOOP('',(#6766,#6767,#6775,#6783));
#6766 = ORIENTED_EDGE('',*,*,#6753,.T.);
#6767 = ORIENTED_EDGE('',*,*,#6768,.T.);
#6768 = EDGE_CURVE('',#6745,#6769,#6771,.T.);
#6769 = VERTEX_POINT('',#6770);
#6770 = CARTESIAN_POINT('',(-3.,-4.6,0.2));
#6771 = LINE('',#6772,#6773);
#6772 = CARTESIAN_POINT('',(-2.55061670936,-4.6,0.223551180309));
#6773 = VECTOR('',#6774,1.);
#6774 = DIRECTION('',(-0.998629534755,-1.E-17,-5.233595624292E-02));
#6775 = ORIENTED_EDGE('',*,*,#6776,.F.);
#6776 = EDGE_CURVE('',#6777,#6769,#6779,.T.);
#6777 = VERTEX_POINT('',#6778);
#6778 = CARTESIAN_POINT('',(-3.,-4.25,0.2));
#6779 = LINE('',#6780,#6781);
#6780 = CARTESIAN_POINT('',(-3.,-4.25,0.2));
#6781 = VECTOR('',#6782,1.);
#6782 = DIRECTION('',(-0.,-1.,3.3E-16));
#6783 = ORIENTED_EDGE('',*,*,#6784,.F.);
#6784 = EDGE_CURVE('',#6726,#6777,#6785,.T.);
#6785 = LINE('',#6786,#6787);
#6786 = CARTESIAN_POINT('',(-2.55061670936,-4.25,0.223551180309));
#6787 = VECTOR('',#6788,1.);
#6788 = DIRECTION('',(-0.998629534755,-1.E-17,-5.233595624292E-02));
#6789 = PLANE('',#6790);
#6790 = AXIS2_PLACEMENT_3D('',#6791,#6792,#6793);
#6791 = CARTESIAN_POINT('',(-2.55061670936,-4.25,0.223551180309));
#6792 = DIRECTION('',(5.233595624292E-02,-3.3E-16,-0.998629534755));
#6793 = DIRECTION('',(-0.998629534755,-2.E-17,-5.233595624292E-02));
#6794 = ADVANCED_FACE('',(#6795),#6820,.F.);
#6795 = FACE_BOUND('',#6796,.F.);
#6796 = EDGE_LOOP('',(#6797,#6798,#6806,#6814));
#6797 = ORIENTED_EDGE('',*,*,#6776,.T.);
#6798 = ORIENTED_EDGE('',*,*,#6799,.T.);
#6799 = EDGE_CURVE('',#6769,#6800,#6802,.T.);
#6800 = VERTEX_POINT('',#6801);
#6801 = CARTESIAN_POINT('',(-3.,-4.6,1.E-15));
#6802 = LINE('',#6803,#6804);
#6803 = CARTESIAN_POINT('',(-3.,-4.6,0.2));
#6804 = VECTOR('',#6805,1.);
#6805 = DIRECTION('',(0.,-2.2E-16,-1.));
#6806 = ORIENTED_EDGE('',*,*,#6807,.F.);
#6807 = EDGE_CURVE('',#6808,#6800,#6810,.T.);
#6808 = VERTEX_POINT('',#6809);
#6809 = CARTESIAN_POINT('',(-3.,-4.25,1.E-15));
#6810 = LINE('',#6811,#6812);
#6811 = CARTESIAN_POINT('',(-3.,-4.25,9.4E-16));
#6812 = VECTOR('',#6813,1.);
#6813 = DIRECTION('',(-0.,-1.,3.3E-16));
#6814 = ORIENTED_EDGE('',*,*,#6815,.F.);
#6815 = EDGE_CURVE('',#6777,#6808,#6816,.T.);
#6816 = LINE('',#6817,#6818);
#6817 = CARTESIAN_POINT('',(-3.,-4.25,0.2));
#6818 = VECTOR('',#6819,1.);
#6819 = DIRECTION('',(0.,-2.2E-16,-1.));
#6820 = PLANE('',#6821);
#6821 = AXIS2_PLACEMENT_3D('',#6822,#6823,#6824);
#6822 = CARTESIAN_POINT('',(-3.,-4.25,0.2));
#6823 = DIRECTION('',(1.,-0.,-0.));
#6824 = DIRECTION('',(-0.,-3.3E-16,-1.));
#6825 = ADVANCED_FACE('',(#6826),#6851,.F.);
#6826 = FACE_BOUND('',#6827,.F.);
#6827 = EDGE_LOOP('',(#6828,#6829,#6837,#6845));
#6828 = ORIENTED_EDGE('',*,*,#6807,.T.);
#6829 = ORIENTED_EDGE('',*,*,#6830,.T.);
#6830 = EDGE_CURVE('',#6800,#6831,#6833,.T.);
#6831 = VERTEX_POINT('',#6832);
#6832 = CARTESIAN_POINT('',(-2.500685232623,-4.6,2.616797812147E-02));
#6833 = LINE('',#6834,#6835);
#6834 = CARTESIAN_POINT('',(-3.,-4.6,1.E-15));
#6835 = VECTOR('',#6836,1.);
#6836 = DIRECTION('',(0.998629534755,1.E-17,5.233595624292E-02));
#6837 = ORIENTED_EDGE('',*,*,#6838,.F.);
#6838 = EDGE_CURVE('',#6839,#6831,#6841,.T.);
#6839 = VERTEX_POINT('',#6840);
#6840 = CARTESIAN_POINT('',(-2.500685232623,-4.25,2.616797812147E-02));
#6841 = LINE('',#6842,#6843);
#6842 = CARTESIAN_POINT('',(-2.500685232623,-4.25,2.616797812147E-02));
#6843 = VECTOR('',#6844,1.);
#6844 = DIRECTION('',(-0.,-1.,3.3E-16));
#6845 = ORIENTED_EDGE('',*,*,#6846,.F.);
#6846 = EDGE_CURVE('',#6808,#6839,#6847,.T.);
#6847 = LINE('',#6848,#6849);
#6848 = CARTESIAN_POINT('',(-3.,-4.25,4.7E-16));
#6849 = VECTOR('',#6850,1.);
#6850 = DIRECTION('',(0.998629534755,1.E-17,5.233595624292E-02));
#6851 = PLANE('',#6852);
#6852 = AXIS2_PLACEMENT_3D('',#6853,#6854,#6855);
#6853 = CARTESIAN_POINT('',(-3.,-4.25,9.4E-16));
#6854 = DIRECTION('',(-5.233595624292E-02,3.3E-16,0.998629534755));
#6855 = DIRECTION('',(0.998629534755,2.E-17,5.233595624292E-02));
#6856 = ADVANCED_FACE('',(#6857),#6884,.T.);
#6857 = FACE_BOUND('',#6858,.T.);
#6858 = EDGE_LOOP('',(#6859,#6868,#6876,#6883));
#6859 = ORIENTED_EDGE('',*,*,#6860,.T.);
#6860 = EDGE_CURVE('',#6839,#6861,#6863,.T.);
#6861 = VERTEX_POINT('',#6862);
#6862 = CARTESIAN_POINT('',(-2.25,-4.25,0.2410921491));
#6863 = CIRCLE('',#6864,0.268233064235);
#6864 = AXIS2_PLACEMENT_3D('',#6865,#6866,#6867);
#6865 = CARTESIAN_POINT('',(-2.512939,-4.25,0.294121));
#6866 = DIRECTION('',(0.,-1.,2.2E-16));
#6867 = DIRECTION('',(1.,0.,0.));
#6868 = ORIENTED_EDGE('',*,*,#6869,.T.);
#6869 = EDGE_CURVE('',#6861,#6870,#6872,.T.);
#6870 = VERTEX_POINT('',#6871);
#6871 = CARTESIAN_POINT('',(-2.25,-4.6,0.2410921491));
#6872 = LINE('',#6873,#6874);
#6873 = CARTESIAN_POINT('',(-2.25,-4.25,0.2410921491));
#6874 = VECTOR('',#6875,1.);
#6875 = DIRECTION('',(-0.,-1.,3.3E-16));
#6876 = ORIENTED_EDGE('',*,*,#6877,.F.);
#6877 = EDGE_CURVE('',#6831,#6870,#6878,.T.);
#6878 = CIRCLE('',#6879,0.268233064235);
#6879 = AXIS2_PLACEMENT_3D('',#6880,#6881,#6882);
#6880 = CARTESIAN_POINT('',(-2.512939,-4.6,0.294121));
#6881 = DIRECTION('',(0.,-1.,2.2E-16));
#6882 = DIRECTION('',(1.,0.,0.));
#6883 = ORIENTED_EDGE('',*,*,#6838,.F.);
#6884 = CYLINDRICAL_SURFACE('',#6885,0.268233064235);
#6885 = AXIS2_PLACEMENT_3D('',#6886,#6887,#6888);
#6886 = CARTESIAN_POINT('',(-2.512939,-4.25,0.294121));
#6887 = DIRECTION('',(-0.,1.,-3.3E-16));
#6888 = DIRECTION('',(1.,0.,-0.));
#6889 = ADVANCED_FACE('',(#6890),#6915,.F.);
#6890 = FACE_BOUND('',#6891,.F.);
#6891 = EDGE_LOOP('',(#6892,#6893,#6901,#6909));
#6892 = ORIENTED_EDGE('',*,*,#6869,.T.);
#6893 = ORIENTED_EDGE('',*,*,#6894,.T.);
#6894 = EDGE_CURVE('',#6870,#6895,#6897,.T.);
#6895 = VERTEX_POINT('',#6896);
#6896 = CARTESIAN_POINT('',(-2.213439196978,-4.6,0.538855994594));
#6897 = LINE('',#6898,#6899);
#6898 = CARTESIAN_POINT('',(-2.25,-4.6,0.2410921491));
#6899 = VECTOR('',#6900,1.);
#6900 = DIRECTION('',(0.121869343407,2.2E-16,0.992546151641));
#6901 = ORIENTED_EDGE('',*,*,#6902,.F.);
#6902 = EDGE_CURVE('',#6903,#6895,#6905,.T.);
#6903 = VERTEX_POINT('',#6904);
#6904 = CARTESIAN_POINT('',(-2.213439196978,-4.25,0.538855994594));
#6905 = LINE('',#6906,#6907);
#6906 = CARTESIAN_POINT('',(-2.213439196978,-4.25,0.538855994594));
#6907 = VECTOR('',#6908,1.);
#6908 = DIRECTION('',(-0.,-1.,3.3E-16));
#6909 = ORIENTED_EDGE('',*,*,#6910,.F.);
#6910 = EDGE_CURVE('',#6861,#6903,#6911,.T.);
#6911 = LINE('',#6912,#6913);
#6912 = CARTESIAN_POINT('',(-2.25,-4.25,0.2410921491));
#6913 = VECTOR('',#6914,1.);
#6914 = DIRECTION('',(0.121869343407,2.2E-16,0.992546151641));
#6915 = PLANE('',#6916);
#6916 = AXIS2_PLACEMENT_3D('',#6917,#6918,#6919);
#6917 = CARTESIAN_POINT('',(-2.25,-4.25,0.2410921491));
#6918 = DIRECTION('',(-0.992546151641,4.E-17,0.121869343407));
#6919 = DIRECTION('',(0.121869343407,3.3E-16,0.992546151641));
#6920 = ADVANCED_FACE('',(#6921),#6948,.F.);
#6921 = FACE_BOUND('',#6922,.F.);
#6922 = EDGE_LOOP('',(#6923,#6932,#6933,#6942));
#6923 = ORIENTED_EDGE('',*,*,#6924,.T.);
#6924 = EDGE_CURVE('',#6925,#6903,#6927,.T.);
#6925 = VERTEX_POINT('',#6926);
#6926 = CARTESIAN_POINT('',(-2.050000000001,-4.25,0.674999999999));
#6927 = CIRCLE('',#6928,0.161896002983);
#6928 = AXIS2_PLACEMENT_3D('',#6929,#6930,#6931);
#6929 = CARTESIAN_POINT('',(-2.053598,-4.25,0.513143983189));
#6930 = DIRECTION('',(0.,-1.,2.2E-16));
#6931 = DIRECTION('',(1.,0.,0.));
#6932 = ORIENTED_EDGE('',*,*,#6902,.T.);
#6933 = ORIENTED_EDGE('',*,*,#6934,.F.);
#6934 = EDGE_CURVE('',#6935,#6895,#6937,.T.);
#6935 = VERTEX_POINT('',#6936);
#6936 = CARTESIAN_POINT('',(-2.050000000001,-4.6,0.674999999999));
#6937 = CIRCLE('',#6938,0.161896002983);
#6938 = AXIS2_PLACEMENT_3D('',#6939,#6940,#6941);
#6939 = CARTESIAN_POINT('',(-2.053598,-4.6,0.513143983189));
#6940 = DIRECTION('',(0.,-1.,2.2E-16));
#6941 = DIRECTION('',(1.,0.,0.));
#6942 = ORIENTED_EDGE('',*,*,#6943,.F.);
#6943 = EDGE_CURVE('',#6925,#6935,#6944,.T.);
#6944 = LINE('',#6945,#6946);
#6945 = CARTESIAN_POINT('',(-2.050000000001,-4.25,0.674999999999));
#6946 = VECTOR('',#6947,1.);
#6947 = DIRECTION('',(-0.,-1.,3.3E-16));
#6948 = CYLINDRICAL_SURFACE('',#6949,0.161896002983);
#6949 = AXIS2_PLACEMENT_3D('',#6950,#6951,#6952);
#6950 = CARTESIAN_POINT('',(-2.053598,-4.25,0.513143983189));
#6951 = DIRECTION('',(-0.,1.,-3.3E-16));
#6952 = DIRECTION('',(1.,0.,-0.));
#6953 = ADVANCED_FACE('',(#6954),#6979,.T.);
#6954 = FACE_BOUND('',#6955,.T.);
#6955 = EDGE_LOOP('',(#6956,#6966,#6972,#6973));
#6956 = ORIENTED_EDGE('',*,*,#6957,.T.);
#6957 = EDGE_CURVE('',#6958,#6960,#6962,.T.);
#6958 = VERTEX_POINT('',#6959);
#6959 = CARTESIAN_POINT('',(-1.95,-4.25,0.674999999999));
#6960 = VERTEX_POINT('',#6961);
#6961 = CARTESIAN_POINT('',(-1.95,-4.6,0.674999999999));
#6962 = LINE('',#6963,#6964);
#6963 = CARTESIAN_POINT('',(-1.95,-4.25,0.674999999999));
#6964 = VECTOR('',#6965,1.);
#6965 = DIRECTION('',(-0.,-1.,3.3E-16));
#6966 = ORIENTED_EDGE('',*,*,#6967,.T.);
#6967 = EDGE_CURVE('',#6960,#6935,#6968,.T.);
#6968 = LINE('',#6969,#6970);
#6969 = CARTESIAN_POINT('',(-1.95,-4.6,0.674999999999));
#6970 = VECTOR('',#6971,1.);
#6971 = DIRECTION('',(-1.,-0.,-0.));
#6972 = ORIENTED_EDGE('',*,*,#6943,.F.);
#6973 = ORIENTED_EDGE('',*,*,#6974,.F.);
#6974 = EDGE_CURVE('',#6958,#6925,#6975,.T.);
#6975 = LINE('',#6976,#6977);
#6976 = CARTESIAN_POINT('',(-1.95,-4.25,0.674999999999));
#6977 = VECTOR('',#6978,1.);
#6978 = DIRECTION('',(-1.,-0.,-0.));
#6979 = PLANE('',#6980);
#6980 = AXIS2_PLACEMENT_3D('',#6981,#6982,#6983);
#6981 = CARTESIAN_POINT('',(-1.95,-4.25,0.674999999999));
#6982 = DIRECTION('',(0.,-3.3E-16,-1.));
#6983 = DIRECTION('',(-1.,-0.,0.));
#6984 = ADVANCED_FACE('',(#6985),#7010,.T.);
#6985 = FACE_BOUND('',#6986,.T.);
#6986 = EDGE_LOOP('',(#6987,#6997,#7003,#7004));
#6987 = ORIENTED_EDGE('',*,*,#6988,.T.);
#6988 = EDGE_CURVE('',#6989,#6991,#6993,.T.);
#6989 = VERTEX_POINT('',#6990);
#6990 = CARTESIAN_POINT('',(-1.95,-4.25,0.875));
#6991 = VERTEX_POINT('',#6992);
#6992 = CARTESIAN_POINT('',(-1.95,-4.6,0.875));
#6993 = LINE('',#6994,#6995);
#6994 = CARTESIAN_POINT('',(-1.95,-4.25,0.875));
#6995 = VECTOR('',#6996,1.);
#6996 = DIRECTION('',(-0.,-1.,3.3E-16));
#6997 = ORIENTED_EDGE('',*,*,#6998,.T.);
#6998 = EDGE_CURVE('',#6991,#6960,#6999,.T.);
#6999 = LINE('',#7000,#7001);
#7000 = CARTESIAN_POINT('',(-1.95,-4.6,0.875));
#7001 = VECTOR('',#7002,1.);
#7002 = DIRECTION('',(0.,-2.2E-16,-1.));
#7003 = ORIENTED_EDGE('',*,*,#6957,.F.);
#7004 = ORIENTED_EDGE('',*,*,#7005,.F.);
#7005 = EDGE_CURVE('',#6989,#6958,#7006,.T.);
#7006 = LINE('',#7007,#7008);
#7007 = CARTESIAN_POINT('',(-1.95,-4.25,0.875));
#7008 = VECTOR('',#7009,1.);
#7009 = DIRECTION('',(0.,-2.2E-16,-1.));
#7010 = PLANE('',#7011);
#7011 = AXIS2_PLACEMENT_3D('',#7012,#7013,#7014);
#7012 = CARTESIAN_POINT('',(-1.95,-4.25,0.875));
#7013 = DIRECTION('',(1.,-0.,-0.));
#7014 = DIRECTION('',(-0.,-3.3E-16,-1.));
#7015 = ADVANCED_FACE('',(#7016),#7041,.F.);
#7016 = FACE_BOUND('',#7017,.F.);
#7017 = EDGE_LOOP('',(#7018,#7019,#7027,#7035));
#7018 = ORIENTED_EDGE('',*,*,#6988,.T.);
#7019 = ORIENTED_EDGE('',*,*,#7020,.T.);
#7020 = EDGE_CURVE('',#6991,#7021,#7023,.T.);
#7021 = VERTEX_POINT('',#7022);
#7022 = CARTESIAN_POINT('',(-2.1,-4.6,0.875));
#7023 = LINE('',#7024,#7025);
#7024 = CARTESIAN_POINT('',(-1.95,-4.6,0.875));
#7025 = VECTOR('',#7026,1.);
#7026 = DIRECTION('',(-1.,-0.,-0.));
#7027 = ORIENTED_EDGE('',*,*,#7028,.F.);
#7028 = EDGE_CURVE('',#7029,#7021,#7031,.T.);
#7029 = VERTEX_POINT('',#7030);
#7030 = CARTESIAN_POINT('',(-2.1,-4.25,0.875));
#7031 = LINE('',#7032,#7033);
#7032 = CARTESIAN_POINT('',(-2.1,-4.25,0.875));
#7033 = VECTOR('',#7034,1.);
#7034 = DIRECTION('',(-0.,-1.,3.3E-16));
#7035 = ORIENTED_EDGE('',*,*,#7036,.F.);
#7036 = EDGE_CURVE('',#6989,#7029,#7037,.T.);
#7037 = LINE('',#7038,#7039);
#7038 = CARTESIAN_POINT('',(-1.95,-4.25,0.875));
#7039 = VECTOR('',#7040,1.);
#7040 = DIRECTION('',(-1.,-0.,-0.));
#7041 = PLANE('',#7042);
#7042 = AXIS2_PLACEMENT_3D('',#7043,#7044,#7045);
#7043 = CARTESIAN_POINT('',(-1.95,-4.25,0.875));
#7044 = DIRECTION('',(0.,-3.3E-16,-1.));
#7045 = DIRECTION('',(-1.,-0.,0.));
#7046 = ADVANCED_FACE('',(#7047),#7074,.T.);
#7047 = FACE_BOUND('',#7048,.T.);
#7048 = EDGE_LOOP('',(#7049,#7058,#7066,#7073));
#7049 = ORIENTED_EDGE('',*,*,#7050,.T.);
#7050 = EDGE_CURVE('',#7029,#7051,#7053,.T.);
#7051 = VERTEX_POINT('',#7052);
#7052 = CARTESIAN_POINT('',(-2.404266065791,-4.25,0.625797676838));
#7053 = CIRCLE('',#7054,0.310349507779);
#7054 = AXIS2_PLACEMENT_3D('',#7055,#7056,#7057);
#7055 = CARTESIAN_POINT('',(-2.1,-4.25,0.564650492221));
#7056 = DIRECTION('',(0.,-1.,2.2E-16));
#7057 = DIRECTION('',(1.,0.,0.));
#7058 = ORIENTED_EDGE('',*,*,#7059,.T.);
#7059 = EDGE_CURVE('',#7051,#7060,#7062,.T.);
#7060 = VERTEX_POINT('',#7061);
#7061 = CARTESIAN_POINT('',(-2.404266065791,-4.6,0.625797676838));
#7062 = LINE('',#7063,#7064);
#7063 = CARTESIAN_POINT('',(-2.404266065791,-4.25,0.625797676838));
#7064 = VECTOR('',#7065,1.);
#7065 = DIRECTION('',(-0.,-1.,3.3E-16));
#7066 = ORIENTED_EDGE('',*,*,#7067,.F.);
#7067 = EDGE_CURVE('',#7021,#7060,#7068,.T.);
#7068 = CIRCLE('',#7069,0.310349507779);
#7069 = AXIS2_PLACEMENT_3D('',#7070,#7071,#7072);
#7070 = CARTESIAN_POINT('',(-2.1,-4.6,0.564650492221));
#7071 = DIRECTION('',(0.,-1.,2.2E-16));
#7072 = DIRECTION('',(1.,0.,0.));
#7073 = ORIENTED_EDGE('',*,*,#7028,.F.);
#7074 = CYLINDRICAL_SURFACE('',#7075,0.310349507779);
#7075 = AXIS2_PLACEMENT_3D('',#7076,#7077,#7078);
#7076 = CARTESIAN_POINT('',(-2.1,-4.25,0.564650492221));
#7077 = DIRECTION('',(-0.,1.,-3.3E-16));
#7078 = DIRECTION('',(1.,0.,-0.));
#7079 = ADVANCED_FACE('',(#7080),#7096,.T.);
#7080 = FACE_BOUND('',#7081,.T.);
#7081 = EDGE_LOOP('',(#7082,#7083,#7089,#7090));
#7082 = ORIENTED_EDGE('',*,*,#6736,.T.);
#7083 = ORIENTED_EDGE('',*,*,#7084,.T.);
#7084 = EDGE_CURVE('',#6737,#7060,#7085,.T.);
#7085 = LINE('',#7086,#7087);
#7086 = CARTESIAN_POINT('',(-2.440826868813,-4.6,0.328033831346));
#7087 = VECTOR('',#7088,1.);
#7088 = DIRECTION('',(0.121869343405,2.2E-16,0.992546151641));
#7089 = ORIENTED_EDGE('',*,*,#7059,.F.);
#7090 = ORIENTED_EDGE('',*,*,#7091,.F.);
#7091 = EDGE_CURVE('',#6728,#7051,#7092,.T.);
#7092 = LINE('',#7093,#7094);
#7093 = CARTESIAN_POINT('',(-2.440826868813,-4.25,0.328033831346));
#7094 = VECTOR('',#7095,1.);
#7095 = DIRECTION('',(0.121869343405,2.2E-16,0.992546151641));
#7096 = PLANE('',#7097);
#7097 = AXIS2_PLACEMENT_3D('',#7098,#7099,#7100);
#7098 = CARTESIAN_POINT('',(-2.440826868813,-4.25,0.328033831346));
#7099 = DIRECTION('',(-0.992546151641,4.E-17,0.121869343405));
#7100 = DIRECTION('',(0.121869343405,3.3E-16,0.992546151641));
#7101 = ADVANCED_FACE('',(#7102),#7116,.T.);
#7102 = FACE_BOUND('',#7103,.F.);
#7103 = EDGE_LOOP('',(#7104,#7105,#7106,#7107,#7108,#7109,#7110,#7111,
    #7112,#7113,#7114,#7115));
#7104 = ORIENTED_EDGE('',*,*,#6725,.F.);
#7105 = ORIENTED_EDGE('',*,*,#6784,.T.);
#7106 = ORIENTED_EDGE('',*,*,#6815,.T.);
#7107 = ORIENTED_EDGE('',*,*,#6846,.T.);
#7108 = ORIENTED_EDGE('',*,*,#6860,.T.);
#7109 = ORIENTED_EDGE('',*,*,#6910,.T.);
#7110 = ORIENTED_EDGE('',*,*,#6924,.F.);
#7111 = ORIENTED_EDGE('',*,*,#6974,.F.);
#7112 = ORIENTED_EDGE('',*,*,#7005,.F.);
#7113 = ORIENTED_EDGE('',*,*,#7036,.T.);
#7114 = ORIENTED_EDGE('',*,*,#7050,.T.);
#7115 = ORIENTED_EDGE('',*,*,#7091,.F.);
#7116 = PLANE('',#7117);
#7117 = AXIS2_PLACEMENT_3D('',#7118,#7119,#7120);
#7118 = CARTESIAN_POINT('',(-2.436235547263,-4.25,0.383511578704));
#7119 = DIRECTION('',(0.,1.,-2.2E-16));
#7120 = DIRECTION('',(0.,2.2E-16,1.));
#7121 = ADVANCED_FACE('',(#7122),#7136,.F.);
#7122 = FACE_BOUND('',#7123,.T.);
#7123 = EDGE_LOOP('',(#7124,#7125,#7126,#7127,#7128,#7129,#7130,#7131,
    #7132,#7133,#7134,#7135));
#7124 = ORIENTED_EDGE('',*,*,#6744,.F.);
#7125 = ORIENTED_EDGE('',*,*,#6768,.T.);
#7126 = ORIENTED_EDGE('',*,*,#6799,.T.);
#7127 = ORIENTED_EDGE('',*,*,#6830,.T.);
#7128 = ORIENTED_EDGE('',*,*,#6877,.T.);
#7129 = ORIENTED_EDGE('',*,*,#6894,.T.);
#7130 = ORIENTED_EDGE('',*,*,#6934,.F.);
#7131 = ORIENTED_EDGE('',*,*,#6967,.F.);
#7132 = ORIENTED_EDGE('',*,*,#6998,.F.);
#7133 = ORIENTED_EDGE('',*,*,#7020,.T.);
#7134 = ORIENTED_EDGE('',*,*,#7067,.T.);
#7135 = ORIENTED_EDGE('',*,*,#7084,.F.);
#7136 = PLANE('',#7137);
#7137 = AXIS2_PLACEMENT_3D('',#7138,#7139,#7140);
#7138 = CARTESIAN_POINT('',(-2.436235547263,-4.6,0.383511578704));
#7139 = DIRECTION('',(0.,1.,-2.2E-16));
#7140 = DIRECTION('',(0.,2.2E-16,1.));
#7141 = ( GEOMETRIC_REPRESENTATION_CONTEXT(3) 
GLOBAL_UNCERTAINTY_ASSIGNED_CONTEXT((#7145)) 
GLOBAL_UNIT_ASSIGNED_CONTEXT((#7142,#7143,#7144)) REPRESENTATION_CONTEXT
('Context #1','3D Context with UNIT and UNCERTAINTY') );
#7142 = ( LENGTH_UNIT() NAMED_UNIT(*) SI_UNIT(.MILLI.,.METRE.) );
#7143 = ( NAMED_UNIT(*) PLANE_ANGLE_UNIT() SI_UNIT($,.RADIAN.) );
#7144 = ( NAMED_UNIT(*) SI_UNIT($,.STERADIAN.) SOLID_ANGLE_UNIT() );
#7145 = UNCERTAINTY_MEASURE_WITH_UNIT(LENGTH_MEASURE(1.E-07),#7142,
  'distance_accuracy_value','confusion accuracy');
#7146 = CONTEXT_DEPENDENT_SHAPE_REPRESENTATION(#7147,#7149);
#7147 = ( REPRESENTATION_RELATIONSHIP('','',#6718,#5344) 
REPRESENTATION_RELATIONSHIP_WITH_TRANSFORMATION(#7148) 
SHAPE_REPRESENTATION_RELATIONSHIP() );
#7148 = ITEM_DEFINED_TRANSFORMATION('','',#11,#5357);
#7149 = PRODUCT_DEFINITION_SHAPE('Placement','Placement of an item',
  #7150);
#7150 = NEXT_ASSEMBLY_USAGE_OCCURRENCE('14','Pad001 (Mirror #2)003','',
  #5339,#6713,$);
#7151 = PRODUCT_RELATED_PRODUCT_CATEGORY('part',$,(#6715));
#7152 = SHAPE_DEFINITION_REPRESENTATION(#7153,#7159);
#7153 = PRODUCT_DEFINITION_SHAPE('','',#7154);
#7154 = PRODUCT_DEFINITION('design','',#7155,#7158);
#7155 = PRODUCT_DEFINITION_FORMATION('','',#7156);
#7156 = PRODUCT('Pad001 (Mirror #2)004','Pad001 (Mirror #2)004','',(
    #7157));
#7157 = PRODUCT_CONTEXT('',#2,'mechanical');
#7158 = PRODUCT_DEFINITION_CONTEXT('part definition',#2,'design');
#7159 = ADVANCED_BREP_SHAPE_REPRESENTATION('',(#11,#7160),#7582);
#7160 = MANIFOLD_SOLID_BREP('',#7161);
#7161 = CLOSED_SHELL('',(#7162,#7204,#7235,#7266,#7297,#7330,#7361,#7394
    ,#7425,#7456,#7487,#7520,#7542,#7562));
#7162 = ADVANCED_FACE('',(#7163),#7199,.F.);
#7163 = FACE_BOUND('',#7164,.F.);
#7164 = EDGE_LOOP('',(#7165,#7176,#7184,#7193));
#7165 = ORIENTED_EDGE('',*,*,#7166,.T.);
#7166 = EDGE_CURVE('',#7167,#7169,#7171,.T.);
#7167 = VERTEX_POINT('',#7168);
#7168 = CARTESIAN_POINT('',(-2.55061670936,-4.25,0.223551180309));
#7169 = VERTEX_POINT('',#7170);
#7170 = CARTESIAN_POINT('',(-2.440826868813,-4.25,0.328033831346));
#7171 = CIRCLE('',#7172,0.137039746262);
#7172 = AXIS2_PLACEMENT_3D('',#7173,#7174,#7175);
#7173 = CARTESIAN_POINT('',(-2.574436,-4.25,0.358505));
#7174 = DIRECTION('',(0.,-1.,2.2E-16));
#7175 = DIRECTION('',(1.,0.,0.));
#7176 = ORIENTED_EDGE('',*,*,#7177,.T.);
#7177 = EDGE_CURVE('',#7169,#7178,#7180,.T.);
#7178 = VERTEX_POINT('',#7179);
#7179 = CARTESIAN_POINT('',(-2.440826868813,-4.6,0.328033831346));
#7180 = LINE('',#7181,#7182);
#7181 = CARTESIAN_POINT('',(-2.440826868813,-4.25,0.328033831346));
#7182 = VECTOR('',#7183,1.);
#7183 = DIRECTION('',(-0.,-1.,3.3E-16));
#7184 = ORIENTED_EDGE('',*,*,#7185,.F.);
#7185 = EDGE_CURVE('',#7186,#7178,#7188,.T.);
#7186 = VERTEX_POINT('',#7187);
#7187 = CARTESIAN_POINT('',(-2.55061670936,-4.6,0.223551180309));
#7188 = CIRCLE('',#7189,0.137039746262);
#7189 = AXIS2_PLACEMENT_3D('',#7190,#7191,#7192);
#7190 = CARTESIAN_POINT('',(-2.574436,-4.6,0.358505));
#7191 = DIRECTION('',(0.,-1.,2.2E-16));
#7192 = DIRECTION('',(1.,0.,0.));
#7193 = ORIENTED_EDGE('',*,*,#7194,.F.);
#7194 = EDGE_CURVE('',#7167,#7186,#7195,.T.);
#7195 = LINE('',#7196,#7197);
#7196 = CARTESIAN_POINT('',(-2.55061670936,-4.25,0.223551180309));
#7197 = VECTOR('',#7198,1.);
#7198 = DIRECTION('',(-0.,-1.,3.3E-16));
#7199 = CYLINDRICAL_SURFACE('',#7200,0.137039746262);
#7200 = AXIS2_PLACEMENT_3D('',#7201,#7202,#7203);
#7201 = CARTESIAN_POINT('',(-2.574436,-4.25,0.358505));
#7202 = DIRECTION('',(-0.,1.,-3.3E-16));
#7203 = DIRECTION('',(1.,0.,-0.));
#7204 = ADVANCED_FACE('',(#7205),#7230,.F.);
#7205 = FACE_BOUND('',#7206,.F.);
#7206 = EDGE_LOOP('',(#7207,#7208,#7216,#7224));
#7207 = ORIENTED_EDGE('',*,*,#7194,.T.);
#7208 = ORIENTED_EDGE('',*,*,#7209,.T.);
#7209 = EDGE_CURVE('',#7186,#7210,#7212,.T.);
#7210 = VERTEX_POINT('',#7211);
#7211 = CARTESIAN_POINT('',(-3.,-4.6,0.2));
#7212 = LINE('',#7213,#7214);
#7213 = CARTESIAN_POINT('',(-2.55061670936,-4.6,0.223551180309));
#7214 = VECTOR('',#7215,1.);
#7215 = DIRECTION('',(-0.998629534755,-1.E-17,-5.233595624292E-02));
#7216 = ORIENTED_EDGE('',*,*,#7217,.F.);
#7217 = EDGE_CURVE('',#7218,#7210,#7220,.T.);
#7218 = VERTEX_POINT('',#7219);
#7219 = CARTESIAN_POINT('',(-3.,-4.25,0.2));
#7220 = LINE('',#7221,#7222);
#7221 = CARTESIAN_POINT('',(-3.,-4.25,0.2));
#7222 = VECTOR('',#7223,1.);
#7223 = DIRECTION('',(-0.,-1.,3.3E-16));
#7224 = ORIENTED_EDGE('',*,*,#7225,.F.);
#7225 = EDGE_CURVE('',#7167,#7218,#7226,.T.);
#7226 = LINE('',#7227,#7228);
#7227 = CARTESIAN_POINT('',(-2.55061670936,-4.25,0.223551180309));
#7228 = VECTOR('',#7229,1.);
#7229 = DIRECTION('',(-0.998629534755,-1.E-17,-5.233595624292E-02));
#7230 = PLANE('',#7231);
#7231 = AXIS2_PLACEMENT_3D('',#7232,#7233,#7234);
#7232 = CARTESIAN_POINT('',(-2.55061670936,-4.25,0.223551180309));
#7233 = DIRECTION('',(5.233595624292E-02,-3.3E-16,-0.998629534755));
#7234 = DIRECTION('',(-0.998629534755,-2.E-17,-5.233595624292E-02));
#7235 = ADVANCED_FACE('',(#7236),#7261,.F.);
#7236 = FACE_BOUND('',#7237,.F.);
#7237 = EDGE_LOOP('',(#7238,#7239,#7247,#7255));
#7238 = ORIENTED_EDGE('',*,*,#7217,.T.);
#7239 = ORIENTED_EDGE('',*,*,#7240,.T.);
#7240 = EDGE_CURVE('',#7210,#7241,#7243,.T.);
#7241 = VERTEX_POINT('',#7242);
#7242 = CARTESIAN_POINT('',(-3.,-4.6,1.E-15));
#7243 = LINE('',#7244,#7245);
#7244 = CARTESIAN_POINT('',(-3.,-4.6,0.2));
#7245 = VECTOR('',#7246,1.);
#7246 = DIRECTION('',(0.,-2.2E-16,-1.));
#7247 = ORIENTED_EDGE('',*,*,#7248,.F.);
#7248 = EDGE_CURVE('',#7249,#7241,#7251,.T.);
#7249 = VERTEX_POINT('',#7250);
#7250 = CARTESIAN_POINT('',(-3.,-4.25,1.E-15));
#7251 = LINE('',#7252,#7253);
#7252 = CARTESIAN_POINT('',(-3.,-4.25,9.4E-16));
#7253 = VECTOR('',#7254,1.);
#7254 = DIRECTION('',(-0.,-1.,3.3E-16));
#7255 = ORIENTED_EDGE('',*,*,#7256,.F.);
#7256 = EDGE_CURVE('',#7218,#7249,#7257,.T.);
#7257 = LINE('',#7258,#7259);
#7258 = CARTESIAN_POINT('',(-3.,-4.25,0.2));
#7259 = VECTOR('',#7260,1.);
#7260 = DIRECTION('',(0.,-2.2E-16,-1.));
#7261 = PLANE('',#7262);
#7262 = AXIS2_PLACEMENT_3D('',#7263,#7264,#7265);
#7263 = CARTESIAN_POINT('',(-3.,-4.25,0.2));
#7264 = DIRECTION('',(1.,-0.,-0.));
#7265 = DIRECTION('',(-0.,-3.3E-16,-1.));
#7266 = ADVANCED_FACE('',(#7267),#7292,.F.);
#7267 = FACE_BOUND('',#7268,.F.);
#7268 = EDGE_LOOP('',(#7269,#7270,#7278,#7286));
#7269 = ORIENTED_EDGE('',*,*,#7248,.T.);
#7270 = ORIENTED_EDGE('',*,*,#7271,.T.);
#7271 = EDGE_CURVE('',#7241,#7272,#7274,.T.);
#7272 = VERTEX_POINT('',#7273);
#7273 = CARTESIAN_POINT('',(-2.500685232623,-4.6,2.616797812147E-02));
#7274 = LINE('',#7275,#7276);
#7275 = CARTESIAN_POINT('',(-3.,-4.6,1.E-15));
#7276 = VECTOR('',#7277,1.);
#7277 = DIRECTION('',(0.998629534755,1.E-17,5.233595624292E-02));
#7278 = ORIENTED_EDGE('',*,*,#7279,.F.);
#7279 = EDGE_CURVE('',#7280,#7272,#7282,.T.);
#7280 = VERTEX_POINT('',#7281);
#7281 = CARTESIAN_POINT('',(-2.500685232623,-4.25,2.616797812147E-02));
#7282 = LINE('',#7283,#7284);
#7283 = CARTESIAN_POINT('',(-2.500685232623,-4.25,2.616797812147E-02));
#7284 = VECTOR('',#7285,1.);
#7285 = DIRECTION('',(-0.,-1.,3.3E-16));
#7286 = ORIENTED_EDGE('',*,*,#7287,.F.);
#7287 = EDGE_CURVE('',#7249,#7280,#7288,.T.);
#7288 = LINE('',#7289,#7290);
#7289 = CARTESIAN_POINT('',(-3.,-4.25,4.7E-16));
#7290 = VECTOR('',#7291,1.);
#7291 = DIRECTION('',(0.998629534755,1.E-17,5.233595624292E-02));
#7292 = PLANE('',#7293);
#7293 = AXIS2_PLACEMENT_3D('',#7294,#7295,#7296);
#7294 = CARTESIAN_POINT('',(-3.,-4.25,9.4E-16));
#7295 = DIRECTION('',(-5.233595624292E-02,3.3E-16,0.998629534755));
#7296 = DIRECTION('',(0.998629534755,2.E-17,5.233595624292E-02));
#7297 = ADVANCED_FACE('',(#7298),#7325,.T.);
#7298 = FACE_BOUND('',#7299,.T.);
#7299 = EDGE_LOOP('',(#7300,#7309,#7317,#7324));
#7300 = ORIENTED_EDGE('',*,*,#7301,.T.);
#7301 = EDGE_CURVE('',#7280,#7302,#7304,.T.);
#7302 = VERTEX_POINT('',#7303);
#7303 = CARTESIAN_POINT('',(-2.25,-4.25,0.2410921491));
#7304 = CIRCLE('',#7305,0.268233064235);
#7305 = AXIS2_PLACEMENT_3D('',#7306,#7307,#7308);
#7306 = CARTESIAN_POINT('',(-2.512939,-4.25,0.294121));
#7307 = DIRECTION('',(0.,-1.,2.2E-16));
#7308 = DIRECTION('',(1.,0.,0.));
#7309 = ORIENTED_EDGE('',*,*,#7310,.T.);
#7310 = EDGE_CURVE('',#7302,#7311,#7313,.T.);
#7311 = VERTEX_POINT('',#7312);
#7312 = CARTESIAN_POINT('',(-2.25,-4.6,0.2410921491));
#7313 = LINE('',#7314,#7315);
#7314 = CARTESIAN_POINT('',(-2.25,-4.25,0.2410921491));
#7315 = VECTOR('',#7316,1.);
#7316 = DIRECTION('',(-0.,-1.,3.3E-16));
#7317 = ORIENTED_EDGE('',*,*,#7318,.F.);
#7318 = EDGE_CURVE('',#7272,#7311,#7319,.T.);
#7319 = CIRCLE('',#7320,0.268233064235);
#7320 = AXIS2_PLACEMENT_3D('',#7321,#7322,#7323);
#7321 = CARTESIAN_POINT('',(-2.512939,-4.6,0.294121));
#7322 = DIRECTION('',(0.,-1.,2.2E-16));
#7323 = DIRECTION('',(1.,0.,0.));
#7324 = ORIENTED_EDGE('',*,*,#7279,.F.);
#7325 = CYLINDRICAL_SURFACE('',#7326,0.268233064235);
#7326 = AXIS2_PLACEMENT_3D('',#7327,#7328,#7329);
#7327 = CARTESIAN_POINT('',(-2.512939,-4.25,0.294121));
#7328 = DIRECTION('',(-0.,1.,-3.3E-16));
#7329 = DIRECTION('',(1.,0.,-0.));
#7330 = ADVANCED_FACE('',(#7331),#7356,.F.);
#7331 = FACE_BOUND('',#7332,.F.);
#7332 = EDGE_LOOP('',(#7333,#7334,#7342,#7350));
#7333 = ORIENTED_EDGE('',*,*,#7310,.T.);
#7334 = ORIENTED_EDGE('',*,*,#7335,.T.);
#7335 = EDGE_CURVE('',#7311,#7336,#7338,.T.);
#7336 = VERTEX_POINT('',#7337);
#7337 = CARTESIAN_POINT('',(-2.213439196978,-4.6,0.538855994594));
#7338 = LINE('',#7339,#7340);
#7339 = CARTESIAN_POINT('',(-2.25,-4.6,0.2410921491));
#7340 = VECTOR('',#7341,1.);
#7341 = DIRECTION('',(0.121869343407,2.2E-16,0.992546151641));
#7342 = ORIENTED_EDGE('',*,*,#7343,.F.);
#7343 = EDGE_CURVE('',#7344,#7336,#7346,.T.);
#7344 = VERTEX_POINT('',#7345);
#7345 = CARTESIAN_POINT('',(-2.213439196978,-4.25,0.538855994594));
#7346 = LINE('',#7347,#7348);
#7347 = CARTESIAN_POINT('',(-2.213439196978,-4.25,0.538855994594));
#7348 = VECTOR('',#7349,1.);
#7349 = DIRECTION('',(-0.,-1.,3.3E-16));
#7350 = ORIENTED_EDGE('',*,*,#7351,.F.);
#7351 = EDGE_CURVE('',#7302,#7344,#7352,.T.);
#7352 = LINE('',#7353,#7354);
#7353 = CARTESIAN_POINT('',(-2.25,-4.25,0.2410921491));
#7354 = VECTOR('',#7355,1.);
#7355 = DIRECTION('',(0.121869343407,2.2E-16,0.992546151641));
#7356 = PLANE('',#7357);
#7357 = AXIS2_PLACEMENT_3D('',#7358,#7359,#7360);
#7358 = CARTESIAN_POINT('',(-2.25,-4.25,0.2410921491));
#7359 = DIRECTION('',(-0.992546151641,4.E-17,0.121869343407));
#7360 = DIRECTION('',(0.121869343407,3.3E-16,0.992546151641));
#7361 = ADVANCED_FACE('',(#7362),#7389,.F.);
#7362 = FACE_BOUND('',#7363,.F.);
#7363 = EDGE_LOOP('',(#7364,#7373,#7374,#7383));
#7364 = ORIENTED_EDGE('',*,*,#7365,.T.);
#7365 = EDGE_CURVE('',#7366,#7344,#7368,.T.);
#7366 = VERTEX_POINT('',#7367);
#7367 = CARTESIAN_POINT('',(-2.050000000001,-4.25,0.674999999999));
#7368 = CIRCLE('',#7369,0.161896002983);
#7369 = AXIS2_PLACEMENT_3D('',#7370,#7371,#7372);
#7370 = CARTESIAN_POINT('',(-2.053598,-4.25,0.513143983189));
#7371 = DIRECTION('',(0.,-1.,2.2E-16));
#7372 = DIRECTION('',(1.,0.,0.));
#7373 = ORIENTED_EDGE('',*,*,#7343,.T.);
#7374 = ORIENTED_EDGE('',*,*,#7375,.F.);
#7375 = EDGE_CURVE('',#7376,#7336,#7378,.T.);
#7376 = VERTEX_POINT('',#7377);
#7377 = CARTESIAN_POINT('',(-2.050000000001,-4.6,0.674999999999));
#7378 = CIRCLE('',#7379,0.161896002983);
#7379 = AXIS2_PLACEMENT_3D('',#7380,#7381,#7382);
#7380 = CARTESIAN_POINT('',(-2.053598,-4.6,0.513143983189));
#7381 = DIRECTION('',(0.,-1.,2.2E-16));
#7382 = DIRECTION('',(1.,0.,0.));
#7383 = ORIENTED_EDGE('',*,*,#7384,.F.);
#7384 = EDGE_CURVE('',#7366,#7376,#7385,.T.);
#7385 = LINE('',#7386,#7387);
#7386 = CARTESIAN_POINT('',(-2.050000000001,-4.25,0.674999999999));
#7387 = VECTOR('',#7388,1.);
#7388 = DIRECTION('',(-0.,-1.,3.3E-16));
#7389 = CYLINDRICAL_SURFACE('',#7390,0.161896002983);
#7390 = AXIS2_PLACEMENT_3D('',#7391,#7392,#7393);
#7391 = CARTESIAN_POINT('',(-2.053598,-4.25,0.513143983189));
#7392 = DIRECTION('',(-0.,1.,-3.3E-16));
#7393 = DIRECTION('',(1.,0.,-0.));
#7394 = ADVANCED_FACE('',(#7395),#7420,.T.);
#7395 = FACE_BOUND('',#7396,.T.);
#7396 = EDGE_LOOP('',(#7397,#7407,#7413,#7414));
#7397 = ORIENTED_EDGE('',*,*,#7398,.T.);
#7398 = EDGE_CURVE('',#7399,#7401,#7403,.T.);
#7399 = VERTEX_POINT('',#7400);
#7400 = CARTESIAN_POINT('',(-1.95,-4.25,0.674999999999));
#7401 = VERTEX_POINT('',#7402);
#7402 = CARTESIAN_POINT('',(-1.95,-4.6,0.674999999999));
#7403 = LINE('',#7404,#7405);
#7404 = CARTESIAN_POINT('',(-1.95,-4.25,0.674999999999));
#7405 = VECTOR('',#7406,1.);
#7406 = DIRECTION('',(-0.,-1.,3.3E-16));
#7407 = ORIENTED_EDGE('',*,*,#7408,.T.);
#7408 = EDGE_CURVE('',#7401,#7376,#7409,.T.);
#7409 = LINE('',#7410,#7411);
#7410 = CARTESIAN_POINT('',(-1.95,-4.6,0.674999999999));
#7411 = VECTOR('',#7412,1.);
#7412 = DIRECTION('',(-1.,-0.,-0.));
#7413 = ORIENTED_EDGE('',*,*,#7384,.F.);
#7414 = ORIENTED_EDGE('',*,*,#7415,.F.);
#7415 = EDGE_CURVE('',#7399,#7366,#7416,.T.);
#7416 = LINE('',#7417,#7418);
#7417 = CARTESIAN_POINT('',(-1.95,-4.25,0.674999999999));
#7418 = VECTOR('',#7419,1.);
#7419 = DIRECTION('',(-1.,-0.,-0.));
#7420 = PLANE('',#7421);
#7421 = AXIS2_PLACEMENT_3D('',#7422,#7423,#7424);
#7422 = CARTESIAN_POINT('',(-1.95,-4.25,0.674999999999));
#7423 = DIRECTION('',(0.,-3.3E-16,-1.));
#7424 = DIRECTION('',(-1.,-0.,0.));
#7425 = ADVANCED_FACE('',(#7426),#7451,.T.);
#7426 = FACE_BOUND('',#7427,.T.);
#7427 = EDGE_LOOP('',(#7428,#7438,#7444,#7445));
#7428 = ORIENTED_EDGE('',*,*,#7429,.T.);
#7429 = EDGE_CURVE('',#7430,#7432,#7434,.T.);
#7430 = VERTEX_POINT('',#7431);
#7431 = CARTESIAN_POINT('',(-1.95,-4.25,0.875));
#7432 = VERTEX_POINT('',#7433);
#7433 = CARTESIAN_POINT('',(-1.95,-4.6,0.875));
#7434 = LINE('',#7435,#7436);
#7435 = CARTESIAN_POINT('',(-1.95,-4.25,0.875));
#7436 = VECTOR('',#7437,1.);
#7437 = DIRECTION('',(-0.,-1.,3.3E-16));
#7438 = ORIENTED_EDGE('',*,*,#7439,.T.);
#7439 = EDGE_CURVE('',#7432,#7401,#7440,.T.);
#7440 = LINE('',#7441,#7442);
#7441 = CARTESIAN_POINT('',(-1.95,-4.6,0.875));
#7442 = VECTOR('',#7443,1.);
#7443 = DIRECTION('',(0.,-2.2E-16,-1.));
#7444 = ORIENTED_EDGE('',*,*,#7398,.F.);
#7445 = ORIENTED_EDGE('',*,*,#7446,.F.);
#7446 = EDGE_CURVE('',#7430,#7399,#7447,.T.);
#7447 = LINE('',#7448,#7449);
#7448 = CARTESIAN_POINT('',(-1.95,-4.25,0.875));
#7449 = VECTOR('',#7450,1.);
#7450 = DIRECTION('',(0.,-2.2E-16,-1.));
#7451 = PLANE('',#7452);
#7452 = AXIS2_PLACEMENT_3D('',#7453,#7454,#7455);
#7453 = CARTESIAN_POINT('',(-1.95,-4.25,0.875));
#7454 = DIRECTION('',(1.,-0.,-0.));
#7455 = DIRECTION('',(-0.,-3.3E-16,-1.));
#7456 = ADVANCED_FACE('',(#7457),#7482,.F.);
#7457 = FACE_BOUND('',#7458,.F.);
#7458 = EDGE_LOOP('',(#7459,#7460,#7468,#7476));
#7459 = ORIENTED_EDGE('',*,*,#7429,.T.);
#7460 = ORIENTED_EDGE('',*,*,#7461,.T.);
#7461 = EDGE_CURVE('',#7432,#7462,#7464,.T.);
#7462 = VERTEX_POINT('',#7463);
#7463 = CARTESIAN_POINT('',(-2.1,-4.6,0.875));
#7464 = LINE('',#7465,#7466);
#7465 = CARTESIAN_POINT('',(-1.95,-4.6,0.875));
#7466 = VECTOR('',#7467,1.);
#7467 = DIRECTION('',(-1.,-0.,-0.));
#7468 = ORIENTED_EDGE('',*,*,#7469,.F.);
#7469 = EDGE_CURVE('',#7470,#7462,#7472,.T.);
#7470 = VERTEX_POINT('',#7471);
#7471 = CARTESIAN_POINT('',(-2.1,-4.25,0.875));
#7472 = LINE('',#7473,#7474);
#7473 = CARTESIAN_POINT('',(-2.1,-4.25,0.875));
#7474 = VECTOR('',#7475,1.);
#7475 = DIRECTION('',(-0.,-1.,3.3E-16));
#7476 = ORIENTED_EDGE('',*,*,#7477,.F.);
#7477 = EDGE_CURVE('',#7430,#7470,#7478,.T.);
#7478 = LINE('',#7479,#7480);
#7479 = CARTESIAN_POINT('',(-1.95,-4.25,0.875));
#7480 = VECTOR('',#7481,1.);
#7481 = DIRECTION('',(-1.,-0.,-0.));
#7482 = PLANE('',#7483);
#7483 = AXIS2_PLACEMENT_3D('',#7484,#7485,#7486);
#7484 = CARTESIAN_POINT('',(-1.95,-4.25,0.875));
#7485 = DIRECTION('',(0.,-3.3E-16,-1.));
#7486 = DIRECTION('',(-1.,-0.,0.));
#7487 = ADVANCED_FACE('',(#7488),#7515,.T.);
#7488 = FACE_BOUND('',#7489,.T.);
#7489 = EDGE_LOOP('',(#7490,#7499,#7507,#7514));
#7490 = ORIENTED_EDGE('',*,*,#7491,.T.);
#7491 = EDGE_CURVE('',#7470,#7492,#7494,.T.);
#7492 = VERTEX_POINT('',#7493);
#7493 = CARTESIAN_POINT('',(-2.404266065791,-4.25,0.625797676838));
#7494 = CIRCLE('',#7495,0.310349507779);
#7495 = AXIS2_PLACEMENT_3D('',#7496,#7497,#7498);
#7496 = CARTESIAN_POINT('',(-2.1,-4.25,0.564650492221));
#7497 = DIRECTION('',(0.,-1.,2.2E-16));
#7498 = DIRECTION('',(1.,0.,0.));
#7499 = ORIENTED_EDGE('',*,*,#7500,.T.);
#7500 = EDGE_CURVE('',#7492,#7501,#7503,.T.);
#7501 = VERTEX_POINT('',#7502);
#7502 = CARTESIAN_POINT('',(-2.404266065791,-4.6,0.625797676838));
#7503 = LINE('',#7504,#7505);
#7504 = CARTESIAN_POINT('',(-2.404266065791,-4.25,0.625797676838));
#7505 = VECTOR('',#7506,1.);
#7506 = DIRECTION('',(-0.,-1.,3.3E-16));
#7507 = ORIENTED_EDGE('',*,*,#7508,.F.);
#7508 = EDGE_CURVE('',#7462,#7501,#7509,.T.);
#7509 = CIRCLE('',#7510,0.310349507779);
#7510 = AXIS2_PLACEMENT_3D('',#7511,#7512,#7513);
#7511 = CARTESIAN_POINT('',(-2.1,-4.6,0.564650492221));
#7512 = DIRECTION('',(0.,-1.,2.2E-16));
#7513 = DIRECTION('',(1.,0.,0.));
#7514 = ORIENTED_EDGE('',*,*,#7469,.F.);
#7515 = CYLINDRICAL_SURFACE('',#7516,0.310349507779);
#7516 = AXIS2_PLACEMENT_3D('',#7517,#7518,#7519);
#7517 = CARTESIAN_POINT('',(-2.1,-4.25,0.564650492221));
#7518 = DIRECTION('',(-0.,1.,-3.3E-16));
#7519 = DIRECTION('',(1.,0.,-0.));
#7520 = ADVANCED_FACE('',(#7521),#7537,.T.);
#7521 = FACE_BOUND('',#7522,.T.);
#7522 = EDGE_LOOP('',(#7523,#7524,#7530,#7531));
#7523 = ORIENTED_EDGE('',*,*,#7177,.T.);
#7524 = ORIENTED_EDGE('',*,*,#7525,.T.);
#7525 = EDGE_CURVE('',#7178,#7501,#7526,.T.);
#7526 = LINE('',#7527,#7528);
#7527 = CARTESIAN_POINT('',(-2.440826868813,-4.6,0.328033831346));
#7528 = VECTOR('',#7529,1.);
#7529 = DIRECTION('',(0.121869343405,2.2E-16,0.992546151641));
#7530 = ORIENTED_EDGE('',*,*,#7500,.F.);
#7531 = ORIENTED_EDGE('',*,*,#7532,.F.);
#7532 = EDGE_CURVE('',#7169,#7492,#7533,.T.);
#7533 = LINE('',#7534,#7535);
#7534 = CARTESIAN_POINT('',(-2.440826868813,-4.25,0.328033831346));
#7535 = VECTOR('',#7536,1.);
#7536 = DIRECTION('',(0.121869343405,2.2E-16,0.992546151641));
#7537 = PLANE('',#7538);
#7538 = AXIS2_PLACEMENT_3D('',#7539,#7540,#7541);
#7539 = CARTESIAN_POINT('',(-2.440826868813,-4.25,0.328033831346));
#7540 = DIRECTION('',(-0.992546151641,4.E-17,0.121869343405));
#7541 = DIRECTION('',(0.121869343405,3.3E-16,0.992546151641));
#7542 = ADVANCED_FACE('',(#7543),#7557,.T.);
#7543 = FACE_BOUND('',#7544,.F.);
#7544 = EDGE_LOOP('',(#7545,#7546,#7547,#7548,#7549,#7550,#7551,#7552,
    #7553,#7554,#7555,#7556));
#7545 = ORIENTED_EDGE('',*,*,#7166,.F.);
#7546 = ORIENTED_EDGE('',*,*,#7225,.T.);
#7547 = ORIENTED_EDGE('',*,*,#7256,.T.);
#7548 = ORIENTED_EDGE('',*,*,#7287,.T.);
#7549 = ORIENTED_EDGE('',*,*,#7301,.T.);
#7550 = ORIENTED_EDGE('',*,*,#7351,.T.);
#7551 = ORIENTED_EDGE('',*,*,#7365,.F.);
#7552 = ORIENTED_EDGE('',*,*,#7415,.F.);
#7553 = ORIENTED_EDGE('',*,*,#7446,.F.);
#7554 = ORIENTED_EDGE('',*,*,#7477,.T.);
#7555 = ORIENTED_EDGE('',*,*,#7491,.T.);
#7556 = ORIENTED_EDGE('',*,*,#7532,.F.);
#7557 = PLANE('',#7558);
#7558 = AXIS2_PLACEMENT_3D('',#7559,#7560,#7561);
#7559 = CARTESIAN_POINT('',(-2.436235547263,-4.25,0.383511578704));
#7560 = DIRECTION('',(0.,1.,-2.2E-16));
#7561 = DIRECTION('',(0.,2.2E-16,1.));
#7562 = ADVANCED_FACE('',(#7563),#7577,.F.);
#7563 = FACE_BOUND('',#7564,.T.);
#7564 = EDGE_LOOP('',(#7565,#7566,#7567,#7568,#7569,#7570,#7571,#7572,
    #7573,#7574,#7575,#7576));
#7565 = ORIENTED_EDGE('',*,*,#7185,.F.);
#7566 = ORIENTED_EDGE('',*,*,#7209,.T.);
#7567 = ORIENTED_EDGE('',*,*,#7240,.T.);
#7568 = ORIENTED_EDGE('',*,*,#7271,.T.);
#7569 = ORIENTED_EDGE('',*,*,#7318,.T.);
#7570 = ORIENTED_EDGE('',*,*,#7335,.T.);
#7571 = ORIENTED_EDGE('',*,*,#7375,.F.);
#7572 = ORIENTED_EDGE('',*,*,#7408,.F.);
#7573 = ORIENTED_EDGE('',*,*,#7439,.F.);
#7574 = ORIENTED_EDGE('',*,*,#7461,.T.);
#7575 = ORIENTED_EDGE('',*,*,#7508,.T.);
#7576 = ORIENTED_EDGE('',*,*,#7525,.F.);
#7577 = PLANE('',#7578);
#7578 = AXIS2_PLACEMENT_3D('',#7579,#7580,#7581);
#7579 = CARTESIAN_POINT('',(-2.436235547263,-4.6,0.383511578704));
#7580 = DIRECTION('',(0.,1.,-2.2E-16));
#7581 = DIRECTION('',(0.,2.2E-16,1.));
#7582 = ( GEOMETRIC_REPRESENTATION_CONTEXT(3) 
GLOBAL_UNCERTAINTY_ASSIGNED_CONTEXT((#7586)) 
GLOBAL_UNIT_ASSIGNED_CONTEXT((#7583,#7584,#7585)) REPRESENTATION_CONTEXT
('Context #1','3D Context with UNIT and UNCERTAINTY') );
#7583 = ( LENGTH_UNIT() NAMED_UNIT(*) SI_UNIT(.MILLI.,.METRE.) );
#7584 = ( NAMED_UNIT(*) PLANE_ANGLE_UNIT() SI_UNIT($,.RADIAN.) );
#7585 = ( NAMED_UNIT(*) SI_UNIT($,.STERADIAN.) SOLID_ANGLE_UNIT() );
#7586 = UNCERTAINTY_MEASURE_WITH_UNIT(LENGTH_MEASURE(1.E-07),#7583,
  'distance_accuracy_value','confusion accuracy');
#7587 = CONTEXT_DEPENDENT_SHAPE_REPRESENTATION(#7588,#7590);
#7588 = ( REPRESENTATION_RELATIONSHIP('','',#7159,#5344) 
REPRESENTATION_RELATIONSHIP_WITH_TRANSFORMATION(#7589) 
SHAPE_REPRESENTATION_RELATIONSHIP() );
#7589 = ITEM_DEFINED_TRANSFORMATION('','',#11,#5361);
#7590 = PRODUCT_DEFINITION_SHAPE('Placement','Placement of an item',
  #7591);
#7591 = NEXT_ASSEMBLY_USAGE_OCCURRENCE('15','Pad001 (Mirror #2)004','',
  #5339,#7154,$);
#7592 = PRODUCT_RELATED_PRODUCT_CATEGORY('part',$,(#7156));
#7593 = SHAPE_DEFINITION_REPRESENTATION(#7594,#7600);
#7594 = PRODUCT_DEFINITION_SHAPE('','',#7595);
#7595 = PRODUCT_DEFINITION('design','',#7596,#7599);
#7596 = PRODUCT_DEFINITION_FORMATION('','',#7597);
#7597 = PRODUCT('Pad001 (Mirror #2)005','Pad001 (Mirror #2)005','',(
    #7598));
#7598 = PRODUCT_CONTEXT('',#2,'mechanical');
#7599 = PRODUCT_DEFINITION_CONTEXT('part definition',#2,'design');
#7600 = ADVANCED_BREP_SHAPE_REPRESENTATION('',(#11,#7601),#8023);
#7601 = MANIFOLD_SOLID_BREP('',#7602);
#7602 = CLOSED_SHELL('',(#7603,#7645,#7676,#7707,#7738,#7771,#7802,#7835
    ,#7866,#7897,#7928,#7961,#7983,#8003));
#7603 = ADVANCED_FACE('',(#7604),#7640,.F.);
#7604 = FACE_BOUND('',#7605,.F.);
#7605 = EDGE_LOOP('',(#7606,#7617,#7625,#7634));
#7606 = ORIENTED_EDGE('',*,*,#7607,.T.);
#7607 = EDGE_CURVE('',#7608,#7610,#7612,.T.);
#7608 = VERTEX_POINT('',#7609);
#7609 = CARTESIAN_POINT('',(-2.55061670936,-4.25,0.223551180309));
#7610 = VERTEX_POINT('',#7611);
#7611 = CARTESIAN_POINT('',(-2.440826868813,-4.25,0.328033831346));
#7612 = CIRCLE('',#7613,0.137039746262);
#7613 = AXIS2_PLACEMENT_3D('',#7614,#7615,#7616);
#7614 = CARTESIAN_POINT('',(-2.574436,-4.25,0.358505));
#7615 = DIRECTION('',(0.,-1.,2.2E-16));
#7616 = DIRECTION('',(1.,0.,0.));
#7617 = ORIENTED_EDGE('',*,*,#7618,.T.);
#7618 = EDGE_CURVE('',#7610,#7619,#7621,.T.);
#7619 = VERTEX_POINT('',#7620);
#7620 = CARTESIAN_POINT('',(-2.440826868813,-4.6,0.328033831346));
#7621 = LINE('',#7622,#7623);
#7622 = CARTESIAN_POINT('',(-2.440826868813,-4.25,0.328033831346));
#7623 = VECTOR('',#7624,1.);
#7624 = DIRECTION('',(-0.,-1.,3.3E-16));
#7625 = ORIENTED_EDGE('',*,*,#7626,.F.);
#7626 = EDGE_CURVE('',#7627,#7619,#7629,.T.);
#7627 = VERTEX_POINT('',#7628);
#7628 = CARTESIAN_POINT('',(-2.55061670936,-4.6,0.223551180309));
#7629 = CIRCLE('',#7630,0.137039746262);
#7630 = AXIS2_PLACEMENT_3D('',#7631,#7632,#7633);
#7631 = CARTESIAN_POINT('',(-2.574436,-4.6,0.358505));
#7632 = DIRECTION('',(0.,-1.,2.2E-16));
#7633 = DIRECTION('',(1.,0.,0.));
#7634 = ORIENTED_EDGE('',*,*,#7635,.F.);
#7635 = EDGE_CURVE('',#7608,#7627,#7636,.T.);
#7636 = LINE('',#7637,#7638);
#7637 = CARTESIAN_POINT('',(-2.55061670936,-4.25,0.223551180309));
#7638 = VECTOR('',#7639,1.);
#7639 = DIRECTION('',(-0.,-1.,3.3E-16));
#7640 = CYLINDRICAL_SURFACE('',#7641,0.137039746262);
#7641 = AXIS2_PLACEMENT_3D('',#7642,#7643,#7644);
#7642 = CARTESIAN_POINT('',(-2.574436,-4.25,0.358505));
#7643 = DIRECTION('',(-0.,1.,-3.3E-16));
#7644 = DIRECTION('',(1.,0.,-0.));
#7645 = ADVANCED_FACE('',(#7646),#7671,.F.);
#7646 = FACE_BOUND('',#7647,.F.);
#7647 = EDGE_LOOP('',(#7648,#7649,#7657,#7665));
#7648 = ORIENTED_EDGE('',*,*,#7635,.T.);
#7649 = ORIENTED_EDGE('',*,*,#7650,.T.);
#7650 = EDGE_CURVE('',#7627,#7651,#7653,.T.);
#7651 = VERTEX_POINT('',#7652);
#7652 = CARTESIAN_POINT('',(-3.,-4.6,0.2));
#7653 = LINE('',#7654,#7655);
#7654 = CARTESIAN_POINT('',(-2.55061670936,-4.6,0.223551180309));
#7655 = VECTOR('',#7656,1.);
#7656 = DIRECTION('',(-0.998629534755,-1.E-17,-5.233595624292E-02));
#7657 = ORIENTED_EDGE('',*,*,#7658,.F.);
#7658 = EDGE_CURVE('',#7659,#7651,#7661,.T.);
#7659 = VERTEX_POINT('',#7660);
#7660 = CARTESIAN_POINT('',(-3.,-4.25,0.2));
#7661 = LINE('',#7662,#7663);
#7662 = CARTESIAN_POINT('',(-3.,-4.25,0.2));
#7663 = VECTOR('',#7664,1.);
#7664 = DIRECTION('',(-0.,-1.,3.3E-16));
#7665 = ORIENTED_EDGE('',*,*,#7666,.F.);
#7666 = EDGE_CURVE('',#7608,#7659,#7667,.T.);
#7667 = LINE('',#7668,#7669);
#7668 = CARTESIAN_POINT('',(-2.55061670936,-4.25,0.223551180309));
#7669 = VECTOR('',#7670,1.);
#7670 = DIRECTION('',(-0.998629534755,-1.E-17,-5.233595624292E-02));
#7671 = PLANE('',#7672);
#7672 = AXIS2_PLACEMENT_3D('',#7673,#7674,#7675);
#7673 = CARTESIAN_POINT('',(-2.55061670936,-4.25,0.223551180309));
#7674 = DIRECTION('',(5.233595624292E-02,-3.3E-16,-0.998629534755));
#7675 = DIRECTION('',(-0.998629534755,-2.E-17,-5.233595624292E-02));
#7676 = ADVANCED_FACE('',(#7677),#7702,.F.);
#7677 = FACE_BOUND('',#7678,.F.);
#7678 = EDGE_LOOP('',(#7679,#7680,#7688,#7696));
#7679 = ORIENTED_EDGE('',*,*,#7658,.T.);
#7680 = ORIENTED_EDGE('',*,*,#7681,.T.);
#7681 = EDGE_CURVE('',#7651,#7682,#7684,.T.);
#7682 = VERTEX_POINT('',#7683);
#7683 = CARTESIAN_POINT('',(-3.,-4.6,1.E-15));
#7684 = LINE('',#7685,#7686);
#7685 = CARTESIAN_POINT('',(-3.,-4.6,0.2));
#7686 = VECTOR('',#7687,1.);
#7687 = DIRECTION('',(0.,-2.2E-16,-1.));
#7688 = ORIENTED_EDGE('',*,*,#7689,.F.);
#7689 = EDGE_CURVE('',#7690,#7682,#7692,.T.);
#7690 = VERTEX_POINT('',#7691);
#7691 = CARTESIAN_POINT('',(-3.,-4.25,1.E-15));
#7692 = LINE('',#7693,#7694);
#7693 = CARTESIAN_POINT('',(-3.,-4.25,9.4E-16));
#7694 = VECTOR('',#7695,1.);
#7695 = DIRECTION('',(-0.,-1.,3.3E-16));
#7696 = ORIENTED_EDGE('',*,*,#7697,.F.);
#7697 = EDGE_CURVE('',#7659,#7690,#7698,.T.);
#7698 = LINE('',#7699,#7700);
#7699 = CARTESIAN_POINT('',(-3.,-4.25,0.2));
#7700 = VECTOR('',#7701,1.);
#7701 = DIRECTION('',(0.,-2.2E-16,-1.));
#7702 = PLANE('',#7703);
#7703 = AXIS2_PLACEMENT_3D('',#7704,#7705,#7706);
#7704 = CARTESIAN_POINT('',(-3.,-4.25,0.2));
#7705 = DIRECTION('',(1.,-0.,-0.));
#7706 = DIRECTION('',(-0.,-3.3E-16,-1.));
#7707 = ADVANCED_FACE('',(#7708),#7733,.F.);
#7708 = FACE_BOUND('',#7709,.F.);
#7709 = EDGE_LOOP('',(#7710,#7711,#7719,#7727));
#7710 = ORIENTED_EDGE('',*,*,#7689,.T.);
#7711 = ORIENTED_EDGE('',*,*,#7712,.T.);
#7712 = EDGE_CURVE('',#7682,#7713,#7715,.T.);
#7713 = VERTEX_POINT('',#7714);
#7714 = CARTESIAN_POINT('',(-2.500685232623,-4.6,2.616797812147E-02));
#7715 = LINE('',#7716,#7717);
#7716 = CARTESIAN_POINT('',(-3.,-4.6,1.E-15));
#7717 = VECTOR('',#7718,1.);
#7718 = DIRECTION('',(0.998629534755,1.E-17,5.233595624292E-02));
#7719 = ORIENTED_EDGE('',*,*,#7720,.F.);
#7720 = EDGE_CURVE('',#7721,#7713,#7723,.T.);
#7721 = VERTEX_POINT('',#7722);
#7722 = CARTESIAN_POINT('',(-2.500685232623,-4.25,2.616797812147E-02));
#7723 = LINE('',#7724,#7725);
#7724 = CARTESIAN_POINT('',(-2.500685232623,-4.25,2.616797812147E-02));
#7725 = VECTOR('',#7726,1.);
#7726 = DIRECTION('',(-0.,-1.,3.3E-16));
#7727 = ORIENTED_EDGE('',*,*,#7728,.F.);
#7728 = EDGE_CURVE('',#7690,#7721,#7729,.T.);
#7729 = LINE('',#7730,#7731);
#7730 = CARTESIAN_POINT('',(-3.,-4.25,4.7E-16));
#7731 = VECTOR('',#7732,1.);
#7732 = DIRECTION('',(0.998629534755,1.E-17,5.233595624292E-02));
#7733 = PLANE('',#7734);
#7734 = AXIS2_PLACEMENT_3D('',#7735,#7736,#7737);
#7735 = CARTESIAN_POINT('',(-3.,-4.25,9.4E-16));
#7736 = DIRECTION('',(-5.233595624292E-02,3.3E-16,0.998629534755));
#7737 = DIRECTION('',(0.998629534755,2.E-17,5.233595624292E-02));
#7738 = ADVANCED_FACE('',(#7739),#7766,.T.);
#7739 = FACE_BOUND('',#7740,.T.);
#7740 = EDGE_LOOP('',(#7741,#7750,#7758,#7765));
#7741 = ORIENTED_EDGE('',*,*,#7742,.T.);
#7742 = EDGE_CURVE('',#7721,#7743,#7745,.T.);
#7743 = VERTEX_POINT('',#7744);
#7744 = CARTESIAN_POINT('',(-2.25,-4.25,0.2410921491));
#7745 = CIRCLE('',#7746,0.268233064235);
#7746 = AXIS2_PLACEMENT_3D('',#7747,#7748,#7749);
#7747 = CARTESIAN_POINT('',(-2.512939,-4.25,0.294121));
#7748 = DIRECTION('',(0.,-1.,2.2E-16));
#7749 = DIRECTION('',(1.,0.,0.));
#7750 = ORIENTED_EDGE('',*,*,#7751,.T.);
#7751 = EDGE_CURVE('',#7743,#7752,#7754,.T.);
#7752 = VERTEX_POINT('',#7753);
#7753 = CARTESIAN_POINT('',(-2.25,-4.6,0.2410921491));
#7754 = LINE('',#7755,#7756);
#7755 = CARTESIAN_POINT('',(-2.25,-4.25,0.2410921491));
#7756 = VECTOR('',#7757,1.);
#7757 = DIRECTION('',(-0.,-1.,3.3E-16));
#7758 = ORIENTED_EDGE('',*,*,#7759,.F.);
#7759 = EDGE_CURVE('',#7713,#7752,#7760,.T.);
#7760 = CIRCLE('',#7761,0.268233064235);
#7761 = AXIS2_PLACEMENT_3D('',#7762,#7763,#7764);
#7762 = CARTESIAN_POINT('',(-2.512939,-4.6,0.294121));
#7763 = DIRECTION('',(0.,-1.,2.2E-16));
#7764 = DIRECTION('',(1.,0.,0.));
#7765 = ORIENTED_EDGE('',*,*,#7720,.F.);
#7766 = CYLINDRICAL_SURFACE('',#7767,0.268233064235);
#7767 = AXIS2_PLACEMENT_3D('',#7768,#7769,#7770);
#7768 = CARTESIAN_POINT('',(-2.512939,-4.25,0.294121));
#7769 = DIRECTION('',(-0.,1.,-3.3E-16));
#7770 = DIRECTION('',(1.,0.,-0.));
#7771 = ADVANCED_FACE('',(#7772),#7797,.F.);
#7772 = FACE_BOUND('',#7773,.F.);
#7773 = EDGE_LOOP('',(#7774,#7775,#7783,#7791));
#7774 = ORIENTED_EDGE('',*,*,#7751,.T.);
#7775 = ORIENTED_EDGE('',*,*,#7776,.T.);
#7776 = EDGE_CURVE('',#7752,#7777,#7779,.T.);
#7777 = VERTEX_POINT('',#7778);
#7778 = CARTESIAN_POINT('',(-2.213439196978,-4.6,0.538855994594));
#7779 = LINE('',#7780,#7781);
#7780 = CARTESIAN_POINT('',(-2.25,-4.6,0.2410921491));
#7781 = VECTOR('',#7782,1.);
#7782 = DIRECTION('',(0.121869343407,2.2E-16,0.992546151641));
#7783 = ORIENTED_EDGE('',*,*,#7784,.F.);
#7784 = EDGE_CURVE('',#7785,#7777,#7787,.T.);
#7785 = VERTEX_POINT('',#7786);
#7786 = CARTESIAN_POINT('',(-2.213439196978,-4.25,0.538855994594));
#7787 = LINE('',#7788,#7789);
#7788 = CARTESIAN_POINT('',(-2.213439196978,-4.25,0.538855994594));
#7789 = VECTOR('',#7790,1.);
#7790 = DIRECTION('',(-0.,-1.,3.3E-16));
#7791 = ORIENTED_EDGE('',*,*,#7792,.F.);
#7792 = EDGE_CURVE('',#7743,#7785,#7793,.T.);
#7793 = LINE('',#7794,#7795);
#7794 = CARTESIAN_POINT('',(-2.25,-4.25,0.2410921491));
#7795 = VECTOR('',#7796,1.);
#7796 = DIRECTION('',(0.121869343407,2.2E-16,0.992546151641));
#7797 = PLANE('',#7798);
#7798 = AXIS2_PLACEMENT_3D('',#7799,#7800,#7801);
#7799 = CARTESIAN_POINT('',(-2.25,-4.25,0.2410921491));
#7800 = DIRECTION('',(-0.992546151641,4.E-17,0.121869343407));
#7801 = DIRECTION('',(0.121869343407,3.3E-16,0.992546151641));
#7802 = ADVANCED_FACE('',(#7803),#7830,.F.);
#7803 = FACE_BOUND('',#7804,.F.);
#7804 = EDGE_LOOP('',(#7805,#7814,#7815,#7824));
#7805 = ORIENTED_EDGE('',*,*,#7806,.T.);
#7806 = EDGE_CURVE('',#7807,#7785,#7809,.T.);
#7807 = VERTEX_POINT('',#7808);
#7808 = CARTESIAN_POINT('',(-2.050000000001,-4.25,0.674999999999));
#7809 = CIRCLE('',#7810,0.161896002983);
#7810 = AXIS2_PLACEMENT_3D('',#7811,#7812,#7813);
#7811 = CARTESIAN_POINT('',(-2.053598,-4.25,0.513143983189));
#7812 = DIRECTION('',(0.,-1.,2.2E-16));
#7813 = DIRECTION('',(1.,0.,0.));
#7814 = ORIENTED_EDGE('',*,*,#7784,.T.);
#7815 = ORIENTED_EDGE('',*,*,#7816,.F.);
#7816 = EDGE_CURVE('',#7817,#7777,#7819,.T.);
#7817 = VERTEX_POINT('',#7818);
#7818 = CARTESIAN_POINT('',(-2.050000000001,-4.6,0.674999999999));
#7819 = CIRCLE('',#7820,0.161896002983);
#7820 = AXIS2_PLACEMENT_3D('',#7821,#7822,#7823);
#7821 = CARTESIAN_POINT('',(-2.053598,-4.6,0.513143983189));
#7822 = DIRECTION('',(0.,-1.,2.2E-16));
#7823 = DIRECTION('',(1.,0.,0.));
#7824 = ORIENTED_EDGE('',*,*,#7825,.F.);
#7825 = EDGE_CURVE('',#7807,#7817,#7826,.T.);
#7826 = LINE('',#7827,#7828);
#7827 = CARTESIAN_POINT('',(-2.050000000001,-4.25,0.674999999999));
#7828 = VECTOR('',#7829,1.);
#7829 = DIRECTION('',(-0.,-1.,3.3E-16));
#7830 = CYLINDRICAL_SURFACE('',#7831,0.161896002983);
#7831 = AXIS2_PLACEMENT_3D('',#7832,#7833,#7834);
#7832 = CARTESIAN_POINT('',(-2.053598,-4.25,0.513143983189));
#7833 = DIRECTION('',(-0.,1.,-3.3E-16));
#7834 = DIRECTION('',(1.,0.,-0.));
#7835 = ADVANCED_FACE('',(#7836),#7861,.T.);
#7836 = FACE_BOUND('',#7837,.T.);
#7837 = EDGE_LOOP('',(#7838,#7848,#7854,#7855));
#7838 = ORIENTED_EDGE('',*,*,#7839,.T.);
#7839 = EDGE_CURVE('',#7840,#7842,#7844,.T.);
#7840 = VERTEX_POINT('',#7841);
#7841 = CARTESIAN_POINT('',(-1.95,-4.25,0.674999999999));
#7842 = VERTEX_POINT('',#7843);
#7843 = CARTESIAN_POINT('',(-1.95,-4.6,0.674999999999));
#7844 = LINE('',#7845,#7846);
#7845 = CARTESIAN_POINT('',(-1.95,-4.25,0.674999999999));
#7846 = VECTOR('',#7847,1.);
#7847 = DIRECTION('',(-0.,-1.,3.3E-16));
#7848 = ORIENTED_EDGE('',*,*,#7849,.T.);
#7849 = EDGE_CURVE('',#7842,#7817,#7850,.T.);
#7850 = LINE('',#7851,#7852);
#7851 = CARTESIAN_POINT('',(-1.95,-4.6,0.674999999999));
#7852 = VECTOR('',#7853,1.);
#7853 = DIRECTION('',(-1.,-0.,-0.));
#7854 = ORIENTED_EDGE('',*,*,#7825,.F.);
#7855 = ORIENTED_EDGE('',*,*,#7856,.F.);
#7856 = EDGE_CURVE('',#7840,#7807,#7857,.T.);
#7857 = LINE('',#7858,#7859);
#7858 = CARTESIAN_POINT('',(-1.95,-4.25,0.674999999999));
#7859 = VECTOR('',#7860,1.);
#7860 = DIRECTION('',(-1.,-0.,-0.));
#7861 = PLANE('',#7862);
#7862 = AXIS2_PLACEMENT_3D('',#7863,#7864,#7865);
#7863 = CARTESIAN_POINT('',(-1.95,-4.25,0.674999999999));
#7864 = DIRECTION('',(0.,-3.3E-16,-1.));
#7865 = DIRECTION('',(-1.,-0.,0.));
#7866 = ADVANCED_FACE('',(#7867),#7892,.T.);
#7867 = FACE_BOUND('',#7868,.T.);
#7868 = EDGE_LOOP('',(#7869,#7879,#7885,#7886));
#7869 = ORIENTED_EDGE('',*,*,#7870,.T.);
#7870 = EDGE_CURVE('',#7871,#7873,#7875,.T.);
#7871 = VERTEX_POINT('',#7872);
#7872 = CARTESIAN_POINT('',(-1.95,-4.25,0.875));
#7873 = VERTEX_POINT('',#7874);
#7874 = CARTESIAN_POINT('',(-1.95,-4.6,0.875));
#7875 = LINE('',#7876,#7877);
#7876 = CARTESIAN_POINT('',(-1.95,-4.25,0.875));
#7877 = VECTOR('',#7878,1.);
#7878 = DIRECTION('',(-0.,-1.,3.3E-16));
#7879 = ORIENTED_EDGE('',*,*,#7880,.T.);
#7880 = EDGE_CURVE('',#7873,#7842,#7881,.T.);
#7881 = LINE('',#7882,#7883);
#7882 = CARTESIAN_POINT('',(-1.95,-4.6,0.875));
#7883 = VECTOR('',#7884,1.);
#7884 = DIRECTION('',(0.,-2.2E-16,-1.));
#7885 = ORIENTED_EDGE('',*,*,#7839,.F.);
#7886 = ORIENTED_EDGE('',*,*,#7887,.F.);
#7887 = EDGE_CURVE('',#7871,#7840,#7888,.T.);
#7888 = LINE('',#7889,#7890);
#7889 = CARTESIAN_POINT('',(-1.95,-4.25,0.875));
#7890 = VECTOR('',#7891,1.);
#7891 = DIRECTION('',(0.,-2.2E-16,-1.));
#7892 = PLANE('',#7893);
#7893 = AXIS2_PLACEMENT_3D('',#7894,#7895,#7896);
#7894 = CARTESIAN_POINT('',(-1.95,-4.25,0.875));
#7895 = DIRECTION('',(1.,-0.,-0.));
#7896 = DIRECTION('',(-0.,-3.3E-16,-1.));
#7897 = ADVANCED_FACE('',(#7898),#7923,.F.);
#7898 = FACE_BOUND('',#7899,.F.);
#7899 = EDGE_LOOP('',(#7900,#7901,#7909,#7917));
#7900 = ORIENTED_EDGE('',*,*,#7870,.T.);
#7901 = ORIENTED_EDGE('',*,*,#7902,.T.);
#7902 = EDGE_CURVE('',#7873,#7903,#7905,.T.);
#7903 = VERTEX_POINT('',#7904);
#7904 = CARTESIAN_POINT('',(-2.1,-4.6,0.875));
#7905 = LINE('',#7906,#7907);
#7906 = CARTESIAN_POINT('',(-1.95,-4.6,0.875));
#7907 = VECTOR('',#7908,1.);
#7908 = DIRECTION('',(-1.,-0.,-0.));
#7909 = ORIENTED_EDGE('',*,*,#7910,.F.);
#7910 = EDGE_CURVE('',#7911,#7903,#7913,.T.);
#7911 = VERTEX_POINT('',#7912);
#7912 = CARTESIAN_POINT('',(-2.1,-4.25,0.875));
#7913 = LINE('',#7914,#7915);
#7914 = CARTESIAN_POINT('',(-2.1,-4.25,0.875));
#7915 = VECTOR('',#7916,1.);
#7916 = DIRECTION('',(-0.,-1.,3.3E-16));
#7917 = ORIENTED_EDGE('',*,*,#7918,.F.);
#7918 = EDGE_CURVE('',#7871,#7911,#7919,.T.);
#7919 = LINE('',#7920,#7921);
#7920 = CARTESIAN_POINT('',(-1.95,-4.25,0.875));
#7921 = VECTOR('',#7922,1.);
#7922 = DIRECTION('',(-1.,-0.,-0.));
#7923 = PLANE('',#7924);
#7924 = AXIS2_PLACEMENT_3D('',#7925,#7926,#7927);
#7925 = CARTESIAN_POINT('',(-1.95,-4.25,0.875));
#7926 = DIRECTION('',(0.,-3.3E-16,-1.));
#7927 = DIRECTION('',(-1.,-0.,0.));
#7928 = ADVANCED_FACE('',(#7929),#7956,.T.);
#7929 = FACE_BOUND('',#7930,.T.);
#7930 = EDGE_LOOP('',(#7931,#7940,#7948,#7955));
#7931 = ORIENTED_EDGE('',*,*,#7932,.T.);
#7932 = EDGE_CURVE('',#7911,#7933,#7935,.T.);
#7933 = VERTEX_POINT('',#7934);
#7934 = CARTESIAN_POINT('',(-2.404266065791,-4.25,0.625797676838));
#7935 = CIRCLE('',#7936,0.310349507779);
#7936 = AXIS2_PLACEMENT_3D('',#7937,#7938,#7939);
#7937 = CARTESIAN_POINT('',(-2.1,-4.25,0.564650492221));
#7938 = DIRECTION('',(0.,-1.,2.2E-16));
#7939 = DIRECTION('',(1.,0.,0.));
#7940 = ORIENTED_EDGE('',*,*,#7941,.T.);
#7941 = EDGE_CURVE('',#7933,#7942,#7944,.T.);
#7942 = VERTEX_POINT('',#7943);
#7943 = CARTESIAN_POINT('',(-2.404266065791,-4.6,0.625797676838));
#7944 = LINE('',#7945,#7946);
#7945 = CARTESIAN_POINT('',(-2.404266065791,-4.25,0.625797676838));
#7946 = VECTOR('',#7947,1.);
#7947 = DIRECTION('',(-0.,-1.,3.3E-16));
#7948 = ORIENTED_EDGE('',*,*,#7949,.F.);
#7949 = EDGE_CURVE('',#7903,#7942,#7950,.T.);
#7950 = CIRCLE('',#7951,0.310349507779);
#7951 = AXIS2_PLACEMENT_3D('',#7952,#7953,#7954);
#7952 = CARTESIAN_POINT('',(-2.1,-4.6,0.564650492221));
#7953 = DIRECTION('',(0.,-1.,2.2E-16));
#7954 = DIRECTION('',(1.,0.,0.));
#7955 = ORIENTED_EDGE('',*,*,#7910,.F.);
#7956 = CYLINDRICAL_SURFACE('',#7957,0.310349507779);
#7957 = AXIS2_PLACEMENT_3D('',#7958,#7959,#7960);
#7958 = CARTESIAN_POINT('',(-2.1,-4.25,0.564650492221));
#7959 = DIRECTION('',(-0.,1.,-3.3E-16));
#7960 = DIRECTION('',(1.,0.,-0.));
#7961 = ADVANCED_FACE('',(#7962),#7978,.T.);
#7962 = FACE_BOUND('',#7963,.T.);
#7963 = EDGE_LOOP('',(#7964,#7965,#7971,#7972));
#7964 = ORIENTED_EDGE('',*,*,#7618,.T.);
#7965 = ORIENTED_EDGE('',*,*,#7966,.T.);
#7966 = EDGE_CURVE('',#7619,#7942,#7967,.T.);
#7967 = LINE('',#7968,#7969);
#7968 = CARTESIAN_POINT('',(-2.440826868813,-4.6,0.328033831346));
#7969 = VECTOR('',#7970,1.);
#7970 = DIRECTION('',(0.121869343405,2.2E-16,0.992546151641));
#7971 = ORIENTED_EDGE('',*,*,#7941,.F.);
#7972 = ORIENTED_EDGE('',*,*,#7973,.F.);
#7973 = EDGE_CURVE('',#7610,#7933,#7974,.T.);
#7974 = LINE('',#7975,#7976);
#7975 = CARTESIAN_POINT('',(-2.440826868813,-4.25,0.328033831346));
#7976 = VECTOR('',#7977,1.);
#7977 = DIRECTION('',(0.121869343405,2.2E-16,0.992546151641));
#7978 = PLANE('',#7979);
#7979 = AXIS2_PLACEMENT_3D('',#7980,#7981,#7982);
#7980 = CARTESIAN_POINT('',(-2.440826868813,-4.25,0.328033831346));
#7981 = DIRECTION('',(-0.992546151641,4.E-17,0.121869343405));
#7982 = DIRECTION('',(0.121869343405,3.3E-16,0.992546151641));
#7983 = ADVANCED_FACE('',(#7984),#7998,.T.);
#7984 = FACE_BOUND('',#7985,.F.);
#7985 = EDGE_LOOP('',(#7986,#7987,#7988,#7989,#7990,#7991,#7992,#7993,
    #7994,#7995,#7996,#7997));
#7986 = ORIENTED_EDGE('',*,*,#7607,.F.);
#7987 = ORIENTED_EDGE('',*,*,#7666,.T.);
#7988 = ORIENTED_EDGE('',*,*,#7697,.T.);
#7989 = ORIENTED_EDGE('',*,*,#7728,.T.);
#7990 = ORIENTED_EDGE('',*,*,#7742,.T.);
#7991 = ORIENTED_EDGE('',*,*,#7792,.T.);
#7992 = ORIENTED_EDGE('',*,*,#7806,.F.);
#7993 = ORIENTED_EDGE('',*,*,#7856,.F.);
#7994 = ORIENTED_EDGE('',*,*,#7887,.F.);
#7995 = ORIENTED_EDGE('',*,*,#7918,.T.);
#7996 = ORIENTED_EDGE('',*,*,#7932,.T.);
#7997 = ORIENTED_EDGE('',*,*,#7973,.F.);
#7998 = PLANE('',#7999);
#7999 = AXIS2_PLACEMENT_3D('',#8000,#8001,#8002);
#8000 = CARTESIAN_POINT('',(-2.436235547263,-4.25,0.383511578704));
#8001 = DIRECTION('',(0.,1.,-2.2E-16));
#8002 = DIRECTION('',(0.,2.2E-16,1.));
#8003 = ADVANCED_FACE('',(#8004),#8018,.F.);
#8004 = FACE_BOUND('',#8005,.T.);
#8005 = EDGE_LOOP('',(#8006,#8007,#8008,#8009,#8010,#8011,#8012,#8013,
    #8014,#8015,#8016,#8017));
#8006 = ORIENTED_EDGE('',*,*,#7626,.F.);
#8007 = ORIENTED_EDGE('',*,*,#7650,.T.);
#8008 = ORIENTED_EDGE('',*,*,#7681,.T.);
#8009 = ORIENTED_EDGE('',*,*,#7712,.T.);
#8010 = ORIENTED_EDGE('',*,*,#7759,.T.);
#8011 = ORIENTED_EDGE('',*,*,#7776,.T.);
#8012 = ORIENTED_EDGE('',*,*,#7816,.F.);
#8013 = ORIENTED_EDGE('',*,*,#7849,.F.);
#8014 = ORIENTED_EDGE('',*,*,#7880,.F.);
#8015 = ORIENTED_EDGE('',*,*,#7902,.T.);
#8016 = ORIENTED_EDGE('',*,*,#7949,.T.);
#8017 = ORIENTED_EDGE('',*,*,#7966,.F.);
#8018 = PLANE('',#8019);
#8019 = AXIS2_PLACEMENT_3D('',#8020,#8021,#8022);
#8020 = CARTESIAN_POINT('',(-2.436235547263,-4.6,0.383511578704));
#8021 = DIRECTION('',(0.,1.,-2.2E-16));
#8022 = DIRECTION('',(0.,2.2E-16,1.));
#8023 = ( GEOMETRIC_REPRESENTATION_CONTEXT(3) 
GLOBAL_UNCERTAINTY_ASSIGNED_CONTEXT((#8027)) 
GLOBAL_UNIT_ASSIGNED_CONTEXT((#8024,#8025,#8026)) REPRESENTATION_CONTEXT
('Context #1','3D Context with UNIT and UNCERTAINTY') );
#8024 = ( LENGTH_UNIT() NAMED_UNIT(*) SI_UNIT(.MILLI.,.METRE.) );
#8025 = ( NAMED_UNIT(*) PLANE_ANGLE_UNIT() SI_UNIT($,.RADIAN.) );
#8026 = ( NAMED_UNIT(*) SI_UNIT($,.STERADIAN.) SOLID_ANGLE_UNIT() );
#8027 = UNCERTAINTY_MEASURE_WITH_UNIT(LENGTH_MEASURE(1.E-07),#8024,
  'distance_accuracy_value','confusion accuracy');
#8028 = CONTEXT_DEPENDENT_SHAPE_REPRESENTATION(#8029,#8031);
#8029 = ( REPRESENTATION_RELATIONSHIP('','',#7600,#5344) 
REPRESENTATION_RELATIONSHIP_WITH_TRANSFORMATION(#8030) 
SHAPE_REPRESENTATION_RELATIONSHIP() );
#8030 = ITEM_DEFINED_TRANSFORMATION('','',#11,#5365);
#8031 = PRODUCT_DEFINITION_SHAPE('Placement','Placement of an item',
  #8032);
#8032 = NEXT_ASSEMBLY_USAGE_OCCURRENCE('16','Pad001 (Mirror #2)005','',
  #5339,#7595,$);
#8033 = PRODUCT_RELATED_PRODUCT_CATEGORY('part',$,(#7597));
#8034 = SHAPE_DEFINITION_REPRESENTATION(#8035,#8041);
#8035 = PRODUCT_DEFINITION_SHAPE('','',#8036);
#8036 = PRODUCT_DEFINITION('design','',#8037,#8040);
#8037 = PRODUCT_DEFINITION_FORMATION('','',#8038);
#8038 = PRODUCT('Pad001 (Mirror #2)006','Pad001 (Mirror #2)006','',(
    #8039));
#8039 = PRODUCT_CONTEXT('',#2,'mechanical');
#8040 = PRODUCT_DEFINITION_CONTEXT('part definition',#2,'design');
#8041 = ADVANCED_BREP_SHAPE_REPRESENTATION('',(#11,#8042),#8464);
#8042 = MANIFOLD_SOLID_BREP('',#8043);
#8043 = CLOSED_SHELL('',(#8044,#8086,#8117,#8148,#8179,#8212,#8243,#8276
    ,#8307,#8338,#8369,#8402,#8424,#8444));
#8044 = ADVANCED_FACE('',(#8045),#8081,.F.);
#8045 = FACE_BOUND('',#8046,.F.);
#8046 = EDGE_LOOP('',(#8047,#8058,#8066,#8075));
#8047 = ORIENTED_EDGE('',*,*,#8048,.T.);
#8048 = EDGE_CURVE('',#8049,#8051,#8053,.T.);
#8049 = VERTEX_POINT('',#8050);
#8050 = CARTESIAN_POINT('',(-2.55061670936,-4.25,0.223551180309));
#8051 = VERTEX_POINT('',#8052);
#8052 = CARTESIAN_POINT('',(-2.440826868813,-4.25,0.328033831346));
#8053 = CIRCLE('',#8054,0.137039746262);
#8054 = AXIS2_PLACEMENT_3D('',#8055,#8056,#8057);
#8055 = CARTESIAN_POINT('',(-2.574436,-4.25,0.358505));
#8056 = DIRECTION('',(0.,-1.,2.2E-16));
#8057 = DIRECTION('',(1.,0.,0.));
#8058 = ORIENTED_EDGE('',*,*,#8059,.T.);
#8059 = EDGE_CURVE('',#8051,#8060,#8062,.T.);
#8060 = VERTEX_POINT('',#8061);
#8061 = CARTESIAN_POINT('',(-2.440826868813,-4.6,0.328033831346));
#8062 = LINE('',#8063,#8064);
#8063 = CARTESIAN_POINT('',(-2.440826868813,-4.25,0.328033831346));
#8064 = VECTOR('',#8065,1.);
#8065 = DIRECTION('',(-0.,-1.,3.3E-16));
#8066 = ORIENTED_EDGE('',*,*,#8067,.F.);
#8067 = EDGE_CURVE('',#8068,#8060,#8070,.T.);
#8068 = VERTEX_POINT('',#8069);
#8069 = CARTESIAN_POINT('',(-2.55061670936,-4.6,0.223551180309));
#8070 = CIRCLE('',#8071,0.137039746262);
#8071 = AXIS2_PLACEMENT_3D('',#8072,#8073,#8074);
#8072 = CARTESIAN_POINT('',(-2.574436,-4.6,0.358505));
#8073 = DIRECTION('',(0.,-1.,2.2E-16));
#8074 = DIRECTION('',(1.,0.,0.));
#8075 = ORIENTED_EDGE('',*,*,#8076,.F.);
#8076 = EDGE_CURVE('',#8049,#8068,#8077,.T.);
#8077 = LINE('',#8078,#8079);
#8078 = CARTESIAN_POINT('',(-2.55061670936,-4.25,0.223551180309));
#8079 = VECTOR('',#8080,1.);
#8080 = DIRECTION('',(-0.,-1.,3.3E-16));
#8081 = CYLINDRICAL_SURFACE('',#8082,0.137039746262);
#8082 = AXIS2_PLACEMENT_3D('',#8083,#8084,#8085);
#8083 = CARTESIAN_POINT('',(-2.574436,-4.25,0.358505));
#8084 = DIRECTION('',(-0.,1.,-3.3E-16));
#8085 = DIRECTION('',(1.,0.,-0.));
#8086 = ADVANCED_FACE('',(#8087),#8112,.F.);
#8087 = FACE_BOUND('',#8088,.F.);
#8088 = EDGE_LOOP('',(#8089,#8090,#8098,#8106));
#8089 = ORIENTED_EDGE('',*,*,#8076,.T.);
#8090 = ORIENTED_EDGE('',*,*,#8091,.T.);
#8091 = EDGE_CURVE('',#8068,#8092,#8094,.T.);
#8092 = VERTEX_POINT('',#8093);
#8093 = CARTESIAN_POINT('',(-3.,-4.6,0.2));
#8094 = LINE('',#8095,#8096);
#8095 = CARTESIAN_POINT('',(-2.55061670936,-4.6,0.223551180309));
#8096 = VECTOR('',#8097,1.);
#8097 = DIRECTION('',(-0.998629534755,-1.E-17,-5.233595624292E-02));
#8098 = ORIENTED_EDGE('',*,*,#8099,.F.);
#8099 = EDGE_CURVE('',#8100,#8092,#8102,.T.);
#8100 = VERTEX_POINT('',#8101);
#8101 = CARTESIAN_POINT('',(-3.,-4.25,0.2));
#8102 = LINE('',#8103,#8104);
#8103 = CARTESIAN_POINT('',(-3.,-4.25,0.2));
#8104 = VECTOR('',#8105,1.);
#8105 = DIRECTION('',(-0.,-1.,3.3E-16));
#8106 = ORIENTED_EDGE('',*,*,#8107,.F.);
#8107 = EDGE_CURVE('',#8049,#8100,#8108,.T.);
#8108 = LINE('',#8109,#8110);
#8109 = CARTESIAN_POINT('',(-2.55061670936,-4.25,0.223551180309));
#8110 = VECTOR('',#8111,1.);
#8111 = DIRECTION('',(-0.998629534755,-1.E-17,-5.233595624292E-02));
#8112 = PLANE('',#8113);
#8113 = AXIS2_PLACEMENT_3D('',#8114,#8115,#8116);
#8114 = CARTESIAN_POINT('',(-2.55061670936,-4.25,0.223551180309));
#8115 = DIRECTION('',(5.233595624292E-02,-3.3E-16,-0.998629534755));
#8116 = DIRECTION('',(-0.998629534755,-2.E-17,-5.233595624292E-02));
#8117 = ADVANCED_FACE('',(#8118),#8143,.F.);
#8118 = FACE_BOUND('',#8119,.F.);
#8119 = EDGE_LOOP('',(#8120,#8121,#8129,#8137));
#8120 = ORIENTED_EDGE('',*,*,#8099,.T.);
#8121 = ORIENTED_EDGE('',*,*,#8122,.T.);
#8122 = EDGE_CURVE('',#8092,#8123,#8125,.T.);
#8123 = VERTEX_POINT('',#8124);
#8124 = CARTESIAN_POINT('',(-3.,-4.6,1.E-15));
#8125 = LINE('',#8126,#8127);
#8126 = CARTESIAN_POINT('',(-3.,-4.6,0.2));
#8127 = VECTOR('',#8128,1.);
#8128 = DIRECTION('',(0.,-2.2E-16,-1.));
#8129 = ORIENTED_EDGE('',*,*,#8130,.F.);
#8130 = EDGE_CURVE('',#8131,#8123,#8133,.T.);
#8131 = VERTEX_POINT('',#8132);
#8132 = CARTESIAN_POINT('',(-3.,-4.25,1.E-15));
#8133 = LINE('',#8134,#8135);
#8134 = CARTESIAN_POINT('',(-3.,-4.25,9.4E-16));
#8135 = VECTOR('',#8136,1.);
#8136 = DIRECTION('',(-0.,-1.,3.3E-16));
#8137 = ORIENTED_EDGE('',*,*,#8138,.F.);
#8138 = EDGE_CURVE('',#8100,#8131,#8139,.T.);
#8139 = LINE('',#8140,#8141);
#8140 = CARTESIAN_POINT('',(-3.,-4.25,0.2));
#8141 = VECTOR('',#8142,1.);
#8142 = DIRECTION('',(0.,-2.2E-16,-1.));
#8143 = PLANE('',#8144);
#8144 = AXIS2_PLACEMENT_3D('',#8145,#8146,#8147);
#8145 = CARTESIAN_POINT('',(-3.,-4.25,0.2));
#8146 = DIRECTION('',(1.,-0.,-0.));
#8147 = DIRECTION('',(-0.,-3.3E-16,-1.));
#8148 = ADVANCED_FACE('',(#8149),#8174,.F.);
#8149 = FACE_BOUND('',#8150,.F.);
#8150 = EDGE_LOOP('',(#8151,#8152,#8160,#8168));
#8151 = ORIENTED_EDGE('',*,*,#8130,.T.);
#8152 = ORIENTED_EDGE('',*,*,#8153,.T.);
#8153 = EDGE_CURVE('',#8123,#8154,#8156,.T.);
#8154 = VERTEX_POINT('',#8155);
#8155 = CARTESIAN_POINT('',(-2.500685232623,-4.6,2.616797812147E-02));
#8156 = LINE('',#8157,#8158);
#8157 = CARTESIAN_POINT('',(-3.,-4.6,1.E-15));
#8158 = VECTOR('',#8159,1.);
#8159 = DIRECTION('',(0.998629534755,1.E-17,5.233595624292E-02));
#8160 = ORIENTED_EDGE('',*,*,#8161,.F.);
#8161 = EDGE_CURVE('',#8162,#8154,#8164,.T.);
#8162 = VERTEX_POINT('',#8163);
#8163 = CARTESIAN_POINT('',(-2.500685232623,-4.25,2.616797812147E-02));
#8164 = LINE('',#8165,#8166);
#8165 = CARTESIAN_POINT('',(-2.500685232623,-4.25,2.616797812147E-02));
#8166 = VECTOR('',#8167,1.);
#8167 = DIRECTION('',(-0.,-1.,3.3E-16));
#8168 = ORIENTED_EDGE('',*,*,#8169,.F.);
#8169 = EDGE_CURVE('',#8131,#8162,#8170,.T.);
#8170 = LINE('',#8171,#8172);
#8171 = CARTESIAN_POINT('',(-3.,-4.25,4.7E-16));
#8172 = VECTOR('',#8173,1.);
#8173 = DIRECTION('',(0.998629534755,1.E-17,5.233595624292E-02));
#8174 = PLANE('',#8175);
#8175 = AXIS2_PLACEMENT_3D('',#8176,#8177,#8178);
#8176 = CARTESIAN_POINT('',(-3.,-4.25,9.4E-16));
#8177 = DIRECTION('',(-5.233595624292E-02,3.3E-16,0.998629534755));
#8178 = DIRECTION('',(0.998629534755,2.E-17,5.233595624292E-02));
#8179 = ADVANCED_FACE('',(#8180),#8207,.T.);
#8180 = FACE_BOUND('',#8181,.T.);
#8181 = EDGE_LOOP('',(#8182,#8191,#8199,#8206));
#8182 = ORIENTED_EDGE('',*,*,#8183,.T.);
#8183 = EDGE_CURVE('',#8162,#8184,#8186,.T.);
#8184 = VERTEX_POINT('',#8185);
#8185 = CARTESIAN_POINT('',(-2.25,-4.25,0.2410921491));
#8186 = CIRCLE('',#8187,0.268233064235);
#8187 = AXIS2_PLACEMENT_3D('',#8188,#8189,#8190);
#8188 = CARTESIAN_POINT('',(-2.512939,-4.25,0.294121));
#8189 = DIRECTION('',(0.,-1.,2.2E-16));
#8190 = DIRECTION('',(1.,0.,0.));
#8191 = ORIENTED_EDGE('',*,*,#8192,.T.);
#8192 = EDGE_CURVE('',#8184,#8193,#8195,.T.);
#8193 = VERTEX_POINT('',#8194);
#8194 = CARTESIAN_POINT('',(-2.25,-4.6,0.2410921491));
#8195 = LINE('',#8196,#8197);
#8196 = CARTESIAN_POINT('',(-2.25,-4.25,0.2410921491));
#8197 = VECTOR('',#8198,1.);
#8198 = DIRECTION('',(-0.,-1.,3.3E-16));
#8199 = ORIENTED_EDGE('',*,*,#8200,.F.);
#8200 = EDGE_CURVE('',#8154,#8193,#8201,.T.);
#8201 = CIRCLE('',#8202,0.268233064235);
#8202 = AXIS2_PLACEMENT_3D('',#8203,#8204,#8205);
#8203 = CARTESIAN_POINT('',(-2.512939,-4.6,0.294121));
#8204 = DIRECTION('',(0.,-1.,2.2E-16));
#8205 = DIRECTION('',(1.,0.,0.));
#8206 = ORIENTED_EDGE('',*,*,#8161,.F.);
#8207 = CYLINDRICAL_SURFACE('',#8208,0.268233064235);
#8208 = AXIS2_PLACEMENT_3D('',#8209,#8210,#8211);
#8209 = CARTESIAN_POINT('',(-2.512939,-4.25,0.294121));
#8210 = DIRECTION('',(-0.,1.,-3.3E-16));
#8211 = DIRECTION('',(1.,0.,-0.));
#8212 = ADVANCED_FACE('',(#8213),#8238,.F.);
#8213 = FACE_BOUND('',#8214,.F.);
#8214 = EDGE_LOOP('',(#8215,#8216,#8224,#8232));
#8215 = ORIENTED_EDGE('',*,*,#8192,.T.);
#8216 = ORIENTED_EDGE('',*,*,#8217,.T.);
#8217 = EDGE_CURVE('',#8193,#8218,#8220,.T.);
#8218 = VERTEX_POINT('',#8219);
#8219 = CARTESIAN_POINT('',(-2.213439196978,-4.6,0.538855994594));
#8220 = LINE('',#8221,#8222);
#8221 = CARTESIAN_POINT('',(-2.25,-4.6,0.2410921491));
#8222 = VECTOR('',#8223,1.);
#8223 = DIRECTION('',(0.121869343407,2.2E-16,0.992546151641));
#8224 = ORIENTED_EDGE('',*,*,#8225,.F.);
#8225 = EDGE_CURVE('',#8226,#8218,#8228,.T.);
#8226 = VERTEX_POINT('',#8227);
#8227 = CARTESIAN_POINT('',(-2.213439196978,-4.25,0.538855994594));
#8228 = LINE('',#8229,#8230);
#8229 = CARTESIAN_POINT('',(-2.213439196978,-4.25,0.538855994594));
#8230 = VECTOR('',#8231,1.);
#8231 = DIRECTION('',(-0.,-1.,3.3E-16));
#8232 = ORIENTED_EDGE('',*,*,#8233,.F.);
#8233 = EDGE_CURVE('',#8184,#8226,#8234,.T.);
#8234 = LINE('',#8235,#8236);
#8235 = CARTESIAN_POINT('',(-2.25,-4.25,0.2410921491));
#8236 = VECTOR('',#8237,1.);
#8237 = DIRECTION('',(0.121869343407,2.2E-16,0.992546151641));
#8238 = PLANE('',#8239);
#8239 = AXIS2_PLACEMENT_3D('',#8240,#8241,#8242);
#8240 = CARTESIAN_POINT('',(-2.25,-4.25,0.2410921491));
#8241 = DIRECTION('',(-0.992546151641,4.E-17,0.121869343407));
#8242 = DIRECTION('',(0.121869343407,3.3E-16,0.992546151641));
#8243 = ADVANCED_FACE('',(#8244),#8271,.F.);
#8244 = FACE_BOUND('',#8245,.F.);
#8245 = EDGE_LOOP('',(#8246,#8255,#8256,#8265));
#8246 = ORIENTED_EDGE('',*,*,#8247,.T.);
#8247 = EDGE_CURVE('',#8248,#8226,#8250,.T.);
#8248 = VERTEX_POINT('',#8249);
#8249 = CARTESIAN_POINT('',(-2.050000000001,-4.25,0.674999999999));
#8250 = CIRCLE('',#8251,0.161896002983);
#8251 = AXIS2_PLACEMENT_3D('',#8252,#8253,#8254);
#8252 = CARTESIAN_POINT('',(-2.053598,-4.25,0.513143983189));
#8253 = DIRECTION('',(0.,-1.,2.2E-16));
#8254 = DIRECTION('',(1.,0.,0.));
#8255 = ORIENTED_EDGE('',*,*,#8225,.T.);
#8256 = ORIENTED_EDGE('',*,*,#8257,.F.);
#8257 = EDGE_CURVE('',#8258,#8218,#8260,.T.);
#8258 = VERTEX_POINT('',#8259);
#8259 = CARTESIAN_POINT('',(-2.050000000001,-4.6,0.674999999999));
#8260 = CIRCLE('',#8261,0.161896002983);
#8261 = AXIS2_PLACEMENT_3D('',#8262,#8263,#8264);
#8262 = CARTESIAN_POINT('',(-2.053598,-4.6,0.513143983189));
#8263 = DIRECTION('',(0.,-1.,2.2E-16));
#8264 = DIRECTION('',(1.,0.,0.));
#8265 = ORIENTED_EDGE('',*,*,#8266,.F.);
#8266 = EDGE_CURVE('',#8248,#8258,#8267,.T.);
#8267 = LINE('',#8268,#8269);
#8268 = CARTESIAN_POINT('',(-2.050000000001,-4.25,0.674999999999));
#8269 = VECTOR('',#8270,1.);
#8270 = DIRECTION('',(-0.,-1.,3.3E-16));
#8271 = CYLINDRICAL_SURFACE('',#8272,0.161896002983);
#8272 = AXIS2_PLACEMENT_3D('',#8273,#8274,#8275);
#8273 = CARTESIAN_POINT('',(-2.053598,-4.25,0.513143983189));
#8274 = DIRECTION('',(-0.,1.,-3.3E-16));
#8275 = DIRECTION('',(1.,0.,-0.));
#8276 = ADVANCED_FACE('',(#8277),#8302,.T.);
#8277 = FACE_BOUND('',#8278,.T.);
#8278 = EDGE_LOOP('',(#8279,#8289,#8295,#8296));
#8279 = ORIENTED_EDGE('',*,*,#8280,.T.);
#8280 = EDGE_CURVE('',#8281,#8283,#8285,.T.);
#8281 = VERTEX_POINT('',#8282);
#8282 = CARTESIAN_POINT('',(-1.95,-4.25,0.674999999999));
#8283 = VERTEX_POINT('',#8284);
#8284 = CARTESIAN_POINT('',(-1.95,-4.6,0.674999999999));
#8285 = LINE('',#8286,#8287);
#8286 = CARTESIAN_POINT('',(-1.95,-4.25,0.674999999999));
#8287 = VECTOR('',#8288,1.);
#8288 = DIRECTION('',(-0.,-1.,3.3E-16));
#8289 = ORIENTED_EDGE('',*,*,#8290,.T.);
#8290 = EDGE_CURVE('',#8283,#8258,#8291,.T.);
#8291 = LINE('',#8292,#8293);
#8292 = CARTESIAN_POINT('',(-1.95,-4.6,0.674999999999));
#8293 = VECTOR('',#8294,1.);
#8294 = DIRECTION('',(-1.,-0.,-0.));
#8295 = ORIENTED_EDGE('',*,*,#8266,.F.);
#8296 = ORIENTED_EDGE('',*,*,#8297,.F.);
#8297 = EDGE_CURVE('',#8281,#8248,#8298,.T.);
#8298 = LINE('',#8299,#8300);
#8299 = CARTESIAN_POINT('',(-1.95,-4.25,0.674999999999));
#8300 = VECTOR('',#8301,1.);
#8301 = DIRECTION('',(-1.,-0.,-0.));
#8302 = PLANE('',#8303);
#8303 = AXIS2_PLACEMENT_3D('',#8304,#8305,#8306);
#8304 = CARTESIAN_POINT('',(-1.95,-4.25,0.674999999999));
#8305 = DIRECTION('',(0.,-3.3E-16,-1.));
#8306 = DIRECTION('',(-1.,-0.,0.));
#8307 = ADVANCED_FACE('',(#8308),#8333,.T.);
#8308 = FACE_BOUND('',#8309,.T.);
#8309 = EDGE_LOOP('',(#8310,#8320,#8326,#8327));
#8310 = ORIENTED_EDGE('',*,*,#8311,.T.);
#8311 = EDGE_CURVE('',#8312,#8314,#8316,.T.);
#8312 = VERTEX_POINT('',#8313);
#8313 = CARTESIAN_POINT('',(-1.95,-4.25,0.875));
#8314 = VERTEX_POINT('',#8315);
#8315 = CARTESIAN_POINT('',(-1.95,-4.6,0.875));
#8316 = LINE('',#8317,#8318);
#8317 = CARTESIAN_POINT('',(-1.95,-4.25,0.875));
#8318 = VECTOR('',#8319,1.);
#8319 = DIRECTION('',(-0.,-1.,3.3E-16));
#8320 = ORIENTED_EDGE('',*,*,#8321,.T.);
#8321 = EDGE_CURVE('',#8314,#8283,#8322,.T.);
#8322 = LINE('',#8323,#8324);
#8323 = CARTESIAN_POINT('',(-1.95,-4.6,0.875));
#8324 = VECTOR('',#8325,1.);
#8325 = DIRECTION('',(0.,-2.2E-16,-1.));
#8326 = ORIENTED_EDGE('',*,*,#8280,.F.);
#8327 = ORIENTED_EDGE('',*,*,#8328,.F.);
#8328 = EDGE_CURVE('',#8312,#8281,#8329,.T.);
#8329 = LINE('',#8330,#8331);
#8330 = CARTESIAN_POINT('',(-1.95,-4.25,0.875));
#8331 = VECTOR('',#8332,1.);
#8332 = DIRECTION('',(0.,-2.2E-16,-1.));
#8333 = PLANE('',#8334);
#8334 = AXIS2_PLACEMENT_3D('',#8335,#8336,#8337);
#8335 = CARTESIAN_POINT('',(-1.95,-4.25,0.875));
#8336 = DIRECTION('',(1.,-0.,-0.));
#8337 = DIRECTION('',(-0.,-3.3E-16,-1.));
#8338 = ADVANCED_FACE('',(#8339),#8364,.F.);
#8339 = FACE_BOUND('',#8340,.F.);
#8340 = EDGE_LOOP('',(#8341,#8342,#8350,#8358));
#8341 = ORIENTED_EDGE('',*,*,#8311,.T.);
#8342 = ORIENTED_EDGE('',*,*,#8343,.T.);
#8343 = EDGE_CURVE('',#8314,#8344,#8346,.T.);
#8344 = VERTEX_POINT('',#8345);
#8345 = CARTESIAN_POINT('',(-2.1,-4.6,0.875));
#8346 = LINE('',#8347,#8348);
#8347 = CARTESIAN_POINT('',(-1.95,-4.6,0.875));
#8348 = VECTOR('',#8349,1.);
#8349 = DIRECTION('',(-1.,-0.,-0.));
#8350 = ORIENTED_EDGE('',*,*,#8351,.F.);
#8351 = EDGE_CURVE('',#8352,#8344,#8354,.T.);
#8352 = VERTEX_POINT('',#8353);
#8353 = CARTESIAN_POINT('',(-2.1,-4.25,0.875));
#8354 = LINE('',#8355,#8356);
#8355 = CARTESIAN_POINT('',(-2.1,-4.25,0.875));
#8356 = VECTOR('',#8357,1.);
#8357 = DIRECTION('',(-0.,-1.,3.3E-16));
#8358 = ORIENTED_EDGE('',*,*,#8359,.F.);
#8359 = EDGE_CURVE('',#8312,#8352,#8360,.T.);
#8360 = LINE('',#8361,#8362);
#8361 = CARTESIAN_POINT('',(-1.95,-4.25,0.875));
#8362 = VECTOR('',#8363,1.);
#8363 = DIRECTION('',(-1.,-0.,-0.));
#8364 = PLANE('',#8365);
#8365 = AXIS2_PLACEMENT_3D('',#8366,#8367,#8368);
#8366 = CARTESIAN_POINT('',(-1.95,-4.25,0.875));
#8367 = DIRECTION('',(0.,-3.3E-16,-1.));
#8368 = DIRECTION('',(-1.,-0.,0.));
#8369 = ADVANCED_FACE('',(#8370),#8397,.T.);
#8370 = FACE_BOUND('',#8371,.T.);
#8371 = EDGE_LOOP('',(#8372,#8381,#8389,#8396));
#8372 = ORIENTED_EDGE('',*,*,#8373,.T.);
#8373 = EDGE_CURVE('',#8352,#8374,#8376,.T.);
#8374 = VERTEX_POINT('',#8375);
#8375 = CARTESIAN_POINT('',(-2.404266065791,-4.25,0.625797676838));
#8376 = CIRCLE('',#8377,0.310349507779);
#8377 = AXIS2_PLACEMENT_3D('',#8378,#8379,#8380);
#8378 = CARTESIAN_POINT('',(-2.1,-4.25,0.564650492221));
#8379 = DIRECTION('',(0.,-1.,2.2E-16));
#8380 = DIRECTION('',(1.,0.,0.));
#8381 = ORIENTED_EDGE('',*,*,#8382,.T.);
#8382 = EDGE_CURVE('',#8374,#8383,#8385,.T.);
#8383 = VERTEX_POINT('',#8384);
#8384 = CARTESIAN_POINT('',(-2.404266065791,-4.6,0.625797676838));
#8385 = LINE('',#8386,#8387);
#8386 = CARTESIAN_POINT('',(-2.404266065791,-4.25,0.625797676838));
#8387 = VECTOR('',#8388,1.);
#8388 = DIRECTION('',(-0.,-1.,3.3E-16));
#8389 = ORIENTED_EDGE('',*,*,#8390,.F.);
#8390 = EDGE_CURVE('',#8344,#8383,#8391,.T.);
#8391 = CIRCLE('',#8392,0.310349507779);
#8392 = AXIS2_PLACEMENT_3D('',#8393,#8394,#8395);
#8393 = CARTESIAN_POINT('',(-2.1,-4.6,0.564650492221));
#8394 = DIRECTION('',(0.,-1.,2.2E-16));
#8395 = DIRECTION('',(1.,0.,0.));
#8396 = ORIENTED_EDGE('',*,*,#8351,.F.);
#8397 = CYLINDRICAL_SURFACE('',#8398,0.310349507779);
#8398 = AXIS2_PLACEMENT_3D('',#8399,#8400,#8401);
#8399 = CARTESIAN_POINT('',(-2.1,-4.25,0.564650492221));
#8400 = DIRECTION('',(-0.,1.,-3.3E-16));
#8401 = DIRECTION('',(1.,0.,-0.));
#8402 = ADVANCED_FACE('',(#8403),#8419,.T.);
#8403 = FACE_BOUND('',#8404,.T.);
#8404 = EDGE_LOOP('',(#8405,#8406,#8412,#8413));
#8405 = ORIENTED_EDGE('',*,*,#8059,.T.);
#8406 = ORIENTED_EDGE('',*,*,#8407,.T.);
#8407 = EDGE_CURVE('',#8060,#8383,#8408,.T.);
#8408 = LINE('',#8409,#8410);
#8409 = CARTESIAN_POINT('',(-2.440826868813,-4.6,0.328033831346));
#8410 = VECTOR('',#8411,1.);
#8411 = DIRECTION('',(0.121869343405,2.2E-16,0.992546151641));
#8412 = ORIENTED_EDGE('',*,*,#8382,.F.);
#8413 = ORIENTED_EDGE('',*,*,#8414,.F.);
#8414 = EDGE_CURVE('',#8051,#8374,#8415,.T.);
#8415 = LINE('',#8416,#8417);
#8416 = CARTESIAN_POINT('',(-2.440826868813,-4.25,0.328033831346));
#8417 = VECTOR('',#8418,1.);
#8418 = DIRECTION('',(0.121869343405,2.2E-16,0.992546151641));
#8419 = PLANE('',#8420);
#8420 = AXIS2_PLACEMENT_3D('',#8421,#8422,#8423);
#8421 = CARTESIAN_POINT('',(-2.440826868813,-4.25,0.328033831346));
#8422 = DIRECTION('',(-0.992546151641,4.E-17,0.121869343405));
#8423 = DIRECTION('',(0.121869343405,3.3E-16,0.992546151641));
#8424 = ADVANCED_FACE('',(#8425),#8439,.T.);
#8425 = FACE_BOUND('',#8426,.F.);
#8426 = EDGE_LOOP('',(#8427,#8428,#8429,#8430,#8431,#8432,#8433,#8434,
    #8435,#8436,#8437,#8438));
#8427 = ORIENTED_EDGE('',*,*,#8048,.F.);
#8428 = ORIENTED_EDGE('',*,*,#8107,.T.);
#8429 = ORIENTED_EDGE('',*,*,#8138,.T.);
#8430 = ORIENTED_EDGE('',*,*,#8169,.T.);
#8431 = ORIENTED_EDGE('',*,*,#8183,.T.);
#8432 = ORIENTED_EDGE('',*,*,#8233,.T.);
#8433 = ORIENTED_EDGE('',*,*,#8247,.F.);
#8434 = ORIENTED_EDGE('',*,*,#8297,.F.);
#8435 = ORIENTED_EDGE('',*,*,#8328,.F.);
#8436 = ORIENTED_EDGE('',*,*,#8359,.T.);
#8437 = ORIENTED_EDGE('',*,*,#8373,.T.);
#8438 = ORIENTED_EDGE('',*,*,#8414,.F.);
#8439 = PLANE('',#8440);
#8440 = AXIS2_PLACEMENT_3D('',#8441,#8442,#8443);
#8441 = CARTESIAN_POINT('',(-2.436235547263,-4.25,0.383511578704));
#8442 = DIRECTION('',(0.,1.,-2.2E-16));
#8443 = DIRECTION('',(0.,2.2E-16,1.));
#8444 = ADVANCED_FACE('',(#8445),#8459,.F.);
#8445 = FACE_BOUND('',#8446,.T.);
#8446 = EDGE_LOOP('',(#8447,#8448,#8449,#8450,#8451,#8452,#8453,#8454,
    #8455,#8456,#8457,#8458));
#8447 = ORIENTED_EDGE('',*,*,#8067,.F.);
#8448 = ORIENTED_EDGE('',*,*,#8091,.T.);
#8449 = ORIENTED_EDGE('',*,*,#8122,.T.);
#8450 = ORIENTED_EDGE('',*,*,#8153,.T.);
#8451 = ORIENTED_EDGE('',*,*,#8200,.T.);
#8452 = ORIENTED_EDGE('',*,*,#8217,.T.);
#8453 = ORIENTED_EDGE('',*,*,#8257,.F.);
#8454 = ORIENTED_EDGE('',*,*,#8290,.F.);
#8455 = ORIENTED_EDGE('',*,*,#8321,.F.);
#8456 = ORIENTED_EDGE('',*,*,#8343,.T.);
#8457 = ORIENTED_EDGE('',*,*,#8390,.T.);
#8458 = ORIENTED_EDGE('',*,*,#8407,.F.);
#8459 = PLANE('',#8460);
#8460 = AXIS2_PLACEMENT_3D('',#8461,#8462,#8463);
#8461 = CARTESIAN_POINT('',(-2.436235547263,-4.6,0.383511578704));
#8462 = DIRECTION('',(0.,1.,-2.2E-16));
#8463 = DIRECTION('',(0.,2.2E-16,1.));
#8464 = ( GEOMETRIC_REPRESENTATION_CONTEXT(3) 
GLOBAL_UNCERTAINTY_ASSIGNED_CONTEXT((#8468)) 
GLOBAL_UNIT_ASSIGNED_CONTEXT((#8465,#8466,#8467)) REPRESENTATION_CONTEXT
('Context #1','3D Context with UNIT and UNCERTAINTY') );
#8465 = ( LENGTH_UNIT() NAMED_UNIT(*) SI_UNIT(.MILLI.,.METRE.) );
#8466 = ( NAMED_UNIT(*) PLANE_ANGLE_UNIT() SI_UNIT($,.RADIAN.) );
#8467 = ( NAMED_UNIT(*) SI_UNIT($,.STERADIAN.) SOLID_ANGLE_UNIT() );
#8468 = UNCERTAINTY_MEASURE_WITH_UNIT(LENGTH_MEASURE(1.E-07),#8465,
  'distance_accuracy_value','confusion accuracy');
#8469 = CONTEXT_DEPENDENT_SHAPE_REPRESENTATION(#8470,#8472);
#8470 = ( REPRESENTATION_RELATIONSHIP('','',#8041,#5344) 
REPRESENTATION_RELATIONSHIP_WITH_TRANSFORMATION(#8471) 
SHAPE_REPRESENTATION_RELATIONSHIP() );
#8471 = ITEM_DEFINED_TRANSFORMATION('','',#11,#5369);
#8472 = PRODUCT_DEFINITION_SHAPE('Placement','Placement of an item',
  #8473);
#8473 = NEXT_ASSEMBLY_USAGE_OCCURRENCE('17','Pad001 (Mirror #2)006','',
  #5339,#8036,$);
#8474 = PRODUCT_RELATED_PRODUCT_CATEGORY('part',$,(#8038));
#8475 = SHAPE_DEFINITION_REPRESENTATION(#8476,#8482);
#8476 = PRODUCT_DEFINITION_SHAPE('','',#8477);
#8477 = PRODUCT_DEFINITION('design','',#8478,#8481);
#8478 = PRODUCT_DEFINITION_FORMATION('','',#8479);
#8479 = PRODUCT('Pad001 (Mirror #2)007','Pad001 (Mirror #2)007','',(
    #8480));
#8480 = PRODUCT_CONTEXT('',#2,'mechanical');
#8481 = PRODUCT_DEFINITION_CONTEXT('part definition',#2,'design');
#8482 = ADVANCED_BREP_SHAPE_REPRESENTATION('',(#11,#8483),#8905);
#8483 = MANIFOLD_SOLID_BREP('',#8484);
#8484 = CLOSED_SHELL('',(#8485,#8527,#8558,#8589,#8620,#8653,#8684,#8717
    ,#8748,#8779,#8810,#8843,#8865,#8885));
#8485 = ADVANCED_FACE('',(#8486),#8522,.F.);
#8486 = FACE_BOUND('',#8487,.F.);
#8487 = EDGE_LOOP('',(#8488,#8499,#8507,#8516));
#8488 = ORIENTED_EDGE('',*,*,#8489,.T.);
#8489 = EDGE_CURVE('',#8490,#8492,#8494,.T.);
#8490 = VERTEX_POINT('',#8491);
#8491 = CARTESIAN_POINT('',(-2.55061670936,-4.25,0.223551180309));
#8492 = VERTEX_POINT('',#8493);
#8493 = CARTESIAN_POINT('',(-2.440826868813,-4.25,0.328033831346));
#8494 = CIRCLE('',#8495,0.137039746262);
#8495 = AXIS2_PLACEMENT_3D('',#8496,#8497,#8498);
#8496 = CARTESIAN_POINT('',(-2.574436,-4.25,0.358505));
#8497 = DIRECTION('',(0.,-1.,2.2E-16));
#8498 = DIRECTION('',(1.,0.,0.));
#8499 = ORIENTED_EDGE('',*,*,#8500,.T.);
#8500 = EDGE_CURVE('',#8492,#8501,#8503,.T.);
#8501 = VERTEX_POINT('',#8502);
#8502 = CARTESIAN_POINT('',(-2.440826868813,-4.6,0.328033831346));
#8503 = LINE('',#8504,#8505);
#8504 = CARTESIAN_POINT('',(-2.440826868813,-4.25,0.328033831346));
#8505 = VECTOR('',#8506,1.);
#8506 = DIRECTION('',(-0.,-1.,3.3E-16));
#8507 = ORIENTED_EDGE('',*,*,#8508,.F.);
#8508 = EDGE_CURVE('',#8509,#8501,#8511,.T.);
#8509 = VERTEX_POINT('',#8510);
#8510 = CARTESIAN_POINT('',(-2.55061670936,-4.6,0.223551180309));
#8511 = CIRCLE('',#8512,0.137039746262);
#8512 = AXIS2_PLACEMENT_3D('',#8513,#8514,#8515);
#8513 = CARTESIAN_POINT('',(-2.574436,-4.6,0.358505));
#8514 = DIRECTION('',(0.,-1.,2.2E-16));
#8515 = DIRECTION('',(1.,0.,0.));
#8516 = ORIENTED_EDGE('',*,*,#8517,.F.);
#8517 = EDGE_CURVE('',#8490,#8509,#8518,.T.);
#8518 = LINE('',#8519,#8520);
#8519 = CARTESIAN_POINT('',(-2.55061670936,-4.25,0.223551180309));
#8520 = VECTOR('',#8521,1.);
#8521 = DIRECTION('',(-0.,-1.,3.3E-16));
#8522 = CYLINDRICAL_SURFACE('',#8523,0.137039746262);
#8523 = AXIS2_PLACEMENT_3D('',#8524,#8525,#8526);
#8524 = CARTESIAN_POINT('',(-2.574436,-4.25,0.358505));
#8525 = DIRECTION('',(-0.,1.,-3.3E-16));
#8526 = DIRECTION('',(1.,0.,-0.));
#8527 = ADVANCED_FACE('',(#8528),#8553,.F.);
#8528 = FACE_BOUND('',#8529,.F.);
#8529 = EDGE_LOOP('',(#8530,#8531,#8539,#8547));
#8530 = ORIENTED_EDGE('',*,*,#8517,.T.);
#8531 = ORIENTED_EDGE('',*,*,#8532,.T.);
#8532 = EDGE_CURVE('',#8509,#8533,#8535,.T.);
#8533 = VERTEX_POINT('',#8534);
#8534 = CARTESIAN_POINT('',(-3.,-4.6,0.2));
#8535 = LINE('',#8536,#8537);
#8536 = CARTESIAN_POINT('',(-2.55061670936,-4.6,0.223551180309));
#8537 = VECTOR('',#8538,1.);
#8538 = DIRECTION('',(-0.998629534755,-1.E-17,-5.233595624292E-02));
#8539 = ORIENTED_EDGE('',*,*,#8540,.F.);
#8540 = EDGE_CURVE('',#8541,#8533,#8543,.T.);
#8541 = VERTEX_POINT('',#8542);
#8542 = CARTESIAN_POINT('',(-3.,-4.25,0.2));
#8543 = LINE('',#8544,#8545);
#8544 = CARTESIAN_POINT('',(-3.,-4.25,0.2));
#8545 = VECTOR('',#8546,1.);
#8546 = DIRECTION('',(-0.,-1.,3.3E-16));
#8547 = ORIENTED_EDGE('',*,*,#8548,.F.);
#8548 = EDGE_CURVE('',#8490,#8541,#8549,.T.);
#8549 = LINE('',#8550,#8551);
#8550 = CARTESIAN_POINT('',(-2.55061670936,-4.25,0.223551180309));
#8551 = VECTOR('',#8552,1.);
#8552 = DIRECTION('',(-0.998629534755,-1.E-17,-5.233595624292E-02));
#8553 = PLANE('',#8554);
#8554 = AXIS2_PLACEMENT_3D('',#8555,#8556,#8557);
#8555 = CARTESIAN_POINT('',(-2.55061670936,-4.25,0.223551180309));
#8556 = DIRECTION('',(5.233595624292E-02,-3.3E-16,-0.998629534755));
#8557 = DIRECTION('',(-0.998629534755,-2.E-17,-5.233595624292E-02));
#8558 = ADVANCED_FACE('',(#8559),#8584,.F.);
#8559 = FACE_BOUND('',#8560,.F.);
#8560 = EDGE_LOOP('',(#8561,#8562,#8570,#8578));
#8561 = ORIENTED_EDGE('',*,*,#8540,.T.);
#8562 = ORIENTED_EDGE('',*,*,#8563,.T.);
#8563 = EDGE_CURVE('',#8533,#8564,#8566,.T.);
#8564 = VERTEX_POINT('',#8565);
#8565 = CARTESIAN_POINT('',(-3.,-4.6,1.E-15));
#8566 = LINE('',#8567,#8568);
#8567 = CARTESIAN_POINT('',(-3.,-4.6,0.2));
#8568 = VECTOR('',#8569,1.);
#8569 = DIRECTION('',(0.,-2.2E-16,-1.));
#8570 = ORIENTED_EDGE('',*,*,#8571,.F.);
#8571 = EDGE_CURVE('',#8572,#8564,#8574,.T.);
#8572 = VERTEX_POINT('',#8573);
#8573 = CARTESIAN_POINT('',(-3.,-4.25,1.E-15));
#8574 = LINE('',#8575,#8576);
#8575 = CARTESIAN_POINT('',(-3.,-4.25,9.4E-16));
#8576 = VECTOR('',#8577,1.);
#8577 = DIRECTION('',(-0.,-1.,3.3E-16));
#8578 = ORIENTED_EDGE('',*,*,#8579,.F.);
#8579 = EDGE_CURVE('',#8541,#8572,#8580,.T.);
#8580 = LINE('',#8581,#8582);
#8581 = CARTESIAN_POINT('',(-3.,-4.25,0.2));
#8582 = VECTOR('',#8583,1.);
#8583 = DIRECTION('',(0.,-2.2E-16,-1.));
#8584 = PLANE('',#8585);
#8585 = AXIS2_PLACEMENT_3D('',#8586,#8587,#8588);
#8586 = CARTESIAN_POINT('',(-3.,-4.25,0.2));
#8587 = DIRECTION('',(1.,-0.,-0.));
#8588 = DIRECTION('',(-0.,-3.3E-16,-1.));
#8589 = ADVANCED_FACE('',(#8590),#8615,.F.);
#8590 = FACE_BOUND('',#8591,.F.);
#8591 = EDGE_LOOP('',(#8592,#8593,#8601,#8609));
#8592 = ORIENTED_EDGE('',*,*,#8571,.T.);
#8593 = ORIENTED_EDGE('',*,*,#8594,.T.);
#8594 = EDGE_CURVE('',#8564,#8595,#8597,.T.);
#8595 = VERTEX_POINT('',#8596);
#8596 = CARTESIAN_POINT('',(-2.500685232623,-4.6,2.616797812147E-02));
#8597 = LINE('',#8598,#8599);
#8598 = CARTESIAN_POINT('',(-3.,-4.6,1.E-15));
#8599 = VECTOR('',#8600,1.);
#8600 = DIRECTION('',(0.998629534755,1.E-17,5.233595624292E-02));
#8601 = ORIENTED_EDGE('',*,*,#8602,.F.);
#8602 = EDGE_CURVE('',#8603,#8595,#8605,.T.);
#8603 = VERTEX_POINT('',#8604);
#8604 = CARTESIAN_POINT('',(-2.500685232623,-4.25,2.616797812147E-02));
#8605 = LINE('',#8606,#8607);
#8606 = CARTESIAN_POINT('',(-2.500685232623,-4.25,2.616797812147E-02));
#8607 = VECTOR('',#8608,1.);
#8608 = DIRECTION('',(-0.,-1.,3.3E-16));
#8609 = ORIENTED_EDGE('',*,*,#8610,.F.);
#8610 = EDGE_CURVE('',#8572,#8603,#8611,.T.);
#8611 = LINE('',#8612,#8613);
#8612 = CARTESIAN_POINT('',(-3.,-4.25,4.7E-16));
#8613 = VECTOR('',#8614,1.);
#8614 = DIRECTION('',(0.998629534755,1.E-17,5.233595624292E-02));
#8615 = PLANE('',#8616);
#8616 = AXIS2_PLACEMENT_3D('',#8617,#8618,#8619);
#8617 = CARTESIAN_POINT('',(-3.,-4.25,9.4E-16));
#8618 = DIRECTION('',(-5.233595624292E-02,3.3E-16,0.998629534755));
#8619 = DIRECTION('',(0.998629534755,2.E-17,5.233595624292E-02));
#8620 = ADVANCED_FACE('',(#8621),#8648,.T.);
#8621 = FACE_BOUND('',#8622,.T.);
#8622 = EDGE_LOOP('',(#8623,#8632,#8640,#8647));
#8623 = ORIENTED_EDGE('',*,*,#8624,.T.);
#8624 = EDGE_CURVE('',#8603,#8625,#8627,.T.);
#8625 = VERTEX_POINT('',#8626);
#8626 = CARTESIAN_POINT('',(-2.25,-4.25,0.2410921491));
#8627 = CIRCLE('',#8628,0.268233064235);
#8628 = AXIS2_PLACEMENT_3D('',#8629,#8630,#8631);
#8629 = CARTESIAN_POINT('',(-2.512939,-4.25,0.294121));
#8630 = DIRECTION('',(0.,-1.,2.2E-16));
#8631 = DIRECTION('',(1.,0.,0.));
#8632 = ORIENTED_EDGE('',*,*,#8633,.T.);
#8633 = EDGE_CURVE('',#8625,#8634,#8636,.T.);
#8634 = VERTEX_POINT('',#8635);
#8635 = CARTESIAN_POINT('',(-2.25,-4.6,0.2410921491));
#8636 = LINE('',#8637,#8638);
#8637 = CARTESIAN_POINT('',(-2.25,-4.25,0.2410921491));
#8638 = VECTOR('',#8639,1.);
#8639 = DIRECTION('',(-0.,-1.,3.3E-16));
#8640 = ORIENTED_EDGE('',*,*,#8641,.F.);
#8641 = EDGE_CURVE('',#8595,#8634,#8642,.T.);
#8642 = CIRCLE('',#8643,0.268233064235);
#8643 = AXIS2_PLACEMENT_3D('',#8644,#8645,#8646);
#8644 = CARTESIAN_POINT('',(-2.512939,-4.6,0.294121));
#8645 = DIRECTION('',(0.,-1.,2.2E-16));
#8646 = DIRECTION('',(1.,0.,0.));
#8647 = ORIENTED_EDGE('',*,*,#8602,.F.);
#8648 = CYLINDRICAL_SURFACE('',#8649,0.268233064235);
#8649 = AXIS2_PLACEMENT_3D('',#8650,#8651,#8652);
#8650 = CARTESIAN_POINT('',(-2.512939,-4.25,0.294121));
#8651 = DIRECTION('',(-0.,1.,-3.3E-16));
#8652 = DIRECTION('',(1.,0.,-0.));
#8653 = ADVANCED_FACE('',(#8654),#8679,.F.);
#8654 = FACE_BOUND('',#8655,.F.);
#8655 = EDGE_LOOP('',(#8656,#8657,#8665,#8673));
#8656 = ORIENTED_EDGE('',*,*,#8633,.T.);
#8657 = ORIENTED_EDGE('',*,*,#8658,.T.);
#8658 = EDGE_CURVE('',#8634,#8659,#8661,.T.);
#8659 = VERTEX_POINT('',#8660);
#8660 = CARTESIAN_POINT('',(-2.213439196978,-4.6,0.538855994594));
#8661 = LINE('',#8662,#8663);
#8662 = CARTESIAN_POINT('',(-2.25,-4.6,0.2410921491));
#8663 = VECTOR('',#8664,1.);
#8664 = DIRECTION('',(0.121869343407,2.2E-16,0.992546151641));
#8665 = ORIENTED_EDGE('',*,*,#8666,.F.);
#8666 = EDGE_CURVE('',#8667,#8659,#8669,.T.);
#8667 = VERTEX_POINT('',#8668);
#8668 = CARTESIAN_POINT('',(-2.213439196978,-4.25,0.538855994594));
#8669 = LINE('',#8670,#8671);
#8670 = CARTESIAN_POINT('',(-2.213439196978,-4.25,0.538855994594));
#8671 = VECTOR('',#8672,1.);
#8672 = DIRECTION('',(-0.,-1.,3.3E-16));
#8673 = ORIENTED_EDGE('',*,*,#8674,.F.);
#8674 = EDGE_CURVE('',#8625,#8667,#8675,.T.);
#8675 = LINE('',#8676,#8677);
#8676 = CARTESIAN_POINT('',(-2.25,-4.25,0.2410921491));
#8677 = VECTOR('',#8678,1.);
#8678 = DIRECTION('',(0.121869343407,2.2E-16,0.992546151641));
#8679 = PLANE('',#8680);
#8680 = AXIS2_PLACEMENT_3D('',#8681,#8682,#8683);
#8681 = CARTESIAN_POINT('',(-2.25,-4.25,0.2410921491));
#8682 = DIRECTION('',(-0.992546151641,4.E-17,0.121869343407));
#8683 = DIRECTION('',(0.121869343407,3.3E-16,0.992546151641));
#8684 = ADVANCED_FACE('',(#8685),#8712,.F.);
#8685 = FACE_BOUND('',#8686,.F.);
#8686 = EDGE_LOOP('',(#8687,#8696,#8697,#8706));
#8687 = ORIENTED_EDGE('',*,*,#8688,.T.);
#8688 = EDGE_CURVE('',#8689,#8667,#8691,.T.);
#8689 = VERTEX_POINT('',#8690);
#8690 = CARTESIAN_POINT('',(-2.050000000001,-4.25,0.674999999999));
#8691 = CIRCLE('',#8692,0.161896002983);
#8692 = AXIS2_PLACEMENT_3D('',#8693,#8694,#8695);
#8693 = CARTESIAN_POINT('',(-2.053598,-4.25,0.513143983189));
#8694 = DIRECTION('',(0.,-1.,2.2E-16));
#8695 = DIRECTION('',(1.,0.,0.));
#8696 = ORIENTED_EDGE('',*,*,#8666,.T.);
#8697 = ORIENTED_EDGE('',*,*,#8698,.F.);
#8698 = EDGE_CURVE('',#8699,#8659,#8701,.T.);
#8699 = VERTEX_POINT('',#8700);
#8700 = CARTESIAN_POINT('',(-2.050000000001,-4.6,0.674999999999));
#8701 = CIRCLE('',#8702,0.161896002983);
#8702 = AXIS2_PLACEMENT_3D('',#8703,#8704,#8705);
#8703 = CARTESIAN_POINT('',(-2.053598,-4.6,0.513143983189));
#8704 = DIRECTION('',(0.,-1.,2.2E-16));
#8705 = DIRECTION('',(1.,0.,0.));
#8706 = ORIENTED_EDGE('',*,*,#8707,.F.);
#8707 = EDGE_CURVE('',#8689,#8699,#8708,.T.);
#8708 = LINE('',#8709,#8710);
#8709 = CARTESIAN_POINT('',(-2.050000000001,-4.25,0.674999999999));
#8710 = VECTOR('',#8711,1.);
#8711 = DIRECTION('',(-0.,-1.,3.3E-16));
#8712 = CYLINDRICAL_SURFACE('',#8713,0.161896002983);
#8713 = AXIS2_PLACEMENT_3D('',#8714,#8715,#8716);
#8714 = CARTESIAN_POINT('',(-2.053598,-4.25,0.513143983189));
#8715 = DIRECTION('',(-0.,1.,-3.3E-16));
#8716 = DIRECTION('',(1.,0.,-0.));
#8717 = ADVANCED_FACE('',(#8718),#8743,.T.);
#8718 = FACE_BOUND('',#8719,.T.);
#8719 = EDGE_LOOP('',(#8720,#8730,#8736,#8737));
#8720 = ORIENTED_EDGE('',*,*,#8721,.T.);
#8721 = EDGE_CURVE('',#8722,#8724,#8726,.T.);
#8722 = VERTEX_POINT('',#8723);
#8723 = CARTESIAN_POINT('',(-1.95,-4.25,0.674999999999));
#8724 = VERTEX_POINT('',#8725);
#8725 = CARTESIAN_POINT('',(-1.95,-4.6,0.674999999999));
#8726 = LINE('',#8727,#8728);
#8727 = CARTESIAN_POINT('',(-1.95,-4.25,0.674999999999));
#8728 = VECTOR('',#8729,1.);
#8729 = DIRECTION('',(-0.,-1.,3.3E-16));
#8730 = ORIENTED_EDGE('',*,*,#8731,.T.);
#8731 = EDGE_CURVE('',#8724,#8699,#8732,.T.);
#8732 = LINE('',#8733,#8734);
#8733 = CARTESIAN_POINT('',(-1.95,-4.6,0.674999999999));
#8734 = VECTOR('',#8735,1.);
#8735 = DIRECTION('',(-1.,-0.,-0.));
#8736 = ORIENTED_EDGE('',*,*,#8707,.F.);
#8737 = ORIENTED_EDGE('',*,*,#8738,.F.);
#8738 = EDGE_CURVE('',#8722,#8689,#8739,.T.);
#8739 = LINE('',#8740,#8741);
#8740 = CARTESIAN_POINT('',(-1.95,-4.25,0.674999999999));
#8741 = VECTOR('',#8742,1.);
#8742 = DIRECTION('',(-1.,-0.,-0.));
#8743 = PLANE('',#8744);
#8744 = AXIS2_PLACEMENT_3D('',#8745,#8746,#8747);
#8745 = CARTESIAN_POINT('',(-1.95,-4.25,0.674999999999));
#8746 = DIRECTION('',(0.,-3.3E-16,-1.));
#8747 = DIRECTION('',(-1.,-0.,0.));
#8748 = ADVANCED_FACE('',(#8749),#8774,.T.);
#8749 = FACE_BOUND('',#8750,.T.);
#8750 = EDGE_LOOP('',(#8751,#8761,#8767,#8768));
#8751 = ORIENTED_EDGE('',*,*,#8752,.T.);
#8752 = EDGE_CURVE('',#8753,#8755,#8757,.T.);
#8753 = VERTEX_POINT('',#8754);
#8754 = CARTESIAN_POINT('',(-1.95,-4.25,0.875));
#8755 = VERTEX_POINT('',#8756);
#8756 = CARTESIAN_POINT('',(-1.95,-4.6,0.875));
#8757 = LINE('',#8758,#8759);
#8758 = CARTESIAN_POINT('',(-1.95,-4.25,0.875));
#8759 = VECTOR('',#8760,1.);
#8760 = DIRECTION('',(-0.,-1.,3.3E-16));
#8761 = ORIENTED_EDGE('',*,*,#8762,.T.);
#8762 = EDGE_CURVE('',#8755,#8724,#8763,.T.);
#8763 = LINE('',#8764,#8765);
#8764 = CARTESIAN_POINT('',(-1.95,-4.6,0.875));
#8765 = VECTOR('',#8766,1.);
#8766 = DIRECTION('',(0.,-2.2E-16,-1.));
#8767 = ORIENTED_EDGE('',*,*,#8721,.F.);
#8768 = ORIENTED_EDGE('',*,*,#8769,.F.);
#8769 = EDGE_CURVE('',#8753,#8722,#8770,.T.);
#8770 = LINE('',#8771,#8772);
#8771 = CARTESIAN_POINT('',(-1.95,-4.25,0.875));
#8772 = VECTOR('',#8773,1.);
#8773 = DIRECTION('',(0.,-2.2E-16,-1.));
#8774 = PLANE('',#8775);
#8775 = AXIS2_PLACEMENT_3D('',#8776,#8777,#8778);
#8776 = CARTESIAN_POINT('',(-1.95,-4.25,0.875));
#8777 = DIRECTION('',(1.,-0.,-0.));
#8778 = DIRECTION('',(-0.,-3.3E-16,-1.));
#8779 = ADVANCED_FACE('',(#8780),#8805,.F.);
#8780 = FACE_BOUND('',#8781,.F.);
#8781 = EDGE_LOOP('',(#8782,#8783,#8791,#8799));
#8782 = ORIENTED_EDGE('',*,*,#8752,.T.);
#8783 = ORIENTED_EDGE('',*,*,#8784,.T.);
#8784 = EDGE_CURVE('',#8755,#8785,#8787,.T.);
#8785 = VERTEX_POINT('',#8786);
#8786 = CARTESIAN_POINT('',(-2.1,-4.6,0.875));
#8787 = LINE('',#8788,#8789);
#8788 = CARTESIAN_POINT('',(-1.95,-4.6,0.875));
#8789 = VECTOR('',#8790,1.);
#8790 = DIRECTION('',(-1.,-0.,-0.));
#8791 = ORIENTED_EDGE('',*,*,#8792,.F.);
#8792 = EDGE_CURVE('',#8793,#8785,#8795,.T.);
#8793 = VERTEX_POINT('',#8794);
#8794 = CARTESIAN_POINT('',(-2.1,-4.25,0.875));
#8795 = LINE('',#8796,#8797);
#8796 = CARTESIAN_POINT('',(-2.1,-4.25,0.875));
#8797 = VECTOR('',#8798,1.);
#8798 = DIRECTION('',(-0.,-1.,3.3E-16));
#8799 = ORIENTED_EDGE('',*,*,#8800,.F.);
#8800 = EDGE_CURVE('',#8753,#8793,#8801,.T.);
#8801 = LINE('',#8802,#8803);
#8802 = CARTESIAN_POINT('',(-1.95,-4.25,0.875));
#8803 = VECTOR('',#8804,1.);
#8804 = DIRECTION('',(-1.,-0.,-0.));
#8805 = PLANE('',#8806);
#8806 = AXIS2_PLACEMENT_3D('',#8807,#8808,#8809);
#8807 = CARTESIAN_POINT('',(-1.95,-4.25,0.875));
#8808 = DIRECTION('',(0.,-3.3E-16,-1.));
#8809 = DIRECTION('',(-1.,-0.,0.));
#8810 = ADVANCED_FACE('',(#8811),#8838,.T.);
#8811 = FACE_BOUND('',#8812,.T.);
#8812 = EDGE_LOOP('',(#8813,#8822,#8830,#8837));
#8813 = ORIENTED_EDGE('',*,*,#8814,.T.);
#8814 = EDGE_CURVE('',#8793,#8815,#8817,.T.);
#8815 = VERTEX_POINT('',#8816);
#8816 = CARTESIAN_POINT('',(-2.404266065791,-4.25,0.625797676838));
#8817 = CIRCLE('',#8818,0.310349507779);
#8818 = AXIS2_PLACEMENT_3D('',#8819,#8820,#8821);
#8819 = CARTESIAN_POINT('',(-2.1,-4.25,0.564650492221));
#8820 = DIRECTION('',(0.,-1.,2.2E-16));
#8821 = DIRECTION('',(1.,0.,0.));
#8822 = ORIENTED_EDGE('',*,*,#8823,.T.);
#8823 = EDGE_CURVE('',#8815,#8824,#8826,.T.);
#8824 = VERTEX_POINT('',#8825);
#8825 = CARTESIAN_POINT('',(-2.404266065791,-4.6,0.625797676838));
#8826 = LINE('',#8827,#8828);
#8827 = CARTESIAN_POINT('',(-2.404266065791,-4.25,0.625797676838));
#8828 = VECTOR('',#8829,1.);
#8829 = DIRECTION('',(-0.,-1.,3.3E-16));
#8830 = ORIENTED_EDGE('',*,*,#8831,.F.);
#8831 = EDGE_CURVE('',#8785,#8824,#8832,.T.);
#8832 = CIRCLE('',#8833,0.310349507779);
#8833 = AXIS2_PLACEMENT_3D('',#8834,#8835,#8836);
#8834 = CARTESIAN_POINT('',(-2.1,-4.6,0.564650492221));
#8835 = DIRECTION('',(0.,-1.,2.2E-16));
#8836 = DIRECTION('',(1.,0.,0.));
#8837 = ORIENTED_EDGE('',*,*,#8792,.F.);
#8838 = CYLINDRICAL_SURFACE('',#8839,0.310349507779);
#8839 = AXIS2_PLACEMENT_3D('',#8840,#8841,#8842);
#8840 = CARTESIAN_POINT('',(-2.1,-4.25,0.564650492221));
#8841 = DIRECTION('',(-0.,1.,-3.3E-16));
#8842 = DIRECTION('',(1.,0.,-0.));
#8843 = ADVANCED_FACE('',(#8844),#8860,.T.);
#8844 = FACE_BOUND('',#8845,.T.);
#8845 = EDGE_LOOP('',(#8846,#8847,#8853,#8854));
#8846 = ORIENTED_EDGE('',*,*,#8500,.T.);
#8847 = ORIENTED_EDGE('',*,*,#8848,.T.);
#8848 = EDGE_CURVE('',#8501,#8824,#8849,.T.);
#8849 = LINE('',#8850,#8851);
#8850 = CARTESIAN_POINT('',(-2.440826868813,-4.6,0.328033831346));
#8851 = VECTOR('',#8852,1.);
#8852 = DIRECTION('',(0.121869343405,2.2E-16,0.992546151641));
#8853 = ORIENTED_EDGE('',*,*,#8823,.F.);
#8854 = ORIENTED_EDGE('',*,*,#8855,.F.);
#8855 = EDGE_CURVE('',#8492,#8815,#8856,.T.);
#8856 = LINE('',#8857,#8858);
#8857 = CARTESIAN_POINT('',(-2.440826868813,-4.25,0.328033831346));
#8858 = VECTOR('',#8859,1.);
#8859 = DIRECTION('',(0.121869343405,2.2E-16,0.992546151641));
#8860 = PLANE('',#8861);
#8861 = AXIS2_PLACEMENT_3D('',#8862,#8863,#8864);
#8862 = CARTESIAN_POINT('',(-2.440826868813,-4.25,0.328033831346));
#8863 = DIRECTION('',(-0.992546151641,4.E-17,0.121869343405));
#8864 = DIRECTION('',(0.121869343405,3.3E-16,0.992546151641));
#8865 = ADVANCED_FACE('',(#8866),#8880,.T.);
#8866 = FACE_BOUND('',#8867,.F.);
#8867 = EDGE_LOOP('',(#8868,#8869,#8870,#8871,#8872,#8873,#8874,#8875,
    #8876,#8877,#8878,#8879));
#8868 = ORIENTED_EDGE('',*,*,#8489,.F.);
#8869 = ORIENTED_EDGE('',*,*,#8548,.T.);
#8870 = ORIENTED_EDGE('',*,*,#8579,.T.);
#8871 = ORIENTED_EDGE('',*,*,#8610,.T.);
#8872 = ORIENTED_EDGE('',*,*,#8624,.T.);
#8873 = ORIENTED_EDGE('',*,*,#8674,.T.);
#8874 = ORIENTED_EDGE('',*,*,#8688,.F.);
#8875 = ORIENTED_EDGE('',*,*,#8738,.F.);
#8876 = ORIENTED_EDGE('',*,*,#8769,.F.);
#8877 = ORIENTED_EDGE('',*,*,#8800,.T.);
#8878 = ORIENTED_EDGE('',*,*,#8814,.T.);
#8879 = ORIENTED_EDGE('',*,*,#8855,.F.);
#8880 = PLANE('',#8881);
#8881 = AXIS2_PLACEMENT_3D('',#8882,#8883,#8884);
#8882 = CARTESIAN_POINT('',(-2.436235547263,-4.25,0.383511578704));
#8883 = DIRECTION('',(0.,1.,-2.2E-16));
#8884 = DIRECTION('',(0.,2.2E-16,1.));
#8885 = ADVANCED_FACE('',(#8886),#8900,.F.);
#8886 = FACE_BOUND('',#8887,.T.);
#8887 = EDGE_LOOP('',(#8888,#8889,#8890,#8891,#8892,#8893,#8894,#8895,
    #8896,#8897,#8898,#8899));
#8888 = ORIENTED_EDGE('',*,*,#8508,.F.);
#8889 = ORIENTED_EDGE('',*,*,#8532,.T.);
#8890 = ORIENTED_EDGE('',*,*,#8563,.T.);
#8891 = ORIENTED_EDGE('',*,*,#8594,.T.);
#8892 = ORIENTED_EDGE('',*,*,#8641,.T.);
#8893 = ORIENTED_EDGE('',*,*,#8658,.T.);
#8894 = ORIENTED_EDGE('',*,*,#8698,.F.);
#8895 = ORIENTED_EDGE('',*,*,#8731,.F.);
#8896 = ORIENTED_EDGE('',*,*,#8762,.F.);
#8897 = ORIENTED_EDGE('',*,*,#8784,.T.);
#8898 = ORIENTED_EDGE('',*,*,#8831,.T.);
#8899 = ORIENTED_EDGE('',*,*,#8848,.F.);
#8900 = PLANE('',#8901);
#8901 = AXIS2_PLACEMENT_3D('',#8902,#8903,#8904);
#8902 = CARTESIAN_POINT('',(-2.436235547263,-4.6,0.383511578704));
#8903 = DIRECTION('',(0.,1.,-2.2E-16));
#8904 = DIRECTION('',(0.,2.2E-16,1.));
#8905 = ( GEOMETRIC_REPRESENTATION_CONTEXT(3) 
GLOBAL_UNCERTAINTY_ASSIGNED_CONTEXT((#8909)) 
GLOBAL_UNIT_ASSIGNED_CONTEXT((#8906,#8907,#8908)) REPRESENTATION_CONTEXT
('Context #1','3D Context with UNIT and UNCERTAINTY') );
#8906 = ( LENGTH_UNIT() NAMED_UNIT(*) SI_UNIT(.MILLI.,.METRE.) );
#8907 = ( NAMED_UNIT(*) PLANE_ANGLE_UNIT() SI_UNIT($,.RADIAN.) );
#8908 = ( NAMED_UNIT(*) SI_UNIT($,.STERADIAN.) SOLID_ANGLE_UNIT() );
#8909 = UNCERTAINTY_MEASURE_WITH_UNIT(LENGTH_MEASURE(1.E-07),#8906,
  'distance_accuracy_value','confusion accuracy');
#8910 = CONTEXT_DEPENDENT_SHAPE_REPRESENTATION(#8911,#8913);
#8911 = ( REPRESENTATION_RELATIONSHIP('','',#8482,#5344) 
REPRESENTATION_RELATIONSHIP_WITH_TRANSFORMATION(#8912) 
SHAPE_REPRESENTATION_RELATIONSHIP() );
#8912 = ITEM_DEFINED_TRANSFORMATION('','',#11,#5373);
#8913 = PRODUCT_DEFINITION_SHAPE('Placement','Placement of an item',
  #8914);
#8914 = NEXT_ASSEMBLY_USAGE_OCCURRENCE('18','Pad001 (Mirror #2)007','',
  #5339,#8477,$);
#8915 = PRODUCT_RELATED_PRODUCT_CATEGORY('part',$,(#8479));
#8916 = MECHANICAL_DESIGN_GEOMETRIC_PRESENTATION_REPRESENTATION('',(
    #8917),#2239);
#8917 = STYLED_ITEM('color',(#8918),#1817);
#8918 = PRESENTATION_STYLE_ASSIGNMENT((#8919,#8925));
#8919 = SURFACE_STYLE_USAGE(.BOTH.,#8920);
#8920 = SURFACE_SIDE_STYLE('',(#8921));
#8921 = SURFACE_STYLE_FILL_AREA(#8922);
#8922 = FILL_AREA_STYLE('',(#8923));
#8923 = FILL_AREA_STYLE_COLOUR('',#8924);
#8924 = COLOUR_RGB('',0.764705913506,0.764705913506,0.764705913506);
#8925 = CURVE_STYLE('',#8926,POSITIVE_LENGTH_MEASURE(0.1),#8927);
#8926 = DRAUGHTING_PRE_DEFINED_CURVE_FONT('continuous');
#8927 = COLOUR_RGB('',9.803921802644E-02,9.803921802644E-02,
  9.803921802644E-02);
#8928 = MECHANICAL_DESIGN_GEOMETRIC_PRESENTATION_REPRESENTATION('',(
    #8929),#8905);
#8929 = STYLED_ITEM('color',(#8930),#8483);
#8930 = PRESENTATION_STYLE_ASSIGNMENT((#8931,#8937));
#8931 = SURFACE_STYLE_USAGE(.BOTH.,#8932);
#8932 = SURFACE_SIDE_STYLE('',(#8933));
#8933 = SURFACE_STYLE_FILL_AREA(#8934);
#8934 = FILL_AREA_STYLE('',(#8935));
#8935 = FILL_AREA_STYLE_COLOUR('',#8936);
#8936 = COLOUR_RGB('',0.760784316928,0.760784316928,0.760784316928);
#8937 = CURVE_STYLE('',#8938,POSITIVE_LENGTH_MEASURE(0.1),#8927);
#8938 = DRAUGHTING_PRE_DEFINED_CURVE_FONT('continuous');
#8939 = MECHANICAL_DESIGN_GEOMETRIC_PRESENTATION_REPRESENTATION('',(
    #8940),#6700);
#8940 = STYLED_ITEM('color',(#8941),#6278);
#8941 = PRESENTATION_STYLE_ASSIGNMENT((#8942,#8947));
#8942 = SURFACE_STYLE_USAGE(.BOTH.,#8943);
#8943 = SURFACE_SIDE_STYLE('',(#8944));
#8944 = SURFACE_STYLE_FILL_AREA(#8945);
#8945 = FILL_AREA_STYLE('',(#8946));
#8946 = FILL_AREA_STYLE_COLOUR('',#8936);
#8947 = CURVE_STYLE('',#8948,POSITIVE_LENGTH_MEASURE(0.1),#8927);
#8948 = DRAUGHTING_PRE_DEFINED_CURVE_FONT('continuous');
#8949 = MECHANICAL_DESIGN_GEOMETRIC_PRESENTATION_REPRESENTATION('',(
    #8950),#4885);
#8950 = STYLED_ITEM('color',(#8951),#4463);
#8951 = PRESENTATION_STYLE_ASSIGNMENT((#8952,#8957));
#8952 = SURFACE_STYLE_USAGE(.BOTH.,#8953);
#8953 = SURFACE_SIDE_STYLE('',(#8954));
#8954 = SURFACE_STYLE_FILL_AREA(#8955);
#8955 = FILL_AREA_STYLE('',(#8956));
#8956 = FILL_AREA_STYLE_COLOUR('',#8924);
#8957 = CURVE_STYLE('',#8958,POSITIVE_LENGTH_MEASURE(0.1),#8927);
#8958 = DRAUGHTING_PRE_DEFINED_CURVE_FONT('continuous');
#8959 = MECHANICAL_DESIGN_GEOMETRIC_PRESENTATION_REPRESENTATION('',(
    #8960),#4003);
#8960 = STYLED_ITEM('color',(#8961),#3581);
#8961 = PRESENTATION_STYLE_ASSIGNMENT((#8962,#8967));
#8962 = SURFACE_STYLE_USAGE(.BOTH.,#8963);
#8963 = SURFACE_SIDE_STYLE('',(#8964));
#8964 = SURFACE_STYLE_FILL_AREA(#8965);
#8965 = FILL_AREA_STYLE('',(#8966));
#8966 = FILL_AREA_STYLE_COLOUR('',#8924);
#8967 = CURVE_STYLE('',#8968,POSITIVE_LENGTH_MEASURE(0.1),#8927);
#8968 = DRAUGHTING_PRE_DEFINED_CURVE_FONT('continuous');
#8969 = MECHANICAL_DESIGN_GEOMETRIC_PRESENTATION_REPRESENTATION('',(
    #8970),#8023);
#8970 = STYLED_ITEM('color',(#8971),#7601);
#8971 = PRESENTATION_STYLE_ASSIGNMENT((#8972,#8977));
#8972 = SURFACE_STYLE_USAGE(.BOTH.,#8973);
#8973 = SURFACE_SIDE_STYLE('',(#8974));
#8974 = SURFACE_STYLE_FILL_AREA(#8975);
#8975 = FILL_AREA_STYLE('',(#8976));
#8976 = FILL_AREA_STYLE_COLOUR('',#8936);
#8977 = CURVE_STYLE('',#8978,POSITIVE_LENGTH_MEASURE(0.1),#8927);
#8978 = DRAUGHTING_PRE_DEFINED_CURVE_FONT('continuous');
#8979 = MECHANICAL_DESIGN_GEOMETRIC_PRESENTATION_REPRESENTATION('',(
    #8980),#7141);
#8980 = STYLED_ITEM('color',(#8981),#6719);
#8981 = PRESENTATION_STYLE_ASSIGNMENT((#8982,#8987));
#8982 = SURFACE_STYLE_USAGE(.BOTH.,#8983);
#8983 = SURFACE_SIDE_STYLE('',(#8984));
#8984 = SURFACE_STYLE_FILL_AREA(#8985);
#8985 = FILL_AREA_STYLE('',(#8986));
#8986 = FILL_AREA_STYLE_COLOUR('',#8936);
#8987 = CURVE_STYLE('',#8988,POSITIVE_LENGTH_MEASURE(0.1),#8927);
#8988 = DRAUGHTING_PRE_DEFINED_CURVE_FONT('continuous');
#8989 = MECHANICAL_DESIGN_GEOMETRIC_PRESENTATION_REPRESENTATION('',(
    #8990),#5326);
#8990 = STYLED_ITEM('color',(#8991),#4904);
#8991 = PRESENTATION_STYLE_ASSIGNMENT((#8992,#8997));
#8992 = SURFACE_STYLE_USAGE(.BOTH.,#8993);
#8993 = SURFACE_SIDE_STYLE('',(#8994));
#8994 = SURFACE_STYLE_FILL_AREA(#8995);
#8995 = FILL_AREA_STYLE('',(#8996));
#8996 = FILL_AREA_STYLE_COLOUR('',#8924);
#8997 = CURVE_STYLE('',#8998,POSITIVE_LENGTH_MEASURE(0.1),#8927);
#8998 = DRAUGHTING_PRE_DEFINED_CURVE_FONT('continuous');
#8999 = MECHANICAL_DESIGN_GEOMETRIC_PRESENTATION_REPRESENTATION('',(
    #9000),#5818);
#9000 = STYLED_ITEM('color',(#9001),#5396);
#9001 = PRESENTATION_STYLE_ASSIGNMENT((#9002,#9007));
#9002 = SURFACE_STYLE_USAGE(.BOTH.,#9003);
#9003 = SURFACE_SIDE_STYLE('',(#9004));
#9004 = SURFACE_STYLE_FILL_AREA(#9005);
#9005 = FILL_AREA_STYLE('',(#9006));
#9006 = FILL_AREA_STYLE_COLOUR('',#8936);
#9007 = CURVE_STYLE('',#9008,POSITIVE_LENGTH_MEASURE(0.1),#8927);
#9008 = DRAUGHTING_PRE_DEFINED_CURVE_FONT('continuous');
#9009 = MECHANICAL_DESIGN_GEOMETRIC_PRESENTATION_REPRESENTATION('',(
    #9010),#1747);
#9010 = STYLED_ITEM('color',(#9011),#41);
#9011 = PRESENTATION_STYLE_ASSIGNMENT((#9012,#9018));
#9012 = SURFACE_STYLE_USAGE(.BOTH.,#9013);
#9013 = SURFACE_SIDE_STYLE('',(#9014));
#9014 = SURFACE_STYLE_FILL_AREA(#9015);
#9015 = FILL_AREA_STYLE('',(#9016));
#9016 = FILL_AREA_STYLE_COLOUR('',#9017);
#9017 = COLOUR_RGB('',7.843137629354E-02,7.843137629354E-02,
  7.843137629354E-02);
#9018 = CURVE_STYLE('',#9019,POSITIVE_LENGTH_MEASURE(0.1),#8927);
#9019 = DRAUGHTING_PRE_DEFINED_CURVE_FONT('continuous');
#9020 = MECHANICAL_DESIGN_GEOMETRIC_PRESENTATION_REPRESENTATION('',(
    #9021),#8464);
#9021 = STYLED_ITEM('color',(#9022),#8042);
#9022 = PRESENTATION_STYLE_ASSIGNMENT((#9023,#9028));
#9023 = SURFACE_STYLE_USAGE(.BOTH.,#9024);
#9024 = SURFACE_SIDE_STYLE('',(#9025));
#9025 = SURFACE_STYLE_FILL_AREA(#9026);
#9026 = FILL_AREA_STYLE('',(#9027));
#9027 = FILL_AREA_STYLE_COLOUR('',#8936);
#9028 = CURVE_STYLE('',#9029,POSITIVE_LENGTH_MEASURE(0.1),#8927);
#9029 = DRAUGHTING_PRE_DEFINED_CURVE_FONT('continuous');
#9030 = MECHANICAL_DESIGN_GEOMETRIC_PRESENTATION_REPRESENTATION('',(
    #9031),#2680);
#9031 = STYLED_ITEM('color',(#9032),#2258);
#9032 = PRESENTATION_STYLE_ASSIGNMENT((#9033,#9038));
#9033 = SURFACE_STYLE_USAGE(.BOTH.,#9034);
#9034 = SURFACE_SIDE_STYLE('',(#9035));
#9035 = SURFACE_STYLE_FILL_AREA(#9036);
#9036 = FILL_AREA_STYLE('',(#9037));
#9037 = FILL_AREA_STYLE_COLOUR('',#8924);
#9038 = CURVE_STYLE('',#9039,POSITIVE_LENGTH_MEASURE(0.1),#8927);
#9039 = DRAUGHTING_PRE_DEFINED_CURVE_FONT('continuous');
#9040 = MECHANICAL_DESIGN_GEOMETRIC_PRESENTATION_REPRESENTATION('',(
    #9041),#3562);
#9041 = STYLED_ITEM('color',(#9042),#3140);
#9042 = PRESENTATION_STYLE_ASSIGNMENT((#9043,#9048));
#9043 = SURFACE_STYLE_USAGE(.BOTH.,#9044);
#9044 = SURFACE_SIDE_STYLE('',(#9045));
#9045 = SURFACE_STYLE_FILL_AREA(#9046);
#9046 = FILL_AREA_STYLE('',(#9047));
#9047 = FILL_AREA_STYLE_COLOUR('',#8924);
#9048 = CURVE_STYLE('',#9049,POSITIVE_LENGTH_MEASURE(0.1),#8927);
#9049 = DRAUGHTING_PRE_DEFINED_CURVE_FONT('continuous');
#9050 = MECHANICAL_DESIGN_GEOMETRIC_PRESENTATION_REPRESENTATION('',(
    #9051),#7582);
#9051 = STYLED_ITEM('color',(#9052),#7160);
#9052 = PRESENTATION_STYLE_ASSIGNMENT((#9053,#9058));
#9053 = SURFACE_STYLE_USAGE(.BOTH.,#9054);
#9054 = SURFACE_SIDE_STYLE('',(#9055));
#9055 = SURFACE_STYLE_FILL_AREA(#9056);
#9056 = FILL_AREA_STYLE('',(#9057));
#9057 = FILL_AREA_STYLE_COLOUR('',#8936);
#9058 = CURVE_STYLE('',#9059,POSITIVE_LENGTH_MEASURE(0.1),#8927);
#9059 = DRAUGHTING_PRE_DEFINED_CURVE_FONT('continuous');
#9060 = MECHANICAL_DESIGN_GEOMETRIC_PRESENTATION_REPRESENTATION('',(
    #9061),#6259);
#9061 = STYLED_ITEM('color',(#9062),#5837);
#9062 = PRESENTATION_STYLE_ASSIGNMENT((#9063,#9068));
#9063 = SURFACE_STYLE_USAGE(.BOTH.,#9064);
#9064 = SURFACE_SIDE_STYLE('',(#9065));
#9065 = SURFACE_STYLE_FILL_AREA(#9066);
#9066 = FILL_AREA_STYLE('',(#9067));
#9067 = FILL_AREA_STYLE_COLOUR('',#8936);
#9068 = CURVE_STYLE('',#9069,POSITIVE_LENGTH_MEASURE(0.1),#8927);
#9069 = DRAUGHTING_PRE_DEFINED_CURVE_FONT('continuous');
#9070 = MECHANICAL_DESIGN_GEOMETRIC_PRESENTATION_REPRESENTATION('',(
    #9071),#4444);
#9071 = STYLED_ITEM('color',(#9072),#4022);
#9072 = PRESENTATION_STYLE_ASSIGNMENT((#9073,#9078));
#9073 = SURFACE_STYLE_USAGE(.BOTH.,#9074);
#9074 = SURFACE_SIDE_STYLE('',(#9075));
#9075 = SURFACE_STYLE_FILL_AREA(#9076);
#9076 = FILL_AREA_STYLE('',(#9077));
#9077 = FILL_AREA_STYLE_COLOUR('',#8924);
#9078 = CURVE_STYLE('',#9079,POSITIVE_LENGTH_MEASURE(0.1),#8927);
#9079 = DRAUGHTING_PRE_DEFINED_CURVE_FONT('continuous');
#9080 = MECHANICAL_DESIGN_GEOMETRIC_PRESENTATION_REPRESENTATION('',(
    #9081),#3121);
#9081 = STYLED_ITEM('color',(#9082),#2699);
#9082 = PRESENTATION_STYLE_ASSIGNMENT((#9083,#9088));
#9083 = SURFACE_STYLE_USAGE(.BOTH.,#9084);
#9084 = SURFACE_SIDE_STYLE('',(#9085));
#9085 = SURFACE_STYLE_FILL_AREA(#9086);
#9086 = FILL_AREA_STYLE('',(#9087));
#9087 = FILL_AREA_STYLE_COLOUR('',#8924);
#9088 = CURVE_STYLE('',#9089,POSITIVE_LENGTH_MEASURE(0.1),#8927);
#9089 = DRAUGHTING_PRE_DEFINED_CURVE_FONT('continuous');
ENDSEC;
END-ISO-10303-21;
