ISO-10303-21;
HEADER;
FILE_DESCRIPTION(('FreeCAD Model'),'2;1');
FILE_NAME('Open CASCADE Shape Model','2026-02-17T17:48:03',('Author'),(
    ''),'Open CASCADE STEP processor 7.8','FreeCAD','Unknown');
FILE_SCHEMA(('AUTOMOTIVE_DESIGN { 1 0 10303 214 1 1 1 1 }'));
ENDSEC;
DATA;
#1 = APPLICATION_PROTOCOL_DEFINITION('international standard',
  'automotive_design',2000,#2);
#2 = APPLICATION_CONTEXT(
  'core data for automotive mechanical design processes');
#3 = SHAPE_DEFINITION_REPRESENTATION(#4,#10);
#4 = PRODUCT_DEFINITION_SHAPE('','',#5);
#5 = PRODUCT_DEFINITION('design','',#6,#9);
#6 = PRODUCT_DEFINITION_FORMATION('','',#7);
#7 = PRODUCT('Part','Part','',(#8));
#8 = PRODUCT_CONTEXT('',#2,'mechanical');
#9 = PRODUCT_DEFINITION_CONTEXT('part definition',#2,'design');
#10 = SHAPE_REPRESENTATION('',(#11,#15,#19),#23);
#11 = AXIS2_PLACEMENT_3D('',#12,#13,#14);
#12 = CARTESIAN_POINT('',(0.,0.,0.));
#13 = DIRECTION('',(0.,0.,1.));
#14 = DIRECTION('',(1.,0.,-0.));
#15 = AXIS2_PLACEMENT_3D('',#16,#17,#18);
#16 = CARTESIAN_POINT('',(0.,0.,0.));
#17 = DIRECTION('',(0.,0.,1.));
#18 = DIRECTION('',(1.,0.,0.));
#19 = AXIS2_PLACEMENT_3D('',#20,#21,#22);
#20 = CARTESIAN_POINT('',(0.,0.,0.));
#21 = DIRECTION('',(0.,0.,1.));
#22 = DIRECTION('',(1.,0.,0.));
#23 = ( GEOMETRIC_REPRESENTATION_CONTEXT(3) 
GLOBAL_UNCERTAINTY_ASSIGNED_CONTEXT((#27)) GLOBAL_UNIT_ASSIGNED_CONTEXT(
(#24,#25,#26)) REPRESENTATION_CONTEXT('Context #1',
  '3D Context with UNIT and UNCERTAINTY') );
#24 = ( LENGTH_UNIT() NAMED_UNIT(*) SI_UNIT(.MILLI.,.METRE.) );
#25 = ( NAMED_UNIT(*) PLANE_ANGLE_UNIT() SI_UNIT($,.RADIAN.) );
#26 = ( NAMED_UNIT(*) SI_UNIT($,.STERADIAN.) SOLID_ANGLE_UNIT() );
#27 = UNCERTAINTY_MEASURE_WITH_UNIT(LENGTH_MEASURE(2.E-06),#24,
  'distance_accuracy_value','confusion accuracy');
#28 = PRODUCT_RELATED_PRODUCT_CATEGORY('part',$,(#7));
#29 = SHAPE_DEFINITION_REPRESENTATION(#30,#36);
#30 = PRODUCT_DEFINITION_SHAPE('','',#31);
#31 = PRODUCT_DEFINITION('design','',#32,#35);
#32 = PRODUCT_DEFINITION_FORMATION('','',#33);
#33 = PRODUCT('Body','Body','',(#34));
#34 = PRODUCT_CONTEXT('',#2,'mechanical');
#35 = PRODUCT_DEFINITION_CONTEXT('part definition',#2,'design');
#36 = ADVANCED_BREP_SHAPE_REPRESENTATION('',(#11,#37),#3676);
#37 = MANIFOLD_SOLID_BREP('',#38);
#38 = CLOSED_SHELL('',(#39,#129,#176,#200,#248,#288,#328,#585,#744,#768,
    #792,#809,#1068,#1085,#1127,#1160,#1328,#1345,#1385,#1397,#1428,
    #1445,#1494,#1511,#1535,#1552,#1569,#1595,#1612,#1661,#1678,#1702,
    #1728,#1745,#1810,#1822,#1853,#1877,#1908,#1957,#1982,#2030,#2063,
    #2088,#2121,#2162,#2250,#2274,#2348,#2365,#2382,#2399,#2416,#2433,
    #2450,#2475,#2487,#2560,#2577,#2601,#2625,#2637,#2649,#2684,#2705,
    #2720,#2732,#2744,#2756,#2789,#2824,#2855,#2879,#2896,#2910,#2927,
    #2944,#2963,#2980,#3093,#3179,#3228,#3252,#3264,#3281,#3300,#3317,
    #3334,#3346,#3378,#3402,#3427,#3459,#3483,#3508,#3540,#3564,#3589,
    #3606,#3623,#3640,#3652,#3664));
#39 = ADVANCED_FACE('',(#40,#90),#124,.T.);
#40 = FACE_BOUND('',#41,.T.);
#41 = EDGE_LOOP('',(#42,#52,#60,#68,#76,#84));
#42 = ORIENTED_EDGE('',*,*,#43,.F.);
#43 = EDGE_CURVE('',#44,#46,#48,.T.);
#44 = VERTEX_POINT('',#45);
#45 = CARTESIAN_POINT('',(3.8,-2.25,0.2));
#46 = VERTEX_POINT('',#47);
#47 = CARTESIAN_POINT('',(3.8,-0.15,0.2));
#48 = LINE('',#49,#50);
#49 = CARTESIAN_POINT('',(3.8,-2.35,0.2));
#50 = VECTOR('',#51,1.);
#51 = DIRECTION('',(0.,1.,-2.22044604925E-16));
#52 = ORIENTED_EDGE('',*,*,#53,.F.);
#53 = EDGE_CURVE('',#54,#44,#56,.T.);
#54 = VERTEX_POINT('',#55);
#55 = CARTESIAN_POINT('',(3.4,-2.25,0.2));
#56 = LINE('',#57,#58);
#57 = CARTESIAN_POINT('',(1.1,-2.25,0.2));
#58 = VECTOR('',#59,1.);
#59 = DIRECTION('',(1.,0.,0.));
#60 = ORIENTED_EDGE('',*,*,#61,.F.);
#61 = EDGE_CURVE('',#62,#54,#64,.T.);
#62 = VERTEX_POINT('',#63);
#63 = CARTESIAN_POINT('',(3.4,-2.35,0.2));
#64 = LINE('',#65,#66);
#65 = CARTESIAN_POINT('',(3.4,-2.35,0.2));
#66 = VECTOR('',#67,1.);
#67 = DIRECTION('',(0.,1.,-2.22044604925E-16));
#68 = ORIENTED_EDGE('',*,*,#69,.F.);
#69 = EDGE_CURVE('',#70,#62,#72,.T.);
#70 = VERTEX_POINT('',#71);
#71 = CARTESIAN_POINT('',(2.2,-2.35,0.2));
#72 = LINE('',#73,#74);
#73 = CARTESIAN_POINT('',(2.2,-2.35,0.2));
#74 = VECTOR('',#75,1.);
#75 = DIRECTION('',(1.,0.,0.));
#76 = ORIENTED_EDGE('',*,*,#77,.T.);
#77 = EDGE_CURVE('',#70,#78,#80,.T.);
#78 = VERTEX_POINT('',#79);
#79 = CARTESIAN_POINT('',(2.2,-0.15,0.2));
#80 = LINE('',#81,#82);
#81 = CARTESIAN_POINT('',(2.2,-2.35,0.2));
#82 = VECTOR('',#83,1.);
#83 = DIRECTION('',(0.,1.,-2.22044604925E-16));
#84 = ORIENTED_EDGE('',*,*,#85,.T.);
#85 = EDGE_CURVE('',#78,#46,#86,.T.);
#86 = LINE('',#87,#88);
#87 = CARTESIAN_POINT('',(2.2,-0.15,0.2));
#88 = VECTOR('',#89,1.);
#89 = DIRECTION('',(1.,0.,0.));
#90 = FACE_BOUND('',#91,.T.);
#91 = EDGE_LOOP('',(#92,#102,#110,#118));
#92 = ORIENTED_EDGE('',*,*,#93,.F.);
#93 = EDGE_CURVE('',#94,#96,#98,.T.);
#94 = VERTEX_POINT('',#95);
#95 = CARTESIAN_POINT('',(2.75,-0.35,0.2));
#96 = VERTEX_POINT('',#97);
#97 = CARTESIAN_POINT('',(3.25,-0.35,0.2));
#98 = LINE('',#99,#100);
#99 = CARTESIAN_POINT('',(1.1,-0.35,0.2));
#100 = VECTOR('',#101,1.);
#101 = DIRECTION('',(1.,0.,0.));
#102 = ORIENTED_EDGE('',*,*,#103,.F.);
#103 = EDGE_CURVE('',#104,#94,#106,.T.);
#104 = VERTEX_POINT('',#105);
#105 = CARTESIAN_POINT('',(2.75,-0.85,0.2));
#106 = LINE('',#107,#108);
#107 = CARTESIAN_POINT('',(2.75,-1.6,0.2));
#108 = VECTOR('',#109,1.);
#109 = DIRECTION('',(0.,1.,-2.22044604925E-16));
#110 = ORIENTED_EDGE('',*,*,#111,.F.);
#111 = EDGE_CURVE('',#112,#104,#114,.T.);
#112 = VERTEX_POINT('',#113);
#113 = CARTESIAN_POINT('',(3.25,-0.85,0.2));
#114 = LINE('',#115,#116);
#115 = CARTESIAN_POINT('',(2.725,-0.85,0.2));
#116 = VECTOR('',#117,1.);
#117 = DIRECTION('',(-1.,0.,0.));
#118 = ORIENTED_EDGE('',*,*,#119,.F.);
#119 = EDGE_CURVE('',#96,#112,#120,.T.);
#120 = LINE('',#121,#122);
#121 = CARTESIAN_POINT('',(3.25,-1.35,0.2));
#122 = VECTOR('',#123,1.);
#123 = DIRECTION('',(0.,-1.,2.22044604925E-16));
#124 = PLANE('',#125);
#125 = AXIS2_PLACEMENT_3D('',#126,#127,#128);
#126 = CARTESIAN_POINT('',(2.2,-2.35,0.2));
#127 = DIRECTION('',(0.,-2.22044604925E-16,-1.));
#128 = DIRECTION('',(1.,0.,0.));
#129 = ADVANCED_FACE('',(#130),#171,.T.);
#130 = FACE_BOUND('',#131,.T.);
#131 = EDGE_LOOP('',(#132,#133,#141,#149,#157,#165));
#132 = ORIENTED_EDGE('',*,*,#43,.T.);
#133 = ORIENTED_EDGE('',*,*,#134,.F.);
#134 = EDGE_CURVE('',#135,#46,#137,.T.);
#135 = VERTEX_POINT('',#136);
#136 = CARTESIAN_POINT('',(3.8,2.35,0.6));
#137 = LINE('',#138,#139);
#138 = CARTESIAN_POINT('',(3.8,-0.597542901716,0.128393135725));
#139 = VECTOR('',#140,1.);
#140 = DIRECTION('',(-0.,-0.987440631917,-0.157990501107));
#141 = ORIENTED_EDGE('',*,*,#142,.F.);
#142 = EDGE_CURVE('',#143,#135,#145,.T.);
#143 = VERTEX_POINT('',#144);
#144 = CARTESIAN_POINT('',(3.8,2.35,0.2));
#145 = LINE('',#146,#147);
#146 = CARTESIAN_POINT('',(3.8,2.35,1.E-01));
#147 = VECTOR('',#148,1.);
#148 = DIRECTION('',(0.,0.,1.));
#149 = ORIENTED_EDGE('',*,*,#150,.T.);
#150 = EDGE_CURVE('',#143,#151,#153,.T.);
#151 = VERTEX_POINT('',#152);
#152 = CARTESIAN_POINT('',(3.8,2.35,0.199));
#153 = LINE('',#154,#155);
#154 = CARTESIAN_POINT('',(3.8,2.35,1.E-01));
#155 = VECTOR('',#156,1.);
#156 = DIRECTION('',(0.,0.,-1.));
#157 = ORIENTED_EDGE('',*,*,#158,.F.);
#158 = EDGE_CURVE('',#159,#151,#161,.T.);
#159 = VERTEX_POINT('',#160);
#160 = CARTESIAN_POINT('',(3.8,-2.25,0.199));
#161 = LINE('',#162,#163);
#162 = CARTESIAN_POINT('',(3.8,-2.25,0.199));
#163 = VECTOR('',#164,1.);
#164 = DIRECTION('',(0.,1.,-2.22044604925E-16));
#165 = ORIENTED_EDGE('',*,*,#166,.F.);
#166 = EDGE_CURVE('',#44,#159,#167,.T.);
#167 = LINE('',#168,#169);
#168 = CARTESIAN_POINT('',(3.8,-2.25,0.55));
#169 = VECTOR('',#170,1.);
#170 = DIRECTION('',(-0.,-2.467162276945E-16,-1.));
#171 = PLANE('',#172);
#172 = AXIS2_PLACEMENT_3D('',#173,#174,#175);
#173 = CARTESIAN_POINT('',(3.8,-2.35,0.2));
#174 = DIRECTION('',(-1.,0.,0.));
#175 = DIRECTION('',(0.,-2.22044604925E-16,-1.));
#176 = ADVANCED_FACE('',(#177),#195,.F.);
#177 = FACE_BOUND('',#178,.T.);
#178 = EDGE_LOOP('',(#179,#187,#193,#194));
#179 = ORIENTED_EDGE('',*,*,#180,.F.);
#180 = EDGE_CURVE('',#181,#78,#183,.T.);
#181 = VERTEX_POINT('',#182);
#182 = CARTESIAN_POINT('',(2.2,2.35,0.6));
#183 = LINE('',#184,#185);
#184 = CARTESIAN_POINT('',(2.2,-0.613143525741,0.125897035881));
#185 = VECTOR('',#186,1.);
#186 = DIRECTION('',(0.,-0.987440631917,-0.157990501107));
#187 = ORIENTED_EDGE('',*,*,#188,.T.);
#188 = EDGE_CURVE('',#181,#135,#189,.T.);
#189 = LINE('',#190,#191);
#190 = CARTESIAN_POINT('',(2.2,2.35,0.6));
#191 = VECTOR('',#192,1.);
#192 = DIRECTION('',(1.,0.,0.));
#193 = ORIENTED_EDGE('',*,*,#134,.T.);
#194 = ORIENTED_EDGE('',*,*,#85,.F.);
#195 = PLANE('',#196);
#196 = AXIS2_PLACEMENT_3D('',#197,#198,#199);
#197 = CARTESIAN_POINT('',(2.2,1.1,0.4));
#198 = DIRECTION('',(0.,-0.157990501107,0.987440631917));
#199 = DIRECTION('',(-1.,-0.,-0.));
#200 = ADVANCED_FACE('',(#201),#243,.F.);
#201 = FACE_BOUND('',#202,.F.);
#202 = EDGE_LOOP('',(#203,#204,#205,#213,#221,#229,#237));
#203 = ORIENTED_EDGE('',*,*,#166,.F.);
#204 = ORIENTED_EDGE('',*,*,#53,.F.);
#205 = ORIENTED_EDGE('',*,*,#206,.F.);
#206 = EDGE_CURVE('',#207,#54,#209,.T.);
#207 = VERTEX_POINT('',#208);
#208 = CARTESIAN_POINT('',(3.4,-2.25,1.8));
#209 = LINE('',#210,#211);
#210 = CARTESIAN_POINT('',(3.4,-2.25,1.8));
#211 = VECTOR('',#212,1.);
#212 = DIRECTION('',(0.,-2.22044604925E-16,-1.));
#213 = ORIENTED_EDGE('',*,*,#214,.F.);
#214 = EDGE_CURVE('',#215,#207,#217,.T.);
#215 = VERTEX_POINT('',#216);
#216 = CARTESIAN_POINT('',(4.4,-2.25,1.8));
#217 = LINE('',#218,#219);
#218 = CARTESIAN_POINT('',(4.4,-2.25,1.8));
#219 = VECTOR('',#220,1.);
#220 = DIRECTION('',(-1.,0.,0.));
#221 = ORIENTED_EDGE('',*,*,#222,.F.);
#222 = EDGE_CURVE('',#223,#215,#225,.T.);
#223 = VERTEX_POINT('',#224);
#224 = CARTESIAN_POINT('',(4.4,-2.25,-2.22044604925E-17));
#225 = LINE('',#226,#227);
#226 = CARTESIAN_POINT('',(4.4,-2.25,-2.22044604925E-17));
#227 = VECTOR('',#228,1.);
#228 = DIRECTION('',(0.,2.22044604925E-16,1.));
#229 = ORIENTED_EDGE('',*,*,#230,.F.);
#230 = EDGE_CURVE('',#231,#223,#233,.T.);
#231 = VERTEX_POINT('',#232);
#232 = CARTESIAN_POINT('',(3.835089069161,-2.25,-4.163336342344E-17));
#233 = LINE('',#234,#235);
#234 = CARTESIAN_POINT('',(3.4,-2.25,-2.22044604925E-17));
#235 = VECTOR('',#236,1.);
#236 = DIRECTION('',(1.,0.,0.));
#237 = ORIENTED_EDGE('',*,*,#238,.F.);
#238 = EDGE_CURVE('',#159,#231,#239,.T.);
#239 = LINE('',#240,#241);
#240 = CARTESIAN_POINT('',(3.691541226919,-2.25,0.814100267952));
#241 = VECTOR('',#242,1.);
#242 = DIRECTION('',(0.173648177667,-2.429680538274E-16,-0.984807753012)
  );
#243 = PLANE('',#244);
#244 = AXIS2_PLACEMENT_3D('',#245,#246,#247);
#245 = CARTESIAN_POINT('',(-4.758098676965E-16,-2.25,0.9));
#246 = DIRECTION('',(0.,1.,-2.467162276945E-16));
#247 = DIRECTION('',(0.,2.467162276945E-16,1.));
#248 = ADVANCED_FACE('',(#249),#283,.T.);
#249 = FACE_BOUND('',#250,.T.);
#250 = EDGE_LOOP('',(#251,#252,#260,#268,#276,#282));
#251 = ORIENTED_EDGE('',*,*,#77,.F.);
#252 = ORIENTED_EDGE('',*,*,#253,.F.);
#253 = EDGE_CURVE('',#254,#70,#256,.T.);
#254 = VERTEX_POINT('',#255);
#255 = CARTESIAN_POINT('',(2.2,-2.35,0.199));
#256 = LINE('',#257,#258);
#257 = CARTESIAN_POINT('',(2.2,-2.35,0.));
#258 = VECTOR('',#259,1.);
#259 = DIRECTION('',(0.,2.22044604925E-16,1.));
#260 = ORIENTED_EDGE('',*,*,#261,.T.);
#261 = EDGE_CURVE('',#254,#262,#264,.T.);
#262 = VERTEX_POINT('',#263);
#263 = CARTESIAN_POINT('',(2.2,2.35,0.199));
#264 = LINE('',#265,#266);
#265 = CARTESIAN_POINT('',(2.2,-2.35,0.199));
#266 = VECTOR('',#267,1.);
#267 = DIRECTION('',(0.,1.,-2.22044604925E-16));
#268 = ORIENTED_EDGE('',*,*,#269,.T.);
#269 = EDGE_CURVE('',#262,#270,#272,.T.);
#270 = VERTEX_POINT('',#271);
#271 = CARTESIAN_POINT('',(2.2,2.35,0.2));
#272 = LINE('',#273,#274);
#273 = CARTESIAN_POINT('',(2.2,2.35,0.));
#274 = VECTOR('',#275,1.);
#275 = DIRECTION('',(0.,0.,1.));
#276 = ORIENTED_EDGE('',*,*,#277,.T.);
#277 = EDGE_CURVE('',#270,#181,#278,.T.);
#278 = LINE('',#279,#280);
#279 = CARTESIAN_POINT('',(2.2,2.35,0.));
#280 = VECTOR('',#281,1.);
#281 = DIRECTION('',(0.,0.,1.));
#282 = ORIENTED_EDGE('',*,*,#180,.T.);
#283 = PLANE('',#284);
#284 = AXIS2_PLACEMENT_3D('',#285,#286,#287);
#285 = CARTESIAN_POINT('',(2.2,-2.35,0.));
#286 = DIRECTION('',(1.,0.,0.));
#287 = DIRECTION('',(0.,2.22044604925E-16,1.));
#288 = ADVANCED_FACE('',(#289),#323,.T.);
#289 = FACE_BOUND('',#290,.T.);
#290 = EDGE_LOOP('',(#291,#299,#307,#315,#321,#322));
#291 = ORIENTED_EDGE('',*,*,#292,.T.);
#292 = EDGE_CURVE('',#207,#293,#295,.T.);
#293 = VERTEX_POINT('',#294);
#294 = CARTESIAN_POINT('',(3.4,-1.8,1.8));
#295 = LINE('',#296,#297);
#296 = CARTESIAN_POINT('',(3.4,-2.35,1.8));
#297 = VECTOR('',#298,1.);
#298 = DIRECTION('',(0.,1.,-2.22044604925E-16));
#299 = ORIENTED_EDGE('',*,*,#300,.T.);
#300 = EDGE_CURVE('',#293,#301,#303,.T.);
#301 = VERTEX_POINT('',#302);
#302 = CARTESIAN_POINT('',(3.4,-1.8,4.3));
#303 = LINE('',#304,#305);
#304 = CARTESIAN_POINT('',(3.4,-1.8,1.8));
#305 = VECTOR('',#306,1.);
#306 = DIRECTION('',(0.,2.22044604925E-16,1.));
#307 = ORIENTED_EDGE('',*,*,#308,.F.);
#308 = EDGE_CURVE('',#309,#301,#311,.T.);
#309 = VERTEX_POINT('',#310);
#310 = CARTESIAN_POINT('',(3.4,-2.35,4.3));
#311 = LINE('',#312,#313);
#312 = CARTESIAN_POINT('',(3.4,-2.35,4.3));
#313 = VECTOR('',#314,1.);
#314 = DIRECTION('',(0.,1.,-2.22044604925E-16));
#315 = ORIENTED_EDGE('',*,*,#316,.T.);
#316 = EDGE_CURVE('',#309,#62,#317,.T.);
#317 = LINE('',#318,#319);
#318 = CARTESIAN_POINT('',(3.4,-2.35,1.8));
#319 = VECTOR('',#320,1.);
#320 = DIRECTION('',(0.,-2.22044604925E-16,-1.));
#321 = ORIENTED_EDGE('',*,*,#61,.T.);
#322 = ORIENTED_EDGE('',*,*,#206,.F.);
#323 = PLANE('',#324);
#324 = AXIS2_PLACEMENT_3D('',#325,#326,#327);
#325 = CARTESIAN_POINT('',(3.4,-2.152419354839,2.327419354839));
#326 = DIRECTION('',(1.,0.,0.));
#327 = DIRECTION('',(0.,0.,1.));
#328 = ADVANCED_FACE('',(#329),#580,.F.);
#329 = FACE_BOUND('',#330,.F.);
#330 = EDGE_LOOP('',(#331,#341,#349,#357,#365,#373,#381,#389,#397,#405,
    #413,#421,#429,#437,#445,#453,#461,#469,#477,#485,#493,#501,#507,
    #508,#509,#510,#518,#526,#534,#542,#550,#558,#566,#574));
#331 = ORIENTED_EDGE('',*,*,#332,.T.);
#332 = EDGE_CURVE('',#333,#335,#337,.T.);
#333 = VERTEX_POINT('',#334);
#334 = CARTESIAN_POINT('',(-0.2,-2.35,0.199));
#335 = VERTEX_POINT('',#336);
#336 = CARTESIAN_POINT('',(-0.2,-2.35,0.2));
#337 = LINE('',#338,#339);
#338 = CARTESIAN_POINT('',(-0.2,-2.35,0.));
#339 = VECTOR('',#340,1.);
#340 = DIRECTION('',(0.,2.22044604925E-16,1.));
#341 = ORIENTED_EDGE('',*,*,#342,.T.);
#342 = EDGE_CURVE('',#335,#343,#345,.T.);
#343 = VERTEX_POINT('',#344);
#344 = CARTESIAN_POINT('',(-1.8,-2.35,0.2));
#345 = LINE('',#346,#347);
#346 = CARTESIAN_POINT('',(-0.2,-2.35,0.2));
#347 = VECTOR('',#348,1.);
#348 = DIRECTION('',(-1.,0.,0.));
#349 = ORIENTED_EDGE('',*,*,#350,.T.);
#350 = EDGE_CURVE('',#343,#351,#353,.T.);
#351 = VERTEX_POINT('',#352);
#352 = CARTESIAN_POINT('',(-1.8,-2.35,0.199));
#353 = LINE('',#354,#355);
#354 = CARTESIAN_POINT('',(-1.8,-2.35,0.2));
#355 = VECTOR('',#356,1.);
#356 = DIRECTION('',(0.,-2.22044604925E-16,-1.));
#357 = ORIENTED_EDGE('',*,*,#358,.T.);
#358 = EDGE_CURVE('',#351,#359,#361,.T.);
#359 = VERTEX_POINT('',#360);
#360 = CARTESIAN_POINT('',(-1.835089069161,-2.35,-5.551115123126E-17));
#361 = LINE('',#362,#363);
#362 = CARTESIAN_POINT('',(-1.871018303831,-2.35,-0.203764815378));
#363 = VECTOR('',#364,1.);
#364 = DIRECTION('',(-0.173648177667,0.,-0.984807753012));
#365 = ORIENTED_EDGE('',*,*,#366,.F.);
#366 = EDGE_CURVE('',#367,#359,#369,.T.);
#367 = VERTEX_POINT('',#368);
#368 = CARTESIAN_POINT('',(-2.164910930839,-2.35,1.387778780781E-17));
#369 = LINE('',#370,#371);
#370 = CARTESIAN_POINT('',(-4.8,-2.35,0.));
#371 = VECTOR('',#372,1.);
#372 = DIRECTION('',(1.,0.,0.));
#373 = ORIENTED_EDGE('',*,*,#374,.F.);
#374 = EDGE_CURVE('',#375,#367,#377,.T.);
#375 = VERTEX_POINT('',#376);
#376 = CARTESIAN_POINT('',(-2.2,-2.35,0.199));
#377 = LINE('',#378,#379);
#378 = CARTESIAN_POINT('',(-2.213412027068,-2.35,0.275063385278));
#379 = VECTOR('',#380,1.);
#380 = DIRECTION('',(0.173648177667,0.,-0.984807753012));
#381 = ORIENTED_EDGE('',*,*,#382,.T.);
#382 = EDGE_CURVE('',#375,#383,#385,.T.);
#383 = VERTEX_POINT('',#384);
#384 = CARTESIAN_POINT('',(-2.2,-2.35,0.2));
#385 = LINE('',#386,#387);
#386 = CARTESIAN_POINT('',(-2.2,-2.35,0.));
#387 = VECTOR('',#388,1.);
#388 = DIRECTION('',(0.,2.22044604925E-16,1.));
#389 = ORIENTED_EDGE('',*,*,#390,.T.);
#390 = EDGE_CURVE('',#383,#391,#393,.T.);
#391 = VERTEX_POINT('',#392);
#392 = CARTESIAN_POINT('',(-3.4,-2.35,0.2));
#393 = LINE('',#394,#395);
#394 = CARTESIAN_POINT('',(-2.2,-2.35,0.2));
#395 = VECTOR('',#396,1.);
#396 = DIRECTION('',(-1.,0.,0.));
#397 = ORIENTED_EDGE('',*,*,#398,.F.);
#398 = EDGE_CURVE('',#399,#391,#401,.T.);
#399 = VERTEX_POINT('',#400);
#400 = CARTESIAN_POINT('',(-3.4,-2.35,4.3));
#401 = LINE('',#402,#403);
#402 = CARTESIAN_POINT('',(-3.4,-2.35,4.3));
#403 = VECTOR('',#404,1.);
#404 = DIRECTION('',(0.,-2.22044604925E-16,-1.));
#405 = ORIENTED_EDGE('',*,*,#406,.F.);
#406 = EDGE_CURVE('',#407,#399,#409,.T.);
#407 = VERTEX_POINT('',#408);
#408 = CARTESIAN_POINT('',(-4.4,-2.35,4.3));
#409 = LINE('',#410,#411);
#410 = CARTESIAN_POINT('',(-4.4,-2.35,4.3));
#411 = VECTOR('',#412,1.);
#412 = DIRECTION('',(1.,0.,0.));
#413 = ORIENTED_EDGE('',*,*,#414,.T.);
#414 = EDGE_CURVE('',#407,#415,#417,.T.);
#415 = VERTEX_POINT('',#416);
#416 = CARTESIAN_POINT('',(-4.4,-2.35,0.));
#417 = LINE('',#418,#419);
#418 = CARTESIAN_POINT('',(-4.4,-2.35,1.8));
#419 = VECTOR('',#420,1.);
#420 = DIRECTION('',(0.,-2.22044604925E-16,-1.));
#421 = ORIENTED_EDGE('',*,*,#422,.F.);
#422 = EDGE_CURVE('',#423,#415,#425,.T.);
#423 = VERTEX_POINT('',#424);
#424 = CARTESIAN_POINT('',(-4.8,-2.35,0.));
#425 = LINE('',#426,#427);
#426 = CARTESIAN_POINT('',(-4.8,-2.35,0.));
#427 = VECTOR('',#428,1.);
#428 = DIRECTION('',(1.,0.,0.));
#429 = ORIENTED_EDGE('',*,*,#430,.T.);
#430 = EDGE_CURVE('',#423,#431,#433,.T.);
#431 = VERTEX_POINT('',#432);
#432 = CARTESIAN_POINT('',(-4.8,-2.35,6.));
#433 = LINE('',#434,#435);
#434 = CARTESIAN_POINT('',(-4.8,-2.35,0.));
#435 = VECTOR('',#436,1.);
#436 = DIRECTION('',(0.,0.,1.));
#437 = ORIENTED_EDGE('',*,*,#438,.T.);
#438 = EDGE_CURVE('',#431,#439,#441,.T.);
#439 = VERTEX_POINT('',#440);
#440 = CARTESIAN_POINT('',(-2.05,-2.35,6.));
#441 = LINE('',#442,#443);
#442 = CARTESIAN_POINT('',(-4.8,-2.35,6.));
#443 = VECTOR('',#444,1.);
#444 = DIRECTION('',(1.,0.,0.));
#445 = ORIENTED_EDGE('',*,*,#446,.T.);
#446 = EDGE_CURVE('',#439,#447,#449,.T.);
#447 = VERTEX_POINT('',#448);
#448 = CARTESIAN_POINT('',(-2.05,-2.35,1.8));
#449 = LINE('',#450,#451);
#450 = CARTESIAN_POINT('',(-2.05,-2.35,6.));
#451 = VECTOR('',#452,1.);
#452 = DIRECTION('',(-0.,-0.,-1.));
#453 = ORIENTED_EDGE('',*,*,#454,.T.);
#454 = EDGE_CURVE('',#447,#455,#457,.T.);
#455 = VERTEX_POINT('',#456);
#456 = CARTESIAN_POINT('',(2.05,-2.35,1.8));
#457 = LINE('',#458,#459);
#458 = CARTESIAN_POINT('',(-2.05,-2.35,1.8));
#459 = VECTOR('',#460,1.);
#460 = DIRECTION('',(1.,0.,0.));
#461 = ORIENTED_EDGE('',*,*,#462,.F.);
#462 = EDGE_CURVE('',#463,#455,#465,.T.);
#463 = VERTEX_POINT('',#464);
#464 = CARTESIAN_POINT('',(2.05,-2.35,6.));
#465 = LINE('',#466,#467);
#466 = CARTESIAN_POINT('',(2.05,-2.35,6.));
#467 = VECTOR('',#468,1.);
#468 = DIRECTION('',(-0.,-0.,-1.));
#469 = ORIENTED_EDGE('',*,*,#470,.T.);
#470 = EDGE_CURVE('',#463,#471,#473,.T.);
#471 = VERTEX_POINT('',#472);
#472 = CARTESIAN_POINT('',(4.8,-2.35,6.));
#473 = LINE('',#474,#475);
#474 = CARTESIAN_POINT('',(-4.8,-2.35,6.));
#475 = VECTOR('',#476,1.);
#476 = DIRECTION('',(1.,0.,0.));
#477 = ORIENTED_EDGE('',*,*,#478,.F.);
#478 = EDGE_CURVE('',#479,#471,#481,.T.);
#479 = VERTEX_POINT('',#480);
#480 = CARTESIAN_POINT('',(4.8,-2.35,0.));
#481 = LINE('',#482,#483);
#482 = CARTESIAN_POINT('',(4.8,-2.35,0.));
#483 = VECTOR('',#484,1.);
#484 = DIRECTION('',(0.,0.,1.));
#485 = ORIENTED_EDGE('',*,*,#486,.F.);
#486 = EDGE_CURVE('',#487,#479,#489,.T.);
#487 = VERTEX_POINT('',#488);
#488 = CARTESIAN_POINT('',(4.4,-2.35,0.));
#489 = LINE('',#490,#491);
#490 = CARTESIAN_POINT('',(-4.8,-2.35,0.));
#491 = VECTOR('',#492,1.);
#492 = DIRECTION('',(1.,0.,0.));
#493 = ORIENTED_EDGE('',*,*,#494,.F.);
#494 = EDGE_CURVE('',#495,#487,#497,.T.);
#495 = VERTEX_POINT('',#496);
#496 = CARTESIAN_POINT('',(4.4,-2.35,4.3));
#497 = LINE('',#498,#499);
#498 = CARTESIAN_POINT('',(4.4,-2.35,4.3));
#499 = VECTOR('',#500,1.);
#500 = DIRECTION('',(0.,-2.22044604925E-16,-1.));
#501 = ORIENTED_EDGE('',*,*,#502,.F.);
#502 = EDGE_CURVE('',#309,#495,#503,.T.);
#503 = LINE('',#504,#505);
#504 = CARTESIAN_POINT('',(3.4,-2.35,4.3));
#505 = VECTOR('',#506,1.);
#506 = DIRECTION('',(1.,0.,0.));
#507 = ORIENTED_EDGE('',*,*,#316,.T.);
#508 = ORIENTED_EDGE('',*,*,#69,.F.);
#509 = ORIENTED_EDGE('',*,*,#253,.F.);
#510 = ORIENTED_EDGE('',*,*,#511,.T.);
#511 = EDGE_CURVE('',#254,#512,#514,.T.);
#512 = VERTEX_POINT('',#513);
#513 = CARTESIAN_POINT('',(2.164910930839,-2.35,1.387778780781E-17));
#514 = LINE('',#515,#516);
#515 = CARTESIAN_POINT('',(2.068674316955,-2.35,-0.545784958704));
#516 = VECTOR('',#517,1.);
#517 = DIRECTION('',(-0.173648177667,0.,-0.984807753012));
#518 = ORIENTED_EDGE('',*,*,#519,.F.);
#519 = EDGE_CURVE('',#520,#512,#522,.T.);
#520 = VERTEX_POINT('',#521);
#521 = CARTESIAN_POINT('',(1.835089069161,-2.35,-5.551115123126E-17));
#522 = LINE('',#523,#524);
#523 = CARTESIAN_POINT('',(-4.8,-2.35,0.));
#524 = VECTOR('',#525,1.);
#525 = DIRECTION('',(1.,0.,0.));
#526 = ORIENTED_EDGE('',*,*,#527,.F.);
#527 = EDGE_CURVE('',#528,#520,#530,.T.);
#528 = VERTEX_POINT('',#529);
#529 = CARTESIAN_POINT('',(1.8,-2.35,0.199));
#530 = LINE('',#531,#532);
#531 = CARTESIAN_POINT('',(1.726280593717,-2.35,0.617083528603));
#532 = VECTOR('',#533,1.);
#533 = DIRECTION('',(0.173648177667,0.,-0.984807753012));
#534 = ORIENTED_EDGE('',*,*,#535,.F.);
#535 = EDGE_CURVE('',#536,#528,#538,.T.);
#536 = VERTEX_POINT('',#537);
#537 = CARTESIAN_POINT('',(1.8,-2.35,0.2));
#538 = LINE('',#539,#540);
#539 = CARTESIAN_POINT('',(1.8,-2.35,0.2));
#540 = VECTOR('',#541,1.);
#541 = DIRECTION('',(0.,-2.22044604925E-16,-1.));
#542 = ORIENTED_EDGE('',*,*,#543,.F.);
#543 = EDGE_CURVE('',#544,#536,#546,.T.);
#544 = VERTEX_POINT('',#545);
#545 = CARTESIAN_POINT('',(0.2,-2.35,0.2));
#546 = LINE('',#547,#548);
#547 = CARTESIAN_POINT('',(0.2,-2.35,0.2));
#548 = VECTOR('',#549,1.);
#549 = DIRECTION('',(1.,0.,0.));
#550 = ORIENTED_EDGE('',*,*,#551,.F.);
#551 = EDGE_CURVE('',#552,#544,#554,.T.);
#552 = VERTEX_POINT('',#553);
#553 = CARTESIAN_POINT('',(0.2,-2.35,0.199));
#554 = LINE('',#555,#556);
#555 = CARTESIAN_POINT('',(0.2,-2.35,0.));
#556 = VECTOR('',#557,1.);
#557 = DIRECTION('',(0.,2.22044604925E-16,1.));
#558 = ORIENTED_EDGE('',*,*,#559,.T.);
#559 = EDGE_CURVE('',#552,#560,#562,.T.);
#560 = VERTEX_POINT('',#561);
#561 = CARTESIAN_POINT('',(0.164910930839,-2.35,-2.775557561563E-17));
#562 = LINE('',#563,#564);
#563 = CARTESIAN_POINT('',(9.882800656169E-02,-2.35,-0.374774887041));
#564 = VECTOR('',#565,1.);
#565 = DIRECTION('',(-0.173648177667,0.,-0.984807753012));
#566 = ORIENTED_EDGE('',*,*,#567,.F.);
#567 = EDGE_CURVE('',#568,#560,#570,.T.);
#568 = VERTEX_POINT('',#569);
#569 = CARTESIAN_POINT('',(-0.164910930839,-2.35,-1.387778780781E-17));
#570 = LINE('',#571,#572);
#571 = CARTESIAN_POINT('',(-4.8,-2.35,0.));
#572 = VECTOR('',#573,1.);
#573 = DIRECTION('',(1.,0.,0.));
#574 = ORIENTED_EDGE('',*,*,#575,.F.);
#575 = EDGE_CURVE('',#333,#568,#576,.T.);
#576 = LINE('',#577,#578);
#577 = CARTESIAN_POINT('',(-0.243565716676,-2.35,0.44607345694));
#578 = VECTOR('',#579,1.);
#579 = DIRECTION('',(0.173648177667,0.,-0.984807753012));
#580 = PLANE('',#581);
#581 = AXIS2_PLACEMENT_3D('',#582,#583,#584);
#582 = CARTESIAN_POINT('',(-4.8,-2.35,0.));
#583 = DIRECTION('',(0.,1.,0.));
#584 = DIRECTION('',(1.,0.,0.));
#585 = ADVANCED_FACE('',(#586),#739,.T.);
#586 = FACE_BOUND('',#587,.T.);
#587 = EDGE_LOOP('',(#588,#598,#606,#614,#622,#630,#638,#646,#654,#662,
    #670,#678,#686,#694,#700,#701,#709,#717,#725,#733));
#588 = ORIENTED_EDGE('',*,*,#589,.T.);
#589 = EDGE_CURVE('',#590,#592,#594,.T.);
#590 = VERTEX_POINT('',#591);
#591 = CARTESIAN_POINT('',(-4.44,-0.35,1.8));
#592 = VERTEX_POINT('',#593);
#593 = CARTESIAN_POINT('',(-3.250000000005,-0.35,1.8));
#594 = LINE('',#595,#596);
#595 = CARTESIAN_POINT('',(-4.44,-0.35,1.8));
#596 = VECTOR('',#597,1.);
#597 = DIRECTION('',(1.,0.,0.));
#598 = ORIENTED_EDGE('',*,*,#599,.T.);
#599 = EDGE_CURVE('',#592,#600,#602,.T.);
#600 = VERTEX_POINT('',#601);
#601 = CARTESIAN_POINT('',(-3.250000000005,-0.35,0.2));
#602 = LINE('',#603,#604);
#603 = CARTESIAN_POINT('',(-3.250000000005,-0.35,1.8));
#604 = VECTOR('',#605,1.);
#605 = DIRECTION('',(-0.,-0.,-1.));
#606 = ORIENTED_EDGE('',*,*,#607,.F.);
#607 = EDGE_CURVE('',#608,#600,#610,.T.);
#608 = VERTEX_POINT('',#609);
#609 = CARTESIAN_POINT('',(-2.749999999995,-0.35,0.2));
#610 = LINE('',#611,#612);
#611 = CARTESIAN_POINT('',(-1.1,-0.35,0.2));
#612 = VECTOR('',#613,1.);
#613 = DIRECTION('',(-1.,0.,0.));
#614 = ORIENTED_EDGE('',*,*,#615,.F.);
#615 = EDGE_CURVE('',#616,#608,#618,.T.);
#616 = VERTEX_POINT('',#617);
#617 = CARTESIAN_POINT('',(-2.749999999995,-0.35,1.8));
#618 = LINE('',#619,#620);
#619 = CARTESIAN_POINT('',(-2.749999999995,-0.35,1.8));
#620 = VECTOR('',#621,1.);
#621 = DIRECTION('',(-0.,-0.,-1.));
#622 = ORIENTED_EDGE('',*,*,#623,.T.);
#623 = EDGE_CURVE('',#616,#624,#626,.T.);
#624 = VERTEX_POINT('',#625);
#625 = CARTESIAN_POINT('',(-1.250000000002,-0.35,1.8));
#626 = LINE('',#627,#628);
#627 = CARTESIAN_POINT('',(-4.44,-0.35,1.8));
#628 = VECTOR('',#629,1.);
#629 = DIRECTION('',(1.,0.,0.));
#630 = ORIENTED_EDGE('',*,*,#631,.T.);
#631 = EDGE_CURVE('',#624,#632,#634,.T.);
#632 = VERTEX_POINT('',#633);
#633 = CARTESIAN_POINT('',(-1.250000000002,-0.35,0.2));
#634 = LINE('',#635,#636);
#635 = CARTESIAN_POINT('',(-1.250000000002,-0.35,1.8));
#636 = VECTOR('',#637,1.);
#637 = DIRECTION('',(-0.,-0.,-1.));
#638 = ORIENTED_EDGE('',*,*,#639,.F.);
#639 = EDGE_CURVE('',#640,#632,#642,.T.);
#640 = VERTEX_POINT('',#641);
#641 = CARTESIAN_POINT('',(-0.749999999998,-0.35,0.2));
#642 = LINE('',#643,#644);
#643 = CARTESIAN_POINT('',(-1.E-01,-0.35,0.2));
#644 = VECTOR('',#645,1.);
#645 = DIRECTION('',(-1.,0.,0.));
#646 = ORIENTED_EDGE('',*,*,#647,.F.);
#647 = EDGE_CURVE('',#648,#640,#650,.T.);
#648 = VERTEX_POINT('',#649);
#649 = CARTESIAN_POINT('',(-0.749999999998,-0.35,1.8));
#650 = LINE('',#651,#652);
#651 = CARTESIAN_POINT('',(-0.749999999998,-0.35,1.8));
#652 = VECTOR('',#653,1.);
#653 = DIRECTION('',(-0.,-0.,-1.));
#654 = ORIENTED_EDGE('',*,*,#655,.T.);
#655 = EDGE_CURVE('',#648,#656,#658,.T.);
#656 = VERTEX_POINT('',#657);
#657 = CARTESIAN_POINT('',(0.75,-0.35,1.8));
#658 = LINE('',#659,#660);
#659 = CARTESIAN_POINT('',(-4.44,-0.35,1.8));
#660 = VECTOR('',#661,1.);
#661 = DIRECTION('',(1.,0.,0.));
#662 = ORIENTED_EDGE('',*,*,#663,.T.);
#663 = EDGE_CURVE('',#656,#664,#666,.T.);
#664 = VERTEX_POINT('',#665);
#665 = CARTESIAN_POINT('',(0.75,-0.35,0.2));
#666 = LINE('',#667,#668);
#667 = CARTESIAN_POINT('',(0.75,-0.35,1.8));
#668 = VECTOR('',#669,1.);
#669 = DIRECTION('',(-0.,-0.,-1.));
#670 = ORIENTED_EDGE('',*,*,#671,.T.);
#671 = EDGE_CURVE('',#664,#672,#674,.T.);
#672 = VERTEX_POINT('',#673);
#673 = CARTESIAN_POINT('',(1.25,-0.35,0.2));
#674 = LINE('',#675,#676);
#675 = CARTESIAN_POINT('',(0.1,-0.35,0.2));
#676 = VECTOR('',#677,1.);
#677 = DIRECTION('',(1.,0.,0.));
#678 = ORIENTED_EDGE('',*,*,#679,.F.);
#679 = EDGE_CURVE('',#680,#672,#682,.T.);
#680 = VERTEX_POINT('',#681);
#681 = CARTESIAN_POINT('',(1.25,-0.35,1.8));
#682 = LINE('',#683,#684);
#683 = CARTESIAN_POINT('',(1.25,-0.35,1.8));
#684 = VECTOR('',#685,1.);
#685 = DIRECTION('',(-0.,-0.,-1.));
#686 = ORIENTED_EDGE('',*,*,#687,.T.);
#687 = EDGE_CURVE('',#680,#688,#690,.T.);
#688 = VERTEX_POINT('',#689);
#689 = CARTESIAN_POINT('',(2.75,-0.35,1.8));
#690 = LINE('',#691,#692);
#691 = CARTESIAN_POINT('',(-4.44,-0.35,1.8));
#692 = VECTOR('',#693,1.);
#693 = DIRECTION('',(1.,0.,0.));
#694 = ORIENTED_EDGE('',*,*,#695,.T.);
#695 = EDGE_CURVE('',#688,#94,#696,.T.);
#696 = LINE('',#697,#698);
#697 = CARTESIAN_POINT('',(2.75,-0.35,1.8));
#698 = VECTOR('',#699,1.);
#699 = DIRECTION('',(-0.,-0.,-1.));
#700 = ORIENTED_EDGE('',*,*,#93,.T.);
#701 = ORIENTED_EDGE('',*,*,#702,.F.);
#702 = EDGE_CURVE('',#703,#96,#705,.T.);
#703 = VERTEX_POINT('',#704);
#704 = CARTESIAN_POINT('',(3.25,-0.35,1.8));
#705 = LINE('',#706,#707);
#706 = CARTESIAN_POINT('',(3.25,-0.35,1.8));
#707 = VECTOR('',#708,1.);
#708 = DIRECTION('',(-0.,-0.,-1.));
#709 = ORIENTED_EDGE('',*,*,#710,.T.);
#710 = EDGE_CURVE('',#703,#711,#713,.T.);
#711 = VERTEX_POINT('',#712);
#712 = CARTESIAN_POINT('',(4.44,-0.35,1.8));
#713 = LINE('',#714,#715);
#714 = CARTESIAN_POINT('',(-4.44,-0.35,1.8));
#715 = VECTOR('',#716,1.);
#716 = DIRECTION('',(1.,0.,0.));
#717 = ORIENTED_EDGE('',*,*,#718,.T.);
#718 = EDGE_CURVE('',#711,#719,#721,.T.);
#719 = VERTEX_POINT('',#720);
#720 = CARTESIAN_POINT('',(4.44,-0.35,1.9));
#721 = LINE('',#722,#723);
#722 = CARTESIAN_POINT('',(4.44,-0.35,1.8));
#723 = VECTOR('',#724,1.);
#724 = DIRECTION('',(0.,0.,1.));
#725 = ORIENTED_EDGE('',*,*,#726,.F.);
#726 = EDGE_CURVE('',#727,#719,#729,.T.);
#727 = VERTEX_POINT('',#728);
#728 = CARTESIAN_POINT('',(-4.44,-0.35,1.9));
#729 = LINE('',#730,#731);
#730 = CARTESIAN_POINT('',(-4.44,-0.35,1.9));
#731 = VECTOR('',#732,1.);
#732 = DIRECTION('',(1.,0.,0.));
#733 = ORIENTED_EDGE('',*,*,#734,.F.);
#734 = EDGE_CURVE('',#590,#727,#735,.T.);
#735 = LINE('',#736,#737);
#736 = CARTESIAN_POINT('',(-4.44,-0.35,1.8));
#737 = VECTOR('',#738,1.);
#738 = DIRECTION('',(0.,0.,1.));
#739 = PLANE('',#740);
#740 = AXIS2_PLACEMENT_3D('',#741,#742,#743);
#741 = CARTESIAN_POINT('',(3.705317881938E-16,-0.35,1.316007416563));
#742 = DIRECTION('',(0.,-1.,4.844225760319E-16));
#743 = DIRECTION('',(0.,-4.844225760319E-16,-1.));
#744 = ADVANCED_FACE('',(#745),#763,.T.);
#745 = FACE_BOUND('',#746,.T.);
#746 = EDGE_LOOP('',(#747,#755,#761,#762));
#747 = ORIENTED_EDGE('',*,*,#748,.F.);
#748 = EDGE_CURVE('',#749,#688,#751,.T.);
#749 = VERTEX_POINT('',#750);
#750 = CARTESIAN_POINT('',(2.75,-0.85,1.8));
#751 = LINE('',#752,#753);
#752 = CARTESIAN_POINT('',(2.75,-0.85,1.8));
#753 = VECTOR('',#754,1.);
#754 = DIRECTION('',(0.,1.,0.));
#755 = ORIENTED_EDGE('',*,*,#756,.T.);
#756 = EDGE_CURVE('',#749,#104,#757,.T.);
#757 = LINE('',#758,#759);
#758 = CARTESIAN_POINT('',(2.75,-0.85,1.8));
#759 = VECTOR('',#760,1.);
#760 = DIRECTION('',(-0.,-0.,-1.));
#761 = ORIENTED_EDGE('',*,*,#103,.T.);
#762 = ORIENTED_EDGE('',*,*,#695,.F.);
#763 = PLANE('',#764);
#764 = AXIS2_PLACEMENT_3D('',#765,#766,#767);
#765 = CARTESIAN_POINT('',(2.75,-0.85,1.8));
#766 = DIRECTION('',(1.,0.,0.));
#767 = DIRECTION('',(0.,1.,0.));
#768 = ADVANCED_FACE('',(#769),#787,.T.);
#769 = FACE_BOUND('',#770,.T.);
#770 = EDGE_LOOP('',(#771,#779,#780,#781));
#771 = ORIENTED_EDGE('',*,*,#772,.F.);
#772 = EDGE_CURVE('',#703,#773,#775,.T.);
#773 = VERTEX_POINT('',#774);
#774 = CARTESIAN_POINT('',(3.25,-0.85,1.8));
#775 = LINE('',#776,#777);
#776 = CARTESIAN_POINT('',(3.25,-0.35,1.8));
#777 = VECTOR('',#778,1.);
#778 = DIRECTION('',(0.,-1.,0.));
#779 = ORIENTED_EDGE('',*,*,#702,.T.);
#780 = ORIENTED_EDGE('',*,*,#119,.T.);
#781 = ORIENTED_EDGE('',*,*,#782,.F.);
#782 = EDGE_CURVE('',#773,#112,#783,.T.);
#783 = LINE('',#784,#785);
#784 = CARTESIAN_POINT('',(3.25,-0.85,1.8));
#785 = VECTOR('',#786,1.);
#786 = DIRECTION('',(-0.,-0.,-1.));
#787 = PLANE('',#788);
#788 = AXIS2_PLACEMENT_3D('',#789,#790,#791);
#789 = CARTESIAN_POINT('',(3.25,-0.35,1.8));
#790 = DIRECTION('',(-1.,0.,0.));
#791 = DIRECTION('',(0.,-1.,0.));
#792 = ADVANCED_FACE('',(#793),#804,.T.);
#793 = FACE_BOUND('',#794,.T.);
#794 = EDGE_LOOP('',(#795,#801,#802,#803));
#795 = ORIENTED_EDGE('',*,*,#796,.F.);
#796 = EDGE_CURVE('',#773,#749,#797,.T.);
#797 = LINE('',#798,#799);
#798 = CARTESIAN_POINT('',(3.25,-0.85,1.8));
#799 = VECTOR('',#800,1.);
#800 = DIRECTION('',(-1.,0.,0.));
#801 = ORIENTED_EDGE('',*,*,#782,.T.);
#802 = ORIENTED_EDGE('',*,*,#111,.T.);
#803 = ORIENTED_EDGE('',*,*,#756,.F.);
#804 = PLANE('',#805);
#805 = AXIS2_PLACEMENT_3D('',#806,#807,#808);
#806 = CARTESIAN_POINT('',(3.25,-0.85,1.8));
#807 = DIRECTION('',(0.,1.,0.));
#808 = DIRECTION('',(-1.,0.,0.));
#809 = ADVANCED_FACE('',(#810),#1063,.F.);
#810 = FACE_BOUND('',#811,.F.);
#811 = EDGE_LOOP('',(#812,#813,#814,#815,#816,#824,#832,#840,#848,#856,
    #864,#872,#880,#888,#896,#904,#912,#920,#928,#936,#944,#952,#960,
    #968,#976,#984,#992,#1000,#1008,#1016,#1024,#1032,#1040,#1048,#1056,
    #1062));
#812 = ORIENTED_EDGE('',*,*,#277,.T.);
#813 = ORIENTED_EDGE('',*,*,#188,.T.);
#814 = ORIENTED_EDGE('',*,*,#142,.F.);
#815 = ORIENTED_EDGE('',*,*,#150,.T.);
#816 = ORIENTED_EDGE('',*,*,#817,.T.);
#817 = EDGE_CURVE('',#151,#818,#820,.T.);
#818 = VERTEX_POINT('',#819);
#819 = CARTESIAN_POINT('',(3.835089069161,2.35,-1.026956297778E-15));
#820 = LINE('',#821,#822);
#821 = CARTESIAN_POINT('',(3.840864614224,2.35,-3.275474371552E-02));
#822 = VECTOR('',#823,1.);
#823 = DIRECTION('',(0.173648177667,0.,-0.984807753012));
#824 = ORIENTED_EDGE('',*,*,#825,.F.);
#825 = EDGE_CURVE('',#826,#818,#828,.T.);
#826 = VERTEX_POINT('',#827);
#827 = CARTESIAN_POINT('',(4.8,2.35,0.));
#828 = LINE('',#829,#830);
#829 = CARTESIAN_POINT('',(4.8,2.35,0.));
#830 = VECTOR('',#831,1.);
#831 = DIRECTION('',(-1.,0.,0.));
#832 = ORIENTED_EDGE('',*,*,#833,.T.);
#833 = EDGE_CURVE('',#826,#834,#836,.T.);
#834 = VERTEX_POINT('',#835);
#835 = CARTESIAN_POINT('',(4.8,2.35,6.));
#836 = LINE('',#837,#838);
#837 = CARTESIAN_POINT('',(4.8,2.35,0.));
#838 = VECTOR('',#839,1.);
#839 = DIRECTION('',(0.,0.,1.));
#840 = ORIENTED_EDGE('',*,*,#841,.T.);
#841 = EDGE_CURVE('',#834,#842,#844,.T.);
#842 = VERTEX_POINT('',#843);
#843 = CARTESIAN_POINT('',(-4.8,2.35,6.));
#844 = LINE('',#845,#846);
#845 = CARTESIAN_POINT('',(4.8,2.35,6.));
#846 = VECTOR('',#847,1.);
#847 = DIRECTION('',(-1.,0.,0.));
#848 = ORIENTED_EDGE('',*,*,#849,.F.);
#849 = EDGE_CURVE('',#850,#842,#852,.T.);
#850 = VERTEX_POINT('',#851);
#851 = CARTESIAN_POINT('',(-4.8,2.35,0.));
#852 = LINE('',#853,#854);
#853 = CARTESIAN_POINT('',(-4.8,2.35,0.));
#854 = VECTOR('',#855,1.);
#855 = DIRECTION('',(0.,0.,1.));
#856 = ORIENTED_EDGE('',*,*,#857,.F.);
#857 = EDGE_CURVE('',#858,#850,#860,.T.);
#858 = VERTEX_POINT('',#859);
#859 = CARTESIAN_POINT('',(-3.835089069161,2.35,-1.026956297778E-15));
#860 = LINE('',#861,#862);
#861 = CARTESIAN_POINT('',(4.8,2.35,0.));
#862 = VECTOR('',#863,1.);
#863 = DIRECTION('',(-1.,0.,0.));
#864 = ORIENTED_EDGE('',*,*,#865,.F.);
#865 = EDGE_CURVE('',#866,#858,#868,.T.);
#866 = VERTEX_POINT('',#867);
#867 = CARTESIAN_POINT('',(-3.8,2.35,0.199));
#868 = LINE('',#869,#870);
#869 = CARTESIAN_POINT('',(-3.69612690411,2.35,0.788093600266));
#870 = VECTOR('',#871,1.);
#871 = DIRECTION('',(-0.173648177667,-0.,-0.984807753012));
#872 = ORIENTED_EDGE('',*,*,#873,.F.);
#873 = EDGE_CURVE('',#874,#866,#876,.T.);
#874 = VERTEX_POINT('',#875);
#875 = CARTESIAN_POINT('',(-3.8,2.35,0.2));
#876 = LINE('',#877,#878);
#877 = CARTESIAN_POINT('',(-3.8,2.35,0.1));
#878 = VECTOR('',#879,1.);
#879 = DIRECTION('',(0.,0.,-1.));
#880 = ORIENTED_EDGE('',*,*,#881,.T.);
#881 = EDGE_CURVE('',#874,#882,#884,.T.);
#882 = VERTEX_POINT('',#883);
#883 = CARTESIAN_POINT('',(-3.8,2.35,0.6));
#884 = LINE('',#885,#886);
#885 = CARTESIAN_POINT('',(-3.8,2.35,0.1));
#886 = VECTOR('',#887,1.);
#887 = DIRECTION('',(0.,0.,1.));
#888 = ORIENTED_EDGE('',*,*,#889,.F.);
#889 = EDGE_CURVE('',#890,#882,#892,.T.);
#890 = VERTEX_POINT('',#891);
#891 = CARTESIAN_POINT('',(-2.2,2.35,0.6));
#892 = LINE('',#893,#894);
#893 = CARTESIAN_POINT('',(-2.2,2.35,0.6));
#894 = VECTOR('',#895,1.);
#895 = DIRECTION('',(-1.,0.,0.));
#896 = ORIENTED_EDGE('',*,*,#897,.F.);
#897 = EDGE_CURVE('',#898,#890,#900,.T.);
#898 = VERTEX_POINT('',#899);
#899 = CARTESIAN_POINT('',(-2.2,2.35,0.2));
#900 = LINE('',#901,#902);
#901 = CARTESIAN_POINT('',(-2.2,2.35,0.));
#902 = VECTOR('',#903,1.);
#903 = DIRECTION('',(0.,0.,1.));
#904 = ORIENTED_EDGE('',*,*,#905,.F.);
#905 = EDGE_CURVE('',#906,#898,#908,.T.);
#906 = VERTEX_POINT('',#907);
#907 = CARTESIAN_POINT('',(-2.2,2.35,0.199));
#908 = LINE('',#909,#910);
#909 = CARTESIAN_POINT('',(-2.2,2.35,0.));
#910 = VECTOR('',#911,1.);
#911 = DIRECTION('',(0.,0.,1.));
#912 = ORIENTED_EDGE('',*,*,#913,.T.);
#913 = EDGE_CURVE('',#906,#914,#916,.T.);
#914 = VERTEX_POINT('',#915);
#915 = CARTESIAN_POINT('',(-2.164910930839,2.35,-9.992007221626E-16));
#916 = LINE('',#917,#918);
#917 = CARTESIAN_POINT('',(-2.068674316955,2.35,-0.545784958704));
#918 = VECTOR('',#919,1.);
#919 = DIRECTION('',(0.173648177667,0.,-0.984807753012));
#920 = ORIENTED_EDGE('',*,*,#921,.F.);
#921 = EDGE_CURVE('',#922,#914,#924,.T.);
#922 = VERTEX_POINT('',#923);
#923 = CARTESIAN_POINT('',(-1.835089069161,2.35,-1.068589661202E-15));
#924 = LINE('',#925,#926);
#925 = CARTESIAN_POINT('',(4.8,2.35,0.));
#926 = VECTOR('',#927,1.);
#927 = DIRECTION('',(-1.,0.,0.));
#928 = ORIENTED_EDGE('',*,*,#929,.F.);
#929 = EDGE_CURVE('',#930,#922,#932,.T.);
#930 = VERTEX_POINT('',#931);
#931 = CARTESIAN_POINT('',(-1.8,2.35,0.199));
#932 = LINE('',#933,#934);
#933 = CARTESIAN_POINT('',(-1.726280593717,2.35,0.617083528603));
#934 = VECTOR('',#935,1.);
#935 = DIRECTION('',(-0.173648177667,-0.,-0.984807753012));
#936 = ORIENTED_EDGE('',*,*,#937,.F.);
#937 = EDGE_CURVE('',#938,#930,#940,.T.);
#938 = VERTEX_POINT('',#939);
#939 = CARTESIAN_POINT('',(-1.8,2.35,0.2));
#940 = LINE('',#941,#942);
#941 = CARTESIAN_POINT('',(-1.8,2.35,0.1));
#942 = VECTOR('',#943,1.);
#943 = DIRECTION('',(0.,0.,-1.));
#944 = ORIENTED_EDGE('',*,*,#945,.T.);
#945 = EDGE_CURVE('',#938,#946,#948,.T.);
#946 = VERTEX_POINT('',#947);
#947 = CARTESIAN_POINT('',(-1.8,2.35,0.6));
#948 = LINE('',#949,#950);
#949 = CARTESIAN_POINT('',(-1.8,2.35,0.1));
#950 = VECTOR('',#951,1.);
#951 = DIRECTION('',(0.,0.,1.));
#952 = ORIENTED_EDGE('',*,*,#953,.F.);
#953 = EDGE_CURVE('',#954,#946,#956,.T.);
#954 = VERTEX_POINT('',#955);
#955 = CARTESIAN_POINT('',(-0.2,2.35,0.6));
#956 = LINE('',#957,#958);
#957 = CARTESIAN_POINT('',(-0.2,2.35,0.6));
#958 = VECTOR('',#959,1.);
#959 = DIRECTION('',(-1.,0.,0.));
#960 = ORIENTED_EDGE('',*,*,#961,.F.);
#961 = EDGE_CURVE('',#962,#954,#964,.T.);
#962 = VERTEX_POINT('',#963);
#963 = CARTESIAN_POINT('',(-0.2,2.35,0.2));
#964 = LINE('',#965,#966);
#965 = CARTESIAN_POINT('',(-0.2,2.35,0.));
#966 = VECTOR('',#967,1.);
#967 = DIRECTION('',(0.,0.,1.));
#968 = ORIENTED_EDGE('',*,*,#969,.F.);
#969 = EDGE_CURVE('',#970,#962,#972,.T.);
#970 = VERTEX_POINT('',#971);
#971 = CARTESIAN_POINT('',(-0.2,2.35,0.199));
#972 = LINE('',#973,#974);
#973 = CARTESIAN_POINT('',(-0.2,2.35,0.));
#974 = VECTOR('',#975,1.);
#975 = DIRECTION('',(0.,0.,1.));
#976 = ORIENTED_EDGE('',*,*,#977,.T.);
#977 = EDGE_CURVE('',#970,#978,#980,.T.);
#978 = VERTEX_POINT('',#979);
#979 = CARTESIAN_POINT('',(-0.164910930839,2.35,-1.026956297778E-15));
#980 = LINE('',#981,#982);
#981 = CARTESIAN_POINT('',(-9.882800656169E-02,2.35,-0.374774887041));
#982 = VECTOR('',#983,1.);
#983 = DIRECTION('',(0.173648177667,0.,-0.984807753012));
#984 = ORIENTED_EDGE('',*,*,#985,.F.);
#985 = EDGE_CURVE('',#986,#978,#988,.T.);
#986 = VERTEX_POINT('',#987);
#987 = CARTESIAN_POINT('',(0.164910930839,2.35,-1.040834085586E-15));
#988 = LINE('',#989,#990);
#989 = CARTESIAN_POINT('',(4.8,2.35,0.));
#990 = VECTOR('',#991,1.);
#991 = DIRECTION('',(-1.,0.,0.));
#992 = ORIENTED_EDGE('',*,*,#993,.F.);
#993 = EDGE_CURVE('',#994,#986,#996,.T.);
#994 = VERTEX_POINT('',#995);
#995 = CARTESIAN_POINT('',(0.2,2.35,0.199));
#996 = LINE('',#997,#998);
#997 = CARTESIAN_POINT('',(0.243565716676,2.35,0.44607345694));
#998 = VECTOR('',#999,1.);
#999 = DIRECTION('',(-0.173648177667,-0.,-0.984807753012));
#1000 = ORIENTED_EDGE('',*,*,#1001,.T.);
#1001 = EDGE_CURVE('',#994,#1002,#1004,.T.);
#1002 = VERTEX_POINT('',#1003);
#1003 = CARTESIAN_POINT('',(0.2,2.35,0.2));
#1004 = LINE('',#1005,#1006);
#1005 = CARTESIAN_POINT('',(0.2,2.35,0.));
#1006 = VECTOR('',#1007,1.);
#1007 = DIRECTION('',(0.,0.,1.));
#1008 = ORIENTED_EDGE('',*,*,#1009,.T.);
#1009 = EDGE_CURVE('',#1002,#1010,#1012,.T.);
#1010 = VERTEX_POINT('',#1011);
#1011 = CARTESIAN_POINT('',(0.2,2.35,0.6));
#1012 = LINE('',#1013,#1014);
#1013 = CARTESIAN_POINT('',(0.2,2.35,0.));
#1014 = VECTOR('',#1015,1.);
#1015 = DIRECTION('',(0.,0.,1.));
#1016 = ORIENTED_EDGE('',*,*,#1017,.T.);
#1017 = EDGE_CURVE('',#1010,#1018,#1020,.T.);
#1018 = VERTEX_POINT('',#1019);
#1019 = CARTESIAN_POINT('',(1.8,2.35,0.6));
#1020 = LINE('',#1021,#1022);
#1021 = CARTESIAN_POINT('',(0.2,2.35,0.6));
#1022 = VECTOR('',#1023,1.);
#1023 = DIRECTION('',(1.,0.,0.));
#1024 = ORIENTED_EDGE('',*,*,#1025,.F.);
#1025 = EDGE_CURVE('',#1026,#1018,#1028,.T.);
#1026 = VERTEX_POINT('',#1027);
#1027 = CARTESIAN_POINT('',(1.8,2.35,0.2));
#1028 = LINE('',#1029,#1030);
#1029 = CARTESIAN_POINT('',(1.8,2.35,0.1));
#1030 = VECTOR('',#1031,1.);
#1031 = DIRECTION('',(0.,0.,1.));
#1032 = ORIENTED_EDGE('',*,*,#1033,.T.);
#1033 = EDGE_CURVE('',#1026,#1034,#1036,.T.);
#1034 = VERTEX_POINT('',#1035);
#1035 = CARTESIAN_POINT('',(1.8,2.35,0.199));
#1036 = LINE('',#1037,#1038);
#1037 = CARTESIAN_POINT('',(1.8,2.35,0.1));
#1038 = VECTOR('',#1039,1.);
#1039 = DIRECTION('',(0.,0.,-1.));
#1040 = ORIENTED_EDGE('',*,*,#1041,.T.);
#1041 = EDGE_CURVE('',#1034,#1042,#1044,.T.);
#1042 = VERTEX_POINT('',#1043);
#1043 = CARTESIAN_POINT('',(1.835089069161,2.35,-1.068589661202E-15));
#1044 = LINE('',#1045,#1046);
#1045 = CARTESIAN_POINT('',(1.871018303831,2.35,-0.203764815378));
#1046 = VECTOR('',#1047,1.);
#1047 = DIRECTION('',(0.173648177667,0.,-0.984807753012));
#1048 = ORIENTED_EDGE('',*,*,#1049,.F.);
#1049 = EDGE_CURVE('',#1050,#1042,#1052,.T.);
#1050 = VERTEX_POINT('',#1051);
#1051 = CARTESIAN_POINT('',(2.164910930839,2.35,-9.992007221626E-16));
#1052 = LINE('',#1053,#1054);
#1053 = CARTESIAN_POINT('',(4.8,2.35,0.));
#1054 = VECTOR('',#1055,1.);
#1055 = DIRECTION('',(-1.,0.,0.));
#1056 = ORIENTED_EDGE('',*,*,#1057,.F.);
#1057 = EDGE_CURVE('',#262,#1050,#1058,.T.);
#1058 = LINE('',#1059,#1060);
#1059 = CARTESIAN_POINT('',(2.213412027068,2.35,0.275063385278));
#1060 = VECTOR('',#1061,1.);
#1061 = DIRECTION('',(-0.173648177667,-0.,-0.984807753012));
#1062 = ORIENTED_EDGE('',*,*,#269,.T.);
#1063 = PLANE('',#1064);
#1064 = AXIS2_PLACEMENT_3D('',#1065,#1066,#1067);
#1065 = CARTESIAN_POINT('',(4.8,2.35,0.));
#1066 = DIRECTION('',(0.,-1.,0.));
#1067 = DIRECTION('',(-1.,0.,0.));
#1068 = ADVANCED_FACE('',(#1069),#1080,.F.);
#1069 = FACE_BOUND('',#1070,.T.);
#1070 = EDGE_LOOP('',(#1071,#1072,#1073,#1074));
#1071 = ORIENTED_EDGE('',*,*,#238,.F.);
#1072 = ORIENTED_EDGE('',*,*,#158,.T.);
#1073 = ORIENTED_EDGE('',*,*,#817,.T.);
#1074 = ORIENTED_EDGE('',*,*,#1075,.F.);
#1075 = EDGE_CURVE('',#231,#818,#1076,.T.);
#1076 = LINE('',#1077,#1078);
#1077 = CARTESIAN_POINT('',(3.835089069161,-2.25,0.));
#1078 = VECTOR('',#1079,1.);
#1079 = DIRECTION('',(0.,1.,-2.22044604925E-16));
#1080 = PLANE('',#1081);
#1081 = AXIS2_PLACEMENT_3D('',#1082,#1083,#1084);
#1082 = CARTESIAN_POINT('',(3.81754453458,-2.25,9.95E-02));
#1083 = DIRECTION('',(0.984807753012,-4.337694007704E-19,0.173648177667)
  );
#1084 = DIRECTION('',(-3.839904326947E-17,-1.,2.152738175632E-16));
#1085 = ADVANCED_FACE('',(#1086),#1122,.F.);
#1086 = FACE_BOUND('',#1087,.F.);
#1087 = EDGE_LOOP('',(#1088,#1089,#1095,#1096,#1105,#1113,#1120,#1121));
#1088 = ORIENTED_EDGE('',*,*,#230,.T.);
#1089 = ORIENTED_EDGE('',*,*,#1090,.F.);
#1090 = EDGE_CURVE('',#487,#223,#1091,.T.);
#1091 = LINE('',#1092,#1093);
#1092 = CARTESIAN_POINT('',(4.4,-2.35,0.));
#1093 = VECTOR('',#1094,1.);
#1094 = DIRECTION('',(0.,1.,-2.22044604925E-16));
#1095 = ORIENTED_EDGE('',*,*,#486,.T.);
#1096 = ORIENTED_EDGE('',*,*,#1097,.T.);
#1097 = EDGE_CURVE('',#479,#1098,#1100,.T.);
#1098 = VERTEX_POINT('',#1099);
#1099 = CARTESIAN_POINT('',(5.,-2.15,0.));
#1100 = CIRCLE('',#1101,0.2);
#1101 = AXIS2_PLACEMENT_3D('',#1102,#1103,#1104);
#1102 = CARTESIAN_POINT('',(4.8,-2.15,0.));
#1103 = DIRECTION('',(0.,0.,1.));
#1104 = DIRECTION('',(1.,0.,0.));
#1105 = ORIENTED_EDGE('',*,*,#1106,.T.);
#1106 = EDGE_CURVE('',#1098,#1107,#1109,.T.);
#1107 = VERTEX_POINT('',#1108);
#1108 = CARTESIAN_POINT('',(5.,2.15,0.));
#1109 = LINE('',#1110,#1111);
#1110 = CARTESIAN_POINT('',(5.,-2.15,0.));
#1111 = VECTOR('',#1112,1.);
#1112 = DIRECTION('',(0.,1.,0.));
#1113 = ORIENTED_EDGE('',*,*,#1114,.T.);
#1114 = EDGE_CURVE('',#1107,#826,#1115,.T.);
#1115 = CIRCLE('',#1116,0.2);
#1116 = AXIS2_PLACEMENT_3D('',#1117,#1118,#1119);
#1117 = CARTESIAN_POINT('',(4.8,2.15,0.));
#1118 = DIRECTION('',(0.,0.,1.));
#1119 = DIRECTION('',(1.,0.,0.));
#1120 = ORIENTED_EDGE('',*,*,#825,.T.);
#1121 = ORIENTED_EDGE('',*,*,#1075,.F.);
#1122 = PLANE('',#1123);
#1123 = AXIS2_PLACEMENT_3D('',#1124,#1125,#1126);
#1124 = CARTESIAN_POINT('',(2.981764606942E-16,2.914866042042E-17,0.));
#1125 = DIRECTION('',(0.,0.,1.));
#1126 = DIRECTION('',(1.,0.,0.));
#1127 = ADVANCED_FACE('',(#1128),#1155,.T.);
#1128 = FACE_BOUND('',#1129,.T.);
#1129 = EDGE_LOOP('',(#1130,#1138,#1146,#1152,#1153,#1154));
#1130 = ORIENTED_EDGE('',*,*,#1131,.T.);
#1131 = EDGE_CURVE('',#495,#1132,#1134,.T.);
#1132 = VERTEX_POINT('',#1133);
#1133 = CARTESIAN_POINT('',(4.4,-1.8,4.3));
#1134 = LINE('',#1135,#1136);
#1135 = CARTESIAN_POINT('',(4.4,-2.35,4.3));
#1136 = VECTOR('',#1137,1.);
#1137 = DIRECTION('',(0.,1.,-2.22044604925E-16));
#1138 = ORIENTED_EDGE('',*,*,#1139,.T.);
#1139 = EDGE_CURVE('',#1132,#1140,#1142,.T.);
#1140 = VERTEX_POINT('',#1141);
#1141 = CARTESIAN_POINT('',(4.4,-1.8,1.8));
#1142 = LINE('',#1143,#1144);
#1143 = CARTESIAN_POINT('',(4.4,-1.8,4.3));
#1144 = VECTOR('',#1145,1.);
#1145 = DIRECTION('',(0.,-2.22044604925E-16,-1.));
#1146 = ORIENTED_EDGE('',*,*,#1147,.F.);
#1147 = EDGE_CURVE('',#215,#1140,#1148,.T.);
#1148 = LINE('',#1149,#1150);
#1149 = CARTESIAN_POINT('',(4.4,-2.35,1.8));
#1150 = VECTOR('',#1151,1.);
#1151 = DIRECTION('',(0.,1.,-2.22044604925E-16));
#1152 = ORIENTED_EDGE('',*,*,#222,.F.);
#1153 = ORIENTED_EDGE('',*,*,#1090,.F.);
#1154 = ORIENTED_EDGE('',*,*,#494,.F.);
#1155 = PLANE('',#1156);
#1156 = AXIS2_PLACEMENT_3D('',#1157,#1158,#1159);
#1157 = CARTESIAN_POINT('',(4.4,-2.158505154639,2.233505154639));
#1158 = DIRECTION('',(-1.,4.842298086657E-16,0.));
#1159 = DIRECTION('',(-4.842298086657E-16,-1.,0.));
#1160 = ADVANCED_FACE('',(#1161),#1323,.T.);
#1161 = FACE_BOUND('',#1162,.T.);
#1162 = EDGE_LOOP('',(#1163,#1171,#1172,#1180,#1186,#1187,#1188,#1189,
    #1197,#1203,#1204,#1205,#1206,#1207,#1208,#1216,#1224,#1230,#1231,
    #1239,#1247,#1253,#1254,#1262,#1270,#1276,#1277,#1285,#1293,#1301,
    #1309,#1317));
#1163 = ORIENTED_EDGE('',*,*,#1164,.T.);
#1164 = EDGE_CURVE('',#1165,#447,#1167,.T.);
#1165 = VERTEX_POINT('',#1166);
#1166 = CARTESIAN_POINT('',(-2.05,-1.8,1.8));
#1167 = LINE('',#1168,#1169);
#1168 = CARTESIAN_POINT('',(-2.05,-1.8,1.8));
#1169 = VECTOR('',#1170,1.);
#1170 = DIRECTION('',(0.,-1.,0.));
#1171 = ORIENTED_EDGE('',*,*,#454,.T.);
#1172 = ORIENTED_EDGE('',*,*,#1173,.T.);
#1173 = EDGE_CURVE('',#455,#1174,#1176,.T.);
#1174 = VERTEX_POINT('',#1175);
#1175 = CARTESIAN_POINT('',(2.05,-1.8,1.8));
#1176 = LINE('',#1177,#1178);
#1177 = CARTESIAN_POINT('',(2.05,-2.35,1.8));
#1178 = VECTOR('',#1179,1.);
#1179 = DIRECTION('',(0.,1.,0.));
#1180 = ORIENTED_EDGE('',*,*,#1181,.T.);
#1181 = EDGE_CURVE('',#1174,#293,#1182,.T.);
#1182 = LINE('',#1183,#1184);
#1183 = CARTESIAN_POINT('',(-4.44,-1.8,1.8));
#1184 = VECTOR('',#1185,1.);
#1185 = DIRECTION('',(1.,0.,0.));
#1186 = ORIENTED_EDGE('',*,*,#292,.F.);
#1187 = ORIENTED_EDGE('',*,*,#214,.F.);
#1188 = ORIENTED_EDGE('',*,*,#1147,.T.);
#1189 = ORIENTED_EDGE('',*,*,#1190,.T.);
#1190 = EDGE_CURVE('',#1140,#1191,#1193,.T.);
#1191 = VERTEX_POINT('',#1192);
#1192 = CARTESIAN_POINT('',(4.44,-1.8,1.8));
#1193 = LINE('',#1194,#1195);
#1194 = CARTESIAN_POINT('',(-4.44,-1.8,1.8));
#1195 = VECTOR('',#1196,1.);
#1196 = DIRECTION('',(1.,0.,0.));
#1197 = ORIENTED_EDGE('',*,*,#1198,.T.);
#1198 = EDGE_CURVE('',#1191,#711,#1199,.T.);
#1199 = LINE('',#1200,#1201);
#1200 = CARTESIAN_POINT('',(4.44,-1.8,1.8));
#1201 = VECTOR('',#1202,1.);
#1202 = DIRECTION('',(0.,1.,0.));
#1203 = ORIENTED_EDGE('',*,*,#710,.F.);
#1204 = ORIENTED_EDGE('',*,*,#772,.T.);
#1205 = ORIENTED_EDGE('',*,*,#796,.T.);
#1206 = ORIENTED_EDGE('',*,*,#748,.T.);
#1207 = ORIENTED_EDGE('',*,*,#687,.F.);
#1208 = ORIENTED_EDGE('',*,*,#1209,.T.);
#1209 = EDGE_CURVE('',#680,#1210,#1212,.T.);
#1210 = VERTEX_POINT('',#1211);
#1211 = CARTESIAN_POINT('',(1.25,-0.85,1.8));
#1212 = LINE('',#1213,#1214);
#1213 = CARTESIAN_POINT('',(1.25,-0.35,1.8));
#1214 = VECTOR('',#1215,1.);
#1215 = DIRECTION('',(0.,-1.,0.));
#1216 = ORIENTED_EDGE('',*,*,#1217,.T.);
#1217 = EDGE_CURVE('',#1210,#1218,#1220,.T.);
#1218 = VERTEX_POINT('',#1219);
#1219 = CARTESIAN_POINT('',(0.75,-0.85,1.8));
#1220 = LINE('',#1221,#1222);
#1221 = CARTESIAN_POINT('',(1.25,-0.85,1.8));
#1222 = VECTOR('',#1223,1.);
#1223 = DIRECTION('',(-1.,0.,0.));
#1224 = ORIENTED_EDGE('',*,*,#1225,.T.);
#1225 = EDGE_CURVE('',#1218,#656,#1226,.T.);
#1226 = LINE('',#1227,#1228);
#1227 = CARTESIAN_POINT('',(0.75,-0.85,1.8));
#1228 = VECTOR('',#1229,1.);
#1229 = DIRECTION('',(0.,1.,0.));
#1230 = ORIENTED_EDGE('',*,*,#655,.F.);
#1231 = ORIENTED_EDGE('',*,*,#1232,.F.);
#1232 = EDGE_CURVE('',#1233,#648,#1235,.T.);
#1233 = VERTEX_POINT('',#1234);
#1234 = CARTESIAN_POINT('',(-0.749999999998,-0.85,1.8));
#1235 = LINE('',#1236,#1237);
#1236 = CARTESIAN_POINT('',(-0.749999999998,-0.85,1.8));
#1237 = VECTOR('',#1238,1.);
#1238 = DIRECTION('',(0.,1.,0.));
#1239 = ORIENTED_EDGE('',*,*,#1240,.F.);
#1240 = EDGE_CURVE('',#1241,#1233,#1243,.T.);
#1241 = VERTEX_POINT('',#1242);
#1242 = CARTESIAN_POINT('',(-1.250000000002,-0.85,1.8));
#1243 = LINE('',#1244,#1245);
#1244 = CARTESIAN_POINT('',(-1.250000000002,-0.85,1.8));
#1245 = VECTOR('',#1246,1.);
#1246 = DIRECTION('',(1.,0.,0.));
#1247 = ORIENTED_EDGE('',*,*,#1248,.F.);
#1248 = EDGE_CURVE('',#624,#1241,#1249,.T.);
#1249 = LINE('',#1250,#1251);
#1250 = CARTESIAN_POINT('',(-1.250000000002,-0.35,1.8));
#1251 = VECTOR('',#1252,1.);
#1252 = DIRECTION('',(0.,-1.,0.));
#1253 = ORIENTED_EDGE('',*,*,#623,.F.);
#1254 = ORIENTED_EDGE('',*,*,#1255,.F.);
#1255 = EDGE_CURVE('',#1256,#616,#1258,.T.);
#1256 = VERTEX_POINT('',#1257);
#1257 = CARTESIAN_POINT('',(-2.749999999995,-0.85,1.8));
#1258 = LINE('',#1259,#1260);
#1259 = CARTESIAN_POINT('',(-2.749999999995,-0.85,1.8));
#1260 = VECTOR('',#1261,1.);
#1261 = DIRECTION('',(0.,1.,0.));
#1262 = ORIENTED_EDGE('',*,*,#1263,.F.);
#1263 = EDGE_CURVE('',#1264,#1256,#1266,.T.);
#1264 = VERTEX_POINT('',#1265);
#1265 = CARTESIAN_POINT('',(-3.250000000005,-0.85,1.8));
#1266 = LINE('',#1267,#1268);
#1267 = CARTESIAN_POINT('',(-3.250000000005,-0.85,1.8));
#1268 = VECTOR('',#1269,1.);
#1269 = DIRECTION('',(1.,0.,0.));
#1270 = ORIENTED_EDGE('',*,*,#1271,.F.);
#1271 = EDGE_CURVE('',#592,#1264,#1272,.T.);
#1272 = LINE('',#1273,#1274);
#1273 = CARTESIAN_POINT('',(-3.250000000005,-0.35,1.8));
#1274 = VECTOR('',#1275,1.);
#1275 = DIRECTION('',(0.,-1.,0.));
#1276 = ORIENTED_EDGE('',*,*,#589,.F.);
#1277 = ORIENTED_EDGE('',*,*,#1278,.T.);
#1278 = EDGE_CURVE('',#590,#1279,#1281,.T.);
#1279 = VERTEX_POINT('',#1280);
#1280 = CARTESIAN_POINT('',(-4.44,-1.8,1.8));
#1281 = LINE('',#1282,#1283);
#1282 = CARTESIAN_POINT('',(-4.44,1.8,1.8));
#1283 = VECTOR('',#1284,1.);
#1284 = DIRECTION('',(0.,-1.,0.));
#1285 = ORIENTED_EDGE('',*,*,#1286,.T.);
#1286 = EDGE_CURVE('',#1279,#1287,#1289,.T.);
#1287 = VERTEX_POINT('',#1288);
#1288 = CARTESIAN_POINT('',(-4.4,-1.8,1.8));
#1289 = LINE('',#1290,#1291);
#1290 = CARTESIAN_POINT('',(-4.44,-1.8,1.8));
#1291 = VECTOR('',#1292,1.);
#1292 = DIRECTION('',(1.,0.,0.));
#1293 = ORIENTED_EDGE('',*,*,#1294,.F.);
#1294 = EDGE_CURVE('',#1295,#1287,#1297,.T.);
#1295 = VERTEX_POINT('',#1296);
#1296 = CARTESIAN_POINT('',(-4.4,-2.25,1.8));
#1297 = LINE('',#1298,#1299);
#1298 = CARTESIAN_POINT('',(-4.4,-2.35,1.8));
#1299 = VECTOR('',#1300,1.);
#1300 = DIRECTION('',(0.,1.,-2.22044604925E-16));
#1301 = ORIENTED_EDGE('',*,*,#1302,.F.);
#1302 = EDGE_CURVE('',#1303,#1295,#1305,.T.);
#1303 = VERTEX_POINT('',#1304);
#1304 = CARTESIAN_POINT('',(-3.4,-2.25,1.8));
#1305 = LINE('',#1306,#1307);
#1306 = CARTESIAN_POINT('',(-3.4,-2.25,1.8));
#1307 = VECTOR('',#1308,1.);
#1308 = DIRECTION('',(-1.,0.,0.));
#1309 = ORIENTED_EDGE('',*,*,#1310,.T.);
#1310 = EDGE_CURVE('',#1303,#1311,#1313,.T.);
#1311 = VERTEX_POINT('',#1312);
#1312 = CARTESIAN_POINT('',(-3.4,-1.8,1.8));
#1313 = LINE('',#1314,#1315);
#1314 = CARTESIAN_POINT('',(-3.4,-2.35,1.8));
#1315 = VECTOR('',#1316,1.);
#1316 = DIRECTION('',(0.,1.,-2.22044604925E-16));
#1317 = ORIENTED_EDGE('',*,*,#1318,.T.);
#1318 = EDGE_CURVE('',#1311,#1165,#1319,.T.);
#1319 = LINE('',#1320,#1321);
#1320 = CARTESIAN_POINT('',(-4.44,-1.8,1.8));
#1321 = VECTOR('',#1322,1.);
#1322 = DIRECTION('',(1.,0.,0.));
#1323 = PLANE('',#1324);
#1324 = AXIS2_PLACEMENT_3D('',#1325,#1326,#1327);
#1325 = CARTESIAN_POINT('',(-3.653094358566E-16,-1.280829756796,1.8));
#1326 = DIRECTION('',(0.,0.,1.));
#1327 = DIRECTION('',(1.,0.,0.));
#1328 = ADVANCED_FACE('',(#1329),#1340,.F.);
#1329 = FACE_BOUND('',#1330,.F.);
#1330 = EDGE_LOOP('',(#1331,#1332,#1333,#1334));
#1331 = ORIENTED_EDGE('',*,*,#511,.F.);
#1332 = ORIENTED_EDGE('',*,*,#261,.T.);
#1333 = ORIENTED_EDGE('',*,*,#1057,.T.);
#1334 = ORIENTED_EDGE('',*,*,#1335,.F.);
#1335 = EDGE_CURVE('',#512,#1050,#1336,.T.);
#1336 = LINE('',#1337,#1338);
#1337 = CARTESIAN_POINT('',(2.164910930839,-2.35,0.));
#1338 = VECTOR('',#1339,1.);
#1339 = DIRECTION('',(0.,1.,-2.22044604925E-16));
#1340 = PLANE('',#1341);
#1341 = AXIS2_PLACEMENT_3D('',#1342,#1343,#1344);
#1342 = CARTESIAN_POINT('',(2.18245546542,-2.35,9.95E-02));
#1343 = DIRECTION('',(-0.984807753012,4.337694007704E-19,0.173648177667)
  );
#1344 = DIRECTION('',(-3.754468433168E-17,1.,-2.154244640952E-16));
#1345 = ADVANCED_FACE('',(#1346),#1380,.T.);
#1346 = FACE_BOUND('',#1347,.T.);
#1347 = EDGE_LOOP('',(#1348,#1349,#1357,#1365,#1371,#1372,#1373,#1379));
#1348 = ORIENTED_EDGE('',*,*,#1181,.F.);
#1349 = ORIENTED_EDGE('',*,*,#1350,.F.);
#1350 = EDGE_CURVE('',#1351,#1174,#1353,.T.);
#1351 = VERTEX_POINT('',#1352);
#1352 = CARTESIAN_POINT('',(2.05,-1.8,5.999));
#1353 = LINE('',#1354,#1355);
#1354 = CARTESIAN_POINT('',(2.05,-1.8,6.));
#1355 = VECTOR('',#1356,1.);
#1356 = DIRECTION('',(-0.,-0.,-1.));
#1357 = ORIENTED_EDGE('',*,*,#1358,.T.);
#1358 = EDGE_CURVE('',#1351,#1359,#1361,.T.);
#1359 = VERTEX_POINT('',#1360);
#1360 = CARTESIAN_POINT('',(4.44,-1.8,5.999));
#1361 = LINE('',#1362,#1363);
#1362 = CARTESIAN_POINT('',(-4.44,-1.8,5.999));
#1363 = VECTOR('',#1364,1.);
#1364 = DIRECTION('',(1.,0.,0.));
#1365 = ORIENTED_EDGE('',*,*,#1366,.F.);
#1366 = EDGE_CURVE('',#1191,#1359,#1367,.T.);
#1367 = LINE('',#1368,#1369);
#1368 = CARTESIAN_POINT('',(4.44,-1.8,1.8));
#1369 = VECTOR('',#1370,1.);
#1370 = DIRECTION('',(0.,0.,1.));
#1371 = ORIENTED_EDGE('',*,*,#1190,.F.);
#1372 = ORIENTED_EDGE('',*,*,#1139,.F.);
#1373 = ORIENTED_EDGE('',*,*,#1374,.F.);
#1374 = EDGE_CURVE('',#301,#1132,#1375,.T.);
#1375 = LINE('',#1376,#1377);
#1376 = CARTESIAN_POINT('',(3.4,-1.8,4.3));
#1377 = VECTOR('',#1378,1.);
#1378 = DIRECTION('',(1.,0.,0.));
#1379 = ORIENTED_EDGE('',*,*,#300,.F.);
#1380 = PLANE('',#1381);
#1381 = AXIS2_PLACEMENT_3D('',#1382,#1383,#1384);
#1382 = CARTESIAN_POINT('',(-4.44,-1.8,1.8));
#1383 = DIRECTION('',(0.,1.,0.));
#1384 = DIRECTION('',(1.,0.,0.));
#1385 = ADVANCED_FACE('',(#1386),#1392,.T.);
#1386 = FACE_BOUND('',#1387,.T.);
#1387 = EDGE_LOOP('',(#1388,#1389,#1390,#1391));
#1388 = ORIENTED_EDGE('',*,*,#308,.T.);
#1389 = ORIENTED_EDGE('',*,*,#1374,.T.);
#1390 = ORIENTED_EDGE('',*,*,#1131,.F.);
#1391 = ORIENTED_EDGE('',*,*,#502,.F.);
#1392 = PLANE('',#1393);
#1393 = AXIS2_PLACEMENT_3D('',#1394,#1395,#1396);
#1394 = CARTESIAN_POINT('',(3.4,-2.35,4.3));
#1395 = DIRECTION('',(0.,-2.22044604925E-16,-1.));
#1396 = DIRECTION('',(1.,0.,0.));
#1397 = ADVANCED_FACE('',(#1398),#1423,.F.);
#1398 = FACE_BOUND('',#1399,.F.);
#1399 = EDGE_LOOP('',(#1400,#1408,#1409,#1415,#1416,#1417));
#1400 = ORIENTED_EDGE('',*,*,#1401,.F.);
#1401 = EDGE_CURVE('',#335,#1402,#1404,.T.);
#1402 = VERTEX_POINT('',#1403);
#1403 = CARTESIAN_POINT('',(-0.2,-0.15,0.2));
#1404 = LINE('',#1405,#1406);
#1405 = CARTESIAN_POINT('',(-0.2,-2.35,0.2));
#1406 = VECTOR('',#1407,1.);
#1407 = DIRECTION('',(0.,1.,-2.22044604925E-16));
#1408 = ORIENTED_EDGE('',*,*,#332,.F.);
#1409 = ORIENTED_EDGE('',*,*,#1410,.T.);
#1410 = EDGE_CURVE('',#333,#970,#1411,.T.);
#1411 = LINE('',#1412,#1413);
#1412 = CARTESIAN_POINT('',(-0.2,-2.35,0.199));
#1413 = VECTOR('',#1414,1.);
#1414 = DIRECTION('',(0.,1.,-2.22044604925E-16));
#1415 = ORIENTED_EDGE('',*,*,#969,.T.);
#1416 = ORIENTED_EDGE('',*,*,#961,.T.);
#1417 = ORIENTED_EDGE('',*,*,#1418,.T.);
#1418 = EDGE_CURVE('',#954,#1402,#1419,.T.);
#1419 = LINE('',#1420,#1421);
#1420 = CARTESIAN_POINT('',(-0.2,-0.613143525741,0.125897035881));
#1421 = VECTOR('',#1422,1.);
#1422 = DIRECTION('',(0.,-0.987440631917,-0.157990501107));
#1423 = PLANE('',#1424);
#1424 = AXIS2_PLACEMENT_3D('',#1425,#1426,#1427);
#1425 = CARTESIAN_POINT('',(-0.2,-2.35,0.));
#1426 = DIRECTION('',(1.,0.,0.));
#1427 = DIRECTION('',(0.,2.22044604925E-16,1.));
#1428 = ADVANCED_FACE('',(#1429),#1440,.T.);
#1429 = FACE_BOUND('',#1430,.T.);
#1430 = EDGE_LOOP('',(#1431,#1432,#1433,#1434));
#1431 = ORIENTED_EDGE('',*,*,#575,.F.);
#1432 = ORIENTED_EDGE('',*,*,#1410,.T.);
#1433 = ORIENTED_EDGE('',*,*,#977,.T.);
#1434 = ORIENTED_EDGE('',*,*,#1435,.F.);
#1435 = EDGE_CURVE('',#568,#978,#1436,.T.);
#1436 = LINE('',#1437,#1438);
#1437 = CARTESIAN_POINT('',(-0.164910930839,-2.35,0.));
#1438 = VECTOR('',#1439,1.);
#1439 = DIRECTION('',(0.,1.,-2.22044604925E-16));
#1440 = PLANE('',#1441);
#1441 = AXIS2_PLACEMENT_3D('',#1442,#1443,#1444);
#1442 = CARTESIAN_POINT('',(-0.18245546542,-2.35,9.95E-02));
#1443 = DIRECTION('',(-0.984807753012,0.,-0.173648177667));
#1444 = DIRECTION('',(3.797186380058E-17,1.,-2.153491408292E-16));
#1445 = ADVANCED_FACE('',(#1446,#1464),#1489,.F.);
#1446 = FACE_BOUND('',#1447,.F.);
#1447 = EDGE_LOOP('',(#1448,#1456,#1457,#1458));
#1448 = ORIENTED_EDGE('',*,*,#1449,.F.);
#1449 = EDGE_CURVE('',#343,#1450,#1452,.T.);
#1450 = VERTEX_POINT('',#1451);
#1451 = CARTESIAN_POINT('',(-1.8,-0.15,0.2));
#1452 = LINE('',#1453,#1454);
#1453 = CARTESIAN_POINT('',(-1.8,-2.35,0.2));
#1454 = VECTOR('',#1455,1.);
#1455 = DIRECTION('',(0.,1.,-2.22044604925E-16));
#1456 = ORIENTED_EDGE('',*,*,#342,.F.);
#1457 = ORIENTED_EDGE('',*,*,#1401,.T.);
#1458 = ORIENTED_EDGE('',*,*,#1459,.T.);
#1459 = EDGE_CURVE('',#1402,#1450,#1460,.T.);
#1460 = LINE('',#1461,#1462);
#1461 = CARTESIAN_POINT('',(-0.2,-0.15,0.2));
#1462 = VECTOR('',#1463,1.);
#1463 = DIRECTION('',(-1.,0.,0.));
#1464 = FACE_BOUND('',#1465,.F.);
#1465 = EDGE_LOOP('',(#1466,#1467,#1475,#1483));
#1466 = ORIENTED_EDGE('',*,*,#639,.F.);
#1467 = ORIENTED_EDGE('',*,*,#1468,.T.);
#1468 = EDGE_CURVE('',#640,#1469,#1471,.T.);
#1469 = VERTEX_POINT('',#1470);
#1470 = CARTESIAN_POINT('',(-0.749999999998,-0.85,0.2));
#1471 = LINE('',#1472,#1473);
#1472 = CARTESIAN_POINT('',(-0.749999999998,-1.6,0.2));
#1473 = VECTOR('',#1474,1.);
#1474 = DIRECTION('',(0.,-1.,2.22044604925E-16));
#1475 = ORIENTED_EDGE('',*,*,#1476,.T.);
#1476 = EDGE_CURVE('',#1469,#1477,#1479,.T.);
#1477 = VERTEX_POINT('',#1478);
#1478 = CARTESIAN_POINT('',(-1.250000000002,-0.85,0.2));
#1479 = LINE('',#1480,#1481);
#1480 = CARTESIAN_POINT('',(-0.725000000001,-0.85,0.2));
#1481 = VECTOR('',#1482,1.);
#1482 = DIRECTION('',(-1.,0.,0.));
#1483 = ORIENTED_EDGE('',*,*,#1484,.T.);
#1484 = EDGE_CURVE('',#1477,#632,#1485,.T.);
#1485 = LINE('',#1486,#1487);
#1486 = CARTESIAN_POINT('',(-1.250000000002,-1.35,0.2));
#1487 = VECTOR('',#1488,1.);
#1488 = DIRECTION('',(0.,1.,-2.22044604925E-16));
#1489 = PLANE('',#1490);
#1490 = AXIS2_PLACEMENT_3D('',#1491,#1492,#1493);
#1491 = CARTESIAN_POINT('',(-0.2,-2.35,0.2));
#1492 = DIRECTION('',(0.,2.22044604925E-16,1.));
#1493 = DIRECTION('',(-1.,0.,0.));
#1494 = ADVANCED_FACE('',(#1495),#1506,.F.);
#1495 = FACE_BOUND('',#1496,.F.);
#1496 = EDGE_LOOP('',(#1497,#1498,#1499,#1500));
#1497 = ORIENTED_EDGE('',*,*,#985,.T.);
#1498 = ORIENTED_EDGE('',*,*,#1435,.F.);
#1499 = ORIENTED_EDGE('',*,*,#567,.T.);
#1500 = ORIENTED_EDGE('',*,*,#1501,.T.);
#1501 = EDGE_CURVE('',#560,#986,#1502,.T.);
#1502 = LINE('',#1503,#1504);
#1503 = CARTESIAN_POINT('',(0.164910930839,-2.35,0.));
#1504 = VECTOR('',#1505,1.);
#1505 = DIRECTION('',(0.,1.,-2.22044604925E-16));
#1506 = PLANE('',#1507);
#1507 = AXIS2_PLACEMENT_3D('',#1508,#1509,#1510);
#1508 = CARTESIAN_POINT('',(2.981764606942E-16,2.914866042042E-17,0.));
#1509 = DIRECTION('',(0.,0.,1.));
#1510 = DIRECTION('',(1.,0.,0.));
#1511 = ADVANCED_FACE('',(#1512),#1530,.F.);
#1512 = FACE_BOUND('',#1513,.F.);
#1513 = EDGE_LOOP('',(#1514,#1515,#1521,#1522,#1523,#1529));
#1514 = ORIENTED_EDGE('',*,*,#1449,.T.);
#1515 = ORIENTED_EDGE('',*,*,#1516,.F.);
#1516 = EDGE_CURVE('',#946,#1450,#1517,.T.);
#1517 = LINE('',#1518,#1519);
#1518 = CARTESIAN_POINT('',(-1.8,-0.597542901716,0.128393135725));
#1519 = VECTOR('',#1520,1.);
#1520 = DIRECTION('',(-0.,-0.987440631917,-0.157990501107));
#1521 = ORIENTED_EDGE('',*,*,#945,.F.);
#1522 = ORIENTED_EDGE('',*,*,#937,.T.);
#1523 = ORIENTED_EDGE('',*,*,#1524,.F.);
#1524 = EDGE_CURVE('',#351,#930,#1525,.T.);
#1525 = LINE('',#1526,#1527);
#1526 = CARTESIAN_POINT('',(-1.8,-2.35,0.199));
#1527 = VECTOR('',#1528,1.);
#1528 = DIRECTION('',(0.,1.,-2.22044604925E-16));
#1529 = ORIENTED_EDGE('',*,*,#350,.F.);
#1530 = PLANE('',#1531);
#1531 = AXIS2_PLACEMENT_3D('',#1532,#1533,#1534);
#1532 = CARTESIAN_POINT('',(-1.8,-2.35,0.2));
#1533 = DIRECTION('',(-1.,0.,0.));
#1534 = DIRECTION('',(0.,-2.22044604925E-16,-1.));
#1535 = ADVANCED_FACE('',(#1536),#1547,.F.);
#1536 = FACE_BOUND('',#1537,.F.);
#1537 = EDGE_LOOP('',(#1538,#1539,#1545,#1546));
#1538 = ORIENTED_EDGE('',*,*,#559,.F.);
#1539 = ORIENTED_EDGE('',*,*,#1540,.T.);
#1540 = EDGE_CURVE('',#552,#994,#1541,.T.);
#1541 = LINE('',#1542,#1543);
#1542 = CARTESIAN_POINT('',(0.2,-2.35,0.199));
#1543 = VECTOR('',#1544,1.);
#1544 = DIRECTION('',(0.,1.,-2.22044604925E-16));
#1545 = ORIENTED_EDGE('',*,*,#993,.T.);
#1546 = ORIENTED_EDGE('',*,*,#1501,.F.);
#1547 = PLANE('',#1548);
#1548 = AXIS2_PLACEMENT_3D('',#1549,#1550,#1551);
#1549 = CARTESIAN_POINT('',(0.18245546542,-2.35,9.95E-02));
#1550 = DIRECTION('',(-0.984807753012,0.,0.173648177667));
#1551 = DIRECTION('',(-3.797186380058E-17,1.,-2.153491408292E-16));
#1552 = ADVANCED_FACE('',(#1553),#1564,.T.);
#1553 = FACE_BOUND('',#1554,.F.);
#1554 = EDGE_LOOP('',(#1555,#1556,#1557,#1558));
#1555 = ORIENTED_EDGE('',*,*,#358,.F.);
#1556 = ORIENTED_EDGE('',*,*,#1524,.T.);
#1557 = ORIENTED_EDGE('',*,*,#929,.T.);
#1558 = ORIENTED_EDGE('',*,*,#1559,.F.);
#1559 = EDGE_CURVE('',#359,#922,#1560,.T.);
#1560 = LINE('',#1561,#1562);
#1561 = CARTESIAN_POINT('',(-1.835089069161,-2.35,0.));
#1562 = VECTOR('',#1563,1.);
#1563 = DIRECTION('',(0.,1.,-2.22044604925E-16));
#1564 = PLANE('',#1565);
#1565 = AXIS2_PLACEMENT_3D('',#1566,#1567,#1568);
#1566 = CARTESIAN_POINT('',(-1.81754453458,-2.35,9.95E-02));
#1567 = DIRECTION('',(0.984807753012,-4.337694007704E-19,-0.173648177667
    ));
#1568 = DIRECTION('',(3.754468433168E-17,-1.,2.154244640952E-16));
#1569 = ADVANCED_FACE('',(#1570),#1590,.T.);
#1570 = FACE_BOUND('',#1571,.T.);
#1571 = EDGE_LOOP('',(#1572,#1580,#1581,#1582,#1583,#1584));
#1572 = ORIENTED_EDGE('',*,*,#1573,.F.);
#1573 = EDGE_CURVE('',#544,#1574,#1576,.T.);
#1574 = VERTEX_POINT('',#1575);
#1575 = CARTESIAN_POINT('',(0.2,-0.15,0.2));
#1576 = LINE('',#1577,#1578);
#1577 = CARTESIAN_POINT('',(0.2,-2.35,0.2));
#1578 = VECTOR('',#1579,1.);
#1579 = DIRECTION('',(0.,1.,-2.22044604925E-16));
#1580 = ORIENTED_EDGE('',*,*,#551,.F.);
#1581 = ORIENTED_EDGE('',*,*,#1540,.T.);
#1582 = ORIENTED_EDGE('',*,*,#1001,.T.);
#1583 = ORIENTED_EDGE('',*,*,#1009,.T.);
#1584 = ORIENTED_EDGE('',*,*,#1585,.T.);
#1585 = EDGE_CURVE('',#1010,#1574,#1586,.T.);
#1586 = LINE('',#1587,#1588);
#1587 = CARTESIAN_POINT('',(0.2,-0.613143525741,0.125897035881));
#1588 = VECTOR('',#1589,1.);
#1589 = DIRECTION('',(0.,-0.987440631917,-0.157990501107));
#1590 = PLANE('',#1591);
#1591 = AXIS2_PLACEMENT_3D('',#1592,#1593,#1594);
#1592 = CARTESIAN_POINT('',(0.2,-2.35,0.));
#1593 = DIRECTION('',(1.,0.,0.));
#1594 = DIRECTION('',(0.,2.22044604925E-16,1.));
#1595 = ADVANCED_FACE('',(#1596),#1607,.F.);
#1596 = FACE_BOUND('',#1597,.F.);
#1597 = EDGE_LOOP('',(#1598,#1599,#1605,#1606));
#1598 = ORIENTED_EDGE('',*,*,#921,.T.);
#1599 = ORIENTED_EDGE('',*,*,#1600,.F.);
#1600 = EDGE_CURVE('',#367,#914,#1601,.T.);
#1601 = LINE('',#1602,#1603);
#1602 = CARTESIAN_POINT('',(-2.164910930839,-2.35,0.));
#1603 = VECTOR('',#1604,1.);
#1604 = DIRECTION('',(0.,1.,-2.22044604925E-16));
#1605 = ORIENTED_EDGE('',*,*,#366,.T.);
#1606 = ORIENTED_EDGE('',*,*,#1559,.T.);
#1607 = PLANE('',#1608);
#1608 = AXIS2_PLACEMENT_3D('',#1609,#1610,#1611);
#1609 = CARTESIAN_POINT('',(2.981764606942E-16,2.914866042042E-17,0.));
#1610 = DIRECTION('',(0.,0.,1.));
#1611 = DIRECTION('',(1.,0.,0.));
#1612 = ADVANCED_FACE('',(#1613,#1631),#1656,.T.);
#1613 = FACE_BOUND('',#1614,.T.);
#1614 = EDGE_LOOP('',(#1615,#1623,#1624,#1625));
#1615 = ORIENTED_EDGE('',*,*,#1616,.F.);
#1616 = EDGE_CURVE('',#536,#1617,#1619,.T.);
#1617 = VERTEX_POINT('',#1618);
#1618 = CARTESIAN_POINT('',(1.8,-0.15,0.2));
#1619 = LINE('',#1620,#1621);
#1620 = CARTESIAN_POINT('',(1.8,-2.35,0.2));
#1621 = VECTOR('',#1622,1.);
#1622 = DIRECTION('',(0.,1.,-2.22044604925E-16));
#1623 = ORIENTED_EDGE('',*,*,#543,.F.);
#1624 = ORIENTED_EDGE('',*,*,#1573,.T.);
#1625 = ORIENTED_EDGE('',*,*,#1626,.T.);
#1626 = EDGE_CURVE('',#1574,#1617,#1627,.T.);
#1627 = LINE('',#1628,#1629);
#1628 = CARTESIAN_POINT('',(0.2,-0.15,0.2));
#1629 = VECTOR('',#1630,1.);
#1630 = DIRECTION('',(1.,0.,0.));
#1631 = FACE_BOUND('',#1632,.T.);
#1632 = EDGE_LOOP('',(#1633,#1634,#1642,#1650));
#1633 = ORIENTED_EDGE('',*,*,#671,.F.);
#1634 = ORIENTED_EDGE('',*,*,#1635,.F.);
#1635 = EDGE_CURVE('',#1636,#664,#1638,.T.);
#1636 = VERTEX_POINT('',#1637);
#1637 = CARTESIAN_POINT('',(0.75,-0.85,0.2));
#1638 = LINE('',#1639,#1640);
#1639 = CARTESIAN_POINT('',(0.75,-1.6,0.2));
#1640 = VECTOR('',#1641,1.);
#1641 = DIRECTION('',(0.,1.,-2.22044604925E-16));
#1642 = ORIENTED_EDGE('',*,*,#1643,.F.);
#1643 = EDGE_CURVE('',#1644,#1636,#1646,.T.);
#1644 = VERTEX_POINT('',#1645);
#1645 = CARTESIAN_POINT('',(1.25,-0.85,0.2));
#1646 = LINE('',#1647,#1648);
#1647 = CARTESIAN_POINT('',(0.725,-0.85,0.2));
#1648 = VECTOR('',#1649,1.);
#1649 = DIRECTION('',(-1.,0.,0.));
#1650 = ORIENTED_EDGE('',*,*,#1651,.F.);
#1651 = EDGE_CURVE('',#672,#1644,#1652,.T.);
#1652 = LINE('',#1653,#1654);
#1653 = CARTESIAN_POINT('',(1.25,-1.35,0.2));
#1654 = VECTOR('',#1655,1.);
#1655 = DIRECTION('',(0.,-1.,2.22044604925E-16));
#1656 = PLANE('',#1657);
#1657 = AXIS2_PLACEMENT_3D('',#1658,#1659,#1660);
#1658 = CARTESIAN_POINT('',(0.2,-2.35,0.2));
#1659 = DIRECTION('',(0.,-2.22044604925E-16,-1.));
#1660 = DIRECTION('',(1.,0.,0.));
#1661 = ADVANCED_FACE('',(#1662),#1673,.T.);
#1662 = FACE_BOUND('',#1663,.T.);
#1663 = EDGE_LOOP('',(#1664,#1665,#1671,#1672));
#1664 = ORIENTED_EDGE('',*,*,#374,.F.);
#1665 = ORIENTED_EDGE('',*,*,#1666,.T.);
#1666 = EDGE_CURVE('',#375,#906,#1667,.T.);
#1667 = LINE('',#1668,#1669);
#1668 = CARTESIAN_POINT('',(-2.2,-2.35,0.199));
#1669 = VECTOR('',#1670,1.);
#1670 = DIRECTION('',(0.,1.,-2.22044604925E-16));
#1671 = ORIENTED_EDGE('',*,*,#913,.T.);
#1672 = ORIENTED_EDGE('',*,*,#1600,.F.);
#1673 = PLANE('',#1674);
#1674 = AXIS2_PLACEMENT_3D('',#1675,#1676,#1677);
#1675 = CARTESIAN_POINT('',(-2.18245546542,-2.35,9.95E-02));
#1676 = DIRECTION('',(-0.984807753012,-4.337694007704E-19,
    -0.173648177667));
#1677 = DIRECTION('',(3.754468433168E-17,1.,-2.154244640952E-16));
#1678 = ADVANCED_FACE('',(#1679),#1697,.T.);
#1679 = FACE_BOUND('',#1680,.T.);
#1680 = EDGE_LOOP('',(#1681,#1682,#1688,#1689,#1690,#1696));
#1681 = ORIENTED_EDGE('',*,*,#1616,.T.);
#1682 = ORIENTED_EDGE('',*,*,#1683,.F.);
#1683 = EDGE_CURVE('',#1018,#1617,#1684,.T.);
#1684 = LINE('',#1685,#1686);
#1685 = CARTESIAN_POINT('',(1.8,-0.597542901716,0.128393135725));
#1686 = VECTOR('',#1687,1.);
#1687 = DIRECTION('',(-0.,-0.987440631917,-0.157990501107));
#1688 = ORIENTED_EDGE('',*,*,#1025,.F.);
#1689 = ORIENTED_EDGE('',*,*,#1033,.T.);
#1690 = ORIENTED_EDGE('',*,*,#1691,.F.);
#1691 = EDGE_CURVE('',#528,#1034,#1692,.T.);
#1692 = LINE('',#1693,#1694);
#1693 = CARTESIAN_POINT('',(1.8,-2.35,0.199));
#1694 = VECTOR('',#1695,1.);
#1695 = DIRECTION('',(0.,1.,-2.22044604925E-16));
#1696 = ORIENTED_EDGE('',*,*,#535,.F.);
#1697 = PLANE('',#1698);
#1698 = AXIS2_PLACEMENT_3D('',#1699,#1700,#1701);
#1699 = CARTESIAN_POINT('',(1.8,-2.35,0.2));
#1700 = DIRECTION('',(-1.,0.,0.));
#1701 = DIRECTION('',(0.,-2.22044604925E-16,-1.));
#1702 = ADVANCED_FACE('',(#1703),#1723,.F.);
#1703 = FACE_BOUND('',#1704,.F.);
#1704 = EDGE_LOOP('',(#1705,#1713,#1714,#1715,#1716,#1717));
#1705 = ORIENTED_EDGE('',*,*,#1706,.F.);
#1706 = EDGE_CURVE('',#383,#1707,#1709,.T.);
#1707 = VERTEX_POINT('',#1708);
#1708 = CARTESIAN_POINT('',(-2.2,-0.15,0.2));
#1709 = LINE('',#1710,#1711);
#1710 = CARTESIAN_POINT('',(-2.2,-2.35,0.2));
#1711 = VECTOR('',#1712,1.);
#1712 = DIRECTION('',(0.,1.,-2.22044604925E-16));
#1713 = ORIENTED_EDGE('',*,*,#382,.F.);
#1714 = ORIENTED_EDGE('',*,*,#1666,.T.);
#1715 = ORIENTED_EDGE('',*,*,#905,.T.);
#1716 = ORIENTED_EDGE('',*,*,#897,.T.);
#1717 = ORIENTED_EDGE('',*,*,#1718,.T.);
#1718 = EDGE_CURVE('',#890,#1707,#1719,.T.);
#1719 = LINE('',#1720,#1721);
#1720 = CARTESIAN_POINT('',(-2.2,-0.613143525741,0.125897035881));
#1721 = VECTOR('',#1722,1.);
#1722 = DIRECTION('',(0.,-0.987440631917,-0.157990501107));
#1723 = PLANE('',#1724);
#1724 = AXIS2_PLACEMENT_3D('',#1725,#1726,#1727);
#1725 = CARTESIAN_POINT('',(-2.2,-2.35,0.));
#1726 = DIRECTION('',(1.,0.,0.));
#1727 = DIRECTION('',(0.,2.22044604925E-16,1.));
#1728 = ADVANCED_FACE('',(#1729),#1740,.F.);
#1729 = FACE_BOUND('',#1730,.T.);
#1730 = EDGE_LOOP('',(#1731,#1732,#1733,#1734));
#1731 = ORIENTED_EDGE('',*,*,#527,.F.);
#1732 = ORIENTED_EDGE('',*,*,#1691,.T.);
#1733 = ORIENTED_EDGE('',*,*,#1041,.T.);
#1734 = ORIENTED_EDGE('',*,*,#1735,.F.);
#1735 = EDGE_CURVE('',#520,#1042,#1736,.T.);
#1736 = LINE('',#1737,#1738);
#1737 = CARTESIAN_POINT('',(1.835089069161,-2.35,0.));
#1738 = VECTOR('',#1739,1.);
#1739 = DIRECTION('',(0.,1.,-2.22044604925E-16));
#1740 = PLANE('',#1741);
#1741 = AXIS2_PLACEMENT_3D('',#1742,#1743,#1744);
#1742 = CARTESIAN_POINT('',(1.81754453458,-2.35,9.95E-02));
#1743 = DIRECTION('',(0.984807753012,4.337694007704E-19,0.173648177667)
  );
#1744 = DIRECTION('',(-3.754468433168E-17,-1.,2.154244640952E-16));
#1745 = ADVANCED_FACE('',(#1746,#1780),#1805,.F.);
#1746 = FACE_BOUND('',#1747,.F.);
#1747 = EDGE_LOOP('',(#1748,#1758,#1766,#1772,#1773,#1774));
#1748 = ORIENTED_EDGE('',*,*,#1749,.F.);
#1749 = EDGE_CURVE('',#1750,#1752,#1754,.T.);
#1750 = VERTEX_POINT('',#1751);
#1751 = CARTESIAN_POINT('',(-3.8,-2.25,0.2));
#1752 = VERTEX_POINT('',#1753);
#1753 = CARTESIAN_POINT('',(-3.8,-0.15,0.2));
#1754 = LINE('',#1755,#1756);
#1755 = CARTESIAN_POINT('',(-3.8,-2.35,0.2));
#1756 = VECTOR('',#1757,1.);
#1757 = DIRECTION('',(0.,1.,-2.22044604925E-16));
#1758 = ORIENTED_EDGE('',*,*,#1759,.F.);
#1759 = EDGE_CURVE('',#1760,#1750,#1762,.T.);
#1760 = VERTEX_POINT('',#1761);
#1761 = CARTESIAN_POINT('',(-3.4,-2.25,0.2));
#1762 = LINE('',#1763,#1764);
#1763 = CARTESIAN_POINT('',(-1.1,-2.25,0.2));
#1764 = VECTOR('',#1765,1.);
#1765 = DIRECTION('',(-1.,0.,0.));
#1766 = ORIENTED_EDGE('',*,*,#1767,.F.);
#1767 = EDGE_CURVE('',#391,#1760,#1768,.T.);
#1768 = LINE('',#1769,#1770);
#1769 = CARTESIAN_POINT('',(-3.4,-2.35,0.2));
#1770 = VECTOR('',#1771,1.);
#1771 = DIRECTION('',(0.,1.,-2.22044604925E-16));
#1772 = ORIENTED_EDGE('',*,*,#390,.F.);
#1773 = ORIENTED_EDGE('',*,*,#1706,.T.);
#1774 = ORIENTED_EDGE('',*,*,#1775,.T.);
#1775 = EDGE_CURVE('',#1707,#1752,#1776,.T.);
#1776 = LINE('',#1777,#1778);
#1777 = CARTESIAN_POINT('',(-2.2,-0.15,0.2));
#1778 = VECTOR('',#1779,1.);
#1779 = DIRECTION('',(-1.,0.,0.));
#1780 = FACE_BOUND('',#1781,.F.);
#1781 = EDGE_LOOP('',(#1782,#1783,#1791,#1799));
#1782 = ORIENTED_EDGE('',*,*,#607,.F.);
#1783 = ORIENTED_EDGE('',*,*,#1784,.T.);
#1784 = EDGE_CURVE('',#608,#1785,#1787,.T.);
#1785 = VERTEX_POINT('',#1786);
#1786 = CARTESIAN_POINT('',(-2.749999999995,-0.85,0.2));
#1787 = LINE('',#1788,#1789);
#1788 = CARTESIAN_POINT('',(-2.749999999995,-1.6,0.2));
#1789 = VECTOR('',#1790,1.);
#1790 = DIRECTION('',(0.,-1.,2.22044604925E-16));
#1791 = ORIENTED_EDGE('',*,*,#1792,.T.);
#1792 = EDGE_CURVE('',#1785,#1793,#1795,.T.);
#1793 = VERTEX_POINT('',#1794);
#1794 = CARTESIAN_POINT('',(-3.250000000005,-0.85,0.2));
#1795 = LINE('',#1796,#1797);
#1796 = CARTESIAN_POINT('',(-2.725000000002,-0.85,0.2));
#1797 = VECTOR('',#1798,1.);
#1798 = DIRECTION('',(-1.,0.,0.));
#1799 = ORIENTED_EDGE('',*,*,#1800,.T.);
#1800 = EDGE_CURVE('',#1793,#600,#1801,.T.);
#1801 = LINE('',#1802,#1803);
#1802 = CARTESIAN_POINT('',(-3.250000000005,-1.35,0.2));
#1803 = VECTOR('',#1804,1.);
#1804 = DIRECTION('',(0.,1.,-2.22044604925E-16));
#1805 = PLANE('',#1806);
#1806 = AXIS2_PLACEMENT_3D('',#1807,#1808,#1809);
#1807 = CARTESIAN_POINT('',(-2.2,-2.35,0.2));
#1808 = DIRECTION('',(0.,2.22044604925E-16,1.));
#1809 = DIRECTION('',(-1.,0.,0.));
#1810 = ADVANCED_FACE('',(#1811),#1817,.F.);
#1811 = FACE_BOUND('',#1812,.F.);
#1812 = EDGE_LOOP('',(#1813,#1814,#1815,#1816));
#1813 = ORIENTED_EDGE('',*,*,#1049,.T.);
#1814 = ORIENTED_EDGE('',*,*,#1735,.F.);
#1815 = ORIENTED_EDGE('',*,*,#519,.T.);
#1816 = ORIENTED_EDGE('',*,*,#1335,.T.);
#1817 = PLANE('',#1818);
#1818 = AXIS2_PLACEMENT_3D('',#1819,#1820,#1821);
#1819 = CARTESIAN_POINT('',(2.981764606942E-16,2.914866042042E-17,0.));
#1820 = DIRECTION('',(0.,0.,1.));
#1821 = DIRECTION('',(1.,0.,0.));
#1822 = ADVANCED_FACE('',(#1823),#1848,.T.);
#1823 = FACE_BOUND('',#1824,.T.);
#1824 = EDGE_LOOP('',(#1825,#1833,#1839,#1840,#1846,#1847));
#1825 = ORIENTED_EDGE('',*,*,#1826,.T.);
#1826 = EDGE_CURVE('',#399,#1827,#1829,.T.);
#1827 = VERTEX_POINT('',#1828);
#1828 = CARTESIAN_POINT('',(-3.4,-1.8,4.3));
#1829 = LINE('',#1830,#1831);
#1830 = CARTESIAN_POINT('',(-3.4,-2.35,4.3));
#1831 = VECTOR('',#1832,1.);
#1832 = DIRECTION('',(0.,1.,-2.22044604925E-16));
#1833 = ORIENTED_EDGE('',*,*,#1834,.T.);
#1834 = EDGE_CURVE('',#1827,#1311,#1835,.T.);
#1835 = LINE('',#1836,#1837);
#1836 = CARTESIAN_POINT('',(-3.4,-1.8,4.3));
#1837 = VECTOR('',#1838,1.);
#1838 = DIRECTION('',(0.,-2.22044604925E-16,-1.));
#1839 = ORIENTED_EDGE('',*,*,#1310,.F.);
#1840 = ORIENTED_EDGE('',*,*,#1841,.F.);
#1841 = EDGE_CURVE('',#1760,#1303,#1842,.T.);
#1842 = LINE('',#1843,#1844);
#1843 = CARTESIAN_POINT('',(-3.4,-2.25,-2.22044604925E-17));
#1844 = VECTOR('',#1845,1.);
#1845 = DIRECTION('',(0.,2.22044604925E-16,1.));
#1846 = ORIENTED_EDGE('',*,*,#1767,.F.);
#1847 = ORIENTED_EDGE('',*,*,#398,.F.);
#1848 = PLANE('',#1849);
#1849 = AXIS2_PLACEMENT_3D('',#1850,#1851,#1852);
#1850 = CARTESIAN_POINT('',(-3.4,-2.152419354839,2.327419354839));
#1851 = DIRECTION('',(-1.,-0.,-0.));
#1852 = DIRECTION('',(0.,0.,-1.));
#1853 = ADVANCED_FACE('',(#1854),#1872,.T.);
#1854 = FACE_BOUND('',#1855,.T.);
#1855 = EDGE_LOOP('',(#1856,#1864,#1870,#1871));
#1856 = ORIENTED_EDGE('',*,*,#1857,.T.);
#1857 = EDGE_CURVE('',#407,#1858,#1860,.T.);
#1858 = VERTEX_POINT('',#1859);
#1859 = CARTESIAN_POINT('',(-4.4,-1.8,4.3));
#1860 = LINE('',#1861,#1862);
#1861 = CARTESIAN_POINT('',(-4.4,-2.35,4.3));
#1862 = VECTOR('',#1863,1.);
#1863 = DIRECTION('',(0.,1.,-2.22044604925E-16));
#1864 = ORIENTED_EDGE('',*,*,#1865,.T.);
#1865 = EDGE_CURVE('',#1858,#1827,#1866,.T.);
#1866 = LINE('',#1867,#1868);
#1867 = CARTESIAN_POINT('',(-4.4,-1.8,4.3));
#1868 = VECTOR('',#1869,1.);
#1869 = DIRECTION('',(1.,0.,0.));
#1870 = ORIENTED_EDGE('',*,*,#1826,.F.);
#1871 = ORIENTED_EDGE('',*,*,#406,.F.);
#1872 = PLANE('',#1873);
#1873 = AXIS2_PLACEMENT_3D('',#1874,#1875,#1876);
#1874 = CARTESIAN_POINT('',(-4.4,-2.35,4.3));
#1875 = DIRECTION('',(0.,-2.22044604925E-16,-1.));
#1876 = DIRECTION('',(1.,0.,0.));
#1877 = ADVANCED_FACE('',(#1878),#1903,.T.);
#1878 = FACE_BOUND('',#1879,.T.);
#1879 = EDGE_LOOP('',(#1880,#1881,#1887,#1888,#1889,#1897));
#1880 = ORIENTED_EDGE('',*,*,#1294,.T.);
#1881 = ORIENTED_EDGE('',*,*,#1882,.T.);
#1882 = EDGE_CURVE('',#1287,#1858,#1883,.T.);
#1883 = LINE('',#1884,#1885);
#1884 = CARTESIAN_POINT('',(-4.4,-1.8,1.8));
#1885 = VECTOR('',#1886,1.);
#1886 = DIRECTION('',(0.,2.22044604925E-16,1.));
#1887 = ORIENTED_EDGE('',*,*,#1857,.F.);
#1888 = ORIENTED_EDGE('',*,*,#414,.T.);
#1889 = ORIENTED_EDGE('',*,*,#1890,.T.);
#1890 = EDGE_CURVE('',#415,#1891,#1893,.T.);
#1891 = VERTEX_POINT('',#1892);
#1892 = CARTESIAN_POINT('',(-4.4,-2.25,-2.22044604925E-17));
#1893 = LINE('',#1894,#1895);
#1894 = CARTESIAN_POINT('',(-4.4,-2.35,0.));
#1895 = VECTOR('',#1896,1.);
#1896 = DIRECTION('',(0.,1.,-2.22044604925E-16));
#1897 = ORIENTED_EDGE('',*,*,#1898,.F.);
#1898 = EDGE_CURVE('',#1295,#1891,#1899,.T.);
#1899 = LINE('',#1900,#1901);
#1900 = CARTESIAN_POINT('',(-4.4,-2.25,1.8));
#1901 = VECTOR('',#1902,1.);
#1902 = DIRECTION('',(0.,-2.22044604925E-16,-1.));
#1903 = PLANE('',#1904);
#1904 = AXIS2_PLACEMENT_3D('',#1905,#1906,#1907);
#1905 = CARTESIAN_POINT('',(-4.4,-2.158505154639,2.233505154639));
#1906 = DIRECTION('',(1.,-4.842298086657E-16,0.));
#1907 = DIRECTION('',(4.842298086657E-16,1.,0.));
#1908 = ADVANCED_FACE('',(#1909),#1952,.F.);
#1909 = FACE_BOUND('',#1910,.F.);
#1910 = EDGE_LOOP('',(#1911,#1912,#1921,#1929,#1936,#1937,#1938,#1946));
#1911 = ORIENTED_EDGE('',*,*,#857,.T.);
#1912 = ORIENTED_EDGE('',*,*,#1913,.T.);
#1913 = EDGE_CURVE('',#850,#1914,#1916,.T.);
#1914 = VERTEX_POINT('',#1915);
#1915 = CARTESIAN_POINT('',(-5.,2.15,0.));
#1916 = CIRCLE('',#1917,0.2);
#1917 = AXIS2_PLACEMENT_3D('',#1918,#1919,#1920);
#1918 = CARTESIAN_POINT('',(-4.8,2.15,0.));
#1919 = DIRECTION('',(0.,0.,1.));
#1920 = DIRECTION('',(1.,0.,0.));
#1921 = ORIENTED_EDGE('',*,*,#1922,.T.);
#1922 = EDGE_CURVE('',#1914,#1923,#1925,.T.);
#1923 = VERTEX_POINT('',#1924);
#1924 = CARTESIAN_POINT('',(-5.,-2.15,0.));
#1925 = LINE('',#1926,#1927);
#1926 = CARTESIAN_POINT('',(-5.,2.15,0.));
#1927 = VECTOR('',#1928,1.);
#1928 = DIRECTION('',(0.,-1.,0.));
#1929 = ORIENTED_EDGE('',*,*,#1930,.T.);
#1930 = EDGE_CURVE('',#1923,#423,#1931,.T.);
#1931 = CIRCLE('',#1932,0.2);
#1932 = AXIS2_PLACEMENT_3D('',#1933,#1934,#1935);
#1933 = CARTESIAN_POINT('',(-4.8,-2.15,0.));
#1934 = DIRECTION('',(0.,0.,1.));
#1935 = DIRECTION('',(1.,0.,0.));
#1936 = ORIENTED_EDGE('',*,*,#422,.T.);
#1937 = ORIENTED_EDGE('',*,*,#1890,.T.);
#1938 = ORIENTED_EDGE('',*,*,#1939,.T.);
#1939 = EDGE_CURVE('',#1891,#1940,#1942,.T.);
#1940 = VERTEX_POINT('',#1941);
#1941 = CARTESIAN_POINT('',(-3.835089069161,-2.25,-4.163336342344E-17));
#1942 = LINE('',#1943,#1944);
#1943 = CARTESIAN_POINT('',(-4.4,-2.25,-2.22044604925E-17));
#1944 = VECTOR('',#1945,1.);
#1945 = DIRECTION('',(1.,0.,0.));
#1946 = ORIENTED_EDGE('',*,*,#1947,.T.);
#1947 = EDGE_CURVE('',#1940,#858,#1948,.T.);
#1948 = LINE('',#1949,#1950);
#1949 = CARTESIAN_POINT('',(-3.835089069161,-2.25,0.));
#1950 = VECTOR('',#1951,1.);
#1951 = DIRECTION('',(0.,1.,-2.22044604925E-16));
#1952 = PLANE('',#1953);
#1953 = AXIS2_PLACEMENT_3D('',#1954,#1955,#1956);
#1954 = CARTESIAN_POINT('',(2.981764606942E-16,2.914866042042E-17,0.));
#1955 = DIRECTION('',(0.,0.,1.));
#1956 = DIRECTION('',(1.,0.,0.));
#1957 = ADVANCED_FACE('',(#1958),#1977,.T.);
#1958 = FACE_BOUND('',#1959,.F.);
#1959 = EDGE_LOOP('',(#1960,#1968,#1975,#1976));
#1960 = ORIENTED_EDGE('',*,*,#1961,.T.);
#1961 = EDGE_CURVE('',#1923,#1962,#1964,.T.);
#1962 = VERTEX_POINT('',#1963);
#1963 = CARTESIAN_POINT('',(-5.,-2.15,6.));
#1964 = LINE('',#1965,#1966);
#1965 = CARTESIAN_POINT('',(-5.,-2.15,0.));
#1966 = VECTOR('',#1967,1.);
#1967 = DIRECTION('',(0.,0.,1.));
#1968 = ORIENTED_EDGE('',*,*,#1969,.T.);
#1969 = EDGE_CURVE('',#1962,#431,#1970,.T.);
#1970 = CIRCLE('',#1971,0.2);
#1971 = AXIS2_PLACEMENT_3D('',#1972,#1973,#1974);
#1972 = CARTESIAN_POINT('',(-4.8,-2.15,6.));
#1973 = DIRECTION('',(0.,0.,1.));
#1974 = DIRECTION('',(1.,0.,0.));
#1975 = ORIENTED_EDGE('',*,*,#430,.F.);
#1976 = ORIENTED_EDGE('',*,*,#1930,.F.);
#1977 = CYLINDRICAL_SURFACE('',#1978,0.2);
#1978 = AXIS2_PLACEMENT_3D('',#1979,#1980,#1981);
#1979 = CARTESIAN_POINT('',(-4.8,-2.15,0.));
#1980 = DIRECTION('',(-0.,-0.,-1.));
#1981 = DIRECTION('',(1.,0.,0.));
#1982 = ADVANCED_FACE('',(#1983),#2025,.T.);
#1983 = FACE_BOUND('',#1984,.T.);
#1984 = EDGE_LOOP('',(#1985,#1995,#2001,#2002,#2003,#2011,#2019));
#1985 = ORIENTED_EDGE('',*,*,#1986,.F.);
#1986 = EDGE_CURVE('',#1987,#1989,#1991,.T.);
#1987 = VERTEX_POINT('',#1988);
#1988 = CARTESIAN_POINT('',(-5.,-1.15,6.));
#1989 = VERTEX_POINT('',#1990);
#1990 = CARTESIAN_POINT('',(-4.72,-1.15,6.));
#1991 = LINE('',#1992,#1993);
#1992 = CARTESIAN_POINT('',(-5.,-1.15,6.));
#1993 = VECTOR('',#1994,1.);
#1994 = DIRECTION('',(1.,0.,0.));
#1995 = ORIENTED_EDGE('',*,*,#1996,.T.);
#1996 = EDGE_CURVE('',#1987,#1962,#1997,.T.);
#1997 = LINE('',#1998,#1999);
#1998 = CARTESIAN_POINT('',(-5.,2.15,6.));
#1999 = VECTOR('',#2000,1.);
#2000 = DIRECTION('',(0.,-1.,0.));
#2001 = ORIENTED_EDGE('',*,*,#1969,.T.);
#2002 = ORIENTED_EDGE('',*,*,#438,.T.);
#2003 = ORIENTED_EDGE('',*,*,#2004,.F.);
#2004 = EDGE_CURVE('',#2005,#439,#2007,.T.);
#2005 = VERTEX_POINT('',#2006);
#2006 = CARTESIAN_POINT('',(-2.05,-2.075,6.));
#2007 = LINE('',#2008,#2009);
#2008 = CARTESIAN_POINT('',(-2.05,-1.8,6.));
#2009 = VECTOR('',#2010,1.);
#2010 = DIRECTION('',(0.,-1.,0.));
#2011 = ORIENTED_EDGE('',*,*,#2012,.F.);
#2012 = EDGE_CURVE('',#2013,#2005,#2015,.T.);
#2013 = VERTEX_POINT('',#2014);
#2014 = CARTESIAN_POINT('',(-4.72,-2.075,6.));
#2015 = LINE('',#2016,#2017);
#2016 = CARTESIAN_POINT('',(-4.72,-2.075,6.));
#2017 = VECTOR('',#2018,1.);
#2018 = DIRECTION('',(1.,0.,0.));
#2019 = ORIENTED_EDGE('',*,*,#2020,.F.);
#2020 = EDGE_CURVE('',#1989,#2013,#2021,.T.);
#2021 = LINE('',#2022,#2023);
#2022 = CARTESIAN_POINT('',(-4.72,2.075,6.));
#2023 = VECTOR('',#2024,1.);
#2024 = DIRECTION('',(0.,-1.,0.));
#2025 = PLANE('',#2026);
#2026 = AXIS2_PLACEMENT_3D('',#2027,#2028,#2029);
#2027 = CARTESIAN_POINT('',(2.981764606942E-16,2.914866042042E-17,6.));
#2028 = DIRECTION('',(0.,0.,1.));
#2029 = DIRECTION('',(1.,0.,0.));
#2030 = ADVANCED_FACE('',(#2031),#2058,.F.);
#2031 = FACE_BOUND('',#2032,.F.);
#2032 = EDGE_LOOP('',(#2033,#2043,#2049,#2050,#2051,#2052));
#2033 = ORIENTED_EDGE('',*,*,#2034,.F.);
#2034 = EDGE_CURVE('',#2035,#2037,#2039,.T.);
#2035 = VERTEX_POINT('',#2036);
#2036 = CARTESIAN_POINT('',(-2.05,-1.8,5.999));
#2037 = VERTEX_POINT('',#2038);
#2038 = CARTESIAN_POINT('',(-2.05,-2.075,5.999));
#2039 = LINE('',#2040,#2041);
#2040 = CARTESIAN_POINT('',(-2.05,-0.9,5.999));
#2041 = VECTOR('',#2042,1.);
#2042 = DIRECTION('',(0.,-1.,0.));
#2043 = ORIENTED_EDGE('',*,*,#2044,.T.);
#2044 = EDGE_CURVE('',#2035,#1165,#2045,.T.);
#2045 = LINE('',#2046,#2047);
#2046 = CARTESIAN_POINT('',(-2.05,-1.8,6.));
#2047 = VECTOR('',#2048,1.);
#2048 = DIRECTION('',(-0.,-0.,-1.));
#2049 = ORIENTED_EDGE('',*,*,#1164,.T.);
#2050 = ORIENTED_EDGE('',*,*,#446,.F.);
#2051 = ORIENTED_EDGE('',*,*,#2004,.F.);
#2052 = ORIENTED_EDGE('',*,*,#2053,.T.);
#2053 = EDGE_CURVE('',#2005,#2037,#2054,.T.);
#2054 = LINE('',#2055,#2056);
#2055 = CARTESIAN_POINT('',(-2.05,-2.075,6.));
#2056 = VECTOR('',#2057,1.);
#2057 = DIRECTION('',(-0.,-0.,-1.));
#2058 = PLANE('',#2059);
#2059 = AXIS2_PLACEMENT_3D('',#2060,#2061,#2062);
#2060 = CARTESIAN_POINT('',(-2.05,-1.8,6.));
#2061 = DIRECTION('',(-1.,0.,0.));
#2062 = DIRECTION('',(0.,-1.,0.));
#2063 = ADVANCED_FACE('',(#2064),#2083,.T.);
#2064 = FACE_BOUND('',#2065,.F.);
#2065 = EDGE_LOOP('',(#2066,#2067,#2076,#2082));
#2066 = ORIENTED_EDGE('',*,*,#478,.T.);
#2067 = ORIENTED_EDGE('',*,*,#2068,.T.);
#2068 = EDGE_CURVE('',#471,#2069,#2071,.T.);
#2069 = VERTEX_POINT('',#2070);
#2070 = CARTESIAN_POINT('',(5.,-2.15,6.));
#2071 = CIRCLE('',#2072,0.2);
#2072 = AXIS2_PLACEMENT_3D('',#2073,#2074,#2075);
#2073 = CARTESIAN_POINT('',(4.8,-2.15,6.));
#2074 = DIRECTION('',(0.,0.,1.));
#2075 = DIRECTION('',(1.,0.,0.));
#2076 = ORIENTED_EDGE('',*,*,#2077,.F.);
#2077 = EDGE_CURVE('',#1098,#2069,#2078,.T.);
#2078 = LINE('',#2079,#2080);
#2079 = CARTESIAN_POINT('',(5.,-2.15,0.));
#2080 = VECTOR('',#2081,1.);
#2081 = DIRECTION('',(0.,0.,1.));
#2082 = ORIENTED_EDGE('',*,*,#1097,.F.);
#2083 = CYLINDRICAL_SURFACE('',#2084,0.2);
#2084 = AXIS2_PLACEMENT_3D('',#2085,#2086,#2087);
#2085 = CARTESIAN_POINT('',(4.8,-2.15,0.));
#2086 = DIRECTION('',(-0.,-0.,-1.));
#2087 = DIRECTION('',(1.,0.,0.));
#2088 = ADVANCED_FACE('',(#2089),#2116,.F.);
#2089 = FACE_BOUND('',#2090,.F.);
#2090 = EDGE_LOOP('',(#2091,#2099,#2100,#2101,#2102,#2110));
#2091 = ORIENTED_EDGE('',*,*,#2092,.F.);
#2092 = EDGE_CURVE('',#463,#2093,#2095,.T.);
#2093 = VERTEX_POINT('',#2094);
#2094 = CARTESIAN_POINT('',(2.05,-2.075,6.));
#2095 = LINE('',#2096,#2097);
#2096 = CARTESIAN_POINT('',(2.05,-2.35,6.));
#2097 = VECTOR('',#2098,1.);
#2098 = DIRECTION('',(0.,1.,0.));
#2099 = ORIENTED_EDGE('',*,*,#462,.T.);
#2100 = ORIENTED_EDGE('',*,*,#1173,.T.);
#2101 = ORIENTED_EDGE('',*,*,#1350,.F.);
#2102 = ORIENTED_EDGE('',*,*,#2103,.F.);
#2103 = EDGE_CURVE('',#2104,#1351,#2106,.T.);
#2104 = VERTEX_POINT('',#2105);
#2105 = CARTESIAN_POINT('',(2.05,-2.075,5.999));
#2106 = LINE('',#2107,#2108);
#2107 = CARTESIAN_POINT('',(2.05,-1.175,5.999));
#2108 = VECTOR('',#2109,1.);
#2109 = DIRECTION('',(0.,1.,0.));
#2110 = ORIENTED_EDGE('',*,*,#2111,.T.);
#2111 = EDGE_CURVE('',#2104,#2093,#2112,.T.);
#2112 = LINE('',#2113,#2114);
#2113 = CARTESIAN_POINT('',(2.05,-2.075,6.));
#2114 = VECTOR('',#2115,1.);
#2115 = DIRECTION('',(0.,0.,1.));
#2116 = PLANE('',#2117);
#2117 = AXIS2_PLACEMENT_3D('',#2118,#2119,#2120);
#2118 = CARTESIAN_POINT('',(2.05,-2.35,6.));
#2119 = DIRECTION('',(1.,0.,0.));
#2120 = DIRECTION('',(0.,1.,0.));
#2121 = ADVANCED_FACE('',(#2122),#2157,.T.);
#2122 = FACE_BOUND('',#2123,.T.);
#2123 = EDGE_LOOP('',(#2124,#2132,#2140,#2148,#2154,#2155,#2156));
#2124 = ORIENTED_EDGE('',*,*,#2125,.T.);
#2125 = EDGE_CURVE('',#2069,#2126,#2128,.T.);
#2126 = VERTEX_POINT('',#2127);
#2127 = CARTESIAN_POINT('',(5.,-1.15,6.));
#2128 = LINE('',#2129,#2130);
#2129 = CARTESIAN_POINT('',(5.,-2.15,6.));
#2130 = VECTOR('',#2131,1.);
#2131 = DIRECTION('',(0.,1.,0.));
#2132 = ORIENTED_EDGE('',*,*,#2133,.F.);
#2133 = EDGE_CURVE('',#2134,#2126,#2136,.T.);
#2134 = VERTEX_POINT('',#2135);
#2135 = CARTESIAN_POINT('',(4.72,-1.15,6.));
#2136 = LINE('',#2137,#2138);
#2137 = CARTESIAN_POINT('',(4.44,-1.15,6.));
#2138 = VECTOR('',#2139,1.);
#2139 = DIRECTION('',(1.,0.,0.));
#2140 = ORIENTED_EDGE('',*,*,#2141,.F.);
#2141 = EDGE_CURVE('',#2142,#2134,#2144,.T.);
#2142 = VERTEX_POINT('',#2143);
#2143 = CARTESIAN_POINT('',(4.72,-2.075,6.));
#2144 = LINE('',#2145,#2146);
#2145 = CARTESIAN_POINT('',(4.72,-2.075,6.));
#2146 = VECTOR('',#2147,1.);
#2147 = DIRECTION('',(0.,1.,0.));
#2148 = ORIENTED_EDGE('',*,*,#2149,.F.);
#2149 = EDGE_CURVE('',#2093,#2142,#2150,.T.);
#2150 = LINE('',#2151,#2152);
#2151 = CARTESIAN_POINT('',(-4.72,-2.075,6.));
#2152 = VECTOR('',#2153,1.);
#2153 = DIRECTION('',(1.,0.,0.));
#2154 = ORIENTED_EDGE('',*,*,#2092,.F.);
#2155 = ORIENTED_EDGE('',*,*,#470,.T.);
#2156 = ORIENTED_EDGE('',*,*,#2068,.T.);
#2157 = PLANE('',#2158);
#2158 = AXIS2_PLACEMENT_3D('',#2159,#2160,#2161);
#2159 = CARTESIAN_POINT('',(2.981764606942E-16,2.914866042042E-17,6.));
#2160 = DIRECTION('',(0.,0.,1.));
#2161 = DIRECTION('',(1.,0.,0.));
#2162 = ADVANCED_FACE('',(#2163),#2245,.T.);
#2163 = FACE_BOUND('',#2164,.T.);
#2164 = EDGE_LOOP('',(#2165,#2175,#2183,#2191,#2199,#2207,#2215,#2223,
    #2231,#2237,#2238,#2239));
#2165 = ORIENTED_EDGE('',*,*,#2166,.F.);
#2166 = EDGE_CURVE('',#2167,#2169,#2171,.T.);
#2167 = VERTEX_POINT('',#2168);
#2168 = CARTESIAN_POINT('',(-4.44,-5.E-02,1.4));
#2169 = VERTEX_POINT('',#2170);
#2170 = CARTESIAN_POINT('',(-4.44,-5.000000000004E-02,1.9));
#2171 = LINE('',#2172,#2173);
#2172 = CARTESIAN_POINT('',(-4.44,-5.000000000004E-02,1.8));
#2173 = VECTOR('',#2174,1.);
#2174 = DIRECTION('',(0.,0.,1.));
#2175 = ORIENTED_EDGE('',*,*,#2176,.F.);
#2176 = EDGE_CURVE('',#2177,#2167,#2179,.T.);
#2177 = VERTEX_POINT('',#2178);
#2178 = CARTESIAN_POINT('',(-4.44,1.8,1.4));
#2179 = LINE('',#2180,#2181);
#2180 = CARTESIAN_POINT('',(-4.44,1.8,1.4));
#2181 = VECTOR('',#2182,1.);
#2182 = DIRECTION('',(0.,-1.,0.));
#2183 = ORIENTED_EDGE('',*,*,#2184,.F.);
#2184 = EDGE_CURVE('',#2185,#2177,#2187,.T.);
#2185 = VERTEX_POINT('',#2186);
#2186 = CARTESIAN_POINT('',(-4.44,1.8,5.999));
#2187 = LINE('',#2188,#2189);
#2188 = CARTESIAN_POINT('',(-4.44,1.8,1.8));
#2189 = VECTOR('',#2190,1.);
#2190 = DIRECTION('',(-0.,-0.,-1.));
#2191 = ORIENTED_EDGE('',*,*,#2192,.T.);
#2192 = EDGE_CURVE('',#2185,#2193,#2195,.T.);
#2193 = VERTEX_POINT('',#2194);
#2194 = CARTESIAN_POINT('',(-4.44,-0.15,5.999));
#2195 = LINE('',#2196,#2197);
#2196 = CARTESIAN_POINT('',(-4.44,1.8,5.999));
#2197 = VECTOR('',#2198,1.);
#2198 = DIRECTION('',(0.,-1.,0.));
#2199 = ORIENTED_EDGE('',*,*,#2200,.T.);
#2200 = EDGE_CURVE('',#2193,#2201,#2203,.T.);
#2201 = VERTEX_POINT('',#2202);
#2202 = CARTESIAN_POINT('',(-4.44,-0.15,4.));
#2203 = LINE('',#2204,#2205);
#2204 = CARTESIAN_POINT('',(-4.44,-0.15,6.));
#2205 = VECTOR('',#2206,1.);
#2206 = DIRECTION('',(-0.,-0.,-1.));
#2207 = ORIENTED_EDGE('',*,*,#2208,.F.);
#2208 = EDGE_CURVE('',#2209,#2201,#2211,.T.);
#2209 = VERTEX_POINT('',#2210);
#2210 = CARTESIAN_POINT('',(-4.44,-1.15,4.));
#2211 = LINE('',#2212,#2213);
#2212 = CARTESIAN_POINT('',(-4.44,-1.15,4.));
#2213 = VECTOR('',#2214,1.);
#2214 = DIRECTION('',(0.,1.,0.));
#2215 = ORIENTED_EDGE('',*,*,#2216,.F.);
#2216 = EDGE_CURVE('',#2217,#2209,#2219,.T.);
#2217 = VERTEX_POINT('',#2218);
#2218 = CARTESIAN_POINT('',(-4.44,-1.15,5.999));
#2219 = LINE('',#2220,#2221);
#2220 = CARTESIAN_POINT('',(-4.44,-1.15,6.));
#2221 = VECTOR('',#2222,1.);
#2222 = DIRECTION('',(-0.,-0.,-1.));
#2223 = ORIENTED_EDGE('',*,*,#2224,.T.);
#2224 = EDGE_CURVE('',#2217,#2225,#2227,.T.);
#2225 = VERTEX_POINT('',#2226);
#2226 = CARTESIAN_POINT('',(-4.44,-1.8,5.999));
#2227 = LINE('',#2228,#2229);
#2228 = CARTESIAN_POINT('',(-4.44,1.8,5.999));
#2229 = VECTOR('',#2230,1.);
#2230 = DIRECTION('',(0.,-1.,0.));
#2231 = ORIENTED_EDGE('',*,*,#2232,.F.);
#2232 = EDGE_CURVE('',#1279,#2225,#2233,.T.);
#2233 = LINE('',#2234,#2235);
#2234 = CARTESIAN_POINT('',(-4.44,-1.8,1.8));
#2235 = VECTOR('',#2236,1.);
#2236 = DIRECTION('',(0.,0.,1.));
#2237 = ORIENTED_EDGE('',*,*,#1278,.F.);
#2238 = ORIENTED_EDGE('',*,*,#734,.T.);
#2239 = ORIENTED_EDGE('',*,*,#2240,.F.);
#2240 = EDGE_CURVE('',#2169,#727,#2241,.T.);
#2241 = LINE('',#2242,#2243);
#2242 = CARTESIAN_POINT('',(-4.44,-5.000000000004E-02,1.9));
#2243 = VECTOR('',#2244,1.);
#2244 = DIRECTION('',(0.,-1.,0.));
#2245 = PLANE('',#2246);
#2246 = AXIS2_PLACEMENT_3D('',#2247,#2248,#2249);
#2247 = CARTESIAN_POINT('',(-4.44,-9.412992814139E-02,3.872276267236));
#2248 = DIRECTION('',(1.,0.,0.));
#2249 = DIRECTION('',(0.,0.,1.));
#2250 = ADVANCED_FACE('',(#2251),#2269,.T.);
#2251 = FACE_BOUND('',#2252,.T.);
#2252 = EDGE_LOOP('',(#2253,#2261,#2267,#2268));
#2253 = ORIENTED_EDGE('',*,*,#2254,.T.);
#2254 = EDGE_CURVE('',#719,#2255,#2257,.T.);
#2255 = VERTEX_POINT('',#2256);
#2256 = CARTESIAN_POINT('',(4.44,-5.000000000004E-02,1.9));
#2257 = LINE('',#2258,#2259);
#2258 = CARTESIAN_POINT('',(4.44,-0.35,1.9));
#2259 = VECTOR('',#2260,1.);
#2260 = DIRECTION('',(0.,1.,0.));
#2261 = ORIENTED_EDGE('',*,*,#2262,.T.);
#2262 = EDGE_CURVE('',#2255,#2169,#2263,.T.);
#2263 = LINE('',#2264,#2265);
#2264 = CARTESIAN_POINT('',(4.44,-5.000000000004E-02,1.9));
#2265 = VECTOR('',#2266,1.);
#2266 = DIRECTION('',(-1.,0.,0.));
#2267 = ORIENTED_EDGE('',*,*,#2240,.T.);
#2268 = ORIENTED_EDGE('',*,*,#726,.T.);
#2269 = PLANE('',#2270);
#2270 = AXIS2_PLACEMENT_3D('',#2271,#2272,#2273);
#2271 = CARTESIAN_POINT('',(0.,-0.2,1.9));
#2272 = DIRECTION('',(0.,0.,1.));
#2273 = DIRECTION('',(1.,0.,0.));
#2274 = ADVANCED_FACE('',(#2275),#2343,.T.);
#2275 = FACE_BOUND('',#2276,.T.);
#2276 = EDGE_LOOP('',(#2277,#2278,#2279,#2287,#2295,#2303,#2311,#2319,
    #2327,#2335,#2341,#2342));
#2277 = ORIENTED_EDGE('',*,*,#1198,.F.);
#2278 = ORIENTED_EDGE('',*,*,#1366,.T.);
#2279 = ORIENTED_EDGE('',*,*,#2280,.T.);
#2280 = EDGE_CURVE('',#1359,#2281,#2283,.T.);
#2281 = VERTEX_POINT('',#2282);
#2282 = CARTESIAN_POINT('',(4.44,-1.15,5.999));
#2283 = LINE('',#2284,#2285);
#2284 = CARTESIAN_POINT('',(4.44,-1.8,5.999));
#2285 = VECTOR('',#2286,1.);
#2286 = DIRECTION('',(0.,1.,0.));
#2287 = ORIENTED_EDGE('',*,*,#2288,.T.);
#2288 = EDGE_CURVE('',#2281,#2289,#2291,.T.);
#2289 = VERTEX_POINT('',#2290);
#2290 = CARTESIAN_POINT('',(4.44,-1.15,4.));
#2291 = LINE('',#2292,#2293);
#2292 = CARTESIAN_POINT('',(4.44,-1.15,6.));
#2293 = VECTOR('',#2294,1.);
#2294 = DIRECTION('',(-0.,-0.,-1.));
#2295 = ORIENTED_EDGE('',*,*,#2296,.F.);
#2296 = EDGE_CURVE('',#2297,#2289,#2299,.T.);
#2297 = VERTEX_POINT('',#2298);
#2298 = CARTESIAN_POINT('',(4.44,-0.15,4.));
#2299 = LINE('',#2300,#2301);
#2300 = CARTESIAN_POINT('',(4.44,-0.15,4.));
#2301 = VECTOR('',#2302,1.);
#2302 = DIRECTION('',(0.,-1.,0.));
#2303 = ORIENTED_EDGE('',*,*,#2304,.F.);
#2304 = EDGE_CURVE('',#2305,#2297,#2307,.T.);
#2305 = VERTEX_POINT('',#2306);
#2306 = CARTESIAN_POINT('',(4.44,-0.15,5.999));
#2307 = LINE('',#2308,#2309);
#2308 = CARTESIAN_POINT('',(4.44,-0.15,6.));
#2309 = VECTOR('',#2310,1.);
#2310 = DIRECTION('',(-0.,-0.,-1.));
#2311 = ORIENTED_EDGE('',*,*,#2312,.T.);
#2312 = EDGE_CURVE('',#2305,#2313,#2315,.T.);
#2313 = VERTEX_POINT('',#2314);
#2314 = CARTESIAN_POINT('',(4.44,1.8,5.999));
#2315 = LINE('',#2316,#2317);
#2316 = CARTESIAN_POINT('',(4.44,-1.8,5.999));
#2317 = VECTOR('',#2318,1.);
#2318 = DIRECTION('',(0.,1.,0.));
#2319 = ORIENTED_EDGE('',*,*,#2320,.F.);
#2320 = EDGE_CURVE('',#2321,#2313,#2323,.T.);
#2321 = VERTEX_POINT('',#2322);
#2322 = CARTESIAN_POINT('',(4.44,1.8,1.4));
#2323 = LINE('',#2324,#2325);
#2324 = CARTESIAN_POINT('',(4.44,1.8,1.8));
#2325 = VECTOR('',#2326,1.);
#2326 = DIRECTION('',(0.,0.,1.));
#2327 = ORIENTED_EDGE('',*,*,#2328,.F.);
#2328 = EDGE_CURVE('',#2329,#2321,#2331,.T.);
#2329 = VERTEX_POINT('',#2330);
#2330 = CARTESIAN_POINT('',(4.44,-5.E-02,1.4));
#2331 = LINE('',#2332,#2333);
#2332 = CARTESIAN_POINT('',(4.44,-5.E-02,1.4));
#2333 = VECTOR('',#2334,1.);
#2334 = DIRECTION('',(0.,1.,0.));
#2335 = ORIENTED_EDGE('',*,*,#2336,.F.);
#2336 = EDGE_CURVE('',#2255,#2329,#2337,.T.);
#2337 = LINE('',#2338,#2339);
#2338 = CARTESIAN_POINT('',(4.44,-5.E-02,1.8));
#2339 = VECTOR('',#2340,1.);
#2340 = DIRECTION('',(-0.,-0.,-1.));
#2341 = ORIENTED_EDGE('',*,*,#2254,.F.);
#2342 = ORIENTED_EDGE('',*,*,#718,.F.);
#2343 = PLANE('',#2344);
#2344 = AXIS2_PLACEMENT_3D('',#2345,#2346,#2347);
#2345 = CARTESIAN_POINT('',(4.44,-9.412992814139E-02,3.872276267236));
#2346 = DIRECTION('',(-1.,-0.,-0.));
#2347 = DIRECTION('',(0.,0.,-1.));
#2348 = ADVANCED_FACE('',(#2349),#2360,.T.);
#2349 = FACE_BOUND('',#2350,.T.);
#2350 = EDGE_LOOP('',(#2351,#2352,#2353,#2354));
#2351 = ORIENTED_EDGE('',*,*,#1209,.F.);
#2352 = ORIENTED_EDGE('',*,*,#679,.T.);
#2353 = ORIENTED_EDGE('',*,*,#1651,.T.);
#2354 = ORIENTED_EDGE('',*,*,#2355,.F.);
#2355 = EDGE_CURVE('',#1210,#1644,#2356,.T.);
#2356 = LINE('',#2357,#2358);
#2357 = CARTESIAN_POINT('',(1.25,-0.85,1.8));
#2358 = VECTOR('',#2359,1.);
#2359 = DIRECTION('',(-0.,-0.,-1.));
#2360 = PLANE('',#2361);
#2361 = AXIS2_PLACEMENT_3D('',#2362,#2363,#2364);
#2362 = CARTESIAN_POINT('',(1.25,-0.35,1.8));
#2363 = DIRECTION('',(-1.,0.,0.));
#2364 = DIRECTION('',(0.,-1.,0.));
#2365 = ADVANCED_FACE('',(#2366),#2377,.T.);
#2366 = FACE_BOUND('',#2367,.T.);
#2367 = EDGE_LOOP('',(#2368,#2369,#2375,#2376));
#2368 = ORIENTED_EDGE('',*,*,#1225,.F.);
#2369 = ORIENTED_EDGE('',*,*,#2370,.T.);
#2370 = EDGE_CURVE('',#1218,#1636,#2371,.T.);
#2371 = LINE('',#2372,#2373);
#2372 = CARTESIAN_POINT('',(0.75,-0.85,1.8));
#2373 = VECTOR('',#2374,1.);
#2374 = DIRECTION('',(-0.,-0.,-1.));
#2375 = ORIENTED_EDGE('',*,*,#1635,.T.);
#2376 = ORIENTED_EDGE('',*,*,#663,.F.);
#2377 = PLANE('',#2378);
#2378 = AXIS2_PLACEMENT_3D('',#2379,#2380,#2381);
#2379 = CARTESIAN_POINT('',(0.75,-0.85,1.8));
#2380 = DIRECTION('',(1.,0.,0.));
#2381 = DIRECTION('',(0.,1.,0.));
#2382 = ADVANCED_FACE('',(#2383),#2394,.F.);
#2383 = FACE_BOUND('',#2384,.F.);
#2384 = EDGE_LOOP('',(#2385,#2386,#2392,#2393));
#2385 = ORIENTED_EDGE('',*,*,#1232,.F.);
#2386 = ORIENTED_EDGE('',*,*,#2387,.T.);
#2387 = EDGE_CURVE('',#1233,#1469,#2388,.T.);
#2388 = LINE('',#2389,#2390);
#2389 = CARTESIAN_POINT('',(-0.749999999998,-0.85,1.8));
#2390 = VECTOR('',#2391,1.);
#2391 = DIRECTION('',(-0.,-0.,-1.));
#2392 = ORIENTED_EDGE('',*,*,#1468,.F.);
#2393 = ORIENTED_EDGE('',*,*,#647,.F.);
#2394 = PLANE('',#2395);
#2395 = AXIS2_PLACEMENT_3D('',#2396,#2397,#2398);
#2396 = CARTESIAN_POINT('',(-0.749999999998,-0.85,1.8));
#2397 = DIRECTION('',(1.,0.,0.));
#2398 = DIRECTION('',(0.,1.,0.));
#2399 = ADVANCED_FACE('',(#2400),#2411,.F.);
#2400 = FACE_BOUND('',#2401,.F.);
#2401 = EDGE_LOOP('',(#2402,#2403,#2404,#2405));
#2402 = ORIENTED_EDGE('',*,*,#1248,.F.);
#2403 = ORIENTED_EDGE('',*,*,#631,.T.);
#2404 = ORIENTED_EDGE('',*,*,#1484,.F.);
#2405 = ORIENTED_EDGE('',*,*,#2406,.F.);
#2406 = EDGE_CURVE('',#1241,#1477,#2407,.T.);
#2407 = LINE('',#2408,#2409);
#2408 = CARTESIAN_POINT('',(-1.250000000002,-0.85,1.8));
#2409 = VECTOR('',#2410,1.);
#2410 = DIRECTION('',(-0.,-0.,-1.));
#2411 = PLANE('',#2412);
#2412 = AXIS2_PLACEMENT_3D('',#2413,#2414,#2415);
#2413 = CARTESIAN_POINT('',(-1.250000000002,-0.35,1.8));
#2414 = DIRECTION('',(-1.,0.,0.));
#2415 = DIRECTION('',(0.,-1.,0.));
#2416 = ADVANCED_FACE('',(#2417),#2428,.F.);
#2417 = FACE_BOUND('',#2418,.F.);
#2418 = EDGE_LOOP('',(#2419,#2420,#2426,#2427));
#2419 = ORIENTED_EDGE('',*,*,#1255,.F.);
#2420 = ORIENTED_EDGE('',*,*,#2421,.T.);
#2421 = EDGE_CURVE('',#1256,#1785,#2422,.T.);
#2422 = LINE('',#2423,#2424);
#2423 = CARTESIAN_POINT('',(-2.749999999995,-0.85,1.8));
#2424 = VECTOR('',#2425,1.);
#2425 = DIRECTION('',(-0.,-0.,-1.));
#2426 = ORIENTED_EDGE('',*,*,#1784,.F.);
#2427 = ORIENTED_EDGE('',*,*,#615,.F.);
#2428 = PLANE('',#2429);
#2429 = AXIS2_PLACEMENT_3D('',#2430,#2431,#2432);
#2430 = CARTESIAN_POINT('',(-2.749999999995,-0.85,1.8));
#2431 = DIRECTION('',(1.,0.,0.));
#2432 = DIRECTION('',(0.,1.,0.));
#2433 = ADVANCED_FACE('',(#2434),#2445,.F.);
#2434 = FACE_BOUND('',#2435,.F.);
#2435 = EDGE_LOOP('',(#2436,#2437,#2438,#2439));
#2436 = ORIENTED_EDGE('',*,*,#1271,.F.);
#2437 = ORIENTED_EDGE('',*,*,#599,.T.);
#2438 = ORIENTED_EDGE('',*,*,#1800,.F.);
#2439 = ORIENTED_EDGE('',*,*,#2440,.F.);
#2440 = EDGE_CURVE('',#1264,#1793,#2441,.T.);
#2441 = LINE('',#2442,#2443);
#2442 = CARTESIAN_POINT('',(-3.250000000005,-0.85,1.8));
#2443 = VECTOR('',#2444,1.);
#2444 = DIRECTION('',(-0.,-0.,-1.));
#2445 = PLANE('',#2446);
#2446 = AXIS2_PLACEMENT_3D('',#2447,#2448,#2449);
#2447 = CARTESIAN_POINT('',(-3.250000000005,-0.35,1.8));
#2448 = DIRECTION('',(-1.,0.,0.));
#2449 = DIRECTION('',(0.,-1.,0.));
#2450 = ADVANCED_FACE('',(#2451),#2470,.T.);
#2451 = FACE_BOUND('',#2452,.F.);
#2452 = EDGE_LOOP('',(#2453,#2461,#2468,#2469));
#2453 = ORIENTED_EDGE('',*,*,#2454,.T.);
#2454 = EDGE_CURVE('',#1107,#2455,#2457,.T.);
#2455 = VERTEX_POINT('',#2456);
#2456 = CARTESIAN_POINT('',(5.,2.15,6.));
#2457 = LINE('',#2458,#2459);
#2458 = CARTESIAN_POINT('',(5.,2.15,0.));
#2459 = VECTOR('',#2460,1.);
#2460 = DIRECTION('',(0.,0.,1.));
#2461 = ORIENTED_EDGE('',*,*,#2462,.T.);
#2462 = EDGE_CURVE('',#2455,#834,#2463,.T.);
#2463 = CIRCLE('',#2464,0.2);
#2464 = AXIS2_PLACEMENT_3D('',#2465,#2466,#2467);
#2465 = CARTESIAN_POINT('',(4.8,2.15,6.));
#2466 = DIRECTION('',(0.,0.,1.));
#2467 = DIRECTION('',(1.,0.,0.));
#2468 = ORIENTED_EDGE('',*,*,#833,.F.);
#2469 = ORIENTED_EDGE('',*,*,#1114,.F.);
#2470 = CYLINDRICAL_SURFACE('',#2471,0.2);
#2471 = AXIS2_PLACEMENT_3D('',#2472,#2473,#2474);
#2472 = CARTESIAN_POINT('',(4.8,2.15,0.));
#2473 = DIRECTION('',(-0.,-0.,-1.));
#2474 = DIRECTION('',(1.,0.,0.));
#2475 = ADVANCED_FACE('',(#2476),#2482,.F.);
#2476 = FACE_BOUND('',#2477,.T.);
#2477 = EDGE_LOOP('',(#2478,#2479,#2480,#2481));
#2478 = ORIENTED_EDGE('',*,*,#1585,.F.);
#2479 = ORIENTED_EDGE('',*,*,#1017,.T.);
#2480 = ORIENTED_EDGE('',*,*,#1683,.T.);
#2481 = ORIENTED_EDGE('',*,*,#1626,.F.);
#2482 = PLANE('',#2483);
#2483 = AXIS2_PLACEMENT_3D('',#2484,#2485,#2486);
#2484 = CARTESIAN_POINT('',(0.2,1.1,0.4));
#2485 = DIRECTION('',(0.,-0.157990501107,0.987440631917));
#2486 = DIRECTION('',(-1.,-0.,-0.));
#2487 = ADVANCED_FACE('',(#2488),#2555,.T.);
#2488 = FACE_BOUND('',#2489,.T.);
#2489 = EDGE_LOOP('',(#2490,#2491,#2500,#2508,#2516,#2524,#2532,#2540,
    #2548,#2554));
#2490 = ORIENTED_EDGE('',*,*,#841,.T.);
#2491 = ORIENTED_EDGE('',*,*,#2492,.T.);
#2492 = EDGE_CURVE('',#842,#2493,#2495,.T.);
#2493 = VERTEX_POINT('',#2494);
#2494 = CARTESIAN_POINT('',(-5.,2.15,6.));
#2495 = CIRCLE('',#2496,0.2);
#2496 = AXIS2_PLACEMENT_3D('',#2497,#2498,#2499);
#2497 = CARTESIAN_POINT('',(-4.8,2.15,6.));
#2498 = DIRECTION('',(0.,0.,1.));
#2499 = DIRECTION('',(1.,0.,0.));
#2500 = ORIENTED_EDGE('',*,*,#2501,.T.);
#2501 = EDGE_CURVE('',#2493,#2502,#2504,.T.);
#2502 = VERTEX_POINT('',#2503);
#2503 = CARTESIAN_POINT('',(-5.,-0.15,6.));
#2504 = LINE('',#2505,#2506);
#2505 = CARTESIAN_POINT('',(-5.,2.15,6.));
#2506 = VECTOR('',#2507,1.);
#2507 = DIRECTION('',(0.,-1.,0.));
#2508 = ORIENTED_EDGE('',*,*,#2509,.F.);
#2509 = EDGE_CURVE('',#2510,#2502,#2512,.T.);
#2510 = VERTEX_POINT('',#2511);
#2511 = CARTESIAN_POINT('',(-4.72,-0.15,6.));
#2512 = LINE('',#2513,#2514);
#2513 = CARTESIAN_POINT('',(-4.44,-0.15,6.));
#2514 = VECTOR('',#2515,1.);
#2515 = DIRECTION('',(-1.,0.,0.));
#2516 = ORIENTED_EDGE('',*,*,#2517,.F.);
#2517 = EDGE_CURVE('',#2518,#2510,#2520,.T.);
#2518 = VERTEX_POINT('',#2519);
#2519 = CARTESIAN_POINT('',(-4.72,2.075,6.));
#2520 = LINE('',#2521,#2522);
#2521 = CARTESIAN_POINT('',(-4.72,2.075,6.));
#2522 = VECTOR('',#2523,1.);
#2523 = DIRECTION('',(0.,-1.,0.));
#2524 = ORIENTED_EDGE('',*,*,#2525,.F.);
#2525 = EDGE_CURVE('',#2526,#2518,#2528,.T.);
#2526 = VERTEX_POINT('',#2527);
#2527 = CARTESIAN_POINT('',(4.72,2.075,6.));
#2528 = LINE('',#2529,#2530);
#2529 = CARTESIAN_POINT('',(4.72,2.075,6.));
#2530 = VECTOR('',#2531,1.);
#2531 = DIRECTION('',(-1.,0.,0.));
#2532 = ORIENTED_EDGE('',*,*,#2533,.F.);
#2533 = EDGE_CURVE('',#2534,#2526,#2536,.T.);
#2534 = VERTEX_POINT('',#2535);
#2535 = CARTESIAN_POINT('',(4.72,-0.15,6.));
#2536 = LINE('',#2537,#2538);
#2537 = CARTESIAN_POINT('',(4.72,-2.075,6.));
#2538 = VECTOR('',#2539,1.);
#2539 = DIRECTION('',(0.,1.,0.));
#2540 = ORIENTED_EDGE('',*,*,#2541,.F.);
#2541 = EDGE_CURVE('',#2542,#2534,#2544,.T.);
#2542 = VERTEX_POINT('',#2543);
#2543 = CARTESIAN_POINT('',(5.,-0.15,6.));
#2544 = LINE('',#2545,#2546);
#2545 = CARTESIAN_POINT('',(5.,-0.15,6.));
#2546 = VECTOR('',#2547,1.);
#2547 = DIRECTION('',(-1.,0.,0.));
#2548 = ORIENTED_EDGE('',*,*,#2549,.T.);
#2549 = EDGE_CURVE('',#2542,#2455,#2550,.T.);
#2550 = LINE('',#2551,#2552);
#2551 = CARTESIAN_POINT('',(5.,-2.15,6.));
#2552 = VECTOR('',#2553,1.);
#2553 = DIRECTION('',(0.,1.,0.));
#2554 = ORIENTED_EDGE('',*,*,#2462,.T.);
#2555 = PLANE('',#2556);
#2556 = AXIS2_PLACEMENT_3D('',#2557,#2558,#2559);
#2557 = CARTESIAN_POINT('',(2.981764606942E-16,2.914866042042E-17,6.));
#2558 = DIRECTION('',(0.,0.,1.));
#2559 = DIRECTION('',(1.,0.,0.));
#2560 = ADVANCED_FACE('',(#2561),#2572,.T.);
#2561 = FACE_BOUND('',#2562,.F.);
#2562 = EDGE_LOOP('',(#2563,#2564,#2565,#2571));
#2563 = ORIENTED_EDGE('',*,*,#849,.T.);
#2564 = ORIENTED_EDGE('',*,*,#2492,.T.);
#2565 = ORIENTED_EDGE('',*,*,#2566,.F.);
#2566 = EDGE_CURVE('',#1914,#2493,#2567,.T.);
#2567 = LINE('',#2568,#2569);
#2568 = CARTESIAN_POINT('',(-5.,2.15,0.));
#2569 = VECTOR('',#2570,1.);
#2570 = DIRECTION('',(0.,0.,1.));
#2571 = ORIENTED_EDGE('',*,*,#1913,.F.);
#2572 = CYLINDRICAL_SURFACE('',#2573,0.2);
#2573 = AXIS2_PLACEMENT_3D('',#2574,#2575,#2576);
#2574 = CARTESIAN_POINT('',(-4.8,2.15,0.));
#2575 = DIRECTION('',(-0.,-0.,-1.));
#2576 = DIRECTION('',(1.,0.,0.));
#2577 = ADVANCED_FACE('',(#2578),#2596,.T.);
#2578 = FACE_BOUND('',#2579,.F.);
#2579 = EDGE_LOOP('',(#2580,#2588,#2594,#2595));
#2580 = ORIENTED_EDGE('',*,*,#2581,.F.);
#2581 = EDGE_CURVE('',#2582,#1940,#2584,.T.);
#2582 = VERTEX_POINT('',#2583);
#2583 = CARTESIAN_POINT('',(-3.8,-2.25,0.199));
#2584 = LINE('',#2585,#2586);
#2585 = CARTESIAN_POINT('',(-3.691541226919,-2.25,0.814100267952));
#2586 = VECTOR('',#2587,1.);
#2587 = DIRECTION('',(-0.173648177667,-2.429680538274E-16,
    -0.984807753012));
#2588 = ORIENTED_EDGE('',*,*,#2589,.T.);
#2589 = EDGE_CURVE('',#2582,#866,#2590,.T.);
#2590 = LINE('',#2591,#2592);
#2591 = CARTESIAN_POINT('',(-3.8,-2.25,0.199));
#2592 = VECTOR('',#2593,1.);
#2593 = DIRECTION('',(0.,1.,-2.22044604925E-16));
#2594 = ORIENTED_EDGE('',*,*,#865,.T.);
#2595 = ORIENTED_EDGE('',*,*,#1947,.F.);
#2596 = PLANE('',#2597);
#2597 = AXIS2_PLACEMENT_3D('',#2598,#2599,#2600);
#2598 = CARTESIAN_POINT('',(-3.81754453458,-2.25,9.95E-02));
#2599 = DIRECTION('',(0.984807753012,4.337694007704E-19,-0.173648177667)
  );
#2600 = DIRECTION('',(3.839904326947E-17,-1.,2.152738175632E-16));
#2601 = ADVANCED_FACE('',(#2602),#2620,.F.);
#2602 = FACE_BOUND('',#2603,.F.);
#2603 = EDGE_LOOP('',(#2604,#2605,#2611,#2612,#2613,#2614));
#2604 = ORIENTED_EDGE('',*,*,#1749,.T.);
#2605 = ORIENTED_EDGE('',*,*,#2606,.F.);
#2606 = EDGE_CURVE('',#882,#1752,#2607,.T.);
#2607 = LINE('',#2608,#2609);
#2608 = CARTESIAN_POINT('',(-3.8,-0.597542901716,0.128393135725));
#2609 = VECTOR('',#2610,1.);
#2610 = DIRECTION('',(-0.,-0.987440631917,-0.157990501107));
#2611 = ORIENTED_EDGE('',*,*,#881,.F.);
#2612 = ORIENTED_EDGE('',*,*,#873,.T.);
#2613 = ORIENTED_EDGE('',*,*,#2589,.F.);
#2614 = ORIENTED_EDGE('',*,*,#2615,.F.);
#2615 = EDGE_CURVE('',#1750,#2582,#2616,.T.);
#2616 = LINE('',#2617,#2618);
#2617 = CARTESIAN_POINT('',(-3.8,-2.25,0.55));
#2618 = VECTOR('',#2619,1.);
#2619 = DIRECTION('',(-0.,-2.467162276945E-16,-1.));
#2620 = PLANE('',#2621);
#2621 = AXIS2_PLACEMENT_3D('',#2622,#2623,#2624);
#2622 = CARTESIAN_POINT('',(-3.8,-2.35,0.2));
#2623 = DIRECTION('',(-1.,0.,0.));
#2624 = DIRECTION('',(0.,-2.22044604925E-16,-1.));
#2625 = ADVANCED_FACE('',(#2626),#2632,.T.);
#2626 = FACE_BOUND('',#2627,.F.);
#2627 = EDGE_LOOP('',(#2628,#2629,#2630,#2631));
#2628 = ORIENTED_EDGE('',*,*,#1718,.F.);
#2629 = ORIENTED_EDGE('',*,*,#889,.T.);
#2630 = ORIENTED_EDGE('',*,*,#2606,.T.);
#2631 = ORIENTED_EDGE('',*,*,#1775,.F.);
#2632 = PLANE('',#2633);
#2633 = AXIS2_PLACEMENT_3D('',#2634,#2635,#2636);
#2634 = CARTESIAN_POINT('',(-2.2,1.1,0.4));
#2635 = DIRECTION('',(0.,0.157990501107,-0.987440631917));
#2636 = DIRECTION('',(1.,-0.,-0.));
#2637 = ADVANCED_FACE('',(#2638),#2644,.T.);
#2638 = FACE_BOUND('',#2639,.F.);
#2639 = EDGE_LOOP('',(#2640,#2641,#2642,#2643));
#2640 = ORIENTED_EDGE('',*,*,#1418,.F.);
#2641 = ORIENTED_EDGE('',*,*,#953,.T.);
#2642 = ORIENTED_EDGE('',*,*,#1516,.T.);
#2643 = ORIENTED_EDGE('',*,*,#1459,.F.);
#2644 = PLANE('',#2645);
#2645 = AXIS2_PLACEMENT_3D('',#2646,#2647,#2648);
#2646 = CARTESIAN_POINT('',(-0.2,1.1,0.4));
#2647 = DIRECTION('',(0.,0.157990501107,-0.987440631917));
#2648 = DIRECTION('',(1.,-0.,-0.));
#2649 = ADVANCED_FACE('',(#2650),#2679,.F.);
#2650 = FACE_BOUND('',#2651,.F.);
#2651 = EDGE_LOOP('',(#2652,#2653,#2654,#2655,#2663,#2671,#2677,#2678));
#2652 = ORIENTED_EDGE('',*,*,#1106,.F.);
#2653 = ORIENTED_EDGE('',*,*,#2077,.T.);
#2654 = ORIENTED_EDGE('',*,*,#2125,.T.);
#2655 = ORIENTED_EDGE('',*,*,#2656,.T.);
#2656 = EDGE_CURVE('',#2126,#2657,#2659,.T.);
#2657 = VERTEX_POINT('',#2658);
#2658 = CARTESIAN_POINT('',(5.,-1.15,4.));
#2659 = LINE('',#2660,#2661);
#2660 = CARTESIAN_POINT('',(5.,-1.15,6.));
#2661 = VECTOR('',#2662,1.);
#2662 = DIRECTION('',(-0.,-0.,-1.));
#2663 = ORIENTED_EDGE('',*,*,#2664,.T.);
#2664 = EDGE_CURVE('',#2657,#2665,#2667,.T.);
#2665 = VERTEX_POINT('',#2666);
#2666 = CARTESIAN_POINT('',(5.,-0.15,4.));
#2667 = LINE('',#2668,#2669);
#2668 = CARTESIAN_POINT('',(5.,-1.15,4.));
#2669 = VECTOR('',#2670,1.);
#2670 = DIRECTION('',(0.,1.,0.));
#2671 = ORIENTED_EDGE('',*,*,#2672,.F.);
#2672 = EDGE_CURVE('',#2542,#2665,#2673,.T.);
#2673 = LINE('',#2674,#2675);
#2674 = CARTESIAN_POINT('',(5.,-0.15,6.));
#2675 = VECTOR('',#2676,1.);
#2676 = DIRECTION('',(-0.,-0.,-1.));
#2677 = ORIENTED_EDGE('',*,*,#2549,.T.);
#2678 = ORIENTED_EDGE('',*,*,#2454,.F.);
#2679 = PLANE('',#2680);
#2680 = AXIS2_PLACEMENT_3D('',#2681,#2682,#2683);
#2681 = CARTESIAN_POINT('',(5.,-2.15,0.));
#2682 = DIRECTION('',(-1.,0.,0.));
#2683 = DIRECTION('',(0.,1.,0.));
#2684 = ADVANCED_FACE('',(#2685),#2700,.T.);
#2685 = FACE_BOUND('',#2686,.T.);
#2686 = EDGE_LOOP('',(#2687,#2688,#2689,#2695,#2696,#2697,#2698,#2699));
#2687 = ORIENTED_EDGE('',*,*,#1286,.F.);
#2688 = ORIENTED_EDGE('',*,*,#2232,.T.);
#2689 = ORIENTED_EDGE('',*,*,#2690,.T.);
#2690 = EDGE_CURVE('',#2225,#2035,#2691,.T.);
#2691 = LINE('',#2692,#2693);
#2692 = CARTESIAN_POINT('',(-4.44,-1.8,5.999));
#2693 = VECTOR('',#2694,1.);
#2694 = DIRECTION('',(1.,0.,0.));
#2695 = ORIENTED_EDGE('',*,*,#2044,.T.);
#2696 = ORIENTED_EDGE('',*,*,#1318,.F.);
#2697 = ORIENTED_EDGE('',*,*,#1834,.F.);
#2698 = ORIENTED_EDGE('',*,*,#1865,.F.);
#2699 = ORIENTED_EDGE('',*,*,#1882,.F.);
#2700 = PLANE('',#2701);
#2701 = AXIS2_PLACEMENT_3D('',#2702,#2703,#2704);
#2702 = CARTESIAN_POINT('',(-4.44,-1.8,1.8));
#2703 = DIRECTION('',(0.,1.,0.));
#2704 = DIRECTION('',(1.,0.,0.));
#2705 = ADVANCED_FACE('',(#2706),#2715,.F.);
#2706 = FACE_BOUND('',#2707,.F.);
#2707 = EDGE_LOOP('',(#2708,#2709,#2710,#2711,#2712,#2713,#2714));
#2708 = ORIENTED_EDGE('',*,*,#1939,.F.);
#2709 = ORIENTED_EDGE('',*,*,#1898,.F.);
#2710 = ORIENTED_EDGE('',*,*,#1302,.F.);
#2711 = ORIENTED_EDGE('',*,*,#1841,.F.);
#2712 = ORIENTED_EDGE('',*,*,#1759,.T.);
#2713 = ORIENTED_EDGE('',*,*,#2615,.T.);
#2714 = ORIENTED_EDGE('',*,*,#2581,.T.);
#2715 = PLANE('',#2716);
#2716 = AXIS2_PLACEMENT_3D('',#2717,#2718,#2719);
#2717 = CARTESIAN_POINT('',(-4.758098676965E-16,-2.25,0.9));
#2718 = DIRECTION('',(0.,1.,-2.467162276945E-16));
#2719 = DIRECTION('',(0.,2.467162276945E-16,1.));
#2720 = ADVANCED_FACE('',(#2721),#2727,.F.);
#2721 = FACE_BOUND('',#2722,.F.);
#2722 = EDGE_LOOP('',(#2723,#2724,#2725,#2726));
#2723 = ORIENTED_EDGE('',*,*,#1263,.F.);
#2724 = ORIENTED_EDGE('',*,*,#2440,.T.);
#2725 = ORIENTED_EDGE('',*,*,#1792,.F.);
#2726 = ORIENTED_EDGE('',*,*,#2421,.F.);
#2727 = PLANE('',#2728);
#2728 = AXIS2_PLACEMENT_3D('',#2729,#2730,#2731);
#2729 = CARTESIAN_POINT('',(-3.250000000005,-0.85,1.8));
#2730 = DIRECTION('',(0.,-1.,0.));
#2731 = DIRECTION('',(1.,0.,0.));
#2732 = ADVANCED_FACE('',(#2733),#2739,.F.);
#2733 = FACE_BOUND('',#2734,.F.);
#2734 = EDGE_LOOP('',(#2735,#2736,#2737,#2738));
#2735 = ORIENTED_EDGE('',*,*,#1240,.F.);
#2736 = ORIENTED_EDGE('',*,*,#2406,.T.);
#2737 = ORIENTED_EDGE('',*,*,#1476,.F.);
#2738 = ORIENTED_EDGE('',*,*,#2387,.F.);
#2739 = PLANE('',#2740);
#2740 = AXIS2_PLACEMENT_3D('',#2741,#2742,#2743);
#2741 = CARTESIAN_POINT('',(-1.250000000002,-0.85,1.8));
#2742 = DIRECTION('',(0.,-1.,0.));
#2743 = DIRECTION('',(1.,0.,0.));
#2744 = ADVANCED_FACE('',(#2745),#2751,.T.);
#2745 = FACE_BOUND('',#2746,.T.);
#2746 = EDGE_LOOP('',(#2747,#2748,#2749,#2750));
#2747 = ORIENTED_EDGE('',*,*,#1217,.F.);
#2748 = ORIENTED_EDGE('',*,*,#2355,.T.);
#2749 = ORIENTED_EDGE('',*,*,#1643,.T.);
#2750 = ORIENTED_EDGE('',*,*,#2370,.F.);
#2751 = PLANE('',#2752);
#2752 = AXIS2_PLACEMENT_3D('',#2753,#2754,#2755);
#2753 = CARTESIAN_POINT('',(1.25,-0.85,1.8));
#2754 = DIRECTION('',(0.,1.,0.));
#2755 = DIRECTION('',(-1.,0.,0.));
#2756 = ADVANCED_FACE('',(#2757),#2784,.T.);
#2757 = FACE_BOUND('',#2758,.T.);
#2758 = EDGE_LOOP('',(#2759,#2760,#2768,#2776,#2782,#2783));
#2759 = ORIENTED_EDGE('',*,*,#2103,.F.);
#2760 = ORIENTED_EDGE('',*,*,#2761,.T.);
#2761 = EDGE_CURVE('',#2104,#2762,#2764,.T.);
#2762 = VERTEX_POINT('',#2763);
#2763 = CARTESIAN_POINT('',(4.72,-2.075,5.999));
#2764 = LINE('',#2765,#2766);
#2765 = CARTESIAN_POINT('',(-4.72,-2.075,5.999));
#2766 = VECTOR('',#2767,1.);
#2767 = DIRECTION('',(1.,0.,0.));
#2768 = ORIENTED_EDGE('',*,*,#2769,.T.);
#2769 = EDGE_CURVE('',#2762,#2770,#2772,.T.);
#2770 = VERTEX_POINT('',#2771);
#2771 = CARTESIAN_POINT('',(4.72,-1.15,5.999));
#2772 = LINE('',#2773,#2774);
#2773 = CARTESIAN_POINT('',(4.72,-2.075,5.999));
#2774 = VECTOR('',#2775,1.);
#2775 = DIRECTION('',(0.,1.,0.));
#2776 = ORIENTED_EDGE('',*,*,#2777,.F.);
#2777 = EDGE_CURVE('',#2281,#2770,#2778,.T.);
#2778 = LINE('',#2779,#2780);
#2779 = CARTESIAN_POINT('',(2.22,-1.15,5.999));
#2780 = VECTOR('',#2781,1.);
#2781 = DIRECTION('',(1.,0.,0.));
#2782 = ORIENTED_EDGE('',*,*,#2280,.F.);
#2783 = ORIENTED_EDGE('',*,*,#1358,.F.);
#2784 = PLANE('',#2785);
#2785 = AXIS2_PLACEMENT_3D('',#2786,#2787,#2788);
#2786 = CARTESIAN_POINT('',(6.813796852322E-17,-6.813796852322E-17,5.999
    ));
#2787 = DIRECTION('',(0.,0.,1.));
#2788 = DIRECTION('',(1.,0.,0.));
#2789 = ADVANCED_FACE('',(#2790),#2819,.F.);
#2790 = FACE_BOUND('',#2791,.F.);
#2791 = EDGE_LOOP('',(#2792,#2793,#2794,#2795,#2803,#2811,#2817,#2818));
#2792 = ORIENTED_EDGE('',*,*,#1922,.F.);
#2793 = ORIENTED_EDGE('',*,*,#2566,.T.);
#2794 = ORIENTED_EDGE('',*,*,#2501,.T.);
#2795 = ORIENTED_EDGE('',*,*,#2796,.T.);
#2796 = EDGE_CURVE('',#2502,#2797,#2799,.T.);
#2797 = VERTEX_POINT('',#2798);
#2798 = CARTESIAN_POINT('',(-5.,-0.15,4.));
#2799 = LINE('',#2800,#2801);
#2800 = CARTESIAN_POINT('',(-5.,-0.15,6.));
#2801 = VECTOR('',#2802,1.);
#2802 = DIRECTION('',(-0.,-0.,-1.));
#2803 = ORIENTED_EDGE('',*,*,#2804,.T.);
#2804 = EDGE_CURVE('',#2797,#2805,#2807,.T.);
#2805 = VERTEX_POINT('',#2806);
#2806 = CARTESIAN_POINT('',(-5.,-1.15,4.));
#2807 = LINE('',#2808,#2809);
#2808 = CARTESIAN_POINT('',(-5.,-0.15,4.));
#2809 = VECTOR('',#2810,1.);
#2810 = DIRECTION('',(0.,-1.,0.));
#2811 = ORIENTED_EDGE('',*,*,#2812,.F.);
#2812 = EDGE_CURVE('',#1987,#2805,#2813,.T.);
#2813 = LINE('',#2814,#2815);
#2814 = CARTESIAN_POINT('',(-5.,-1.15,6.));
#2815 = VECTOR('',#2816,1.);
#2816 = DIRECTION('',(-0.,-0.,-1.));
#2817 = ORIENTED_EDGE('',*,*,#1996,.T.);
#2818 = ORIENTED_EDGE('',*,*,#1961,.F.);
#2819 = PLANE('',#2820);
#2820 = AXIS2_PLACEMENT_3D('',#2821,#2822,#2823);
#2821 = CARTESIAN_POINT('',(-5.,2.15,0.));
#2822 = DIRECTION('',(1.,0.,0.));
#2823 = DIRECTION('',(0.,-1.,0.));
#2824 = ADVANCED_FACE('',(#2825),#2850,.F.);
#2825 = FACE_BOUND('',#2826,.F.);
#2826 = EDGE_LOOP('',(#2827,#2828,#2829,#2835,#2836,#2844));
#2827 = ORIENTED_EDGE('',*,*,#1986,.F.);
#2828 = ORIENTED_EDGE('',*,*,#2812,.T.);
#2829 = ORIENTED_EDGE('',*,*,#2830,.T.);
#2830 = EDGE_CURVE('',#2805,#2209,#2831,.T.);
#2831 = LINE('',#2832,#2833);
#2832 = CARTESIAN_POINT('',(-5.,-1.15,4.));
#2833 = VECTOR('',#2834,1.);
#2834 = DIRECTION('',(1.,0.,0.));
#2835 = ORIENTED_EDGE('',*,*,#2216,.F.);
#2836 = ORIENTED_EDGE('',*,*,#2837,.F.);
#2837 = EDGE_CURVE('',#2838,#2217,#2840,.T.);
#2838 = VERTEX_POINT('',#2839);
#2839 = CARTESIAN_POINT('',(-4.72,-1.15,5.999));
#2840 = LINE('',#2841,#2842);
#2841 = CARTESIAN_POINT('',(-2.5,-1.15,5.999));
#2842 = VECTOR('',#2843,1.);
#2843 = DIRECTION('',(1.,0.,0.));
#2844 = ORIENTED_EDGE('',*,*,#2845,.T.);
#2845 = EDGE_CURVE('',#2838,#1989,#2846,.T.);
#2846 = LINE('',#2847,#2848);
#2847 = CARTESIAN_POINT('',(-4.72,-1.15,6.));
#2848 = VECTOR('',#2849,1.);
#2849 = DIRECTION('',(0.,0.,1.));
#2850 = PLANE('',#2851);
#2851 = AXIS2_PLACEMENT_3D('',#2852,#2853,#2854);
#2852 = CARTESIAN_POINT('',(-5.,-1.15,6.));
#2853 = DIRECTION('',(0.,-1.,0.));
#2854 = DIRECTION('',(1.,0.,0.));
#2855 = ADVANCED_FACE('',(#2856),#2874,.F.);
#2856 = FACE_BOUND('',#2857,.F.);
#2857 = EDGE_LOOP('',(#2858,#2859,#2860,#2868));
#2858 = ORIENTED_EDGE('',*,*,#2020,.F.);
#2859 = ORIENTED_EDGE('',*,*,#2845,.F.);
#2860 = ORIENTED_EDGE('',*,*,#2861,.T.);
#2861 = EDGE_CURVE('',#2838,#2862,#2864,.T.);
#2862 = VERTEX_POINT('',#2863);
#2863 = CARTESIAN_POINT('',(-4.72,-2.075,5.999));
#2864 = LINE('',#2865,#2866);
#2865 = CARTESIAN_POINT('',(-4.72,2.075,5.999));
#2866 = VECTOR('',#2867,1.);
#2867 = DIRECTION('',(0.,-1.,0.));
#2868 = ORIENTED_EDGE('',*,*,#2869,.F.);
#2869 = EDGE_CURVE('',#2013,#2862,#2870,.T.);
#2870 = LINE('',#2871,#2872);
#2871 = CARTESIAN_POINT('',(-4.72,-2.075,6.));
#2872 = VECTOR('',#2873,1.);
#2873 = DIRECTION('',(-0.,-0.,-1.));
#2874 = PLANE('',#2875);
#2875 = AXIS2_PLACEMENT_3D('',#2876,#2877,#2878);
#2876 = CARTESIAN_POINT('',(-4.72,2.075,6.));
#2877 = DIRECTION('',(-1.,0.,0.));
#2878 = DIRECTION('',(0.,-1.,0.));
#2879 = ADVANCED_FACE('',(#2880),#2891,.F.);
#2880 = FACE_BOUND('',#2881,.F.);
#2881 = EDGE_LOOP('',(#2882,#2883,#2884,#2890));
#2882 = ORIENTED_EDGE('',*,*,#2012,.F.);
#2883 = ORIENTED_EDGE('',*,*,#2869,.T.);
#2884 = ORIENTED_EDGE('',*,*,#2885,.T.);
#2885 = EDGE_CURVE('',#2862,#2037,#2886,.T.);
#2886 = LINE('',#2887,#2888);
#2887 = CARTESIAN_POINT('',(-4.72,-2.075,5.999));
#2888 = VECTOR('',#2889,1.);
#2889 = DIRECTION('',(1.,0.,0.));
#2890 = ORIENTED_EDGE('',*,*,#2053,.F.);
#2891 = PLANE('',#2892);
#2892 = AXIS2_PLACEMENT_3D('',#2893,#2894,#2895);
#2893 = CARTESIAN_POINT('',(-4.72,-2.075,6.));
#2894 = DIRECTION('',(0.,-1.,0.));
#2895 = DIRECTION('',(1.,0.,0.));
#2896 = ADVANCED_FACE('',(#2897),#2905,.T.);
#2897 = FACE_BOUND('',#2898,.T.);
#2898 = EDGE_LOOP('',(#2899,#2900,#2901,#2902,#2903,#2904));
#2899 = ORIENTED_EDGE('',*,*,#2837,.F.);
#2900 = ORIENTED_EDGE('',*,*,#2861,.T.);
#2901 = ORIENTED_EDGE('',*,*,#2885,.T.);
#2902 = ORIENTED_EDGE('',*,*,#2034,.F.);
#2903 = ORIENTED_EDGE('',*,*,#2690,.F.);
#2904 = ORIENTED_EDGE('',*,*,#2224,.F.);
#2905 = PLANE('',#2906);
#2906 = AXIS2_PLACEMENT_3D('',#2907,#2908,#2909);
#2907 = CARTESIAN_POINT('',(6.813796852322E-17,-6.813796852322E-17,5.999
    ));
#2908 = DIRECTION('',(0.,0.,1.));
#2909 = DIRECTION('',(1.,0.,0.));
#2910 = ADVANCED_FACE('',(#2911),#2922,.F.);
#2911 = FACE_BOUND('',#2912,.F.);
#2912 = EDGE_LOOP('',(#2913,#2914,#2915,#2916));
#2913 = ORIENTED_EDGE('',*,*,#2149,.F.);
#2914 = ORIENTED_EDGE('',*,*,#2111,.F.);
#2915 = ORIENTED_EDGE('',*,*,#2761,.T.);
#2916 = ORIENTED_EDGE('',*,*,#2917,.F.);
#2917 = EDGE_CURVE('',#2142,#2762,#2918,.T.);
#2918 = LINE('',#2919,#2920);
#2919 = CARTESIAN_POINT('',(4.72,-2.075,6.));
#2920 = VECTOR('',#2921,1.);
#2921 = DIRECTION('',(-0.,-0.,-1.));
#2922 = PLANE('',#2923);
#2923 = AXIS2_PLACEMENT_3D('',#2924,#2925,#2926);
#2924 = CARTESIAN_POINT('',(-4.72,-2.075,6.));
#2925 = DIRECTION('',(0.,-1.,0.));
#2926 = DIRECTION('',(1.,0.,0.));
#2927 = ADVANCED_FACE('',(#2928),#2939,.F.);
#2928 = FACE_BOUND('',#2929,.F.);
#2929 = EDGE_LOOP('',(#2930,#2931,#2932,#2933));
#2930 = ORIENTED_EDGE('',*,*,#2141,.F.);
#2931 = ORIENTED_EDGE('',*,*,#2917,.T.);
#2932 = ORIENTED_EDGE('',*,*,#2769,.T.);
#2933 = ORIENTED_EDGE('',*,*,#2934,.F.);
#2934 = EDGE_CURVE('',#2134,#2770,#2935,.T.);
#2935 = LINE('',#2936,#2937);
#2936 = CARTESIAN_POINT('',(4.72,-1.15,6.));
#2937 = VECTOR('',#2938,1.);
#2938 = DIRECTION('',(0.,0.,-1.));
#2939 = PLANE('',#2940);
#2940 = AXIS2_PLACEMENT_3D('',#2941,#2942,#2943);
#2941 = CARTESIAN_POINT('',(4.72,-2.075,6.));
#2942 = DIRECTION('',(1.,0.,0.));
#2943 = DIRECTION('',(0.,1.,0.));
#2944 = ADVANCED_FACE('',(#2945),#2958,.F.);
#2945 = FACE_BOUND('',#2946,.F.);
#2946 = EDGE_LOOP('',(#2947,#2948,#2949,#2955,#2956,#2957));
#2947 = ORIENTED_EDGE('',*,*,#2777,.F.);
#2948 = ORIENTED_EDGE('',*,*,#2288,.T.);
#2949 = ORIENTED_EDGE('',*,*,#2950,.T.);
#2950 = EDGE_CURVE('',#2289,#2657,#2951,.T.);
#2951 = LINE('',#2952,#2953);
#2952 = CARTESIAN_POINT('',(4.44,-1.15,4.));
#2953 = VECTOR('',#2954,1.);
#2954 = DIRECTION('',(1.,0.,0.));
#2955 = ORIENTED_EDGE('',*,*,#2656,.F.);
#2956 = ORIENTED_EDGE('',*,*,#2133,.F.);
#2957 = ORIENTED_EDGE('',*,*,#2934,.T.);
#2958 = PLANE('',#2959);
#2959 = AXIS2_PLACEMENT_3D('',#2960,#2961,#2962);
#2960 = CARTESIAN_POINT('',(4.44,-1.15,6.));
#2961 = DIRECTION('',(0.,-1.,0.));
#2962 = DIRECTION('',(1.,0.,0.));
#2963 = ADVANCED_FACE('',(#2964),#2975,.T.);
#2964 = FACE_BOUND('',#2965,.T.);
#2965 = EDGE_LOOP('',(#2966,#2967,#2973,#2974));
#2966 = ORIENTED_EDGE('',*,*,#2336,.T.);
#2967 = ORIENTED_EDGE('',*,*,#2968,.F.);
#2968 = EDGE_CURVE('',#2167,#2329,#2969,.T.);
#2969 = LINE('',#2970,#2971);
#2970 = CARTESIAN_POINT('',(-4.44,-5.E-02,1.4));
#2971 = VECTOR('',#2972,1.);
#2972 = DIRECTION('',(1.,0.,0.));
#2973 = ORIENTED_EDGE('',*,*,#2166,.T.);
#2974 = ORIENTED_EDGE('',*,*,#2262,.F.);
#2975 = PLANE('',#2976);
#2976 = AXIS2_PLACEMENT_3D('',#2977,#2978,#2979);
#2977 = CARTESIAN_POINT('',(1.893770617697E-16,-5.000000000002E-02,1.65)
  );
#2978 = DIRECTION('',(0.,1.,6.62786287651E-14));
#2979 = DIRECTION('',(0.,-6.62786287651E-14,1.));
#2980 = ADVANCED_FACE('',(#2981),#3088,.T.);
#2981 = FACE_BOUND('',#2982,.T.);
#2982 = EDGE_LOOP('',(#2983,#2991,#2992,#2993,#2994,#3002,#3010,#3018,
    #3026,#3034,#3042,#3050,#3058,#3066,#3074,#3082));
#2983 = ORIENTED_EDGE('',*,*,#2984,.T.);
#2984 = EDGE_CURVE('',#2985,#2177,#2987,.T.);
#2985 = VERTEX_POINT('',#2986);
#2986 = CARTESIAN_POINT('',(-2.15,1.8,1.4));
#2987 = LINE('',#2988,#2989);
#2988 = CARTESIAN_POINT('',(4.44,1.8,1.4));
#2989 = VECTOR('',#2990,1.);
#2990 = DIRECTION('',(-1.,0.,0.));
#2991 = ORIENTED_EDGE('',*,*,#2176,.T.);
#2992 = ORIENTED_EDGE('',*,*,#2968,.T.);
#2993 = ORIENTED_EDGE('',*,*,#2328,.T.);
#2994 = ORIENTED_EDGE('',*,*,#2995,.T.);
#2995 = EDGE_CURVE('',#2321,#2996,#2998,.T.);
#2996 = VERTEX_POINT('',#2997);
#2997 = CARTESIAN_POINT('',(2.15,1.8,1.4));
#2998 = LINE('',#2999,#3000);
#2999 = CARTESIAN_POINT('',(4.44,1.8,1.4));
#3000 = VECTOR('',#3001,1.);
#3001 = DIRECTION('',(-1.,0.,0.));
#3002 = ORIENTED_EDGE('',*,*,#3003,.F.);
#3003 = EDGE_CURVE('',#3004,#2996,#3006,.T.);
#3004 = VERTEX_POINT('',#3005);
#3005 = CARTESIAN_POINT('',(2.15,1.6,1.4));
#3006 = LINE('',#3007,#3008);
#3007 = CARTESIAN_POINT('',(2.15,1.6,1.4));
#3008 = VECTOR('',#3009,1.);
#3009 = DIRECTION('',(0.,1.,0.));
#3010 = ORIENTED_EDGE('',*,*,#3011,.F.);
#3011 = EDGE_CURVE('',#3012,#3004,#3014,.T.);
#3012 = VERTEX_POINT('',#3013);
#3013 = CARTESIAN_POINT('',(1.85,1.6,1.4));
#3014 = LINE('',#3015,#3016);
#3015 = CARTESIAN_POINT('',(1.85,1.6,1.4));
#3016 = VECTOR('',#3017,1.);
#3017 = DIRECTION('',(1.,0.,0.));
#3018 = ORIENTED_EDGE('',*,*,#3019,.F.);
#3019 = EDGE_CURVE('',#3020,#3012,#3022,.T.);
#3020 = VERTEX_POINT('',#3021);
#3021 = CARTESIAN_POINT('',(1.85,1.8,1.4));
#3022 = LINE('',#3023,#3024);
#3023 = CARTESIAN_POINT('',(1.85,1.8,1.4));
#3024 = VECTOR('',#3025,1.);
#3025 = DIRECTION('',(0.,-1.,0.));
#3026 = ORIENTED_EDGE('',*,*,#3027,.T.);
#3027 = EDGE_CURVE('',#3020,#3028,#3030,.T.);
#3028 = VERTEX_POINT('',#3029);
#3029 = CARTESIAN_POINT('',(0.15,1.8,1.4));
#3030 = LINE('',#3031,#3032);
#3031 = CARTESIAN_POINT('',(4.44,1.8,1.4));
#3032 = VECTOR('',#3033,1.);
#3033 = DIRECTION('',(-1.,0.,0.));
#3034 = ORIENTED_EDGE('',*,*,#3035,.T.);
#3035 = EDGE_CURVE('',#3028,#3036,#3038,.T.);
#3036 = VERTEX_POINT('',#3037);
#3037 = CARTESIAN_POINT('',(0.15,1.6,1.4));
#3038 = LINE('',#3039,#3040);
#3039 = CARTESIAN_POINT('',(0.15,1.8,1.4));
#3040 = VECTOR('',#3041,1.);
#3041 = DIRECTION('',(0.,-1.,0.));
#3042 = ORIENTED_EDGE('',*,*,#3043,.T.);
#3043 = EDGE_CURVE('',#3036,#3044,#3046,.T.);
#3044 = VERTEX_POINT('',#3045);
#3045 = CARTESIAN_POINT('',(-0.15,1.6,1.4));
#3046 = LINE('',#3047,#3048);
#3047 = CARTESIAN_POINT('',(0.15,1.6,1.4));
#3048 = VECTOR('',#3049,1.);
#3049 = DIRECTION('',(-1.,0.,0.));
#3050 = ORIENTED_EDGE('',*,*,#3051,.T.);
#3051 = EDGE_CURVE('',#3044,#3052,#3054,.T.);
#3052 = VERTEX_POINT('',#3053);
#3053 = CARTESIAN_POINT('',(-0.15,1.8,1.4));
#3054 = LINE('',#3055,#3056);
#3055 = CARTESIAN_POINT('',(-0.15,1.6,1.4));
#3056 = VECTOR('',#3057,1.);
#3057 = DIRECTION('',(0.,1.,0.));
#3058 = ORIENTED_EDGE('',*,*,#3059,.T.);
#3059 = EDGE_CURVE('',#3052,#3060,#3062,.T.);
#3060 = VERTEX_POINT('',#3061);
#3061 = CARTESIAN_POINT('',(-1.85,1.8,1.4));
#3062 = LINE('',#3063,#3064);
#3063 = CARTESIAN_POINT('',(4.44,1.8,1.4));
#3064 = VECTOR('',#3065,1.);
#3065 = DIRECTION('',(-1.,0.,0.));
#3066 = ORIENTED_EDGE('',*,*,#3067,.F.);
#3067 = EDGE_CURVE('',#3068,#3060,#3070,.T.);
#3068 = VERTEX_POINT('',#3069);
#3069 = CARTESIAN_POINT('',(-1.85,1.6,1.4));
#3070 = LINE('',#3071,#3072);
#3071 = CARTESIAN_POINT('',(-1.85,1.6,1.4));
#3072 = VECTOR('',#3073,1.);
#3073 = DIRECTION('',(0.,1.,0.));
#3074 = ORIENTED_EDGE('',*,*,#3075,.F.);
#3075 = EDGE_CURVE('',#3076,#3068,#3078,.T.);
#3076 = VERTEX_POINT('',#3077);
#3077 = CARTESIAN_POINT('',(-2.15,1.6,1.4));
#3078 = LINE('',#3079,#3080);
#3079 = CARTESIAN_POINT('',(-2.15,1.6,1.4));
#3080 = VECTOR('',#3081,1.);
#3081 = DIRECTION('',(1.,0.,0.));
#3082 = ORIENTED_EDGE('',*,*,#3083,.F.);
#3083 = EDGE_CURVE('',#2985,#3076,#3084,.T.);
#3084 = LINE('',#3085,#3086);
#3085 = CARTESIAN_POINT('',(-2.15,1.8,1.4));
#3086 = VECTOR('',#3087,1.);
#3087 = DIRECTION('',(0.,-1.,0.));
#3088 = PLANE('',#3089);
#3089 = AXIS2_PLACEMENT_3D('',#3090,#3091,#3092);
#3090 = CARTESIAN_POINT('',(1.655504976142E-16,0.875,1.4));
#3091 = DIRECTION('',(0.,0.,1.));
#3092 = DIRECTION('',(1.,0.,0.));
#3093 = ADVANCED_FACE('',(#3094),#3174,.T.);
#3094 = FACE_BOUND('',#3095,.T.);
#3095 = EDGE_LOOP('',(#3096,#3097,#3098,#3104,#3105,#3106,#3114,#3122,
    #3128,#3129,#3137,#3145,#3151,#3152,#3160,#3168));
#3096 = ORIENTED_EDGE('',*,*,#2995,.F.);
#3097 = ORIENTED_EDGE('',*,*,#2320,.T.);
#3098 = ORIENTED_EDGE('',*,*,#3099,.T.);
#3099 = EDGE_CURVE('',#2313,#2185,#3100,.T.);
#3100 = LINE('',#3101,#3102);
#3101 = CARTESIAN_POINT('',(4.44,1.8,5.999));
#3102 = VECTOR('',#3103,1.);
#3103 = DIRECTION('',(-1.,0.,0.));
#3104 = ORIENTED_EDGE('',*,*,#2184,.T.);
#3105 = ORIENTED_EDGE('',*,*,#2984,.F.);
#3106 = ORIENTED_EDGE('',*,*,#3107,.T.);
#3107 = EDGE_CURVE('',#2985,#3108,#3110,.T.);
#3108 = VERTEX_POINT('',#3109);
#3109 = CARTESIAN_POINT('',(-2.15,1.8,3.3));
#3110 = LINE('',#3111,#3112);
#3111 = CARTESIAN_POINT('',(-2.15,1.8,1.4));
#3112 = VECTOR('',#3113,1.);
#3113 = DIRECTION('',(0.,0.,1.));
#3114 = ORIENTED_EDGE('',*,*,#3115,.F.);
#3115 = EDGE_CURVE('',#3116,#3108,#3118,.T.);
#3116 = VERTEX_POINT('',#3117);
#3117 = CARTESIAN_POINT('',(-1.85,1.8,3.3));
#3118 = LINE('',#3119,#3120);
#3119 = CARTESIAN_POINT('',(-1.85,1.8,3.3));
#3120 = VECTOR('',#3121,1.);
#3121 = DIRECTION('',(-1.,0.,0.));
#3122 = ORIENTED_EDGE('',*,*,#3123,.F.);
#3123 = EDGE_CURVE('',#3060,#3116,#3124,.T.);
#3124 = LINE('',#3125,#3126);
#3125 = CARTESIAN_POINT('',(-1.85,1.8,1.4));
#3126 = VECTOR('',#3127,1.);
#3127 = DIRECTION('',(0.,0.,1.));
#3128 = ORIENTED_EDGE('',*,*,#3059,.F.);
#3129 = ORIENTED_EDGE('',*,*,#3130,.T.);
#3130 = EDGE_CURVE('',#3052,#3131,#3133,.T.);
#3131 = VERTEX_POINT('',#3132);
#3132 = CARTESIAN_POINT('',(-0.15,1.8,3.3));
#3133 = LINE('',#3134,#3135);
#3134 = CARTESIAN_POINT('',(-0.15,1.8,1.4));
#3135 = VECTOR('',#3136,1.);
#3136 = DIRECTION('',(0.,0.,1.));
#3137 = ORIENTED_EDGE('',*,*,#3138,.T.);
#3138 = EDGE_CURVE('',#3131,#3139,#3141,.T.);
#3139 = VERTEX_POINT('',#3140);
#3140 = CARTESIAN_POINT('',(0.15,1.8,3.3));
#3141 = LINE('',#3142,#3143);
#3142 = CARTESIAN_POINT('',(-0.15,1.8,3.3));
#3143 = VECTOR('',#3144,1.);
#3144 = DIRECTION('',(1.,0.,0.));
#3145 = ORIENTED_EDGE('',*,*,#3146,.F.);
#3146 = EDGE_CURVE('',#3028,#3139,#3147,.T.);
#3147 = LINE('',#3148,#3149);
#3148 = CARTESIAN_POINT('',(0.15,1.8,1.4));
#3149 = VECTOR('',#3150,1.);
#3150 = DIRECTION('',(0.,0.,1.));
#3151 = ORIENTED_EDGE('',*,*,#3027,.F.);
#3152 = ORIENTED_EDGE('',*,*,#3153,.T.);
#3153 = EDGE_CURVE('',#3020,#3154,#3156,.T.);
#3154 = VERTEX_POINT('',#3155);
#3155 = CARTESIAN_POINT('',(1.85,1.8,3.3));
#3156 = LINE('',#3157,#3158);
#3157 = CARTESIAN_POINT('',(1.85,1.8,1.4));
#3158 = VECTOR('',#3159,1.);
#3159 = DIRECTION('',(0.,0.,1.));
#3160 = ORIENTED_EDGE('',*,*,#3161,.F.);
#3161 = EDGE_CURVE('',#3162,#3154,#3164,.T.);
#3162 = VERTEX_POINT('',#3163);
#3163 = CARTESIAN_POINT('',(2.15,1.8,3.3));
#3164 = LINE('',#3165,#3166);
#3165 = CARTESIAN_POINT('',(2.15,1.8,3.3));
#3166 = VECTOR('',#3167,1.);
#3167 = DIRECTION('',(-1.,0.,0.));
#3168 = ORIENTED_EDGE('',*,*,#3169,.F.);
#3169 = EDGE_CURVE('',#2996,#3162,#3170,.T.);
#3170 = LINE('',#3171,#3172);
#3171 = CARTESIAN_POINT('',(2.15,1.8,1.4));
#3172 = VECTOR('',#3173,1.);
#3173 = DIRECTION('',(0.,0.,1.));
#3174 = PLANE('',#3175);
#3175 = AXIS2_PLACEMENT_3D('',#3176,#3177,#3178);
#3176 = CARTESIAN_POINT('',(8.236686880519E-18,1.8,3.6995));
#3177 = DIRECTION('',(-0.,-1.,-0.));
#3178 = DIRECTION('',(0.,0.,-1.));
#3179 = ADVANCED_FACE('',(#3180),#3223,.T.);
#3180 = FACE_BOUND('',#3181,.T.);
#3181 = EDGE_LOOP('',(#3182,#3190,#3198,#3206,#3214,#3220,#3221,#3222));
#3182 = ORIENTED_EDGE('',*,*,#3183,.F.);
#3183 = EDGE_CURVE('',#3184,#2305,#3186,.T.);
#3184 = VERTEX_POINT('',#3185);
#3185 = CARTESIAN_POINT('',(4.72,-0.15,5.999));
#3186 = LINE('',#3187,#3188);
#3187 = CARTESIAN_POINT('',(2.5,-0.15,5.999));
#3188 = VECTOR('',#3189,1.);
#3189 = DIRECTION('',(-1.,0.,0.));
#3190 = ORIENTED_EDGE('',*,*,#3191,.T.);
#3191 = EDGE_CURVE('',#3184,#3192,#3194,.T.);
#3192 = VERTEX_POINT('',#3193);
#3193 = CARTESIAN_POINT('',(4.72,2.075,5.999));
#3194 = LINE('',#3195,#3196);
#3195 = CARTESIAN_POINT('',(4.72,-2.075,5.999));
#3196 = VECTOR('',#3197,1.);
#3197 = DIRECTION('',(0.,1.,0.));
#3198 = ORIENTED_EDGE('',*,*,#3199,.T.);
#3199 = EDGE_CURVE('',#3192,#3200,#3202,.T.);
#3200 = VERTEX_POINT('',#3201);
#3201 = CARTESIAN_POINT('',(-4.72,2.075,5.999));
#3202 = LINE('',#3203,#3204);
#3203 = CARTESIAN_POINT('',(4.72,2.075,5.999));
#3204 = VECTOR('',#3205,1.);
#3205 = DIRECTION('',(-1.,0.,0.));
#3206 = ORIENTED_EDGE('',*,*,#3207,.T.);
#3207 = EDGE_CURVE('',#3200,#3208,#3210,.T.);
#3208 = VERTEX_POINT('',#3209);
#3209 = CARTESIAN_POINT('',(-4.72,-0.15,5.999));
#3210 = LINE('',#3211,#3212);
#3211 = CARTESIAN_POINT('',(-4.72,2.075,5.999));
#3212 = VECTOR('',#3213,1.);
#3213 = DIRECTION('',(0.,-1.,0.));
#3214 = ORIENTED_EDGE('',*,*,#3215,.F.);
#3215 = EDGE_CURVE('',#2193,#3208,#3216,.T.);
#3216 = LINE('',#3217,#3218);
#3217 = CARTESIAN_POINT('',(-2.22,-0.15,5.999));
#3218 = VECTOR('',#3219,1.);
#3219 = DIRECTION('',(-1.,0.,0.));
#3220 = ORIENTED_EDGE('',*,*,#2192,.F.);
#3221 = ORIENTED_EDGE('',*,*,#3099,.F.);
#3222 = ORIENTED_EDGE('',*,*,#2312,.F.);
#3223 = PLANE('',#3224);
#3224 = AXIS2_PLACEMENT_3D('',#3225,#3226,#3227);
#3225 = CARTESIAN_POINT('',(6.813796852322E-17,-6.813796852322E-17,5.999
    ));
#3226 = DIRECTION('',(0.,0.,1.));
#3227 = DIRECTION('',(1.,0.,0.));
#3228 = ADVANCED_FACE('',(#3229),#3247,.F.);
#3229 = FACE_BOUND('',#3230,.F.);
#3230 = EDGE_LOOP('',(#3231,#3232,#3233,#3239,#3240,#3241));
#3231 = ORIENTED_EDGE('',*,*,#3215,.F.);
#3232 = ORIENTED_EDGE('',*,*,#2200,.T.);
#3233 = ORIENTED_EDGE('',*,*,#3234,.T.);
#3234 = EDGE_CURVE('',#2201,#2797,#3235,.T.);
#3235 = LINE('',#3236,#3237);
#3236 = CARTESIAN_POINT('',(-4.44,-0.15,4.));
#3237 = VECTOR('',#3238,1.);
#3238 = DIRECTION('',(-1.,0.,0.));
#3239 = ORIENTED_EDGE('',*,*,#2796,.F.);
#3240 = ORIENTED_EDGE('',*,*,#2509,.F.);
#3241 = ORIENTED_EDGE('',*,*,#3242,.T.);
#3242 = EDGE_CURVE('',#2510,#3208,#3243,.T.);
#3243 = LINE('',#3244,#3245);
#3244 = CARTESIAN_POINT('',(-4.72,-0.15,6.));
#3245 = VECTOR('',#3246,1.);
#3246 = DIRECTION('',(0.,0.,-1.));
#3247 = PLANE('',#3248);
#3248 = AXIS2_PLACEMENT_3D('',#3249,#3250,#3251);
#3249 = CARTESIAN_POINT('',(-4.44,-0.15,6.));
#3250 = DIRECTION('',(0.,1.,0.));
#3251 = DIRECTION('',(-1.,0.,0.));
#3252 = ADVANCED_FACE('',(#3253),#3259,.T.);
#3253 = FACE_BOUND('',#3254,.T.);
#3254 = EDGE_LOOP('',(#3255,#3256,#3257,#3258));
#3255 = ORIENTED_EDGE('',*,*,#2804,.T.);
#3256 = ORIENTED_EDGE('',*,*,#2830,.T.);
#3257 = ORIENTED_EDGE('',*,*,#2208,.T.);
#3258 = ORIENTED_EDGE('',*,*,#3234,.T.);
#3259 = PLANE('',#3260);
#3260 = AXIS2_PLACEMENT_3D('',#3261,#3262,#3263);
#3261 = CARTESIAN_POINT('',(3.23815048849E-15,-0.65,4.));
#3262 = DIRECTION('',(0.,0.,1.));
#3263 = DIRECTION('',(1.,0.,0.));
#3264 = ADVANCED_FACE('',(#3265),#3276,.T.);
#3265 = FACE_BOUND('',#3266,.T.);
#3266 = EDGE_LOOP('',(#3267,#3268,#3269,#3270));
#3267 = ORIENTED_EDGE('',*,*,#2296,.T.);
#3268 = ORIENTED_EDGE('',*,*,#2950,.T.);
#3269 = ORIENTED_EDGE('',*,*,#2664,.T.);
#3270 = ORIENTED_EDGE('',*,*,#3271,.T.);
#3271 = EDGE_CURVE('',#2665,#2297,#3272,.T.);
#3272 = LINE('',#3273,#3274);
#3273 = CARTESIAN_POINT('',(5.,-0.15,4.));
#3274 = VECTOR('',#3275,1.);
#3275 = DIRECTION('',(-1.,0.,0.));
#3276 = PLANE('',#3277);
#3277 = AXIS2_PLACEMENT_3D('',#3278,#3279,#3280);
#3278 = CARTESIAN_POINT('',(3.23815048849E-15,-0.65,4.));
#3279 = DIRECTION('',(0.,0.,1.));
#3280 = DIRECTION('',(1.,0.,0.));
#3281 = ADVANCED_FACE('',(#3282),#3295,.F.);
#3282 = FACE_BOUND('',#3283,.F.);
#3283 = EDGE_LOOP('',(#3284,#3285,#3286,#3287,#3288,#3289));
#3284 = ORIENTED_EDGE('',*,*,#2541,.F.);
#3285 = ORIENTED_EDGE('',*,*,#2672,.T.);
#3286 = ORIENTED_EDGE('',*,*,#3271,.T.);
#3287 = ORIENTED_EDGE('',*,*,#2304,.F.);
#3288 = ORIENTED_EDGE('',*,*,#3183,.F.);
#3289 = ORIENTED_EDGE('',*,*,#3290,.T.);
#3290 = EDGE_CURVE('',#3184,#2534,#3291,.T.);
#3291 = LINE('',#3292,#3293);
#3292 = CARTESIAN_POINT('',(4.72,-0.15,6.));
#3293 = VECTOR('',#3294,1.);
#3294 = DIRECTION('',(0.,0.,1.));
#3295 = PLANE('',#3296);
#3296 = AXIS2_PLACEMENT_3D('',#3297,#3298,#3299);
#3297 = CARTESIAN_POINT('',(5.,-0.15,6.));
#3298 = DIRECTION('',(0.,1.,0.));
#3299 = DIRECTION('',(-1.,0.,0.));
#3300 = ADVANCED_FACE('',(#3301),#3312,.F.);
#3301 = FACE_BOUND('',#3302,.F.);
#3302 = EDGE_LOOP('',(#3303,#3304,#3305,#3306));
#3303 = ORIENTED_EDGE('',*,*,#2533,.F.);
#3304 = ORIENTED_EDGE('',*,*,#3290,.F.);
#3305 = ORIENTED_EDGE('',*,*,#3191,.T.);
#3306 = ORIENTED_EDGE('',*,*,#3307,.F.);
#3307 = EDGE_CURVE('',#2526,#3192,#3308,.T.);
#3308 = LINE('',#3309,#3310);
#3309 = CARTESIAN_POINT('',(4.72,2.075,6.));
#3310 = VECTOR('',#3311,1.);
#3311 = DIRECTION('',(-0.,-0.,-1.));
#3312 = PLANE('',#3313);
#3313 = AXIS2_PLACEMENT_3D('',#3314,#3315,#3316);
#3314 = CARTESIAN_POINT('',(4.72,-2.075,6.));
#3315 = DIRECTION('',(1.,0.,0.));
#3316 = DIRECTION('',(0.,1.,0.));
#3317 = ADVANCED_FACE('',(#3318),#3329,.F.);
#3318 = FACE_BOUND('',#3319,.F.);
#3319 = EDGE_LOOP('',(#3320,#3321,#3322,#3323));
#3320 = ORIENTED_EDGE('',*,*,#2525,.F.);
#3321 = ORIENTED_EDGE('',*,*,#3307,.T.);
#3322 = ORIENTED_EDGE('',*,*,#3199,.T.);
#3323 = ORIENTED_EDGE('',*,*,#3324,.F.);
#3324 = EDGE_CURVE('',#2518,#3200,#3325,.T.);
#3325 = LINE('',#3326,#3327);
#3326 = CARTESIAN_POINT('',(-4.72,2.075,6.));
#3327 = VECTOR('',#3328,1.);
#3328 = DIRECTION('',(-0.,-0.,-1.));
#3329 = PLANE('',#3330);
#3330 = AXIS2_PLACEMENT_3D('',#3331,#3332,#3333);
#3331 = CARTESIAN_POINT('',(4.72,2.075,6.));
#3332 = DIRECTION('',(0.,1.,0.));
#3333 = DIRECTION('',(-1.,0.,0.));
#3334 = ADVANCED_FACE('',(#3335),#3341,.F.);
#3335 = FACE_BOUND('',#3336,.F.);
#3336 = EDGE_LOOP('',(#3337,#3338,#3339,#3340));
#3337 = ORIENTED_EDGE('',*,*,#2517,.F.);
#3338 = ORIENTED_EDGE('',*,*,#3324,.T.);
#3339 = ORIENTED_EDGE('',*,*,#3207,.T.);
#3340 = ORIENTED_EDGE('',*,*,#3242,.F.);
#3341 = PLANE('',#3342);
#3342 = AXIS2_PLACEMENT_3D('',#3343,#3344,#3345);
#3343 = CARTESIAN_POINT('',(-4.72,2.075,6.));
#3344 = DIRECTION('',(-1.,0.,0.));
#3345 = DIRECTION('',(0.,-1.,0.));
#3346 = ADVANCED_FACE('',(#3347),#3373,.F.);
#3347 = FACE_BOUND('',#3348,.F.);
#3348 = EDGE_LOOP('',(#3349,#3357,#3358,#3359,#3367));
#3349 = ORIENTED_EDGE('',*,*,#3350,.F.);
#3350 = EDGE_CURVE('',#3076,#3351,#3353,.T.);
#3351 = VERTEX_POINT('',#3352);
#3352 = CARTESIAN_POINT('',(-2.15,1.6,3.126794919243));
#3353 = LINE('',#3354,#3355);
#3354 = CARTESIAN_POINT('',(-2.15,1.6,1.4));
#3355 = VECTOR('',#3356,1.);
#3356 = DIRECTION('',(0.,0.,1.));
#3357 = ORIENTED_EDGE('',*,*,#3083,.F.);
#3358 = ORIENTED_EDGE('',*,*,#3107,.T.);
#3359 = ORIENTED_EDGE('',*,*,#3360,.T.);
#3360 = EDGE_CURVE('',#3108,#3361,#3363,.T.);
#3361 = VERTEX_POINT('',#3362);
#3362 = CARTESIAN_POINT('',(-2.15,1.7,3.3));
#3363 = LINE('',#3364,#3365);
#3364 = CARTESIAN_POINT('',(-2.15,1.8,3.3));
#3365 = VECTOR('',#3366,1.);
#3366 = DIRECTION('',(0.,-1.,0.));
#3367 = ORIENTED_EDGE('',*,*,#3368,.T.);
#3368 = EDGE_CURVE('',#3361,#3351,#3369,.T.);
#3369 = LINE('',#3370,#3371);
#3370 = CARTESIAN_POINT('',(-2.15,1.276137933202,2.565849364905));
#3371 = VECTOR('',#3372,1.);
#3372 = DIRECTION('',(0.,-0.5,-0.866025403784));
#3373 = PLANE('',#3374);
#3374 = AXIS2_PLACEMENT_3D('',#3375,#3376,#3377);
#3375 = CARTESIAN_POINT('',(-2.15,1.8,1.4));
#3376 = DIRECTION('',(1.,0.,0.));
#3377 = DIRECTION('',(0.,-1.,0.));
#3378 = ADVANCED_FACE('',(#3379),#3397,.F.);
#3379 = FACE_BOUND('',#3380,.F.);
#3380 = EDGE_LOOP('',(#3381,#3382,#3390,#3396));
#3381 = ORIENTED_EDGE('',*,*,#3350,.T.);
#3382 = ORIENTED_EDGE('',*,*,#3383,.T.);
#3383 = EDGE_CURVE('',#3351,#3384,#3386,.T.);
#3384 = VERTEX_POINT('',#3385);
#3385 = CARTESIAN_POINT('',(-1.85,1.6,3.126794919243));
#3386 = LINE('',#3387,#3388);
#3387 = CARTESIAN_POINT('',(-2.15,1.6,3.126794919243));
#3388 = VECTOR('',#3389,1.);
#3389 = DIRECTION('',(1.,0.,0.));
#3390 = ORIENTED_EDGE('',*,*,#3391,.F.);
#3391 = EDGE_CURVE('',#3068,#3384,#3392,.T.);
#3392 = LINE('',#3393,#3394);
#3393 = CARTESIAN_POINT('',(-1.85,1.6,1.4));
#3394 = VECTOR('',#3395,1.);
#3395 = DIRECTION('',(0.,0.,1.));
#3396 = ORIENTED_EDGE('',*,*,#3075,.F.);
#3397 = PLANE('',#3398);
#3398 = AXIS2_PLACEMENT_3D('',#3399,#3400,#3401);
#3399 = CARTESIAN_POINT('',(-2.15,1.6,1.4));
#3400 = DIRECTION('',(0.,1.,0.));
#3401 = DIRECTION('',(1.,0.,0.));
#3402 = ADVANCED_FACE('',(#3403),#3422,.F.);
#3403 = FACE_BOUND('',#3404,.F.);
#3404 = EDGE_LOOP('',(#3405,#3406,#3414,#3420,#3421));
#3405 = ORIENTED_EDGE('',*,*,#3391,.T.);
#3406 = ORIENTED_EDGE('',*,*,#3407,.F.);
#3407 = EDGE_CURVE('',#3408,#3384,#3410,.T.);
#3408 = VERTEX_POINT('',#3409);
#3409 = CARTESIAN_POINT('',(-1.85,1.7,3.3));
#3410 = LINE('',#3411,#3412);
#3411 = CARTESIAN_POINT('',(-1.85,1.251137933202,2.522548094716));
#3412 = VECTOR('',#3413,1.);
#3413 = DIRECTION('',(-0.,-0.5,-0.866025403784));
#3414 = ORIENTED_EDGE('',*,*,#3415,.T.);
#3415 = EDGE_CURVE('',#3408,#3116,#3416,.T.);
#3416 = LINE('',#3417,#3418);
#3417 = CARTESIAN_POINT('',(-1.85,1.6,3.3));
#3418 = VECTOR('',#3419,1.);
#3419 = DIRECTION('',(0.,1.,0.));
#3420 = ORIENTED_EDGE('',*,*,#3123,.F.);
#3421 = ORIENTED_EDGE('',*,*,#3067,.F.);
#3422 = PLANE('',#3423);
#3423 = AXIS2_PLACEMENT_3D('',#3424,#3425,#3426);
#3424 = CARTESIAN_POINT('',(-1.85,1.6,1.4));
#3425 = DIRECTION('',(-1.,0.,0.));
#3426 = DIRECTION('',(0.,1.,0.));
#3427 = ADVANCED_FACE('',(#3428),#3454,.T.);
#3428 = FACE_BOUND('',#3429,.T.);
#3429 = EDGE_LOOP('',(#3430,#3438,#3446,#3452,#3453));
#3430 = ORIENTED_EDGE('',*,*,#3431,.T.);
#3431 = EDGE_CURVE('',#3044,#3432,#3434,.T.);
#3432 = VERTEX_POINT('',#3433);
#3433 = CARTESIAN_POINT('',(-0.15,1.6,3.126794919243));
#3434 = LINE('',#3435,#3436);
#3435 = CARTESIAN_POINT('',(-0.15,1.6,1.4));
#3436 = VECTOR('',#3437,1.);
#3437 = DIRECTION('',(0.,0.,1.));
#3438 = ORIENTED_EDGE('',*,*,#3439,.F.);
#3439 = EDGE_CURVE('',#3440,#3432,#3442,.T.);
#3440 = VERTEX_POINT('',#3441);
#3441 = CARTESIAN_POINT('',(-0.15,1.7,3.3));
#3442 = LINE('',#3443,#3444);
#3443 = CARTESIAN_POINT('',(-0.15,1.251137933202,2.522548094716));
#3444 = VECTOR('',#3445,1.);
#3445 = DIRECTION('',(-0.,-0.5,-0.866025403784));
#3446 = ORIENTED_EDGE('',*,*,#3447,.T.);
#3447 = EDGE_CURVE('',#3440,#3131,#3448,.T.);
#3448 = LINE('',#3449,#3450);
#3449 = CARTESIAN_POINT('',(-0.15,1.6,3.3));
#3450 = VECTOR('',#3451,1.);
#3451 = DIRECTION('',(0.,1.,0.));
#3452 = ORIENTED_EDGE('',*,*,#3130,.F.);
#3453 = ORIENTED_EDGE('',*,*,#3051,.F.);
#3454 = PLANE('',#3455);
#3455 = AXIS2_PLACEMENT_3D('',#3456,#3457,#3458);
#3456 = CARTESIAN_POINT('',(-0.15,1.6,1.4));
#3457 = DIRECTION('',(-1.,0.,0.));
#3458 = DIRECTION('',(0.,1.,0.));
#3459 = ADVANCED_FACE('',(#3460),#3478,.T.);
#3460 = FACE_BOUND('',#3461,.T.);
#3461 = EDGE_LOOP('',(#3462,#3470,#3476,#3477));
#3462 = ORIENTED_EDGE('',*,*,#3463,.T.);
#3463 = EDGE_CURVE('',#3036,#3464,#3466,.T.);
#3464 = VERTEX_POINT('',#3465);
#3465 = CARTESIAN_POINT('',(0.15,1.6,3.126794919243));
#3466 = LINE('',#3467,#3468);
#3467 = CARTESIAN_POINT('',(0.15,1.6,1.4));
#3468 = VECTOR('',#3469,1.);
#3469 = DIRECTION('',(0.,0.,1.));
#3470 = ORIENTED_EDGE('',*,*,#3471,.T.);
#3471 = EDGE_CURVE('',#3464,#3432,#3472,.T.);
#3472 = LINE('',#3473,#3474);
#3473 = CARTESIAN_POINT('',(0.15,1.6,3.126794919243));
#3474 = VECTOR('',#3475,1.);
#3475 = DIRECTION('',(-1.,0.,0.));
#3476 = ORIENTED_EDGE('',*,*,#3431,.F.);
#3477 = ORIENTED_EDGE('',*,*,#3043,.F.);
#3478 = PLANE('',#3479);
#3479 = AXIS2_PLACEMENT_3D('',#3480,#3481,#3482);
#3480 = CARTESIAN_POINT('',(0.15,1.6,1.4));
#3481 = DIRECTION('',(0.,-1.,0.));
#3482 = DIRECTION('',(-1.,0.,0.));
#3483 = ADVANCED_FACE('',(#3484),#3503,.T.);
#3484 = FACE_BOUND('',#3485,.T.);
#3485 = EDGE_LOOP('',(#3486,#3487,#3488,#3489,#3497));
#3486 = ORIENTED_EDGE('',*,*,#3463,.F.);
#3487 = ORIENTED_EDGE('',*,*,#3035,.F.);
#3488 = ORIENTED_EDGE('',*,*,#3146,.T.);
#3489 = ORIENTED_EDGE('',*,*,#3490,.T.);
#3490 = EDGE_CURVE('',#3139,#3491,#3493,.T.);
#3491 = VERTEX_POINT('',#3492);
#3492 = CARTESIAN_POINT('',(0.15,1.7,3.3));
#3493 = LINE('',#3494,#3495);
#3494 = CARTESIAN_POINT('',(0.15,1.8,3.3));
#3495 = VECTOR('',#3496,1.);
#3496 = DIRECTION('',(0.,-1.,0.));
#3497 = ORIENTED_EDGE('',*,*,#3498,.T.);
#3498 = EDGE_CURVE('',#3491,#3464,#3499,.T.);
#3499 = LINE('',#3500,#3501);
#3500 = CARTESIAN_POINT('',(0.15,1.276137933202,2.565849364905));
#3501 = VECTOR('',#3502,1.);
#3502 = DIRECTION('',(0.,-0.5,-0.866025403784));
#3503 = PLANE('',#3504);
#3504 = AXIS2_PLACEMENT_3D('',#3505,#3506,#3507);
#3505 = CARTESIAN_POINT('',(0.15,1.8,1.4));
#3506 = DIRECTION('',(1.,0.,0.));
#3507 = DIRECTION('',(0.,-1.,0.));
#3508 = ADVANCED_FACE('',(#3509),#3535,.F.);
#3509 = FACE_BOUND('',#3510,.F.);
#3510 = EDGE_LOOP('',(#3511,#3519,#3520,#3521,#3529));
#3511 = ORIENTED_EDGE('',*,*,#3512,.F.);
#3512 = EDGE_CURVE('',#3012,#3513,#3515,.T.);
#3513 = VERTEX_POINT('',#3514);
#3514 = CARTESIAN_POINT('',(1.85,1.6,3.126794919243));
#3515 = LINE('',#3516,#3517);
#3516 = CARTESIAN_POINT('',(1.85,1.6,1.4));
#3517 = VECTOR('',#3518,1.);
#3518 = DIRECTION('',(0.,0.,1.));
#3519 = ORIENTED_EDGE('',*,*,#3019,.F.);
#3520 = ORIENTED_EDGE('',*,*,#3153,.T.);
#3521 = ORIENTED_EDGE('',*,*,#3522,.T.);
#3522 = EDGE_CURVE('',#3154,#3523,#3525,.T.);
#3523 = VERTEX_POINT('',#3524);
#3524 = CARTESIAN_POINT('',(1.85,1.7,3.3));
#3525 = LINE('',#3526,#3527);
#3526 = CARTESIAN_POINT('',(1.85,1.8,3.3));
#3527 = VECTOR('',#3528,1.);
#3528 = DIRECTION('',(0.,-1.,0.));
#3529 = ORIENTED_EDGE('',*,*,#3530,.T.);
#3530 = EDGE_CURVE('',#3523,#3513,#3531,.T.);
#3531 = LINE('',#3532,#3533);
#3532 = CARTESIAN_POINT('',(1.85,1.276137933202,2.565849364905));
#3533 = VECTOR('',#3534,1.);
#3534 = DIRECTION('',(0.,-0.5,-0.866025403784));
#3535 = PLANE('',#3536);
#3536 = AXIS2_PLACEMENT_3D('',#3537,#3538,#3539);
#3537 = CARTESIAN_POINT('',(1.85,1.8,1.4));
#3538 = DIRECTION('',(1.,0.,0.));
#3539 = DIRECTION('',(0.,-1.,0.));
#3540 = ADVANCED_FACE('',(#3541),#3559,.F.);
#3541 = FACE_BOUND('',#3542,.F.);
#3542 = EDGE_LOOP('',(#3543,#3544,#3552,#3558));
#3543 = ORIENTED_EDGE('',*,*,#3512,.T.);
#3544 = ORIENTED_EDGE('',*,*,#3545,.T.);
#3545 = EDGE_CURVE('',#3513,#3546,#3548,.T.);
#3546 = VERTEX_POINT('',#3547);
#3547 = CARTESIAN_POINT('',(2.15,1.6,3.126794919243));
#3548 = LINE('',#3549,#3550);
#3549 = CARTESIAN_POINT('',(1.85,1.6,3.126794919243));
#3550 = VECTOR('',#3551,1.);
#3551 = DIRECTION('',(1.,0.,0.));
#3552 = ORIENTED_EDGE('',*,*,#3553,.F.);
#3553 = EDGE_CURVE('',#3004,#3546,#3554,.T.);
#3554 = LINE('',#3555,#3556);
#3555 = CARTESIAN_POINT('',(2.15,1.6,1.4));
#3556 = VECTOR('',#3557,1.);
#3557 = DIRECTION('',(0.,0.,1.));
#3558 = ORIENTED_EDGE('',*,*,#3011,.F.);
#3559 = PLANE('',#3560);
#3560 = AXIS2_PLACEMENT_3D('',#3561,#3562,#3563);
#3561 = CARTESIAN_POINT('',(1.85,1.6,1.4));
#3562 = DIRECTION('',(0.,1.,0.));
#3563 = DIRECTION('',(1.,0.,0.));
#3564 = ADVANCED_FACE('',(#3565),#3584,.F.);
#3565 = FACE_BOUND('',#3566,.F.);
#3566 = EDGE_LOOP('',(#3567,#3568,#3576,#3582,#3583));
#3567 = ORIENTED_EDGE('',*,*,#3553,.T.);
#3568 = ORIENTED_EDGE('',*,*,#3569,.F.);
#3569 = EDGE_CURVE('',#3570,#3546,#3572,.T.);
#3570 = VERTEX_POINT('',#3571);
#3571 = CARTESIAN_POINT('',(2.15,1.7,3.3));
#3572 = LINE('',#3573,#3574);
#3573 = CARTESIAN_POINT('',(2.15,1.251137933202,2.522548094716));
#3574 = VECTOR('',#3575,1.);
#3575 = DIRECTION('',(-0.,-0.5,-0.866025403784));
#3576 = ORIENTED_EDGE('',*,*,#3577,.T.);
#3577 = EDGE_CURVE('',#3570,#3162,#3578,.T.);
#3578 = LINE('',#3579,#3580);
#3579 = CARTESIAN_POINT('',(2.15,1.6,3.3));
#3580 = VECTOR('',#3581,1.);
#3581 = DIRECTION('',(0.,1.,0.));
#3582 = ORIENTED_EDGE('',*,*,#3169,.F.);
#3583 = ORIENTED_EDGE('',*,*,#3003,.F.);
#3584 = PLANE('',#3585);
#3585 = AXIS2_PLACEMENT_3D('',#3586,#3587,#3588);
#3586 = CARTESIAN_POINT('',(2.15,1.6,1.4));
#3587 = DIRECTION('',(-1.,0.,0.));
#3588 = DIRECTION('',(0.,1.,0.));
#3589 = ADVANCED_FACE('',(#3590),#3601,.T.);
#3590 = FACE_BOUND('',#3591,.T.);
#3591 = EDGE_LOOP('',(#3592,#3593,#3594,#3595));
#3592 = ORIENTED_EDGE('',*,*,#3577,.T.);
#3593 = ORIENTED_EDGE('',*,*,#3161,.T.);
#3594 = ORIENTED_EDGE('',*,*,#3522,.T.);
#3595 = ORIENTED_EDGE('',*,*,#3596,.T.);
#3596 = EDGE_CURVE('',#3523,#3570,#3597,.T.);
#3597 = LINE('',#3598,#3599);
#3598 = CARTESIAN_POINT('',(1.85,1.7,3.3));
#3599 = VECTOR('',#3600,1.);
#3600 = DIRECTION('',(1.,0.,0.));
#3601 = PLANE('',#3602);
#3602 = AXIS2_PLACEMENT_3D('',#3603,#3604,#3605);
#3603 = CARTESIAN_POINT('',(2.275957200482E-15,1.7,3.3));
#3604 = DIRECTION('',(0.,0.,1.));
#3605 = DIRECTION('',(1.,0.,0.));
#3606 = ADVANCED_FACE('',(#3607),#3618,.T.);
#3607 = FACE_BOUND('',#3608,.T.);
#3608 = EDGE_LOOP('',(#3609,#3610,#3616,#3617));
#3609 = ORIENTED_EDGE('',*,*,#3447,.F.);
#3610 = ORIENTED_EDGE('',*,*,#3611,.F.);
#3611 = EDGE_CURVE('',#3491,#3440,#3612,.T.);
#3612 = LINE('',#3613,#3614);
#3613 = CARTESIAN_POINT('',(0.15,1.7,3.3));
#3614 = VECTOR('',#3615,1.);
#3615 = DIRECTION('',(-1.,0.,0.));
#3616 = ORIENTED_EDGE('',*,*,#3490,.F.);
#3617 = ORIENTED_EDGE('',*,*,#3138,.F.);
#3618 = PLANE('',#3619);
#3619 = AXIS2_PLACEMENT_3D('',#3620,#3621,#3622);
#3620 = CARTESIAN_POINT('',(2.275957200482E-15,1.7,3.3));
#3621 = DIRECTION('',(0.,0.,1.));
#3622 = DIRECTION('',(1.,0.,0.));
#3623 = ADVANCED_FACE('',(#3624),#3635,.T.);
#3624 = FACE_BOUND('',#3625,.T.);
#3625 = EDGE_LOOP('',(#3626,#3627,#3628,#3629));
#3626 = ORIENTED_EDGE('',*,*,#3415,.T.);
#3627 = ORIENTED_EDGE('',*,*,#3115,.T.);
#3628 = ORIENTED_EDGE('',*,*,#3360,.T.);
#3629 = ORIENTED_EDGE('',*,*,#3630,.T.);
#3630 = EDGE_CURVE('',#3361,#3408,#3631,.T.);
#3631 = LINE('',#3632,#3633);
#3632 = CARTESIAN_POINT('',(-2.15,1.7,3.3));
#3633 = VECTOR('',#3634,1.);
#3634 = DIRECTION('',(1.,0.,0.));
#3635 = PLANE('',#3636);
#3636 = AXIS2_PLACEMENT_3D('',#3637,#3638,#3639);
#3637 = CARTESIAN_POINT('',(2.275957200482E-15,1.7,3.3));
#3638 = DIRECTION('',(0.,0.,1.));
#3639 = DIRECTION('',(1.,0.,0.));
#3640 = ADVANCED_FACE('',(#3641),#3647,.F.);
#3641 = FACE_BOUND('',#3642,.F.);
#3642 = EDGE_LOOP('',(#3643,#3644,#3645,#3646));
#3643 = ORIENTED_EDGE('',*,*,#3368,.F.);
#3644 = ORIENTED_EDGE('',*,*,#3630,.T.);
#3645 = ORIENTED_EDGE('',*,*,#3407,.T.);
#3646 = ORIENTED_EDGE('',*,*,#3383,.F.);
#3647 = PLANE('',#3648);
#3648 = AXIS2_PLACEMENT_3D('',#3649,#3650,#3651);
#3649 = CARTESIAN_POINT('',(-2.15,1.65,3.213397459622));
#3650 = DIRECTION('',(-1.735070385984E-18,0.866025403784,-0.5));
#3651 = DIRECTION('',(1.,1.502615031617E-18,-8.675351929922E-19));
#3652 = ADVANCED_FACE('',(#3653),#3659,.T.);
#3653 = FACE_BOUND('',#3654,.T.);
#3654 = EDGE_LOOP('',(#3655,#3656,#3657,#3658));
#3655 = ORIENTED_EDGE('',*,*,#3498,.F.);
#3656 = ORIENTED_EDGE('',*,*,#3611,.T.);
#3657 = ORIENTED_EDGE('',*,*,#3439,.T.);
#3658 = ORIENTED_EDGE('',*,*,#3471,.F.);
#3659 = PLANE('',#3660);
#3660 = AXIS2_PLACEMENT_3D('',#3661,#3662,#3663);
#3661 = CARTESIAN_POINT('',(0.15,1.65,3.213397459622));
#3662 = DIRECTION('',(-1.735070385984E-18,-0.866025403784,0.5));
#3663 = DIRECTION('',(-1.,1.502615031617E-18,-8.675351929922E-19));
#3664 = ADVANCED_FACE('',(#3665),#3671,.F.);
#3665 = FACE_BOUND('',#3666,.F.);
#3666 = EDGE_LOOP('',(#3667,#3668,#3669,#3670));
#3667 = ORIENTED_EDGE('',*,*,#3530,.F.);
#3668 = ORIENTED_EDGE('',*,*,#3596,.T.);
#3669 = ORIENTED_EDGE('',*,*,#3569,.T.);
#3670 = ORIENTED_EDGE('',*,*,#3545,.F.);
#3671 = PLANE('',#3672);
#3672 = AXIS2_PLACEMENT_3D('',#3673,#3674,#3675);
#3673 = CARTESIAN_POINT('',(1.85,1.65,3.213397459622));
#3674 = DIRECTION('',(-1.735070385984E-18,0.866025403784,-0.5));
#3675 = DIRECTION('',(1.,1.502615031617E-18,-8.675351929922E-19));
#3676 = ( GEOMETRIC_REPRESENTATION_CONTEXT(3) 
GLOBAL_UNCERTAINTY_ASSIGNED_CONTEXT((#3680)) 
GLOBAL_UNIT_ASSIGNED_CONTEXT((#3677,#3678,#3679)) REPRESENTATION_CONTEXT
('Context #1','3D Context with UNIT and UNCERTAINTY') );
#3677 = ( LENGTH_UNIT() NAMED_UNIT(*) SI_UNIT(.MILLI.,.METRE.) );
#3678 = ( NAMED_UNIT(*) PLANE_ANGLE_UNIT() SI_UNIT($,.RADIAN.) );
#3679 = ( NAMED_UNIT(*) SI_UNIT($,.STERADIAN.) SOLID_ANGLE_UNIT() );
#3680 = UNCERTAINTY_MEASURE_WITH_UNIT(LENGTH_MEASURE(2.E-06),#3677,
  'distance_accuracy_value','confusion accuracy');
#3681 = CONTEXT_DEPENDENT_SHAPE_REPRESENTATION(#3682,#3684);
#3682 = ( REPRESENTATION_RELATIONSHIP('','',#36,#10) 
REPRESENTATION_RELATIONSHIP_WITH_TRANSFORMATION(#3683) 
SHAPE_REPRESENTATION_RELATIONSHIP() );
#3683 = ITEM_DEFINED_TRANSFORMATION('','',#11,#15);
#3684 = PRODUCT_DEFINITION_SHAPE('Placement','Placement of an item',
  #3685);
#3685 = NEXT_ASSEMBLY_USAGE_OCCURRENCE('1','Body','',#5,#31,$);
#3686 = PRODUCT_RELATED_PRODUCT_CATEGORY('part',$,(#33));
#3687 = SHAPE_DEFINITION_REPRESENTATION(#3688,#3694);
#3688 = PRODUCT_DEFINITION_SHAPE('','',#3689);
#3689 = PRODUCT_DEFINITION('design','',#3690,#3693);
#3690 = PRODUCT_DEFINITION_FORMATION('','',#3691);
#3691 = PRODUCT('Array','Array','',(#3692));
#3692 = PRODUCT_CONTEXT('',#2,'mechanical');
#3693 = PRODUCT_DEFINITION_CONTEXT('part definition',#2,'design');
#3694 = SHAPE_REPRESENTATION('',(#11,#3695,#3699,#3703,#3707),#3711);
#3695 = AXIS2_PLACEMENT_3D('',#3696,#3697,#3698);
#3696 = CARTESIAN_POINT('',(-3.25,0.,0.));
#3697 = DIRECTION('',(0.,0.,1.));
#3698 = DIRECTION('',(1.,0.,0.));
#3699 = AXIS2_PLACEMENT_3D('',#3700,#3701,#3702);
#3700 = CARTESIAN_POINT('',(-1.25,0.,0.));
#3701 = DIRECTION('',(0.,0.,1.));
#3702 = DIRECTION('',(1.,0.,0.));
#3703 = AXIS2_PLACEMENT_3D('',#3704,#3705,#3706);
#3704 = CARTESIAN_POINT('',(0.75,0.,0.));
#3705 = DIRECTION('',(0.,0.,1.));
#3706 = DIRECTION('',(1.,0.,0.));
#3707 = AXIS2_PLACEMENT_3D('',#3708,#3709,#3710);
#3708 = CARTESIAN_POINT('',(2.75,0.,0.));
#3709 = DIRECTION('',(0.,0.,1.));
#3710 = DIRECTION('',(1.,0.,0.));
#3711 = ( GEOMETRIC_REPRESENTATION_CONTEXT(3) 
GLOBAL_UNCERTAINTY_ASSIGNED_CONTEXT((#3715)) 
GLOBAL_UNIT_ASSIGNED_CONTEXT((#3712,#3713,#3714)) REPRESENTATION_CONTEXT
('Context #1','3D Context with UNIT and UNCERTAINTY') );
#3712 = ( LENGTH_UNIT() NAMED_UNIT(*) SI_UNIT(.MILLI.,.METRE.) );
#3713 = ( NAMED_UNIT(*) PLANE_ANGLE_UNIT() SI_UNIT($,.RADIAN.) );
#3714 = ( NAMED_UNIT(*) SI_UNIT($,.STERADIAN.) SOLID_ANGLE_UNIT() );
#3715 = UNCERTAINTY_MEASURE_WITH_UNIT(LENGTH_MEASURE(1.E-07),#3712,
  'distance_accuracy_value','confusion accuracy');
#3716 = CONTEXT_DEPENDENT_SHAPE_REPRESENTATION(#3717,#3719);
#3717 = ( REPRESENTATION_RELATIONSHIP('','',#3694,#10) 
REPRESENTATION_RELATIONSHIP_WITH_TRANSFORMATION(#3718) 
SHAPE_REPRESENTATION_RELATIONSHIP() );
#3718 = ITEM_DEFINED_TRANSFORMATION('','',#11,#19);
#3719 = PRODUCT_DEFINITION_SHAPE('Placement','Placement of an item',
  #3720);
#3720 = NEXT_ASSEMBLY_USAGE_OCCURRENCE('6','Array','',#5,#3689,$);
#3721 = PRODUCT_RELATED_PRODUCT_CATEGORY('part',$,(#3691));
#3722 = SHAPE_DEFINITION_REPRESENTATION(#3723,#3729);
#3723 = PRODUCT_DEFINITION_SHAPE('','',#3724);
#3724 = PRODUCT_DEFINITION('design','',#3725,#3728);
#3725 = PRODUCT_DEFINITION_FORMATION('','',#3726);
#3726 = PRODUCT('Body001','Body001','',(#3727));
#3727 = PRODUCT_CONTEXT('',#2,'mechanical');
#3728 = PRODUCT_DEFINITION_CONTEXT('part definition',#2,'design');
#3729 = ADVANCED_BREP_SHAPE_REPRESENTATION('',(#11,#3730),#4072);
#3730 = MANIFOLD_SOLID_BREP('',#3731);
#3731 = CLOSED_SHELL('',(#3732,#3772,#3803,#3834,#3865,#3896,#3920,#3944
    ,#3961,#3985,#4007,#4031,#4048,#4060));
#3732 = ADVANCED_FACE('',(#3733),#3767,.F.);
#3733 = FACE_BOUND('',#3734,.F.);
#3734 = EDGE_LOOP('',(#3735,#3745,#3753,#3761));
#3735 = ORIENTED_EDGE('',*,*,#3736,.F.);
#3736 = EDGE_CURVE('',#3737,#3739,#3741,.T.);
#3737 = VERTEX_POINT('',#3738);
#3738 = CARTESIAN_POINT('',(-1.276756478319E-16,-0.85,-2.6));
#3739 = VERTEX_POINT('',#3740);
#3740 = CARTESIAN_POINT('',(0.5,-0.85,-2.6));
#3741 = LINE('',#3742,#3743);
#3742 = CARTESIAN_POINT('',(1.E-01,-0.85,-2.6));
#3743 = VECTOR('',#3744,1.);
#3744 = DIRECTION('',(1.,-2.22044604925E-16,1.110223024625E-16));
#3745 = ORIENTED_EDGE('',*,*,#3746,.F.);
#3746 = EDGE_CURVE('',#3747,#3737,#3749,.T.);
#3747 = VERTEX_POINT('',#3748);
#3748 = CARTESIAN_POINT('',(-8.715250743307E-16,-0.85,4.85));
#3749 = LINE('',#3750,#3751);
#3750 = CARTESIAN_POINT('',(-2.725597525455E-15,-0.85,5.25));
#3751 = VECTOR('',#3752,1.);
#3752 = DIRECTION('',(5.551115123126E-16,1.110223024625E-16,-1.));
#3753 = ORIENTED_EDGE('',*,*,#3754,.T.);
#3754 = EDGE_CURVE('',#3747,#3755,#3757,.T.);
#3755 = VERTEX_POINT('',#3756);
#3756 = CARTESIAN_POINT('',(0.5,-0.85,4.85));
#3757 = LINE('',#3758,#3759);
#3758 = CARTESIAN_POINT('',(1.E-01,-0.85,4.85));
#3759 = VECTOR('',#3760,1.);
#3760 = DIRECTION('',(1.,-2.22044604925E-16,1.110223024625E-16));
#3761 = ORIENTED_EDGE('',*,*,#3762,.T.);
#3762 = EDGE_CURVE('',#3755,#3739,#3763,.T.);
#3763 = LINE('',#3764,#3765);
#3764 = CARTESIAN_POINT('',(0.5,-0.85,5.25));
#3765 = VECTOR('',#3766,1.);
#3766 = DIRECTION('',(5.551115123126E-16,1.110223024625E-16,-1.));
#3767 = PLANE('',#3768);
#3768 = AXIS2_PLACEMENT_3D('',#3769,#3770,#3771);
#3769 = CARTESIAN_POINT('',(-1.748601263785E-15,-0.85,5.25));
#3770 = DIRECTION('',(2.22044604925E-16,1.,-1.110223024625E-16));
#3771 = DIRECTION('',(3.330669073875E-16,-1.110223024625E-16,-1.));
#3772 = ADVANCED_FACE('',(#3773),#3798,.T.);
#3773 = FACE_BOUND('',#3774,.T.);
#3774 = EDGE_LOOP('',(#3775,#3783,#3791,#3797));
#3775 = ORIENTED_EDGE('',*,*,#3776,.F.);
#3776 = EDGE_CURVE('',#3777,#3737,#3779,.T.);
#3777 = VERTEX_POINT('',#3778);
#3778 = CARTESIAN_POINT('',(0.1,-0.75,-3.));
#3779 = LINE('',#3780,#3781);
#3780 = CARTESIAN_POINT('',(5.E-02,-0.8,-2.8));
#3781 = VECTOR('',#3782,1.);
#3782 = DIRECTION('',(-0.235702260396,-0.235702260396,0.942809041582));
#3783 = ORIENTED_EDGE('',*,*,#3784,.T.);
#3784 = EDGE_CURVE('',#3777,#3785,#3787,.T.);
#3785 = VERTEX_POINT('',#3786);
#3786 = CARTESIAN_POINT('',(0.4,-0.75,-3.));
#3787 = LINE('',#3788,#3789);
#3788 = CARTESIAN_POINT('',(0.1,-0.75,-3.));
#3789 = VECTOR('',#3790,1.);
#3790 = DIRECTION('',(1.,-2.22044604925E-16,1.110223024625E-16));
#3791 = ORIENTED_EDGE('',*,*,#3792,.T.);
#3792 = EDGE_CURVE('',#3785,#3739,#3793,.T.);
#3793 = LINE('',#3794,#3795);
#3794 = CARTESIAN_POINT('',(0.441666666667,-0.791666666667,
    -2.833333333333));
#3795 = VECTOR('',#3796,1.);
#3796 = DIRECTION('',(0.235702260396,-0.235702260396,0.942809041582));
#3797 = ORIENTED_EDGE('',*,*,#3736,.F.);
#3798 = PLANE('',#3799);
#3799 = AXIS2_PLACEMENT_3D('',#3800,#3801,#3802);
#3800 = CARTESIAN_POINT('',(0.1,-0.8,-2.8));
#3801 = DIRECTION('',(-1.900978070786E-16,-0.970142500145,
    -0.242535625036));
#3802 = DIRECTION('',(1.,-2.23606303877E-16,1.106318777245E-16));
#3803 = ADVANCED_FACE('',(#3804),#3829,.F.);
#3804 = FACE_BOUND('',#3805,.F.);
#3805 = EDGE_LOOP('',(#3806,#3807,#3815,#3823));
#3806 = ORIENTED_EDGE('',*,*,#3746,.T.);
#3807 = ORIENTED_EDGE('',*,*,#3808,.T.);
#3808 = EDGE_CURVE('',#3737,#3809,#3811,.T.);
#3809 = VERTEX_POINT('',#3810);
#3810 = CARTESIAN_POINT('',(1.290634266127E-16,-0.35,-2.6));
#3811 = LINE('',#3812,#3813);
#3812 = CARTESIAN_POINT('',(-1.054711873394E-16,-0.85,-2.6));
#3813 = VECTOR('',#3814,1.);
#3814 = DIRECTION('',(2.465190328816E-32,1.,-3.330669073875E-16));
#3815 = ORIENTED_EDGE('',*,*,#3816,.T.);
#3816 = EDGE_CURVE('',#3809,#3817,#3819,.T.);
#3817 = VERTEX_POINT('',#3818);
#3818 = CARTESIAN_POINT('',(-7.04991620637E-16,-0.35,4.85));
#3819 = LINE('',#3820,#3821);
#3820 = CARTESIAN_POINT('',(1.743050148661E-15,-0.35,-3.));
#3821 = VECTOR('',#3822,1.);
#3822 = DIRECTION('',(-5.551115123126E-16,-1.110223024625E-16,1.));
#3823 = ORIENTED_EDGE('',*,*,#3824,.T.);
#3824 = EDGE_CURVE('',#3817,#3747,#3825,.T.);
#3825 = LINE('',#3826,#3827);
#3826 = CARTESIAN_POINT('',(-6.439293542826E-16,-0.35,4.85));
#3827 = VECTOR('',#3828,1.);
#3828 = DIRECTION('',(-2.465190328816E-32,-1.,3.330669073875E-16));
#3829 = PLANE('',#3830);
#3830 = AXIS2_PLACEMENT_3D('',#3831,#3832,#3833);
#3831 = CARTESIAN_POINT('',(-4.912736883966E-16,-0.6,1.125));
#3832 = DIRECTION('',(1.,-4.440892098501E-16,-1.110223024625E-16));
#3833 = DIRECTION('',(-5.551115123126E-16,-1.110223024625E-16,1.));
#3834 = ADVANCED_FACE('',(#3835),#3860,.T.);
#3835 = FACE_BOUND('',#3836,.T.);
#3836 = EDGE_LOOP('',(#3837,#3838,#3846,#3854));
#3837 = ORIENTED_EDGE('',*,*,#3762,.T.);
#3838 = ORIENTED_EDGE('',*,*,#3839,.T.);
#3839 = EDGE_CURVE('',#3739,#3840,#3842,.T.);
#3840 = VERTEX_POINT('',#3841);
#3841 = CARTESIAN_POINT('',(0.5,-0.35,-2.6));
#3842 = LINE('',#3843,#3844);
#3843 = CARTESIAN_POINT('',(0.5,-0.85,-2.6));
#3844 = VECTOR('',#3845,1.);
#3845 = DIRECTION('',(2.465190328816E-32,1.,-3.330669073875E-16));
#3846 = ORIENTED_EDGE('',*,*,#3847,.T.);
#3847 = EDGE_CURVE('',#3840,#3848,#3850,.T.);
#3848 = VERTEX_POINT('',#3849);
#3849 = CARTESIAN_POINT('',(0.5,-0.35,4.85));
#3850 = LINE('',#3851,#3852);
#3851 = CARTESIAN_POINT('',(0.5,-0.35,-3.));
#3852 = VECTOR('',#3853,1.);
#3853 = DIRECTION('',(-5.551115123126E-16,-1.110223024625E-16,1.));
#3854 = ORIENTED_EDGE('',*,*,#3855,.T.);
#3855 = EDGE_CURVE('',#3848,#3755,#3856,.T.);
#3856 = LINE('',#3857,#3858);
#3857 = CARTESIAN_POINT('',(0.5,-0.35,4.85));
#3858 = VECTOR('',#3859,1.);
#3859 = DIRECTION('',(-2.465190328816E-32,-1.,3.330669073875E-16));
#3860 = PLANE('',#3861);
#3861 = AXIS2_PLACEMENT_3D('',#3862,#3863,#3864);
#3862 = CARTESIAN_POINT('',(0.5,-0.6,1.125));
#3863 = DIRECTION('',(1.,-4.440892098501E-16,-1.110223024625E-16));
#3864 = DIRECTION('',(-5.551115123126E-16,-1.110223024625E-16,1.));
#3865 = ADVANCED_FACE('',(#3866),#3891,.T.);
#3866 = FACE_BOUND('',#3867,.F.);
#3867 = EDGE_LOOP('',(#3868,#3876,#3884,#3890));
#3868 = ORIENTED_EDGE('',*,*,#3869,.F.);
#3869 = EDGE_CURVE('',#3870,#3747,#3872,.T.);
#3870 = VERTEX_POINT('',#3871);
#3871 = CARTESIAN_POINT('',(1.E-01,-0.75,5.25));
#3872 = LINE('',#3873,#3874);
#3873 = CARTESIAN_POINT('',(6.388888888889E-02,-0.786111111111,
    5.105555555556));
#3874 = VECTOR('',#3875,1.);
#3875 = DIRECTION('',(-0.235702260396,-0.235702260396,-0.942809041582));
#3876 = ORIENTED_EDGE('',*,*,#3877,.T.);
#3877 = EDGE_CURVE('',#3870,#3878,#3880,.T.);
#3878 = VERTEX_POINT('',#3879);
#3879 = CARTESIAN_POINT('',(0.4,-0.75,5.25));
#3880 = LINE('',#3881,#3882);
#3881 = CARTESIAN_POINT('',(1.E-01,-0.75,5.25));
#3882 = VECTOR('',#3883,1.);
#3883 = DIRECTION('',(1.,-2.22044604925E-16,1.110223024625E-16));
#3884 = ORIENTED_EDGE('',*,*,#3885,.T.);
#3885 = EDGE_CURVE('',#3878,#3755,#3886,.T.);
#3886 = LINE('',#3887,#3888);
#3887 = CARTESIAN_POINT('',(0.427777777778,-0.777777777778,
    5.138888888889));
#3888 = VECTOR('',#3889,1.);
#3889 = DIRECTION('',(0.235702260396,-0.235702260396,-0.942809041582));
#3890 = ORIENTED_EDGE('',*,*,#3754,.F.);
#3891 = PLANE('',#3892);
#3892 = AXIS2_PLACEMENT_3D('',#3893,#3894,#3895);
#3893 = CARTESIAN_POINT('',(1.E-01,-0.8,5.05));
#3894 = DIRECTION('',(-2.4395153412E-16,-0.970142500145,0.242535625036)
  );
#3895 = DIRECTION('',(-1.,2.23606303877E-16,-1.114127272005E-16));
#3896 = ADVANCED_FACE('',(#3897),#3915,.T.);
#3897 = FACE_BOUND('',#3898,.F.);
#3898 = EDGE_LOOP('',(#3899,#3907,#3913,#3914));
#3899 = ORIENTED_EDGE('',*,*,#3900,.T.);
#3900 = EDGE_CURVE('',#3777,#3901,#3903,.T.);
#3901 = VERTEX_POINT('',#3902);
#3902 = CARTESIAN_POINT('',(0.1,-0.45,-3.));
#3903 = LINE('',#3904,#3905);
#3904 = CARTESIAN_POINT('',(0.1,-0.85,-3.));
#3905 = VECTOR('',#3906,1.);
#3906 = DIRECTION('',(2.465190328816E-32,1.,-3.330669073875E-16));
#3907 = ORIENTED_EDGE('',*,*,#3908,.T.);
#3908 = EDGE_CURVE('',#3901,#3809,#3909,.T.);
#3909 = LINE('',#3910,#3911);
#3910 = CARTESIAN_POINT('',(6.111111111111E-02,-0.411111111111,
    -2.844444444444));
#3911 = VECTOR('',#3912,1.);
#3912 = DIRECTION('',(-0.235702260396,0.235702260396,0.942809041582));
#3913 = ORIENTED_EDGE('',*,*,#3808,.F.);
#3914 = ORIENTED_EDGE('',*,*,#3776,.F.);
#3915 = PLANE('',#3916);
#3916 = AXIS2_PLACEMENT_3D('',#3917,#3918,#3919);
#3917 = CARTESIAN_POINT('',(5.E-02,-0.85,-2.8));
#3918 = DIRECTION('',(-0.970142500145,1.3627568877E-16,-0.242535625036)
  );
#3919 = DIRECTION('',(-2.105755215035E-16,-1.,2.804230270117E-16));
#3920 = ADVANCED_FACE('',(#3921),#3939,.F.);
#3921 = FACE_BOUND('',#3922,.F.);
#3922 = EDGE_LOOP('',(#3923,#3924,#3925,#3933));
#3923 = ORIENTED_EDGE('',*,*,#3900,.F.);
#3924 = ORIENTED_EDGE('',*,*,#3784,.T.);
#3925 = ORIENTED_EDGE('',*,*,#3926,.T.);
#3926 = EDGE_CURVE('',#3785,#3927,#3929,.T.);
#3927 = VERTEX_POINT('',#3928);
#3928 = CARTESIAN_POINT('',(0.4,-0.45,-3.));
#3929 = LINE('',#3930,#3931);
#3930 = CARTESIAN_POINT('',(0.4,-0.85,-3.));
#3931 = VECTOR('',#3932,1.);
#3932 = DIRECTION('',(2.465190328816E-32,1.,-3.330669073875E-16));
#3933 = ORIENTED_EDGE('',*,*,#3934,.F.);
#3934 = EDGE_CURVE('',#3901,#3927,#3935,.T.);
#3935 = LINE('',#3936,#3937);
#3936 = CARTESIAN_POINT('',(9.769962616701E-16,-0.45,-3.));
#3937 = VECTOR('',#3938,1.);
#3938 = DIRECTION('',(1.,-2.22044604925E-16,1.110223024625E-16));
#3939 = PLANE('',#3940);
#3940 = AXIS2_PLACEMENT_3D('',#3941,#3942,#3943);
#3941 = CARTESIAN_POINT('',(9.992007221626E-16,-0.85,-3.));
#3942 = DIRECTION('',(-1.110223024625E-16,3.330669073875E-16,1.));
#3943 = DIRECTION('',(2.465190328816E-32,1.,-3.330669073875E-16));
#3944 = ADVANCED_FACE('',(#3945),#3956,.F.);
#3945 = FACE_BOUND('',#3946,.T.);
#3946 = EDGE_LOOP('',(#3947,#3948,#3954,#3955));
#3947 = ORIENTED_EDGE('',*,*,#3926,.T.);
#3948 = ORIENTED_EDGE('',*,*,#3949,.T.);
#3949 = EDGE_CURVE('',#3927,#3840,#3950,.T.);
#3950 = LINE('',#3951,#3952);
#3951 = CARTESIAN_POINT('',(0.425,-0.425,-2.9));
#3952 = VECTOR('',#3953,1.);
#3953 = DIRECTION('',(0.235702260396,0.235702260396,0.942809041582));
#3954 = ORIENTED_EDGE('',*,*,#3839,.F.);
#3955 = ORIENTED_EDGE('',*,*,#3792,.F.);
#3956 = PLANE('',#3957);
#3957 = AXIS2_PLACEMENT_3D('',#3958,#3959,#3960);
#3958 = CARTESIAN_POINT('',(0.45,-0.85,-2.8));
#3959 = DIRECTION('',(-0.970142500145,2.943012576991E-16,0.242535625036)
  );
#3960 = DIRECTION('',(-2.071454738489E-16,-1.,3.848532758498E-16));
#3961 = ADVANCED_FACE('',(#3962),#3980,.T.);
#3962 = FACE_BOUND('',#3963,.F.);
#3963 = EDGE_LOOP('',(#3964,#3972,#3973,#3974));
#3964 = ORIENTED_EDGE('',*,*,#3965,.T.);
#3965 = EDGE_CURVE('',#3966,#3870,#3968,.T.);
#3966 = VERTEX_POINT('',#3967);
#3967 = CARTESIAN_POINT('',(1.E-01,-0.45,5.25));
#3968 = LINE('',#3969,#3970);
#3969 = CARTESIAN_POINT('',(1.E-01,-0.35,5.25));
#3970 = VECTOR('',#3971,1.);
#3971 = DIRECTION('',(-2.465190328816E-32,-1.,3.330669073875E-16));
#3972 = ORIENTED_EDGE('',*,*,#3869,.T.);
#3973 = ORIENTED_EDGE('',*,*,#3824,.F.);
#3974 = ORIENTED_EDGE('',*,*,#3975,.F.);
#3975 = EDGE_CURVE('',#3966,#3817,#3976,.T.);
#3976 = LINE('',#3977,#3978);
#3977 = CARTESIAN_POINT('',(5.E-02,-0.4,5.05));
#3978 = VECTOR('',#3979,1.);
#3979 = DIRECTION('',(-0.235702260396,0.235702260396,-0.942809041582));
#3980 = PLANE('',#3981);
#3981 = AXIS2_PLACEMENT_3D('',#3982,#3983,#3984);
#3982 = CARTESIAN_POINT('',(5.E-02,-0.35,5.05));
#3983 = DIRECTION('',(-0.970142500145,2.838840735103E-16,0.242535625036)
  );
#3984 = DIRECTION('',(1.970393207356E-16,1.,-3.823267375714E-16));
#3985 = ADVANCED_FACE('',(#3986),#4002,.F.);
#3986 = FACE_BOUND('',#3987,.F.);
#3987 = EDGE_LOOP('',(#3988,#3989,#3995,#3996));
#3988 = ORIENTED_EDGE('',*,*,#3816,.F.);
#3989 = ORIENTED_EDGE('',*,*,#3990,.T.);
#3990 = EDGE_CURVE('',#3809,#3840,#3991,.T.);
#3991 = LINE('',#3992,#3993);
#3992 = CARTESIAN_POINT('',(9.547918011776E-16,-0.35,-2.6));
#3993 = VECTOR('',#3994,1.);
#3994 = DIRECTION('',(1.,-2.22044604925E-16,1.110223024625E-16));
#3995 = ORIENTED_EDGE('',*,*,#3847,.T.);
#3996 = ORIENTED_EDGE('',*,*,#3997,.F.);
#3997 = EDGE_CURVE('',#3817,#3848,#3998,.T.);
#3998 = LINE('',#3999,#4000);
#3999 = CARTESIAN_POINT('',(1.E-01,-0.35,4.85));
#4000 = VECTOR('',#4001,1.);
#4001 = DIRECTION('',(1.,-2.22044604925E-16,1.110223024625E-16));
#4002 = PLANE('',#4003);
#4003 = AXIS2_PLACEMENT_3D('',#4004,#4005,#4006);
#4004 = CARTESIAN_POINT('',(9.992007221626E-16,-0.35,-3.));
#4005 = DIRECTION('',(-2.22044604925E-16,-1.,1.110223024625E-16));
#4006 = DIRECTION('',(-3.330669073875E-16,1.110223024625E-16,1.));
#4007 = ADVANCED_FACE('',(#4008),#4026,.F.);
#4008 = FACE_BOUND('',#4009,.T.);
#4009 = EDGE_LOOP('',(#4010,#4018,#4019,#4020));
#4010 = ORIENTED_EDGE('',*,*,#4011,.T.);
#4011 = EDGE_CURVE('',#4012,#3878,#4014,.T.);
#4012 = VERTEX_POINT('',#4013);
#4013 = CARTESIAN_POINT('',(0.4,-0.45,5.25));
#4014 = LINE('',#4015,#4016);
#4015 = CARTESIAN_POINT('',(0.4,-0.35,5.25));
#4016 = VECTOR('',#4017,1.);
#4017 = DIRECTION('',(-2.465190328816E-32,-1.,3.330669073875E-16));
#4018 = ORIENTED_EDGE('',*,*,#3885,.T.);
#4019 = ORIENTED_EDGE('',*,*,#3855,.F.);
#4020 = ORIENTED_EDGE('',*,*,#4021,.F.);
#4021 = EDGE_CURVE('',#4012,#3848,#4022,.T.);
#4022 = LINE('',#4023,#4024);
#4023 = CARTESIAN_POINT('',(0.441666666667,-0.408333333333,
    5.083333333333));
#4024 = VECTOR('',#4025,1.);
#4025 = DIRECTION('',(0.235702260396,0.235702260396,-0.942809041582));
#4026 = PLANE('',#4027);
#4027 = AXIS2_PLACEMENT_3D('',#4028,#4029,#4030);
#4028 = CARTESIAN_POINT('',(0.45,-0.35,5.05));
#4029 = DIRECTION('',(-0.970142500145,1.414842808644E-16,-0.242535625036
    ));
#4030 = DIRECTION('',(2.156285980602E-16,1.,-2.791597578725E-16));
#4031 = ADVANCED_FACE('',(#4032),#4043,.F.);
#4032 = FACE_BOUND('',#4033,.F.);
#4033 = EDGE_LOOP('',(#4034,#4035,#4041,#4042));
#4034 = ORIENTED_EDGE('',*,*,#3965,.F.);
#4035 = ORIENTED_EDGE('',*,*,#4036,.T.);
#4036 = EDGE_CURVE('',#3966,#4012,#4037,.T.);
#4037 = LINE('',#4038,#4039);
#4038 = CARTESIAN_POINT('',(1.E-01,-0.45,5.25));
#4039 = VECTOR('',#4040,1.);
#4040 = DIRECTION('',(1.,-2.22044604925E-16,1.110223024625E-16));
#4041 = ORIENTED_EDGE('',*,*,#4011,.T.);
#4042 = ORIENTED_EDGE('',*,*,#3877,.F.);
#4043 = PLANE('',#4044);
#4044 = AXIS2_PLACEMENT_3D('',#4045,#4046,#4047);
#4045 = CARTESIAN_POINT('',(-1.748601263785E-15,-0.35,5.25));
#4046 = DIRECTION('',(1.110223024625E-16,-3.330669073875E-16,-1.));
#4047 = DIRECTION('',(-2.465190328816E-32,-1.,3.330669073875E-16));
#4048 = ADVANCED_FACE('',(#4049),#4055,.T.);
#4049 = FACE_BOUND('',#4050,.F.);
#4050 = EDGE_LOOP('',(#4051,#4052,#4053,#4054));
#4051 = ORIENTED_EDGE('',*,*,#3934,.T.);
#4052 = ORIENTED_EDGE('',*,*,#3949,.T.);
#4053 = ORIENTED_EDGE('',*,*,#3990,.F.);
#4054 = ORIENTED_EDGE('',*,*,#3908,.F.);
#4055 = PLANE('',#4056);
#4056 = AXIS2_PLACEMENT_3D('',#4057,#4058,#4059);
#4057 = CARTESIAN_POINT('',(9.658940314239E-16,-0.4,-2.8));
#4058 = DIRECTION('',(2.4395153412E-16,0.970142500145,-0.242535625036));
#4059 = DIRECTION('',(-1.,2.23606303877E-16,-1.114127272005E-16));
#4060 = ADVANCED_FACE('',(#4061),#4067,.T.);
#4061 = FACE_BOUND('',#4062,.T.);
#4062 = EDGE_LOOP('',(#4063,#4064,#4065,#4066));
#4063 = ORIENTED_EDGE('',*,*,#3975,.F.);
#4064 = ORIENTED_EDGE('',*,*,#4036,.T.);
#4065 = ORIENTED_EDGE('',*,*,#4021,.T.);
#4066 = ORIENTED_EDGE('',*,*,#3997,.F.);
#4067 = PLANE('',#4068);
#4068 = AXIS2_PLACEMENT_3D('',#4069,#4070,#4071);
#4069 = CARTESIAN_POINT('',(1.E-01,-0.4,5.05));
#4070 = DIRECTION('',(1.883616097138E-16,0.970142500145,0.242535625036)
  );
#4071 = DIRECTION('',(1.,-2.219219450248E-16,1.110529674376E-16));
#4072 = ( GEOMETRIC_REPRESENTATION_CONTEXT(3) 
GLOBAL_UNCERTAINTY_ASSIGNED_CONTEXT((#4076)) 
GLOBAL_UNIT_ASSIGNED_CONTEXT((#4073,#4074,#4075)) REPRESENTATION_CONTEXT
('Context #1','3D Context with UNIT and UNCERTAINTY') );
#4073 = ( LENGTH_UNIT() NAMED_UNIT(*) SI_UNIT(.MILLI.,.METRE.) );
#4074 = ( NAMED_UNIT(*) PLANE_ANGLE_UNIT() SI_UNIT($,.RADIAN.) );
#4075 = ( NAMED_UNIT(*) SI_UNIT($,.STERADIAN.) SOLID_ANGLE_UNIT() );
#4076 = UNCERTAINTY_MEASURE_WITH_UNIT(LENGTH_MEASURE(1.E-07),#4073,
  'distance_accuracy_value','confusion accuracy');
#4077 = CONTEXT_DEPENDENT_SHAPE_REPRESENTATION(#4078,#4080);
#4078 = ( REPRESENTATION_RELATIONSHIP('','',#3729,#3694) 
REPRESENTATION_RELATIONSHIP_WITH_TRANSFORMATION(#4079) 
SHAPE_REPRESENTATION_RELATIONSHIP() );
#4079 = ITEM_DEFINED_TRANSFORMATION('','',#11,#3695);
#4080 = PRODUCT_DEFINITION_SHAPE('Placement','Placement of an item',
  #4081);
#4081 = NEXT_ASSEMBLY_USAGE_OCCURRENCE('2','0','',#3689,#3724,$);
#4082 = PRODUCT_RELATED_PRODUCT_CATEGORY('part',$,(#3726));
#4083 = CONTEXT_DEPENDENT_SHAPE_REPRESENTATION(#4084,#4086);
#4084 = ( REPRESENTATION_RELATIONSHIP('','',#3729,#3694) 
REPRESENTATION_RELATIONSHIP_WITH_TRANSFORMATION(#4085) 
SHAPE_REPRESENTATION_RELATIONSHIP() );
#4085 = ITEM_DEFINED_TRANSFORMATION('','',#11,#3699);
#4086 = PRODUCT_DEFINITION_SHAPE('Placement','Placement of an item',
  #4087);
#4087 = NEXT_ASSEMBLY_USAGE_OCCURRENCE('3','1','',#3689,#3724,$);
#4088 = CONTEXT_DEPENDENT_SHAPE_REPRESENTATION(#4089,#4091);
#4089 = ( REPRESENTATION_RELATIONSHIP('','',#3729,#3694) 
REPRESENTATION_RELATIONSHIP_WITH_TRANSFORMATION(#4090) 
SHAPE_REPRESENTATION_RELATIONSHIP() );
#4090 = ITEM_DEFINED_TRANSFORMATION('','',#11,#3703);
#4091 = PRODUCT_DEFINITION_SHAPE('Placement','Placement of an item',
  #4092);
#4092 = NEXT_ASSEMBLY_USAGE_OCCURRENCE('4','2','',#3689,#3724,$);
#4093 = CONTEXT_DEPENDENT_SHAPE_REPRESENTATION(#4094,#4096);
#4094 = ( REPRESENTATION_RELATIONSHIP('','',#3729,#3694) 
REPRESENTATION_RELATIONSHIP_WITH_TRANSFORMATION(#4095) 
SHAPE_REPRESENTATION_RELATIONSHIP() );
#4095 = ITEM_DEFINED_TRANSFORMATION('','',#11,#3707);
#4096 = PRODUCT_DEFINITION_SHAPE('Placement','Placement of an item',
  #4097);
#4097 = NEXT_ASSEMBLY_USAGE_OCCURRENCE('5','3','',#3689,#3724,$);
#4098 = MECHANICAL_DESIGN_GEOMETRIC_PRESENTATION_REPRESENTATION('',(
    #4099),#3676);
#4099 = STYLED_ITEM('color',(#4100),#37);
#4100 = PRESENTATION_STYLE_ASSIGNMENT((#4101,#4107));
#4101 = SURFACE_STYLE_USAGE(.BOTH.,#4102);
#4102 = SURFACE_SIDE_STYLE('',(#4103));
#4103 = SURFACE_STYLE_FILL_AREA(#4104);
#4104 = FILL_AREA_STYLE('',(#4105));
#4105 = FILL_AREA_STYLE_COLOUR('',#4106);
#4106 = COLOUR_RGB('',0.968627457133,0.968627457133,0.968627457133);
#4107 = CURVE_STYLE('',#4108,POSITIVE_LENGTH_MEASURE(0.1),#4109);
#4108 = DRAUGHTING_PRE_DEFINED_CURVE_FONT('continuous');
#4109 = COLOUR_RGB('',9.803921802644E-02,9.803921802644E-02,
  9.803921802644E-02);
#4110 = MECHANICAL_DESIGN_GEOMETRIC_PRESENTATION_REPRESENTATION('',(
    #4111),#4072);
#4111 = STYLED_ITEM('color',(#4112),#3730);
#4112 = PRESENTATION_STYLE_ASSIGNMENT((#4113,#4119));
#4113 = SURFACE_STYLE_USAGE(.BOTH.,#4114);
#4114 = SURFACE_SIDE_STYLE('',(#4115));
#4115 = SURFACE_STYLE_FILL_AREA(#4116);
#4116 = FILL_AREA_STYLE('',(#4117));
#4117 = FILL_AREA_STYLE_COLOUR('',#4118);
#4118 = COLOUR_RGB('',0.749019635948,0.749019635948,0.749019635948);
#4119 = CURVE_STYLE('',#4120,POSITIVE_LENGTH_MEASURE(0.1),#4109);
#4120 = DRAUGHTING_PRE_DEFINED_CURVE_FONT('continuous');
ENDSEC;
END-ISO-10303-21;
