ISO-10303-21;
HEADER;
FILE_DESCRIPTION(('FreeCAD Model'),'2;1');
FILE_NAME('Open CASCADE Shape Model','2026-02-21T19:23:46',(''),(''),
  'Open CASCADE STEP processor 7.9','FreeCAD','Unknown');
FILE_SCHEMA(('AUTOMOTIVE_DESIGN { 1 0 10303 214 1 1 1 1 }'));
ENDSEC;
DATA;
#1 = APPLICATION_PROTOCOL_DEFINITION('international standard',
  'automotive_design',2000,#2);
#2 = APPLICATION_CONTEXT(
  'core data for automotive mechanical design processes');
#3 = SHAPE_DEFINITION_REPRESENTATION(#4,#10);
#4 = PRODUCT_DEFINITION_SHAPE('','',#5);
#5 = PRODUCT_DEFINITION('design','',#6,#9);
#6 = PRODUCT_DEFINITION_FORMATION('','',#7);
#7 = PRODUCT('Part','Part','',(#8));
#8 = PRODUCT_CONTEXT('',#2,'mechanical');
#9 = PRODUCT_DEFINITION_CONTEXT('part definition',#2,'design');
#10 = SHAPE_REPRESENTATION('',(#11,#15,#19),#23);
#11 = AXIS2_PLACEMENT_3D('',#12,#13,#14);
#12 = CARTESIAN_POINT('',(0.,0.,0.));
#13 = DIRECTION('',(0.,0.,1.));
#14 = DIRECTION('',(1.,0.,-0.));
#15 = AXIS2_PLACEMENT_3D('',#16,#17,#18);
#16 = CARTESIAN_POINT('',(0.,0.,0.));
#17 = DIRECTION('',(0.,0.,1.));
#18 = DIRECTION('',(1.,0.,0.));
#19 = AXIS2_PLACEMENT_3D('',#20,#21,#22);
#20 = CARTESIAN_POINT('',(0.,0.,0.));
#21 = DIRECTION('',(0.,0.,1.));
#22 = DIRECTION('',(1.,0.,0.));
#23 = ( GEOMETRIC_REPRESENTATION_CONTEXT(3) 
GLOBAL_UNCERTAINTY_ASSIGNED_CONTEXT((#27)) GLOBAL_UNIT_ASSIGNED_CONTEXT(
(#24,#25,#26)) REPRESENTATION_CONTEXT('Context #1',
  '3D Context with UNIT and UNCERTAINTY') );
#24 = ( LENGTH_UNIT() NAMED_UNIT(*) SI_UNIT(.MILLI.,.METRE.) );
#25 = ( NAMED_UNIT(*) PLANE_ANGLE_UNIT() SI_UNIT($,.RADIAN.) );
#26 = ( NAMED_UNIT(*) SI_UNIT($,.STERADIAN.) SOLID_ANGLE_UNIT() );
#27 = UNCERTAINTY_MEASURE_WITH_UNIT(LENGTH_MEASURE(2.E-05),#24,
  'distance_accuracy_value','confusion accuracy');
#28 = PRODUCT_RELATED_PRODUCT_CATEGORY('part',$,(#7));
#29 = SHAPE_DEFINITION_REPRESENTATION(#30,#36);
#30 = PRODUCT_DEFINITION_SHAPE('','',#31);
#31 = PRODUCT_DEFINITION('design','',#32,#35);
#32 = PRODUCT_DEFINITION_FORMATION('','',#33);
#33 = PRODUCT('Body','Body','',(#34));
#34 = PRODUCT_CONTEXT('',#2,'mechanical');
#35 = PRODUCT_DEFINITION_CONTEXT('part definition',#2,'design');
#36 = ADVANCED_BREP_SHAPE_REPRESENTATION('',(#11,#37),#3676);
#37 = MANIFOLD_SOLID_BREP('',#38);
#38 = CLOSED_SHELL('',(#39,#129,#176,#200,#464,#504,#544,#585,#744,#768,
    #792,#809,#1068,#1085,#1116,#1133,#1182,#1199,#1223,#1240,#1257,
    #1283,#1300,#1349,#1366,#1390,#1416,#1433,#1498,#1510,#1550,#1574,
    #1614,#1663,#1688,#1712,#1760,#1791,#1831,#1873,#2016,#2041,#2081,
    #2122,#2134,#2162,#2250,#2274,#2348,#2365,#2382,#2399,#2416,#2433,
    #2450,#2467,#2493,#2510,#2535,#2547,#2620,#2637,#2649,#2661,#2673,
    #2688,#2700,#2721,#2756,#2787,#2811,#2828,#2842,#2877,#2901,#2927,
    #2944,#2963,#2980,#3093,#3179,#3228,#3252,#3264,#3281,#3300,#3317,
    #3334,#3346,#3378,#3402,#3427,#3459,#3483,#3508,#3540,#3564,#3589,
    #3606,#3623,#3640,#3652,#3664));
#39 = ADVANCED_FACE('',(#40,#90),#124,.F.);
#40 = FACE_BOUND('',#41,.F.);
#41 = EDGE_LOOP('',(#42,#52,#60,#68,#76,#84));
#42 = ORIENTED_EDGE('',*,*,#43,.F.);
#43 = EDGE_CURVE('',#44,#46,#48,.T.);
#44 = VERTEX_POINT('',#45);
#45 = CARTESIAN_POINT('',(2.2,-2.35,0.2));
#46 = VERTEX_POINT('',#47);
#47 = CARTESIAN_POINT('',(2.2,-0.15,0.2));
#48 = LINE('',#49,#50);
#49 = CARTESIAN_POINT('',(2.2,-2.35,0.2));
#50 = VECTOR('',#51,1.);
#51 = DIRECTION('',(0.,1.,-2.22044604925E-16));
#52 = ORIENTED_EDGE('',*,*,#53,.F.);
#53 = EDGE_CURVE('',#54,#44,#56,.T.);
#54 = VERTEX_POINT('',#55);
#55 = CARTESIAN_POINT('',(3.4,-2.35,0.2));
#56 = LINE('',#57,#58);
#57 = CARTESIAN_POINT('',(3.8,-2.35,0.2));
#58 = VECTOR('',#59,1.);
#59 = DIRECTION('',(-1.,0.,0.));
#60 = ORIENTED_EDGE('',*,*,#61,.F.);
#61 = EDGE_CURVE('',#62,#54,#64,.T.);
#62 = VERTEX_POINT('',#63);
#63 = CARTESIAN_POINT('',(3.4,-2.25,0.2));
#64 = LINE('',#65,#66);
#65 = CARTESIAN_POINT('',(3.4,-2.35,0.2));
#66 = VECTOR('',#67,1.);
#67 = DIRECTION('',(0.,-1.,2.22044604925E-16));
#68 = ORIENTED_EDGE('',*,*,#69,.F.);
#69 = EDGE_CURVE('',#70,#62,#72,.T.);
#70 = VERTEX_POINT('',#71);
#71 = CARTESIAN_POINT('',(3.8,-2.25,0.2));
#72 = LINE('',#73,#74);
#73 = CARTESIAN_POINT('',(1.9,-2.25,0.2));
#74 = VECTOR('',#75,1.);
#75 = DIRECTION('',(-1.,0.,0.));
#76 = ORIENTED_EDGE('',*,*,#77,.T.);
#77 = EDGE_CURVE('',#70,#78,#80,.T.);
#78 = VERTEX_POINT('',#79);
#79 = CARTESIAN_POINT('',(3.8,-0.15,0.2));
#80 = LINE('',#81,#82);
#81 = CARTESIAN_POINT('',(3.8,-2.35,0.2));
#82 = VECTOR('',#83,1.);
#83 = DIRECTION('',(0.,1.,-2.22044604925E-16));
#84 = ORIENTED_EDGE('',*,*,#85,.T.);
#85 = EDGE_CURVE('',#78,#46,#86,.T.);
#86 = LINE('',#87,#88);
#87 = CARTESIAN_POINT('',(3.8,-0.15,0.2));
#88 = VECTOR('',#89,1.);
#89 = DIRECTION('',(-1.,0.,0.));
#90 = FACE_BOUND('',#91,.F.);
#91 = EDGE_LOOP('',(#92,#102,#110,#118));
#92 = ORIENTED_EDGE('',*,*,#93,.F.);
#93 = EDGE_CURVE('',#94,#96,#98,.T.);
#94 = VERTEX_POINT('',#95);
#95 = CARTESIAN_POINT('',(3.25,-0.35,0.2));
#96 = VERTEX_POINT('',#97);
#97 = CARTESIAN_POINT('',(2.75,-0.35,0.2));
#98 = LINE('',#99,#100);
#99 = CARTESIAN_POINT('',(1.9,-0.35,0.2));
#100 = VECTOR('',#101,1.);
#101 = DIRECTION('',(-1.,0.,0.));
#102 = ORIENTED_EDGE('',*,*,#103,.T.);
#103 = EDGE_CURVE('',#94,#104,#106,.T.);
#104 = VERTEX_POINT('',#105);
#105 = CARTESIAN_POINT('',(3.25,-0.85,0.2));
#106 = LINE('',#107,#108);
#107 = CARTESIAN_POINT('',(3.25,-1.6,0.2));
#108 = VECTOR('',#109,1.);
#109 = DIRECTION('',(0.,-1.,2.22044604925E-16));
#110 = ORIENTED_EDGE('',*,*,#111,.T.);
#111 = EDGE_CURVE('',#104,#112,#114,.T.);
#112 = VERTEX_POINT('',#113);
#113 = CARTESIAN_POINT('',(2.75,-0.85,0.2));
#114 = LINE('',#115,#116);
#115 = CARTESIAN_POINT('',(3.275,-0.85,0.2));
#116 = VECTOR('',#117,1.);
#117 = DIRECTION('',(-1.,0.,0.));
#118 = ORIENTED_EDGE('',*,*,#119,.T.);
#119 = EDGE_CURVE('',#112,#96,#120,.T.);
#120 = LINE('',#121,#122);
#121 = CARTESIAN_POINT('',(2.75,-1.35,0.2));
#122 = VECTOR('',#123,1.);
#123 = DIRECTION('',(0.,1.,-2.22044604925E-16));
#124 = PLANE('',#125);
#125 = AXIS2_PLACEMENT_3D('',#126,#127,#128);
#126 = CARTESIAN_POINT('',(3.8,-2.35,0.2));
#127 = DIRECTION('',(0.,2.22044604925E-16,1.));
#128 = DIRECTION('',(-1.,0.,0.));
#129 = ADVANCED_FACE('',(#130),#171,.F.);
#130 = FACE_BOUND('',#131,.F.);
#131 = EDGE_LOOP('',(#132,#133,#141,#149,#157,#165));
#132 = ORIENTED_EDGE('',*,*,#43,.T.);
#133 = ORIENTED_EDGE('',*,*,#134,.F.);
#134 = EDGE_CURVE('',#135,#46,#137,.T.);
#135 = VERTEX_POINT('',#136);
#136 = CARTESIAN_POINT('',(2.2,2.35,0.6));
#137 = LINE('',#138,#139);
#138 = CARTESIAN_POINT('',(2.2,-0.597542901716,0.128393135725));
#139 = VECTOR('',#140,1.);
#140 = DIRECTION('',(-0.,-0.987440631917,-0.157990501107));
#141 = ORIENTED_EDGE('',*,*,#142,.F.);
#142 = EDGE_CURVE('',#143,#135,#145,.T.);
#143 = VERTEX_POINT('',#144);
#144 = CARTESIAN_POINT('',(2.2,2.35,0.2));
#145 = LINE('',#146,#147);
#146 = CARTESIAN_POINT('',(2.2,2.35,1.E-01));
#147 = VECTOR('',#148,1.);
#148 = DIRECTION('',(0.,0.,1.));
#149 = ORIENTED_EDGE('',*,*,#150,.T.);
#150 = EDGE_CURVE('',#143,#151,#153,.T.);
#151 = VERTEX_POINT('',#152);
#152 = CARTESIAN_POINT('',(2.2,2.35,0.199));
#153 = LINE('',#154,#155);
#154 = CARTESIAN_POINT('',(2.2,2.35,1.E-01));
#155 = VECTOR('',#156,1.);
#156 = DIRECTION('',(0.,0.,-1.));
#157 = ORIENTED_EDGE('',*,*,#158,.F.);
#158 = EDGE_CURVE('',#159,#151,#161,.T.);
#159 = VERTEX_POINT('',#160);
#160 = CARTESIAN_POINT('',(2.2,-2.35,0.199));
#161 = LINE('',#162,#163);
#162 = CARTESIAN_POINT('',(2.2,-2.35,0.199));
#163 = VECTOR('',#164,1.);
#164 = DIRECTION('',(0.,1.,-2.22044604925E-16));
#165 = ORIENTED_EDGE('',*,*,#166,.F.);
#166 = EDGE_CURVE('',#44,#159,#167,.T.);
#167 = LINE('',#168,#169);
#168 = CARTESIAN_POINT('',(2.2,-2.35,0.2));
#169 = VECTOR('',#170,1.);
#170 = DIRECTION('',(0.,-2.22044604925E-16,-1.));
#171 = PLANE('',#172);
#172 = AXIS2_PLACEMENT_3D('',#173,#174,#175);
#173 = CARTESIAN_POINT('',(2.2,-2.35,0.2));
#174 = DIRECTION('',(-1.,0.,0.));
#175 = DIRECTION('',(0.,-2.22044604925E-16,-1.));
#176 = ADVANCED_FACE('',(#177),#195,.T.);
#177 = FACE_BOUND('',#178,.F.);
#178 = EDGE_LOOP('',(#179,#187,#193,#194));
#179 = ORIENTED_EDGE('',*,*,#180,.F.);
#180 = EDGE_CURVE('',#181,#78,#183,.T.);
#181 = VERTEX_POINT('',#182);
#182 = CARTESIAN_POINT('',(3.8,2.35,0.6));
#183 = LINE('',#184,#185);
#184 = CARTESIAN_POINT('',(3.8,-0.613143525741,0.125897035881));
#185 = VECTOR('',#186,1.);
#186 = DIRECTION('',(0.,-0.987440631917,-0.157990501107));
#187 = ORIENTED_EDGE('',*,*,#188,.T.);
#188 = EDGE_CURVE('',#181,#135,#189,.T.);
#189 = LINE('',#190,#191);
#190 = CARTESIAN_POINT('',(3.8,2.35,0.6));
#191 = VECTOR('',#192,1.);
#192 = DIRECTION('',(-1.,0.,0.));
#193 = ORIENTED_EDGE('',*,*,#134,.T.);
#194 = ORIENTED_EDGE('',*,*,#85,.F.);
#195 = PLANE('',#196);
#196 = AXIS2_PLACEMENT_3D('',#197,#198,#199);
#197 = CARTESIAN_POINT('',(3.8,1.1,0.4));
#198 = DIRECTION('',(0.,0.157990501107,-0.987440631917));
#199 = DIRECTION('',(1.,-0.,-0.));
#200 = ADVANCED_FACE('',(#201),#459,.F.);
#201 = FACE_BOUND('',#202,.F.);
#202 = EDGE_LOOP('',(#203,#213,#221,#229,#237,#245,#253,#261,#269,#277,
    #285,#293,#301,#309,#317,#325,#333,#341,#349,#357,#365,#373,#381,
    #387,#388,#389,#397,#405,#413,#421,#429,#437,#445,#453));
#203 = ORIENTED_EDGE('',*,*,#204,.T.);
#204 = EDGE_CURVE('',#205,#207,#209,.T.);
#205 = VERTEX_POINT('',#206);
#206 = CARTESIAN_POINT('',(-0.2,-2.35,0.199));
#207 = VERTEX_POINT('',#208);
#208 = CARTESIAN_POINT('',(-0.2,-2.35,0.2));
#209 = LINE('',#210,#211);
#210 = CARTESIAN_POINT('',(-0.2,-2.35,0.));
#211 = VECTOR('',#212,1.);
#212 = DIRECTION('',(0.,2.22044604925E-16,1.));
#213 = ORIENTED_EDGE('',*,*,#214,.T.);
#214 = EDGE_CURVE('',#207,#215,#217,.T.);
#215 = VERTEX_POINT('',#216);
#216 = CARTESIAN_POINT('',(-1.8,-2.35,0.2));
#217 = LINE('',#218,#219);
#218 = CARTESIAN_POINT('',(-0.2,-2.35,0.2));
#219 = VECTOR('',#220,1.);
#220 = DIRECTION('',(-1.,0.,0.));
#221 = ORIENTED_EDGE('',*,*,#222,.T.);
#222 = EDGE_CURVE('',#215,#223,#225,.T.);
#223 = VERTEX_POINT('',#224);
#224 = CARTESIAN_POINT('',(-1.8,-2.35,0.199));
#225 = LINE('',#226,#227);
#226 = CARTESIAN_POINT('',(-1.8,-2.35,0.2));
#227 = VECTOR('',#228,1.);
#228 = DIRECTION('',(0.,-2.22044604925E-16,-1.));
#229 = ORIENTED_EDGE('',*,*,#230,.T.);
#230 = EDGE_CURVE('',#223,#231,#233,.T.);
#231 = VERTEX_POINT('',#232);
#232 = CARTESIAN_POINT('',(-1.835089069161,-2.35,-5.551115123126E-17));
#233 = LINE('',#234,#235);
#234 = CARTESIAN_POINT('',(-1.871018303831,-2.35,-0.203764815378));
#235 = VECTOR('',#236,1.);
#236 = DIRECTION('',(-0.173648177667,0.,-0.984807753012));
#237 = ORIENTED_EDGE('',*,*,#238,.F.);
#238 = EDGE_CURVE('',#239,#231,#241,.T.);
#239 = VERTEX_POINT('',#240);
#240 = CARTESIAN_POINT('',(-2.164910930839,-2.35,1.387778780781E-17));
#241 = LINE('',#242,#243);
#242 = CARTESIAN_POINT('',(-4.8,-2.35,0.));
#243 = VECTOR('',#244,1.);
#244 = DIRECTION('',(1.,0.,0.));
#245 = ORIENTED_EDGE('',*,*,#246,.F.);
#246 = EDGE_CURVE('',#247,#239,#249,.T.);
#247 = VERTEX_POINT('',#248);
#248 = CARTESIAN_POINT('',(-2.2,-2.35,0.199));
#249 = LINE('',#250,#251);
#250 = CARTESIAN_POINT('',(-2.213412027068,-2.35,0.275063385278));
#251 = VECTOR('',#252,1.);
#252 = DIRECTION('',(0.173648177667,0.,-0.984807753012));
#253 = ORIENTED_EDGE('',*,*,#254,.T.);
#254 = EDGE_CURVE('',#247,#255,#257,.T.);
#255 = VERTEX_POINT('',#256);
#256 = CARTESIAN_POINT('',(-2.2,-2.35,0.2));
#257 = LINE('',#258,#259);
#258 = CARTESIAN_POINT('',(-2.2,-2.35,0.));
#259 = VECTOR('',#260,1.);
#260 = DIRECTION('',(0.,2.22044604925E-16,1.));
#261 = ORIENTED_EDGE('',*,*,#262,.T.);
#262 = EDGE_CURVE('',#255,#263,#265,.T.);
#263 = VERTEX_POINT('',#264);
#264 = CARTESIAN_POINT('',(-3.4,-2.35,0.2));
#265 = LINE('',#266,#267);
#266 = CARTESIAN_POINT('',(-2.2,-2.35,0.2));
#267 = VECTOR('',#268,1.);
#268 = DIRECTION('',(-1.,0.,0.));
#269 = ORIENTED_EDGE('',*,*,#270,.T.);
#270 = EDGE_CURVE('',#263,#271,#273,.T.);
#271 = VERTEX_POINT('',#272);
#272 = CARTESIAN_POINT('',(-3.4,-2.35,4.3));
#273 = LINE('',#274,#275);
#274 = CARTESIAN_POINT('',(-3.4,-2.35,1.8));
#275 = VECTOR('',#276,1.);
#276 = DIRECTION('',(0.,2.22044604925E-16,1.));
#277 = ORIENTED_EDGE('',*,*,#278,.T.);
#278 = EDGE_CURVE('',#271,#279,#281,.T.);
#279 = VERTEX_POINT('',#280);
#280 = CARTESIAN_POINT('',(-4.4,-2.35,4.3));
#281 = LINE('',#282,#283);
#282 = CARTESIAN_POINT('',(-3.4,-2.35,4.3));
#283 = VECTOR('',#284,1.);
#284 = DIRECTION('',(-1.,0.,0.));
#285 = ORIENTED_EDGE('',*,*,#286,.T.);
#286 = EDGE_CURVE('',#279,#287,#289,.T.);
#287 = VERTEX_POINT('',#288);
#288 = CARTESIAN_POINT('',(-4.4,-2.35,0.));
#289 = LINE('',#290,#291);
#290 = CARTESIAN_POINT('',(-4.4,-2.35,1.8));
#291 = VECTOR('',#292,1.);
#292 = DIRECTION('',(0.,-2.22044604925E-16,-1.));
#293 = ORIENTED_EDGE('',*,*,#294,.F.);
#294 = EDGE_CURVE('',#295,#287,#297,.T.);
#295 = VERTEX_POINT('',#296);
#296 = CARTESIAN_POINT('',(-4.8,-2.35,0.));
#297 = LINE('',#298,#299);
#298 = CARTESIAN_POINT('',(-4.8,-2.35,0.));
#299 = VECTOR('',#300,1.);
#300 = DIRECTION('',(1.,0.,0.));
#301 = ORIENTED_EDGE('',*,*,#302,.T.);
#302 = EDGE_CURVE('',#295,#303,#305,.T.);
#303 = VERTEX_POINT('',#304);
#304 = CARTESIAN_POINT('',(-4.8,-2.35,6.));
#305 = LINE('',#306,#307);
#306 = CARTESIAN_POINT('',(-4.8,-2.35,0.));
#307 = VECTOR('',#308,1.);
#308 = DIRECTION('',(0.,0.,1.));
#309 = ORIENTED_EDGE('',*,*,#310,.T.);
#310 = EDGE_CURVE('',#303,#311,#313,.T.);
#311 = VERTEX_POINT('',#312);
#312 = CARTESIAN_POINT('',(-2.05,-2.35,6.));
#313 = LINE('',#314,#315);
#314 = CARTESIAN_POINT('',(-4.8,-2.35,6.));
#315 = VECTOR('',#316,1.);
#316 = DIRECTION('',(1.,0.,0.));
#317 = ORIENTED_EDGE('',*,*,#318,.T.);
#318 = EDGE_CURVE('',#311,#319,#321,.T.);
#319 = VERTEX_POINT('',#320);
#320 = CARTESIAN_POINT('',(-2.05,-2.35,1.8));
#321 = LINE('',#322,#323);
#322 = CARTESIAN_POINT('',(-2.05,-2.35,6.));
#323 = VECTOR('',#324,1.);
#324 = DIRECTION('',(-0.,-0.,-1.));
#325 = ORIENTED_EDGE('',*,*,#326,.T.);
#326 = EDGE_CURVE('',#319,#327,#329,.T.);
#327 = VERTEX_POINT('',#328);
#328 = CARTESIAN_POINT('',(2.05,-2.35,1.8));
#329 = LINE('',#330,#331);
#330 = CARTESIAN_POINT('',(-2.05,-2.35,1.8));
#331 = VECTOR('',#332,1.);
#332 = DIRECTION('',(1.,0.,0.));
#333 = ORIENTED_EDGE('',*,*,#334,.F.);
#334 = EDGE_CURVE('',#335,#327,#337,.T.);
#335 = VERTEX_POINT('',#336);
#336 = CARTESIAN_POINT('',(2.05,-2.35,6.));
#337 = LINE('',#338,#339);
#338 = CARTESIAN_POINT('',(2.05,-2.35,6.));
#339 = VECTOR('',#340,1.);
#340 = DIRECTION('',(-0.,-0.,-1.));
#341 = ORIENTED_EDGE('',*,*,#342,.T.);
#342 = EDGE_CURVE('',#335,#343,#345,.T.);
#343 = VERTEX_POINT('',#344);
#344 = CARTESIAN_POINT('',(4.8,-2.35,6.));
#345 = LINE('',#346,#347);
#346 = CARTESIAN_POINT('',(-4.8,-2.35,6.));
#347 = VECTOR('',#348,1.);
#348 = DIRECTION('',(1.,0.,0.));
#349 = ORIENTED_EDGE('',*,*,#350,.F.);
#350 = EDGE_CURVE('',#351,#343,#353,.T.);
#351 = VERTEX_POINT('',#352);
#352 = CARTESIAN_POINT('',(4.8,-2.35,0.));
#353 = LINE('',#354,#355);
#354 = CARTESIAN_POINT('',(4.8,-2.35,0.));
#355 = VECTOR('',#356,1.);
#356 = DIRECTION('',(0.,0.,1.));
#357 = ORIENTED_EDGE('',*,*,#358,.F.);
#358 = EDGE_CURVE('',#359,#351,#361,.T.);
#359 = VERTEX_POINT('',#360);
#360 = CARTESIAN_POINT('',(4.4,-2.35,0.));
#361 = LINE('',#362,#363);
#362 = CARTESIAN_POINT('',(-4.8,-2.35,0.));
#363 = VECTOR('',#364,1.);
#364 = DIRECTION('',(1.,0.,0.));
#365 = ORIENTED_EDGE('',*,*,#366,.T.);
#366 = EDGE_CURVE('',#359,#367,#369,.T.);
#367 = VERTEX_POINT('',#368);
#368 = CARTESIAN_POINT('',(4.4,-2.35,4.3));
#369 = LINE('',#370,#371);
#370 = CARTESIAN_POINT('',(4.4,-2.35,1.8));
#371 = VECTOR('',#372,1.);
#372 = DIRECTION('',(0.,2.22044604925E-16,1.));
#373 = ORIENTED_EDGE('',*,*,#374,.T.);
#374 = EDGE_CURVE('',#367,#375,#377,.T.);
#375 = VERTEX_POINT('',#376);
#376 = CARTESIAN_POINT('',(3.4,-2.35,4.3));
#377 = LINE('',#378,#379);
#378 = CARTESIAN_POINT('',(4.4,-2.35,4.3));
#379 = VECTOR('',#380,1.);
#380 = DIRECTION('',(-1.,0.,0.));
#381 = ORIENTED_EDGE('',*,*,#382,.T.);
#382 = EDGE_CURVE('',#375,#54,#383,.T.);
#383 = LINE('',#384,#385);
#384 = CARTESIAN_POINT('',(3.4,-2.35,1.8));
#385 = VECTOR('',#386,1.);
#386 = DIRECTION('',(0.,-2.22044604925E-16,-1.));
#387 = ORIENTED_EDGE('',*,*,#53,.T.);
#388 = ORIENTED_EDGE('',*,*,#166,.T.);
#389 = ORIENTED_EDGE('',*,*,#390,.T.);
#390 = EDGE_CURVE('',#159,#391,#393,.T.);
#391 = VERTEX_POINT('',#392);
#392 = CARTESIAN_POINT('',(2.164910930839,-2.35,-4.163336342344E-17));
#393 = LINE('',#394,#395);
#394 = CARTESIAN_POINT('',(2.068674316955,-2.35,-0.545784958704));
#395 = VECTOR('',#396,1.);
#396 = DIRECTION('',(-0.173648177667,0.,-0.984807753012));
#397 = ORIENTED_EDGE('',*,*,#398,.F.);
#398 = EDGE_CURVE('',#399,#391,#401,.T.);
#399 = VERTEX_POINT('',#400);
#400 = CARTESIAN_POINT('',(1.835089069161,-2.35,-5.551115123126E-17));
#401 = LINE('',#402,#403);
#402 = CARTESIAN_POINT('',(-4.8,-2.35,0.));
#403 = VECTOR('',#404,1.);
#404 = DIRECTION('',(1.,0.,0.));
#405 = ORIENTED_EDGE('',*,*,#406,.F.);
#406 = EDGE_CURVE('',#407,#399,#409,.T.);
#407 = VERTEX_POINT('',#408);
#408 = CARTESIAN_POINT('',(1.8,-2.35,0.199));
#409 = LINE('',#410,#411);
#410 = CARTESIAN_POINT('',(1.726280593717,-2.35,0.617083528603));
#411 = VECTOR('',#412,1.);
#412 = DIRECTION('',(0.173648177667,0.,-0.984807753012));
#413 = ORIENTED_EDGE('',*,*,#414,.T.);
#414 = EDGE_CURVE('',#407,#415,#417,.T.);
#415 = VERTEX_POINT('',#416);
#416 = CARTESIAN_POINT('',(1.8,-2.35,0.2));
#417 = LINE('',#418,#419);
#418 = CARTESIAN_POINT('',(1.8,-2.35,0.));
#419 = VECTOR('',#420,1.);
#420 = DIRECTION('',(0.,2.22044604925E-16,1.));
#421 = ORIENTED_EDGE('',*,*,#422,.T.);
#422 = EDGE_CURVE('',#415,#423,#425,.T.);
#423 = VERTEX_POINT('',#424);
#424 = CARTESIAN_POINT('',(0.2,-2.35,0.2));
#425 = LINE('',#426,#427);
#426 = CARTESIAN_POINT('',(1.8,-2.35,0.2));
#427 = VECTOR('',#428,1.);
#428 = DIRECTION('',(-1.,0.,0.));
#429 = ORIENTED_EDGE('',*,*,#430,.T.);
#430 = EDGE_CURVE('',#423,#431,#433,.T.);
#431 = VERTEX_POINT('',#432);
#432 = CARTESIAN_POINT('',(0.2,-2.35,0.199));
#433 = LINE('',#434,#435);
#434 = CARTESIAN_POINT('',(0.2,-2.35,0.2));
#435 = VECTOR('',#436,1.);
#436 = DIRECTION('',(0.,-2.22044604925E-16,-1.));
#437 = ORIENTED_EDGE('',*,*,#438,.T.);
#438 = EDGE_CURVE('',#431,#439,#441,.T.);
#439 = VERTEX_POINT('',#440);
#440 = CARTESIAN_POINT('',(0.164910930839,-2.35,-1.387778780781E-17));
#441 = LINE('',#442,#443);
#442 = CARTESIAN_POINT('',(9.882800656169E-02,-2.35,-0.374774887041));
#443 = VECTOR('',#444,1.);
#444 = DIRECTION('',(-0.173648177667,0.,-0.984807753012));
#445 = ORIENTED_EDGE('',*,*,#446,.F.);
#446 = EDGE_CURVE('',#447,#439,#449,.T.);
#447 = VERTEX_POINT('',#448);
#448 = CARTESIAN_POINT('',(-0.164910930839,-2.35,-1.387778780781E-17));
#449 = LINE('',#450,#451);
#450 = CARTESIAN_POINT('',(-4.8,-2.35,0.));
#451 = VECTOR('',#452,1.);
#452 = DIRECTION('',(1.,0.,0.));
#453 = ORIENTED_EDGE('',*,*,#454,.F.);
#454 = EDGE_CURVE('',#205,#447,#455,.T.);
#455 = LINE('',#456,#457);
#456 = CARTESIAN_POINT('',(-0.243565716676,-2.35,0.44607345694));
#457 = VECTOR('',#458,1.);
#458 = DIRECTION('',(0.173648177667,0.,-0.984807753012));
#459 = PLANE('',#460);
#460 = AXIS2_PLACEMENT_3D('',#461,#462,#463);
#461 = CARTESIAN_POINT('',(-4.8,-2.35,0.));
#462 = DIRECTION('',(0.,1.,0.));
#463 = DIRECTION('',(1.,0.,0.));
#464 = ADVANCED_FACE('',(#465),#499,.F.);
#465 = FACE_BOUND('',#466,.F.);
#466 = EDGE_LOOP('',(#467,#468,#476,#484,#492,#498));
#467 = ORIENTED_EDGE('',*,*,#77,.F.);
#468 = ORIENTED_EDGE('',*,*,#469,.F.);
#469 = EDGE_CURVE('',#470,#70,#472,.T.);
#470 = VERTEX_POINT('',#471);
#471 = CARTESIAN_POINT('',(3.8,-2.25,0.199));
#472 = LINE('',#473,#474);
#473 = CARTESIAN_POINT('',(3.8,-2.25,0.45));
#474 = VECTOR('',#475,1.);
#475 = DIRECTION('',(0.,2.467162276945E-16,1.));
#476 = ORIENTED_EDGE('',*,*,#477,.T.);
#477 = EDGE_CURVE('',#470,#478,#480,.T.);
#478 = VERTEX_POINT('',#479);
#479 = CARTESIAN_POINT('',(3.8,2.35,0.199));
#480 = LINE('',#481,#482);
#481 = CARTESIAN_POINT('',(3.8,-2.25,0.199));
#482 = VECTOR('',#483,1.);
#483 = DIRECTION('',(0.,1.,-2.22044604925E-16));
#484 = ORIENTED_EDGE('',*,*,#485,.T.);
#485 = EDGE_CURVE('',#478,#486,#488,.T.);
#486 = VERTEX_POINT('',#487);
#487 = CARTESIAN_POINT('',(3.8,2.35,0.2));
#488 = LINE('',#489,#490);
#489 = CARTESIAN_POINT('',(3.8,2.35,0.));
#490 = VECTOR('',#491,1.);
#491 = DIRECTION('',(0.,0.,1.));
#492 = ORIENTED_EDGE('',*,*,#493,.T.);
#493 = EDGE_CURVE('',#486,#181,#494,.T.);
#494 = LINE('',#495,#496);
#495 = CARTESIAN_POINT('',(3.8,2.35,0.));
#496 = VECTOR('',#497,1.);
#497 = DIRECTION('',(0.,0.,1.));
#498 = ORIENTED_EDGE('',*,*,#180,.T.);
#499 = PLANE('',#500);
#500 = AXIS2_PLACEMENT_3D('',#501,#502,#503);
#501 = CARTESIAN_POINT('',(3.8,-2.35,0.));
#502 = DIRECTION('',(1.,0.,0.));
#503 = DIRECTION('',(0.,2.22044604925E-16,1.));
#504 = ADVANCED_FACE('',(#505),#539,.T.);
#505 = FACE_BOUND('',#506,.T.);
#506 = EDGE_LOOP('',(#507,#515,#516,#517,#525,#533));
#507 = ORIENTED_EDGE('',*,*,#508,.F.);
#508 = EDGE_CURVE('',#375,#509,#511,.T.);
#509 = VERTEX_POINT('',#510);
#510 = CARTESIAN_POINT('',(3.4,-1.8,4.3));
#511 = LINE('',#512,#513);
#512 = CARTESIAN_POINT('',(3.4,-2.35,4.3));
#513 = VECTOR('',#514,1.);
#514 = DIRECTION('',(0.,1.,-2.22044604925E-16));
#515 = ORIENTED_EDGE('',*,*,#382,.T.);
#516 = ORIENTED_EDGE('',*,*,#61,.F.);
#517 = ORIENTED_EDGE('',*,*,#518,.F.);
#518 = EDGE_CURVE('',#519,#62,#521,.T.);
#519 = VERTEX_POINT('',#520);
#520 = CARTESIAN_POINT('',(3.4,-2.25,1.8));
#521 = LINE('',#522,#523);
#522 = CARTESIAN_POINT('',(3.4,-2.25,1.8));
#523 = VECTOR('',#524,1.);
#524 = DIRECTION('',(0.,-2.22044604925E-16,-1.));
#525 = ORIENTED_EDGE('',*,*,#526,.T.);
#526 = EDGE_CURVE('',#519,#527,#529,.T.);
#527 = VERTEX_POINT('',#528);
#528 = CARTESIAN_POINT('',(3.4,-1.8,1.8));
#529 = LINE('',#530,#531);
#530 = CARTESIAN_POINT('',(3.4,-2.35,1.8));
#531 = VECTOR('',#532,1.);
#532 = DIRECTION('',(0.,1.,-2.22044604925E-16));
#533 = ORIENTED_EDGE('',*,*,#534,.F.);
#534 = EDGE_CURVE('',#509,#527,#535,.T.);
#535 = LINE('',#536,#537);
#536 = CARTESIAN_POINT('',(3.4,-1.8,4.3));
#537 = VECTOR('',#538,1.);
#538 = DIRECTION('',(0.,-2.22044604925E-16,-1.));
#539 = PLANE('',#540);
#540 = AXIS2_PLACEMENT_3D('',#541,#542,#543);
#541 = CARTESIAN_POINT('',(3.4,-2.152419354839,2.327419354839));
#542 = DIRECTION('',(1.,0.,0.));
#543 = DIRECTION('',(0.,0.,1.));
#544 = ADVANCED_FACE('',(#545),#580,.F.);
#545 = FACE_BOUND('',#546,.F.);
#546 = EDGE_LOOP('',(#547,#548,#549,#550,#558,#566,#574));
#547 = ORIENTED_EDGE('',*,*,#469,.T.);
#548 = ORIENTED_EDGE('',*,*,#69,.T.);
#549 = ORIENTED_EDGE('',*,*,#518,.F.);
#550 = ORIENTED_EDGE('',*,*,#551,.F.);
#551 = EDGE_CURVE('',#552,#519,#554,.T.);
#552 = VERTEX_POINT('',#553);
#553 = CARTESIAN_POINT('',(4.4,-2.25,1.8));
#554 = LINE('',#555,#556);
#555 = CARTESIAN_POINT('',(4.4,-2.25,1.8));
#556 = VECTOR('',#557,1.);
#557 = DIRECTION('',(-1.,0.,0.));
#558 = ORIENTED_EDGE('',*,*,#559,.F.);
#559 = EDGE_CURVE('',#560,#552,#562,.T.);
#560 = VERTEX_POINT('',#561);
#561 = CARTESIAN_POINT('',(4.4,-2.25,-2.22044604925E-17));
#562 = LINE('',#563,#564);
#563 = CARTESIAN_POINT('',(4.4,-2.25,-2.22044604925E-17));
#564 = VECTOR('',#565,1.);
#565 = DIRECTION('',(0.,2.22044604925E-16,1.));
#566 = ORIENTED_EDGE('',*,*,#567,.F.);
#567 = EDGE_CURVE('',#568,#560,#570,.T.);
#568 = VERTEX_POINT('',#569);
#569 = CARTESIAN_POINT('',(3.835089069161,-2.25,-4.163336342344E-17));
#570 = LINE('',#571,#572);
#571 = CARTESIAN_POINT('',(3.4,-2.25,-2.22044604925E-17));
#572 = VECTOR('',#573,1.);
#573 = DIRECTION('',(1.,0.,0.));
#574 = ORIENTED_EDGE('',*,*,#575,.F.);
#575 = EDGE_CURVE('',#470,#568,#576,.T.);
#576 = LINE('',#577,#578);
#577 = CARTESIAN_POINT('',(3.691541226919,-2.25,0.814100267952));
#578 = VECTOR('',#579,1.);
#579 = DIRECTION('',(0.173648177667,-2.429680538274E-16,-0.984807753012)
  );
#580 = PLANE('',#581);
#581 = AXIS2_PLACEMENT_3D('',#582,#583,#584);
#582 = CARTESIAN_POINT('',(-3.4496215408E-15,-2.25,0.9));
#583 = DIRECTION('',(0.,1.,-2.467162276945E-16));
#584 = DIRECTION('',(0.,2.467162276945E-16,1.));
#585 = ADVANCED_FACE('',(#586),#739,.T.);
#586 = FACE_BOUND('',#587,.T.);
#587 = EDGE_LOOP('',(#588,#598,#606,#614,#622,#630,#638,#646,#654,#662,
    #670,#678,#686,#694,#700,#701,#709,#717,#725,#733));
#588 = ORIENTED_EDGE('',*,*,#589,.T.);
#589 = EDGE_CURVE('',#590,#592,#594,.T.);
#590 = VERTEX_POINT('',#591);
#591 = CARTESIAN_POINT('',(-4.45,-0.35,1.8));
#592 = VERTEX_POINT('',#593);
#593 = CARTESIAN_POINT('',(-3.25,-0.35,1.8));
#594 = LINE('',#595,#596);
#595 = CARTESIAN_POINT('',(-4.45,-0.35,1.8));
#596 = VECTOR('',#597,1.);
#597 = DIRECTION('',(1.,0.,0.));
#598 = ORIENTED_EDGE('',*,*,#599,.T.);
#599 = EDGE_CURVE('',#592,#600,#602,.T.);
#600 = VERTEX_POINT('',#601);
#601 = CARTESIAN_POINT('',(-3.25,-0.35,0.2));
#602 = LINE('',#603,#604);
#603 = CARTESIAN_POINT('',(-3.25,-0.35,1.8));
#604 = VECTOR('',#605,1.);
#605 = DIRECTION('',(-0.,-0.,-1.));
#606 = ORIENTED_EDGE('',*,*,#607,.F.);
#607 = EDGE_CURVE('',#608,#600,#610,.T.);
#608 = VERTEX_POINT('',#609);
#609 = CARTESIAN_POINT('',(-2.75,-0.35,0.2));
#610 = LINE('',#611,#612);
#611 = CARTESIAN_POINT('',(-1.1,-0.35,0.2));
#612 = VECTOR('',#613,1.);
#613 = DIRECTION('',(-1.,0.,0.));
#614 = ORIENTED_EDGE('',*,*,#615,.F.);
#615 = EDGE_CURVE('',#616,#608,#618,.T.);
#616 = VERTEX_POINT('',#617);
#617 = CARTESIAN_POINT('',(-2.75,-0.35,1.8));
#618 = LINE('',#619,#620);
#619 = CARTESIAN_POINT('',(-2.75,-0.35,1.8));
#620 = VECTOR('',#621,1.);
#621 = DIRECTION('',(-0.,-0.,-1.));
#622 = ORIENTED_EDGE('',*,*,#623,.T.);
#623 = EDGE_CURVE('',#616,#624,#626,.T.);
#624 = VERTEX_POINT('',#625);
#625 = CARTESIAN_POINT('',(-1.25,-0.35,1.8));
#626 = LINE('',#627,#628);
#627 = CARTESIAN_POINT('',(-4.45,-0.35,1.8));
#628 = VECTOR('',#629,1.);
#629 = DIRECTION('',(1.,0.,0.));
#630 = ORIENTED_EDGE('',*,*,#631,.T.);
#631 = EDGE_CURVE('',#624,#632,#634,.T.);
#632 = VERTEX_POINT('',#633);
#633 = CARTESIAN_POINT('',(-1.25,-0.35,0.2));
#634 = LINE('',#635,#636);
#635 = CARTESIAN_POINT('',(-1.25,-0.35,1.8));
#636 = VECTOR('',#637,1.);
#637 = DIRECTION('',(-0.,-0.,-1.));
#638 = ORIENTED_EDGE('',*,*,#639,.F.);
#639 = EDGE_CURVE('',#640,#632,#642,.T.);
#640 = VERTEX_POINT('',#641);
#641 = CARTESIAN_POINT('',(-0.75,-0.35,0.2));
#642 = LINE('',#643,#644);
#643 = CARTESIAN_POINT('',(-0.1,-0.35,0.2));
#644 = VECTOR('',#645,1.);
#645 = DIRECTION('',(-1.,0.,0.));
#646 = ORIENTED_EDGE('',*,*,#647,.F.);
#647 = EDGE_CURVE('',#648,#640,#650,.T.);
#648 = VERTEX_POINT('',#649);
#649 = CARTESIAN_POINT('',(-0.75,-0.35,1.8));
#650 = LINE('',#651,#652);
#651 = CARTESIAN_POINT('',(-0.75,-0.35,1.8));
#652 = VECTOR('',#653,1.);
#653 = DIRECTION('',(-0.,-0.,-1.));
#654 = ORIENTED_EDGE('',*,*,#655,.T.);
#655 = EDGE_CURVE('',#648,#656,#658,.T.);
#656 = VERTEX_POINT('',#657);
#657 = CARTESIAN_POINT('',(0.75,-0.35,1.8));
#658 = LINE('',#659,#660);
#659 = CARTESIAN_POINT('',(-4.45,-0.35,1.8));
#660 = VECTOR('',#661,1.);
#661 = DIRECTION('',(1.,0.,0.));
#662 = ORIENTED_EDGE('',*,*,#663,.T.);
#663 = EDGE_CURVE('',#656,#664,#666,.T.);
#664 = VERTEX_POINT('',#665);
#665 = CARTESIAN_POINT('',(0.75,-0.35,0.2));
#666 = LINE('',#667,#668);
#667 = CARTESIAN_POINT('',(0.75,-0.35,1.8));
#668 = VECTOR('',#669,1.);
#669 = DIRECTION('',(-0.,-0.,-1.));
#670 = ORIENTED_EDGE('',*,*,#671,.F.);
#671 = EDGE_CURVE('',#672,#664,#674,.T.);
#672 = VERTEX_POINT('',#673);
#673 = CARTESIAN_POINT('',(1.25,-0.35,0.2));
#674 = LINE('',#675,#676);
#675 = CARTESIAN_POINT('',(0.9,-0.35,0.2));
#676 = VECTOR('',#677,1.);
#677 = DIRECTION('',(-1.,0.,0.));
#678 = ORIENTED_EDGE('',*,*,#679,.F.);
#679 = EDGE_CURVE('',#680,#672,#682,.T.);
#680 = VERTEX_POINT('',#681);
#681 = CARTESIAN_POINT('',(1.25,-0.35,1.8));
#682 = LINE('',#683,#684);
#683 = CARTESIAN_POINT('',(1.25,-0.35,1.8));
#684 = VECTOR('',#685,1.);
#685 = DIRECTION('',(-0.,-0.,-1.));
#686 = ORIENTED_EDGE('',*,*,#687,.T.);
#687 = EDGE_CURVE('',#680,#688,#690,.T.);
#688 = VERTEX_POINT('',#689);
#689 = CARTESIAN_POINT('',(2.75,-0.35,1.8));
#690 = LINE('',#691,#692);
#691 = CARTESIAN_POINT('',(-4.45,-0.35,1.8));
#692 = VECTOR('',#693,1.);
#693 = DIRECTION('',(1.,0.,0.));
#694 = ORIENTED_EDGE('',*,*,#695,.T.);
#695 = EDGE_CURVE('',#688,#96,#696,.T.);
#696 = LINE('',#697,#698);
#697 = CARTESIAN_POINT('',(2.75,-0.35,1.8));
#698 = VECTOR('',#699,1.);
#699 = DIRECTION('',(-0.,-0.,-1.));
#700 = ORIENTED_EDGE('',*,*,#93,.F.);
#701 = ORIENTED_EDGE('',*,*,#702,.F.);
#702 = EDGE_CURVE('',#703,#94,#705,.T.);
#703 = VERTEX_POINT('',#704);
#704 = CARTESIAN_POINT('',(3.25,-0.35,1.8));
#705 = LINE('',#706,#707);
#706 = CARTESIAN_POINT('',(3.25,-0.35,1.8));
#707 = VECTOR('',#708,1.);
#708 = DIRECTION('',(-0.,-0.,-1.));
#709 = ORIENTED_EDGE('',*,*,#710,.T.);
#710 = EDGE_CURVE('',#703,#711,#713,.T.);
#711 = VERTEX_POINT('',#712);
#712 = CARTESIAN_POINT('',(4.45,-0.35,1.8));
#713 = LINE('',#714,#715);
#714 = CARTESIAN_POINT('',(-4.45,-0.35,1.8));
#715 = VECTOR('',#716,1.);
#716 = DIRECTION('',(1.,0.,0.));
#717 = ORIENTED_EDGE('',*,*,#718,.T.);
#718 = EDGE_CURVE('',#711,#719,#721,.T.);
#719 = VERTEX_POINT('',#720);
#720 = CARTESIAN_POINT('',(4.45,-0.35,1.9));
#721 = LINE('',#722,#723);
#722 = CARTESIAN_POINT('',(4.45,-0.35,1.8));
#723 = VECTOR('',#724,1.);
#724 = DIRECTION('',(0.,0.,1.));
#725 = ORIENTED_EDGE('',*,*,#726,.F.);
#726 = EDGE_CURVE('',#727,#719,#729,.T.);
#727 = VERTEX_POINT('',#728);
#728 = CARTESIAN_POINT('',(-4.45,-0.35,1.9));
#729 = LINE('',#730,#731);
#730 = CARTESIAN_POINT('',(-4.45,-0.35,1.9));
#731 = VECTOR('',#732,1.);
#732 = DIRECTION('',(1.,0.,0.));
#733 = ORIENTED_EDGE('',*,*,#734,.F.);
#734 = EDGE_CURVE('',#590,#727,#735,.T.);
#735 = LINE('',#736,#737);
#736 = CARTESIAN_POINT('',(-4.45,-0.35,1.8));
#737 = VECTOR('',#738,1.);
#738 = DIRECTION('',(0.,0.,1.));
#739 = PLANE('',#740);
#740 = AXIS2_PLACEMENT_3D('',#741,#742,#743);
#741 = CARTESIAN_POINT('',(-4.111937128241E-17,-0.35,1.316666666667));
#742 = DIRECTION('',(-0.,-1.,-0.));
#743 = DIRECTION('',(0.,0.,-1.));
#744 = ADVANCED_FACE('',(#745),#763,.F.);
#745 = FACE_BOUND('',#746,.F.);
#746 = EDGE_LOOP('',(#747,#755,#761,#762));
#747 = ORIENTED_EDGE('',*,*,#748,.F.);
#748 = EDGE_CURVE('',#749,#703,#751,.T.);
#749 = VERTEX_POINT('',#750);
#750 = CARTESIAN_POINT('',(3.25,-0.85,1.8));
#751 = LINE('',#752,#753);
#752 = CARTESIAN_POINT('',(3.25,-0.85,1.8));
#753 = VECTOR('',#754,1.);
#754 = DIRECTION('',(0.,1.,0.));
#755 = ORIENTED_EDGE('',*,*,#756,.T.);
#756 = EDGE_CURVE('',#749,#104,#757,.T.);
#757 = LINE('',#758,#759);
#758 = CARTESIAN_POINT('',(3.25,-0.85,1.8));
#759 = VECTOR('',#760,1.);
#760 = DIRECTION('',(-0.,-0.,-1.));
#761 = ORIENTED_EDGE('',*,*,#103,.F.);
#762 = ORIENTED_EDGE('',*,*,#702,.F.);
#763 = PLANE('',#764);
#764 = AXIS2_PLACEMENT_3D('',#765,#766,#767);
#765 = CARTESIAN_POINT('',(3.25,-0.85,1.8));
#766 = DIRECTION('',(1.,0.,0.));
#767 = DIRECTION('',(0.,1.,0.));
#768 = ADVANCED_FACE('',(#769),#787,.F.);
#769 = FACE_BOUND('',#770,.F.);
#770 = EDGE_LOOP('',(#771,#779,#780,#781));
#771 = ORIENTED_EDGE('',*,*,#772,.F.);
#772 = EDGE_CURVE('',#688,#773,#775,.T.);
#773 = VERTEX_POINT('',#774);
#774 = CARTESIAN_POINT('',(2.75,-0.85,1.8));
#775 = LINE('',#776,#777);
#776 = CARTESIAN_POINT('',(2.75,-0.35,1.8));
#777 = VECTOR('',#778,1.);
#778 = DIRECTION('',(0.,-1.,0.));
#779 = ORIENTED_EDGE('',*,*,#695,.T.);
#780 = ORIENTED_EDGE('',*,*,#119,.F.);
#781 = ORIENTED_EDGE('',*,*,#782,.F.);
#782 = EDGE_CURVE('',#773,#112,#783,.T.);
#783 = LINE('',#784,#785);
#784 = CARTESIAN_POINT('',(2.75,-0.85,1.8));
#785 = VECTOR('',#786,1.);
#786 = DIRECTION('',(-0.,-0.,-1.));
#787 = PLANE('',#788);
#788 = AXIS2_PLACEMENT_3D('',#789,#790,#791);
#789 = CARTESIAN_POINT('',(2.75,-0.35,1.8));
#790 = DIRECTION('',(-1.,0.,0.));
#791 = DIRECTION('',(0.,-1.,0.));
#792 = ADVANCED_FACE('',(#793),#804,.F.);
#793 = FACE_BOUND('',#794,.F.);
#794 = EDGE_LOOP('',(#795,#801,#802,#803));
#795 = ORIENTED_EDGE('',*,*,#796,.F.);
#796 = EDGE_CURVE('',#773,#749,#797,.T.);
#797 = LINE('',#798,#799);
#798 = CARTESIAN_POINT('',(2.75,-0.85,1.8));
#799 = VECTOR('',#800,1.);
#800 = DIRECTION('',(1.,0.,0.));
#801 = ORIENTED_EDGE('',*,*,#782,.T.);
#802 = ORIENTED_EDGE('',*,*,#111,.F.);
#803 = ORIENTED_EDGE('',*,*,#756,.F.);
#804 = PLANE('',#805);
#805 = AXIS2_PLACEMENT_3D('',#806,#807,#808);
#806 = CARTESIAN_POINT('',(2.75,-0.85,1.8));
#807 = DIRECTION('',(0.,-1.,0.));
#808 = DIRECTION('',(1.,0.,0.));
#809 = ADVANCED_FACE('',(#810),#1063,.F.);
#810 = FACE_BOUND('',#811,.F.);
#811 = EDGE_LOOP('',(#812,#822,#830,#838,#846,#854,#862,#870,#878,#886,
    #894,#902,#910,#918,#926,#934,#942,#950,#958,#966,#974,#980,#981,
    #982,#983,#984,#985,#993,#1001,#1009,#1017,#1025,#1033,#1041,#1049,
    #1057));
#812 = ORIENTED_EDGE('',*,*,#813,.F.);
#813 = EDGE_CURVE('',#814,#816,#818,.T.);
#814 = VERTEX_POINT('',#815);
#815 = CARTESIAN_POINT('',(-2.2,2.35,0.2));
#816 = VERTEX_POINT('',#817);
#817 = CARTESIAN_POINT('',(-2.2,2.35,0.6));
#818 = LINE('',#819,#820);
#819 = CARTESIAN_POINT('',(-2.2,2.35,0.));
#820 = VECTOR('',#821,1.);
#821 = DIRECTION('',(0.,0.,1.));
#822 = ORIENTED_EDGE('',*,*,#823,.F.);
#823 = EDGE_CURVE('',#824,#814,#826,.T.);
#824 = VERTEX_POINT('',#825);
#825 = CARTESIAN_POINT('',(-2.2,2.35,0.199));
#826 = LINE('',#827,#828);
#827 = CARTESIAN_POINT('',(-2.2,2.35,0.));
#828 = VECTOR('',#829,1.);
#829 = DIRECTION('',(0.,0.,1.));
#830 = ORIENTED_EDGE('',*,*,#831,.T.);
#831 = EDGE_CURVE('',#824,#832,#834,.T.);
#832 = VERTEX_POINT('',#833);
#833 = CARTESIAN_POINT('',(-2.164910930839,2.35,-9.992007221626E-16));
#834 = LINE('',#835,#836);
#835 = CARTESIAN_POINT('',(-2.068674316955,2.35,-0.545784958704));
#836 = VECTOR('',#837,1.);
#837 = DIRECTION('',(0.173648177667,0.,-0.984807753012));
#838 = ORIENTED_EDGE('',*,*,#839,.F.);
#839 = EDGE_CURVE('',#840,#832,#842,.T.);
#840 = VERTEX_POINT('',#841);
#841 = CARTESIAN_POINT('',(-1.835089069161,2.35,-1.068589661202E-15));
#842 = LINE('',#843,#844);
#843 = CARTESIAN_POINT('',(4.8,2.35,0.));
#844 = VECTOR('',#845,1.);
#845 = DIRECTION('',(-1.,0.,0.));
#846 = ORIENTED_EDGE('',*,*,#847,.F.);
#847 = EDGE_CURVE('',#848,#840,#850,.T.);
#848 = VERTEX_POINT('',#849);
#849 = CARTESIAN_POINT('',(-1.8,2.35,0.199));
#850 = LINE('',#851,#852);
#851 = CARTESIAN_POINT('',(-1.726280593717,2.35,0.617083528603));
#852 = VECTOR('',#853,1.);
#853 = DIRECTION('',(-0.173648177667,-0.,-0.984807753012));
#854 = ORIENTED_EDGE('',*,*,#855,.F.);
#855 = EDGE_CURVE('',#856,#848,#858,.T.);
#856 = VERTEX_POINT('',#857);
#857 = CARTESIAN_POINT('',(-1.8,2.35,0.2));
#858 = LINE('',#859,#860);
#859 = CARTESIAN_POINT('',(-1.8,2.35,0.1));
#860 = VECTOR('',#861,1.);
#861 = DIRECTION('',(0.,0.,-1.));
#862 = ORIENTED_EDGE('',*,*,#863,.T.);
#863 = EDGE_CURVE('',#856,#864,#866,.T.);
#864 = VERTEX_POINT('',#865);
#865 = CARTESIAN_POINT('',(-1.8,2.35,0.6));
#866 = LINE('',#867,#868);
#867 = CARTESIAN_POINT('',(-1.8,2.35,0.1));
#868 = VECTOR('',#869,1.);
#869 = DIRECTION('',(0.,0.,1.));
#870 = ORIENTED_EDGE('',*,*,#871,.F.);
#871 = EDGE_CURVE('',#872,#864,#874,.T.);
#872 = VERTEX_POINT('',#873);
#873 = CARTESIAN_POINT('',(-0.2,2.35,0.6));
#874 = LINE('',#875,#876);
#875 = CARTESIAN_POINT('',(-0.2,2.35,0.6));
#876 = VECTOR('',#877,1.);
#877 = DIRECTION('',(-1.,0.,0.));
#878 = ORIENTED_EDGE('',*,*,#879,.F.);
#879 = EDGE_CURVE('',#880,#872,#882,.T.);
#880 = VERTEX_POINT('',#881);
#881 = CARTESIAN_POINT('',(-0.2,2.35,0.2));
#882 = LINE('',#883,#884);
#883 = CARTESIAN_POINT('',(-0.2,2.35,0.));
#884 = VECTOR('',#885,1.);
#885 = DIRECTION('',(0.,0.,1.));
#886 = ORIENTED_EDGE('',*,*,#887,.F.);
#887 = EDGE_CURVE('',#888,#880,#890,.T.);
#888 = VERTEX_POINT('',#889);
#889 = CARTESIAN_POINT('',(-0.2,2.35,0.199));
#890 = LINE('',#891,#892);
#891 = CARTESIAN_POINT('',(-0.2,2.35,0.));
#892 = VECTOR('',#893,1.);
#893 = DIRECTION('',(0.,0.,1.));
#894 = ORIENTED_EDGE('',*,*,#895,.T.);
#895 = EDGE_CURVE('',#888,#896,#898,.T.);
#896 = VERTEX_POINT('',#897);
#897 = CARTESIAN_POINT('',(-0.164910930839,2.35,-1.026956297778E-15));
#898 = LINE('',#899,#900);
#899 = CARTESIAN_POINT('',(-9.882800656169E-02,2.35,-0.374774887041));
#900 = VECTOR('',#901,1.);
#901 = DIRECTION('',(0.173648177667,0.,-0.984807753012));
#902 = ORIENTED_EDGE('',*,*,#903,.F.);
#903 = EDGE_CURVE('',#904,#896,#906,.T.);
#904 = VERTEX_POINT('',#905);
#905 = CARTESIAN_POINT('',(0.164910930839,2.35,-1.026956297778E-15));
#906 = LINE('',#907,#908);
#907 = CARTESIAN_POINT('',(4.8,2.35,0.));
#908 = VECTOR('',#909,1.);
#909 = DIRECTION('',(-1.,0.,0.));
#910 = ORIENTED_EDGE('',*,*,#911,.F.);
#911 = EDGE_CURVE('',#912,#904,#914,.T.);
#912 = VERTEX_POINT('',#913);
#913 = CARTESIAN_POINT('',(0.2,2.35,0.199));
#914 = LINE('',#915,#916);
#915 = CARTESIAN_POINT('',(0.243565716676,2.35,0.44607345694));
#916 = VECTOR('',#917,1.);
#917 = DIRECTION('',(-0.173648177667,-0.,-0.984807753012));
#918 = ORIENTED_EDGE('',*,*,#919,.F.);
#919 = EDGE_CURVE('',#920,#912,#922,.T.);
#920 = VERTEX_POINT('',#921);
#921 = CARTESIAN_POINT('',(0.2,2.35,0.2));
#922 = LINE('',#923,#924);
#923 = CARTESIAN_POINT('',(0.2,2.35,0.1));
#924 = VECTOR('',#925,1.);
#925 = DIRECTION('',(0.,0.,-1.));
#926 = ORIENTED_EDGE('',*,*,#927,.T.);
#927 = EDGE_CURVE('',#920,#928,#930,.T.);
#928 = VERTEX_POINT('',#929);
#929 = CARTESIAN_POINT('',(0.2,2.35,0.6));
#930 = LINE('',#931,#932);
#931 = CARTESIAN_POINT('',(0.2,2.35,0.1));
#932 = VECTOR('',#933,1.);
#933 = DIRECTION('',(0.,0.,1.));
#934 = ORIENTED_EDGE('',*,*,#935,.F.);
#935 = EDGE_CURVE('',#936,#928,#938,.T.);
#936 = VERTEX_POINT('',#937);
#937 = CARTESIAN_POINT('',(1.8,2.35,0.6));
#938 = LINE('',#939,#940);
#939 = CARTESIAN_POINT('',(1.8,2.35,0.6));
#940 = VECTOR('',#941,1.);
#941 = DIRECTION('',(-1.,0.,0.));
#942 = ORIENTED_EDGE('',*,*,#943,.F.);
#943 = EDGE_CURVE('',#944,#936,#946,.T.);
#944 = VERTEX_POINT('',#945);
#945 = CARTESIAN_POINT('',(1.8,2.35,0.2));
#946 = LINE('',#947,#948);
#947 = CARTESIAN_POINT('',(1.8,2.35,0.));
#948 = VECTOR('',#949,1.);
#949 = DIRECTION('',(0.,0.,1.));
#950 = ORIENTED_EDGE('',*,*,#951,.F.);
#951 = EDGE_CURVE('',#952,#944,#954,.T.);
#952 = VERTEX_POINT('',#953);
#953 = CARTESIAN_POINT('',(1.8,2.35,0.199));
#954 = LINE('',#955,#956);
#955 = CARTESIAN_POINT('',(1.8,2.35,0.));
#956 = VECTOR('',#957,1.);
#957 = DIRECTION('',(0.,0.,1.));
#958 = ORIENTED_EDGE('',*,*,#959,.T.);
#959 = EDGE_CURVE('',#952,#960,#962,.T.);
#960 = VERTEX_POINT('',#961);
#961 = CARTESIAN_POINT('',(1.835089069161,2.35,-1.068589661202E-15));
#962 = LINE('',#963,#964);
#963 = CARTESIAN_POINT('',(1.871018303831,2.35,-0.203764815378));
#964 = VECTOR('',#965,1.);
#965 = DIRECTION('',(0.173648177667,0.,-0.984807753012));
#966 = ORIENTED_EDGE('',*,*,#967,.F.);
#967 = EDGE_CURVE('',#968,#960,#970,.T.);
#968 = VERTEX_POINT('',#969);
#969 = CARTESIAN_POINT('',(2.164910930839,2.35,-1.054711873394E-15));
#970 = LINE('',#971,#972);
#971 = CARTESIAN_POINT('',(4.8,2.35,0.));
#972 = VECTOR('',#973,1.);
#973 = DIRECTION('',(-1.,0.,0.));
#974 = ORIENTED_EDGE('',*,*,#975,.F.);
#975 = EDGE_CURVE('',#151,#968,#976,.T.);
#976 = LINE('',#977,#978);
#977 = CARTESIAN_POINT('',(2.213412027068,2.35,0.275063385278));
#978 = VECTOR('',#979,1.);
#979 = DIRECTION('',(-0.173648177667,-0.,-0.984807753012));
#980 = ORIENTED_EDGE('',*,*,#150,.F.);
#981 = ORIENTED_EDGE('',*,*,#142,.T.);
#982 = ORIENTED_EDGE('',*,*,#188,.F.);
#983 = ORIENTED_EDGE('',*,*,#493,.F.);
#984 = ORIENTED_EDGE('',*,*,#485,.F.);
#985 = ORIENTED_EDGE('',*,*,#986,.T.);
#986 = EDGE_CURVE('',#478,#987,#989,.T.);
#987 = VERTEX_POINT('',#988);
#988 = CARTESIAN_POINT('',(3.835089069161,2.35,-1.026956297778E-15));
#989 = LINE('',#990,#991);
#990 = CARTESIAN_POINT('',(3.840864614224,2.35,-3.275474371552E-02));
#991 = VECTOR('',#992,1.);
#992 = DIRECTION('',(0.173648177667,0.,-0.984807753012));
#993 = ORIENTED_EDGE('',*,*,#994,.F.);
#994 = EDGE_CURVE('',#995,#987,#997,.T.);
#995 = VERTEX_POINT('',#996);
#996 = CARTESIAN_POINT('',(4.8,2.35,0.));
#997 = LINE('',#998,#999);
#998 = CARTESIAN_POINT('',(4.8,2.35,0.));
#999 = VECTOR('',#1000,1.);
#1000 = DIRECTION('',(-1.,0.,0.));
#1001 = ORIENTED_EDGE('',*,*,#1002,.T.);
#1002 = EDGE_CURVE('',#995,#1003,#1005,.T.);
#1003 = VERTEX_POINT('',#1004);
#1004 = CARTESIAN_POINT('',(4.8,2.35,6.));
#1005 = LINE('',#1006,#1007);
#1006 = CARTESIAN_POINT('',(4.8,2.35,0.));
#1007 = VECTOR('',#1008,1.);
#1008 = DIRECTION('',(0.,0.,1.));
#1009 = ORIENTED_EDGE('',*,*,#1010,.T.);
#1010 = EDGE_CURVE('',#1003,#1011,#1013,.T.);
#1011 = VERTEX_POINT('',#1012);
#1012 = CARTESIAN_POINT('',(-4.8,2.35,6.));
#1013 = LINE('',#1014,#1015);
#1014 = CARTESIAN_POINT('',(4.8,2.35,6.));
#1015 = VECTOR('',#1016,1.);
#1016 = DIRECTION('',(-1.,0.,0.));
#1017 = ORIENTED_EDGE('',*,*,#1018,.F.);
#1018 = EDGE_CURVE('',#1019,#1011,#1021,.T.);
#1019 = VERTEX_POINT('',#1020);
#1020 = CARTESIAN_POINT('',(-4.8,2.35,0.));
#1021 = LINE('',#1022,#1023);
#1022 = CARTESIAN_POINT('',(-4.8,2.35,0.));
#1023 = VECTOR('',#1024,1.);
#1024 = DIRECTION('',(0.,0.,1.));
#1025 = ORIENTED_EDGE('',*,*,#1026,.F.);
#1026 = EDGE_CURVE('',#1027,#1019,#1029,.T.);
#1027 = VERTEX_POINT('',#1028);
#1028 = CARTESIAN_POINT('',(-3.835089069161,2.35,-1.026956297778E-15));
#1029 = LINE('',#1030,#1031);
#1030 = CARTESIAN_POINT('',(4.8,2.35,0.));
#1031 = VECTOR('',#1032,1.);
#1032 = DIRECTION('',(-1.,0.,0.));
#1033 = ORIENTED_EDGE('',*,*,#1034,.F.);
#1034 = EDGE_CURVE('',#1035,#1027,#1037,.T.);
#1035 = VERTEX_POINT('',#1036);
#1036 = CARTESIAN_POINT('',(-3.8,2.35,0.199));
#1037 = LINE('',#1038,#1039);
#1038 = CARTESIAN_POINT('',(-3.69612690411,2.35,0.788093600266));
#1039 = VECTOR('',#1040,1.);
#1040 = DIRECTION('',(-0.173648177667,-0.,-0.984807753012));
#1041 = ORIENTED_EDGE('',*,*,#1042,.F.);
#1042 = EDGE_CURVE('',#1043,#1035,#1045,.T.);
#1043 = VERTEX_POINT('',#1044);
#1044 = CARTESIAN_POINT('',(-3.8,2.35,0.2));
#1045 = LINE('',#1046,#1047);
#1046 = CARTESIAN_POINT('',(-3.8,2.35,0.1));
#1047 = VECTOR('',#1048,1.);
#1048 = DIRECTION('',(0.,0.,-1.));
#1049 = ORIENTED_EDGE('',*,*,#1050,.T.);
#1050 = EDGE_CURVE('',#1043,#1051,#1053,.T.);
#1051 = VERTEX_POINT('',#1052);
#1052 = CARTESIAN_POINT('',(-3.8,2.35,0.6));
#1053 = LINE('',#1054,#1055);
#1054 = CARTESIAN_POINT('',(-3.8,2.35,0.1));
#1055 = VECTOR('',#1056,1.);
#1056 = DIRECTION('',(0.,0.,1.));
#1057 = ORIENTED_EDGE('',*,*,#1058,.F.);
#1058 = EDGE_CURVE('',#816,#1051,#1059,.T.);
#1059 = LINE('',#1060,#1061);
#1060 = CARTESIAN_POINT('',(-2.2,2.35,0.6));
#1061 = VECTOR('',#1062,1.);
#1062 = DIRECTION('',(-1.,0.,0.));
#1063 = PLANE('',#1064);
#1064 = AXIS2_PLACEMENT_3D('',#1065,#1066,#1067);
#1065 = CARTESIAN_POINT('',(4.8,2.35,0.));
#1066 = DIRECTION('',(0.,-1.,0.));
#1067 = DIRECTION('',(-1.,0.,0.));
#1068 = ADVANCED_FACE('',(#1069),#1080,.T.);
#1069 = FACE_BOUND('',#1070,.F.);
#1070 = EDGE_LOOP('',(#1071,#1072,#1073,#1074));
#1071 = ORIENTED_EDGE('',*,*,#390,.F.);
#1072 = ORIENTED_EDGE('',*,*,#158,.T.);
#1073 = ORIENTED_EDGE('',*,*,#975,.T.);
#1074 = ORIENTED_EDGE('',*,*,#1075,.F.);
#1075 = EDGE_CURVE('',#391,#968,#1076,.T.);
#1076 = LINE('',#1077,#1078);
#1077 = CARTESIAN_POINT('',(2.164910930839,-2.35,0.));
#1078 = VECTOR('',#1079,1.);
#1079 = DIRECTION('',(0.,1.,-2.22044604925E-16));
#1080 = PLANE('',#1081);
#1081 = AXIS2_PLACEMENT_3D('',#1082,#1083,#1084);
#1082 = CARTESIAN_POINT('',(2.18245546542,-2.35,9.95E-02));
#1083 = DIRECTION('',(0.984807753012,4.337694007704E-19,-0.173648177667)
  );
#1084 = DIRECTION('',(3.839904326947E-17,-1.,2.152738175632E-16));
#1085 = ADVANCED_FACE('',(#1086),#1111,.F.);
#1086 = FACE_BOUND('',#1087,.F.);
#1087 = EDGE_LOOP('',(#1088,#1096,#1097,#1103,#1104,#1105));
#1088 = ORIENTED_EDGE('',*,*,#1089,.F.);
#1089 = EDGE_CURVE('',#207,#1090,#1092,.T.);
#1090 = VERTEX_POINT('',#1091);
#1091 = CARTESIAN_POINT('',(-0.2,-0.15,0.2));
#1092 = LINE('',#1093,#1094);
#1093 = CARTESIAN_POINT('',(-0.2,-2.35,0.2));
#1094 = VECTOR('',#1095,1.);
#1095 = DIRECTION('',(0.,1.,-2.22044604925E-16));
#1096 = ORIENTED_EDGE('',*,*,#204,.F.);
#1097 = ORIENTED_EDGE('',*,*,#1098,.T.);
#1098 = EDGE_CURVE('',#205,#888,#1099,.T.);
#1099 = LINE('',#1100,#1101);
#1100 = CARTESIAN_POINT('',(-0.2,-2.35,0.199));
#1101 = VECTOR('',#1102,1.);
#1102 = DIRECTION('',(0.,1.,-2.22044604925E-16));
#1103 = ORIENTED_EDGE('',*,*,#887,.T.);
#1104 = ORIENTED_EDGE('',*,*,#879,.T.);
#1105 = ORIENTED_EDGE('',*,*,#1106,.T.);
#1106 = EDGE_CURVE('',#872,#1090,#1107,.T.);
#1107 = LINE('',#1108,#1109);
#1108 = CARTESIAN_POINT('',(-0.2,-0.613143525741,0.125897035881));
#1109 = VECTOR('',#1110,1.);
#1110 = DIRECTION('',(0.,-0.987440631917,-0.157990501107));
#1111 = PLANE('',#1112);
#1112 = AXIS2_PLACEMENT_3D('',#1113,#1114,#1115);
#1113 = CARTESIAN_POINT('',(-0.2,-2.35,0.));
#1114 = DIRECTION('',(1.,0.,0.));
#1115 = DIRECTION('',(0.,2.22044604925E-16,1.));
#1116 = ADVANCED_FACE('',(#1117),#1128,.T.);
#1117 = FACE_BOUND('',#1118,.T.);
#1118 = EDGE_LOOP('',(#1119,#1120,#1121,#1122));
#1119 = ORIENTED_EDGE('',*,*,#454,.F.);
#1120 = ORIENTED_EDGE('',*,*,#1098,.T.);
#1121 = ORIENTED_EDGE('',*,*,#895,.T.);
#1122 = ORIENTED_EDGE('',*,*,#1123,.F.);
#1123 = EDGE_CURVE('',#447,#896,#1124,.T.);
#1124 = LINE('',#1125,#1126);
#1125 = CARTESIAN_POINT('',(-0.164910930839,-2.35,0.));
#1126 = VECTOR('',#1127,1.);
#1127 = DIRECTION('',(0.,1.,-2.22044604925E-16));
#1128 = PLANE('',#1129);
#1129 = AXIS2_PLACEMENT_3D('',#1130,#1131,#1132);
#1130 = CARTESIAN_POINT('',(-0.18245546542,-2.35,9.95E-02));
#1131 = DIRECTION('',(-0.984807753012,0.,-0.173648177667));
#1132 = DIRECTION('',(3.797186380058E-17,1.,-2.153491408292E-16));
#1133 = ADVANCED_FACE('',(#1134,#1152),#1177,.F.);
#1134 = FACE_BOUND('',#1135,.F.);
#1135 = EDGE_LOOP('',(#1136,#1144,#1145,#1146));
#1136 = ORIENTED_EDGE('',*,*,#1137,.F.);
#1137 = EDGE_CURVE('',#215,#1138,#1140,.T.);
#1138 = VERTEX_POINT('',#1139);
#1139 = CARTESIAN_POINT('',(-1.8,-0.15,0.2));
#1140 = LINE('',#1141,#1142);
#1141 = CARTESIAN_POINT('',(-1.8,-2.35,0.2));
#1142 = VECTOR('',#1143,1.);
#1143 = DIRECTION('',(0.,1.,-2.22044604925E-16));
#1144 = ORIENTED_EDGE('',*,*,#214,.F.);
#1145 = ORIENTED_EDGE('',*,*,#1089,.T.);
#1146 = ORIENTED_EDGE('',*,*,#1147,.T.);
#1147 = EDGE_CURVE('',#1090,#1138,#1148,.T.);
#1148 = LINE('',#1149,#1150);
#1149 = CARTESIAN_POINT('',(-0.2,-0.15,0.2));
#1150 = VECTOR('',#1151,1.);
#1151 = DIRECTION('',(-1.,0.,0.));
#1152 = FACE_BOUND('',#1153,.F.);
#1153 = EDGE_LOOP('',(#1154,#1155,#1163,#1171));
#1154 = ORIENTED_EDGE('',*,*,#639,.F.);
#1155 = ORIENTED_EDGE('',*,*,#1156,.T.);
#1156 = EDGE_CURVE('',#640,#1157,#1159,.T.);
#1157 = VERTEX_POINT('',#1158);
#1158 = CARTESIAN_POINT('',(-0.75,-0.85,0.2));
#1159 = LINE('',#1160,#1161);
#1160 = CARTESIAN_POINT('',(-0.75,-1.6,0.2));
#1161 = VECTOR('',#1162,1.);
#1162 = DIRECTION('',(0.,-1.,2.22044604925E-16));
#1163 = ORIENTED_EDGE('',*,*,#1164,.T.);
#1164 = EDGE_CURVE('',#1157,#1165,#1167,.T.);
#1165 = VERTEX_POINT('',#1166);
#1166 = CARTESIAN_POINT('',(-1.25,-0.85,0.2));
#1167 = LINE('',#1168,#1169);
#1168 = CARTESIAN_POINT('',(-0.725,-0.85,0.2));
#1169 = VECTOR('',#1170,1.);
#1170 = DIRECTION('',(-1.,0.,0.));
#1171 = ORIENTED_EDGE('',*,*,#1172,.T.);
#1172 = EDGE_CURVE('',#1165,#632,#1173,.T.);
#1173 = LINE('',#1174,#1175);
#1174 = CARTESIAN_POINT('',(-1.25,-1.35,0.2));
#1175 = VECTOR('',#1176,1.);
#1176 = DIRECTION('',(0.,1.,-2.22044604925E-16));
#1177 = PLANE('',#1178);
#1178 = AXIS2_PLACEMENT_3D('',#1179,#1180,#1181);
#1179 = CARTESIAN_POINT('',(-0.2,-2.35,0.2));
#1180 = DIRECTION('',(0.,2.22044604925E-16,1.));
#1181 = DIRECTION('',(-1.,0.,0.));
#1182 = ADVANCED_FACE('',(#1183),#1194,.F.);
#1183 = FACE_BOUND('',#1184,.F.);
#1184 = EDGE_LOOP('',(#1185,#1186,#1187,#1188));
#1185 = ORIENTED_EDGE('',*,*,#903,.T.);
#1186 = ORIENTED_EDGE('',*,*,#1123,.F.);
#1187 = ORIENTED_EDGE('',*,*,#446,.T.);
#1188 = ORIENTED_EDGE('',*,*,#1189,.T.);
#1189 = EDGE_CURVE('',#439,#904,#1190,.T.);
#1190 = LINE('',#1191,#1192);
#1191 = CARTESIAN_POINT('',(0.164910930839,-2.35,0.));
#1192 = VECTOR('',#1193,1.);
#1193 = DIRECTION('',(0.,1.,-2.22044604925E-16));
#1194 = PLANE('',#1195);
#1195 = AXIS2_PLACEMENT_3D('',#1196,#1197,#1198);
#1196 = CARTESIAN_POINT('',(4.338849780614E-16,-4.539545475312E-17,0.));
#1197 = DIRECTION('',(0.,0.,1.));
#1198 = DIRECTION('',(1.,0.,0.));
#1199 = ADVANCED_FACE('',(#1200),#1218,.F.);
#1200 = FACE_BOUND('',#1201,.F.);
#1201 = EDGE_LOOP('',(#1202,#1203,#1209,#1210,#1211,#1217));
#1202 = ORIENTED_EDGE('',*,*,#1137,.T.);
#1203 = ORIENTED_EDGE('',*,*,#1204,.F.);
#1204 = EDGE_CURVE('',#864,#1138,#1205,.T.);
#1205 = LINE('',#1206,#1207);
#1206 = CARTESIAN_POINT('',(-1.8,-0.597542901716,0.128393135725));
#1207 = VECTOR('',#1208,1.);
#1208 = DIRECTION('',(-0.,-0.987440631917,-0.157990501107));
#1209 = ORIENTED_EDGE('',*,*,#863,.F.);
#1210 = ORIENTED_EDGE('',*,*,#855,.T.);
#1211 = ORIENTED_EDGE('',*,*,#1212,.F.);
#1212 = EDGE_CURVE('',#223,#848,#1213,.T.);
#1213 = LINE('',#1214,#1215);
#1214 = CARTESIAN_POINT('',(-1.8,-2.35,0.199));
#1215 = VECTOR('',#1216,1.);
#1216 = DIRECTION('',(0.,1.,-2.22044604925E-16));
#1217 = ORIENTED_EDGE('',*,*,#222,.F.);
#1218 = PLANE('',#1219);
#1219 = AXIS2_PLACEMENT_3D('',#1220,#1221,#1222);
#1220 = CARTESIAN_POINT('',(-1.8,-2.35,0.2));
#1221 = DIRECTION('',(-1.,0.,0.));
#1222 = DIRECTION('',(0.,-2.22044604925E-16,-1.));
#1223 = ADVANCED_FACE('',(#1224),#1235,.T.);
#1224 = FACE_BOUND('',#1225,.F.);
#1225 = EDGE_LOOP('',(#1226,#1227,#1233,#1234));
#1226 = ORIENTED_EDGE('',*,*,#438,.F.);
#1227 = ORIENTED_EDGE('',*,*,#1228,.T.);
#1228 = EDGE_CURVE('',#431,#912,#1229,.T.);
#1229 = LINE('',#1230,#1231);
#1230 = CARTESIAN_POINT('',(0.2,-2.35,0.199));
#1231 = VECTOR('',#1232,1.);
#1232 = DIRECTION('',(0.,1.,-2.22044604925E-16));
#1233 = ORIENTED_EDGE('',*,*,#911,.T.);
#1234 = ORIENTED_EDGE('',*,*,#1189,.F.);
#1235 = PLANE('',#1236);
#1236 = AXIS2_PLACEMENT_3D('',#1237,#1238,#1239);
#1237 = CARTESIAN_POINT('',(0.18245546542,-2.35,9.95E-02));
#1238 = DIRECTION('',(0.984807753012,0.,-0.173648177667));
#1239 = DIRECTION('',(3.797186380058E-17,-1.,2.153491408292E-16));
#1240 = ADVANCED_FACE('',(#1241),#1252,.T.);
#1241 = FACE_BOUND('',#1242,.F.);
#1242 = EDGE_LOOP('',(#1243,#1244,#1245,#1246));
#1243 = ORIENTED_EDGE('',*,*,#230,.F.);
#1244 = ORIENTED_EDGE('',*,*,#1212,.T.);
#1245 = ORIENTED_EDGE('',*,*,#847,.T.);
#1246 = ORIENTED_EDGE('',*,*,#1247,.F.);
#1247 = EDGE_CURVE('',#231,#840,#1248,.T.);
#1248 = LINE('',#1249,#1250);
#1249 = CARTESIAN_POINT('',(-1.835089069161,-2.35,0.));
#1250 = VECTOR('',#1251,1.);
#1251 = DIRECTION('',(0.,1.,-2.22044604925E-16));
#1252 = PLANE('',#1253);
#1253 = AXIS2_PLACEMENT_3D('',#1254,#1255,#1256);
#1254 = CARTESIAN_POINT('',(-1.81754453458,-2.35,9.95E-02));
#1255 = DIRECTION('',(0.984807753012,-4.337694007704E-19,-0.173648177667
    ));
#1256 = DIRECTION('',(3.754468433168E-17,-1.,2.154244640952E-16));
#1257 = ADVANCED_FACE('',(#1258),#1278,.F.);
#1258 = FACE_BOUND('',#1259,.F.);
#1259 = EDGE_LOOP('',(#1260,#1268,#1274,#1275,#1276,#1277));
#1260 = ORIENTED_EDGE('',*,*,#1261,.T.);
#1261 = EDGE_CURVE('',#423,#1262,#1264,.T.);
#1262 = VERTEX_POINT('',#1263);
#1263 = CARTESIAN_POINT('',(0.2,-0.15,0.2));
#1264 = LINE('',#1265,#1266);
#1265 = CARTESIAN_POINT('',(0.2,-2.35,0.2));
#1266 = VECTOR('',#1267,1.);
#1267 = DIRECTION('',(0.,1.,-2.22044604925E-16));
#1268 = ORIENTED_EDGE('',*,*,#1269,.F.);
#1269 = EDGE_CURVE('',#928,#1262,#1270,.T.);
#1270 = LINE('',#1271,#1272);
#1271 = CARTESIAN_POINT('',(0.2,-0.597542901716,0.128393135725));
#1272 = VECTOR('',#1273,1.);
#1273 = DIRECTION('',(-0.,-0.987440631917,-0.157990501107));
#1274 = ORIENTED_EDGE('',*,*,#927,.F.);
#1275 = ORIENTED_EDGE('',*,*,#919,.T.);
#1276 = ORIENTED_EDGE('',*,*,#1228,.F.);
#1277 = ORIENTED_EDGE('',*,*,#430,.F.);
#1278 = PLANE('',#1279);
#1279 = AXIS2_PLACEMENT_3D('',#1280,#1281,#1282);
#1280 = CARTESIAN_POINT('',(0.2,-2.35,0.2));
#1281 = DIRECTION('',(-1.,0.,0.));
#1282 = DIRECTION('',(0.,-2.22044604925E-16,-1.));
#1283 = ADVANCED_FACE('',(#1284),#1295,.F.);
#1284 = FACE_BOUND('',#1285,.F.);
#1285 = EDGE_LOOP('',(#1286,#1287,#1293,#1294));
#1286 = ORIENTED_EDGE('',*,*,#839,.T.);
#1287 = ORIENTED_EDGE('',*,*,#1288,.F.);
#1288 = EDGE_CURVE('',#239,#832,#1289,.T.);
#1289 = LINE('',#1290,#1291);
#1290 = CARTESIAN_POINT('',(-2.164910930839,-2.35,0.));
#1291 = VECTOR('',#1292,1.);
#1292 = DIRECTION('',(0.,1.,-2.22044604925E-16));
#1293 = ORIENTED_EDGE('',*,*,#238,.T.);
#1294 = ORIENTED_EDGE('',*,*,#1247,.T.);
#1295 = PLANE('',#1296);
#1296 = AXIS2_PLACEMENT_3D('',#1297,#1298,#1299);
#1297 = CARTESIAN_POINT('',(4.338849780614E-16,-4.539545475312E-17,0.));
#1298 = DIRECTION('',(0.,0.,1.));
#1299 = DIRECTION('',(1.,0.,0.));
#1300 = ADVANCED_FACE('',(#1301,#1319),#1344,.F.);
#1301 = FACE_BOUND('',#1302,.F.);
#1302 = EDGE_LOOP('',(#1303,#1304,#1305,#1313));
#1303 = ORIENTED_EDGE('',*,*,#1261,.F.);
#1304 = ORIENTED_EDGE('',*,*,#422,.F.);
#1305 = ORIENTED_EDGE('',*,*,#1306,.T.);
#1306 = EDGE_CURVE('',#415,#1307,#1309,.T.);
#1307 = VERTEX_POINT('',#1308);
#1308 = CARTESIAN_POINT('',(1.8,-0.15,0.2));
#1309 = LINE('',#1310,#1311);
#1310 = CARTESIAN_POINT('',(1.8,-2.35,0.2));
#1311 = VECTOR('',#1312,1.);
#1312 = DIRECTION('',(0.,1.,-2.22044604925E-16));
#1313 = ORIENTED_EDGE('',*,*,#1314,.T.);
#1314 = EDGE_CURVE('',#1307,#1262,#1315,.T.);
#1315 = LINE('',#1316,#1317);
#1316 = CARTESIAN_POINT('',(1.8,-0.15,0.2));
#1317 = VECTOR('',#1318,1.);
#1318 = DIRECTION('',(-1.,0.,0.));
#1319 = FACE_BOUND('',#1320,.F.);
#1320 = EDGE_LOOP('',(#1321,#1322,#1330,#1338));
#1321 = ORIENTED_EDGE('',*,*,#671,.F.);
#1322 = ORIENTED_EDGE('',*,*,#1323,.T.);
#1323 = EDGE_CURVE('',#672,#1324,#1326,.T.);
#1324 = VERTEX_POINT('',#1325);
#1325 = CARTESIAN_POINT('',(1.25,-0.85,0.2));
#1326 = LINE('',#1327,#1328);
#1327 = CARTESIAN_POINT('',(1.25,-1.6,0.2));
#1328 = VECTOR('',#1329,1.);
#1329 = DIRECTION('',(0.,-1.,2.22044604925E-16));
#1330 = ORIENTED_EDGE('',*,*,#1331,.T.);
#1331 = EDGE_CURVE('',#1324,#1332,#1334,.T.);
#1332 = VERTEX_POINT('',#1333);
#1333 = CARTESIAN_POINT('',(0.75,-0.85,0.2));
#1334 = LINE('',#1335,#1336);
#1335 = CARTESIAN_POINT('',(1.275,-0.85,0.2));
#1336 = VECTOR('',#1337,1.);
#1337 = DIRECTION('',(-1.,0.,0.));
#1338 = ORIENTED_EDGE('',*,*,#1339,.T.);
#1339 = EDGE_CURVE('',#1332,#664,#1340,.T.);
#1340 = LINE('',#1341,#1342);
#1341 = CARTESIAN_POINT('',(0.75,-1.35,0.2));
#1342 = VECTOR('',#1343,1.);
#1343 = DIRECTION('',(0.,1.,-2.22044604925E-16));
#1344 = PLANE('',#1345);
#1345 = AXIS2_PLACEMENT_3D('',#1346,#1347,#1348);
#1346 = CARTESIAN_POINT('',(1.8,-2.35,0.2));
#1347 = DIRECTION('',(0.,2.22044604925E-16,1.));
#1348 = DIRECTION('',(-1.,0.,0.));
#1349 = ADVANCED_FACE('',(#1350),#1361,.T.);
#1350 = FACE_BOUND('',#1351,.T.);
#1351 = EDGE_LOOP('',(#1352,#1353,#1359,#1360));
#1352 = ORIENTED_EDGE('',*,*,#246,.F.);
#1353 = ORIENTED_EDGE('',*,*,#1354,.T.);
#1354 = EDGE_CURVE('',#247,#824,#1355,.T.);
#1355 = LINE('',#1356,#1357);
#1356 = CARTESIAN_POINT('',(-2.2,-2.35,0.199));
#1357 = VECTOR('',#1358,1.);
#1358 = DIRECTION('',(0.,1.,-2.22044604925E-16));
#1359 = ORIENTED_EDGE('',*,*,#831,.T.);
#1360 = ORIENTED_EDGE('',*,*,#1288,.F.);
#1361 = PLANE('',#1362);
#1362 = AXIS2_PLACEMENT_3D('',#1363,#1364,#1365);
#1363 = CARTESIAN_POINT('',(-2.18245546542,-2.35,9.95E-02));
#1364 = DIRECTION('',(-0.984807753012,0.,-0.173648177667));
#1365 = DIRECTION('',(3.797186380058E-17,1.,-2.153491408292E-16));
#1366 = ADVANCED_FACE('',(#1367),#1385,.F.);
#1367 = FACE_BOUND('',#1368,.F.);
#1368 = EDGE_LOOP('',(#1369,#1370,#1371,#1377,#1378,#1379));
#1369 = ORIENTED_EDGE('',*,*,#1306,.F.);
#1370 = ORIENTED_EDGE('',*,*,#414,.F.);
#1371 = ORIENTED_EDGE('',*,*,#1372,.T.);
#1372 = EDGE_CURVE('',#407,#952,#1373,.T.);
#1373 = LINE('',#1374,#1375);
#1374 = CARTESIAN_POINT('',(1.8,-2.35,0.199));
#1375 = VECTOR('',#1376,1.);
#1376 = DIRECTION('',(0.,1.,-2.22044604925E-16));
#1377 = ORIENTED_EDGE('',*,*,#951,.T.);
#1378 = ORIENTED_EDGE('',*,*,#943,.T.);
#1379 = ORIENTED_EDGE('',*,*,#1380,.T.);
#1380 = EDGE_CURVE('',#936,#1307,#1381,.T.);
#1381 = LINE('',#1382,#1383);
#1382 = CARTESIAN_POINT('',(1.8,-0.613143525741,0.125897035881));
#1383 = VECTOR('',#1384,1.);
#1384 = DIRECTION('',(0.,-0.987440631917,-0.157990501107));
#1385 = PLANE('',#1386);
#1386 = AXIS2_PLACEMENT_3D('',#1387,#1388,#1389);
#1387 = CARTESIAN_POINT('',(1.8,-2.35,0.));
#1388 = DIRECTION('',(1.,0.,0.));
#1389 = DIRECTION('',(0.,2.22044604925E-16,1.));
#1390 = ADVANCED_FACE('',(#1391),#1411,.F.);
#1391 = FACE_BOUND('',#1392,.F.);
#1392 = EDGE_LOOP('',(#1393,#1401,#1402,#1403,#1404,#1405));
#1393 = ORIENTED_EDGE('',*,*,#1394,.F.);
#1394 = EDGE_CURVE('',#255,#1395,#1397,.T.);
#1395 = VERTEX_POINT('',#1396);
#1396 = CARTESIAN_POINT('',(-2.2,-0.15,0.2));
#1397 = LINE('',#1398,#1399);
#1398 = CARTESIAN_POINT('',(-2.2,-2.35,0.2));
#1399 = VECTOR('',#1400,1.);
#1400 = DIRECTION('',(0.,1.,-2.22044604925E-16));
#1401 = ORIENTED_EDGE('',*,*,#254,.F.);
#1402 = ORIENTED_EDGE('',*,*,#1354,.T.);
#1403 = ORIENTED_EDGE('',*,*,#823,.T.);
#1404 = ORIENTED_EDGE('',*,*,#813,.T.);
#1405 = ORIENTED_EDGE('',*,*,#1406,.T.);
#1406 = EDGE_CURVE('',#816,#1395,#1407,.T.);
#1407 = LINE('',#1408,#1409);
#1408 = CARTESIAN_POINT('',(-2.2,-0.613143525741,0.125897035881));
#1409 = VECTOR('',#1410,1.);
#1410 = DIRECTION('',(0.,-0.987440631917,-0.157990501107));
#1411 = PLANE('',#1412);
#1412 = AXIS2_PLACEMENT_3D('',#1413,#1414,#1415);
#1413 = CARTESIAN_POINT('',(-2.2,-2.35,0.));
#1414 = DIRECTION('',(1.,0.,0.));
#1415 = DIRECTION('',(0.,2.22044604925E-16,1.));
#1416 = ADVANCED_FACE('',(#1417),#1428,.T.);
#1417 = FACE_BOUND('',#1418,.T.);
#1418 = EDGE_LOOP('',(#1419,#1420,#1421,#1422));
#1419 = ORIENTED_EDGE('',*,*,#406,.F.);
#1420 = ORIENTED_EDGE('',*,*,#1372,.T.);
#1421 = ORIENTED_EDGE('',*,*,#959,.T.);
#1422 = ORIENTED_EDGE('',*,*,#1423,.F.);
#1423 = EDGE_CURVE('',#399,#960,#1424,.T.);
#1424 = LINE('',#1425,#1426);
#1425 = CARTESIAN_POINT('',(1.835089069161,-2.35,0.));
#1426 = VECTOR('',#1427,1.);
#1427 = DIRECTION('',(0.,1.,-2.22044604925E-16));
#1428 = PLANE('',#1429);
#1429 = AXIS2_PLACEMENT_3D('',#1430,#1431,#1432);
#1430 = CARTESIAN_POINT('',(1.81754453458,-2.35,9.95E-02));
#1431 = DIRECTION('',(-0.984807753012,8.675388015408E-19,-0.173648177667
    ));
#1432 = DIRECTION('',(3.882622273837E-17,1.,-2.151984942973E-16));
#1433 = ADVANCED_FACE('',(#1434,#1468),#1493,.F.);
#1434 = FACE_BOUND('',#1435,.F.);
#1435 = EDGE_LOOP('',(#1436,#1446,#1454,#1460,#1461,#1462));
#1436 = ORIENTED_EDGE('',*,*,#1437,.F.);
#1437 = EDGE_CURVE('',#1438,#1440,#1442,.T.);
#1438 = VERTEX_POINT('',#1439);
#1439 = CARTESIAN_POINT('',(-3.8,-2.25,0.2));
#1440 = VERTEX_POINT('',#1441);
#1441 = CARTESIAN_POINT('',(-3.8,-0.15,0.2));
#1442 = LINE('',#1443,#1444);
#1443 = CARTESIAN_POINT('',(-3.8,-2.35,0.2));
#1444 = VECTOR('',#1445,1.);
#1445 = DIRECTION('',(0.,1.,-2.22044604925E-16));
#1446 = ORIENTED_EDGE('',*,*,#1447,.F.);
#1447 = EDGE_CURVE('',#1448,#1438,#1450,.T.);
#1448 = VERTEX_POINT('',#1449);
#1449 = CARTESIAN_POINT('',(-3.4,-2.25,0.2));
#1450 = LINE('',#1451,#1452);
#1451 = CARTESIAN_POINT('',(-1.1,-2.25,0.2));
#1452 = VECTOR('',#1453,1.);
#1453 = DIRECTION('',(-1.,0.,0.));
#1454 = ORIENTED_EDGE('',*,*,#1455,.F.);
#1455 = EDGE_CURVE('',#263,#1448,#1456,.T.);
#1456 = LINE('',#1457,#1458);
#1457 = CARTESIAN_POINT('',(-3.4,-2.35,0.2));
#1458 = VECTOR('',#1459,1.);
#1459 = DIRECTION('',(0.,1.,-2.22044604925E-16));
#1460 = ORIENTED_EDGE('',*,*,#262,.F.);
#1461 = ORIENTED_EDGE('',*,*,#1394,.T.);
#1462 = ORIENTED_EDGE('',*,*,#1463,.T.);
#1463 = EDGE_CURVE('',#1395,#1440,#1464,.T.);
#1464 = LINE('',#1465,#1466);
#1465 = CARTESIAN_POINT('',(-2.2,-0.15,0.2));
#1466 = VECTOR('',#1467,1.);
#1467 = DIRECTION('',(-1.,0.,0.));
#1468 = FACE_BOUND('',#1469,.F.);
#1469 = EDGE_LOOP('',(#1470,#1471,#1479,#1487));
#1470 = ORIENTED_EDGE('',*,*,#607,.F.);
#1471 = ORIENTED_EDGE('',*,*,#1472,.T.);
#1472 = EDGE_CURVE('',#608,#1473,#1475,.T.);
#1473 = VERTEX_POINT('',#1474);
#1474 = CARTESIAN_POINT('',(-2.75,-0.85,0.2));
#1475 = LINE('',#1476,#1477);
#1476 = CARTESIAN_POINT('',(-2.75,-1.6,0.2));
#1477 = VECTOR('',#1478,1.);
#1478 = DIRECTION('',(0.,-1.,2.22044604925E-16));
#1479 = ORIENTED_EDGE('',*,*,#1480,.T.);
#1480 = EDGE_CURVE('',#1473,#1481,#1483,.T.);
#1481 = VERTEX_POINT('',#1482);
#1482 = CARTESIAN_POINT('',(-3.25,-0.85,0.2));
#1483 = LINE('',#1484,#1485);
#1484 = CARTESIAN_POINT('',(-2.725,-0.85,0.2));
#1485 = VECTOR('',#1486,1.);
#1486 = DIRECTION('',(-1.,0.,0.));
#1487 = ORIENTED_EDGE('',*,*,#1488,.T.);
#1488 = EDGE_CURVE('',#1481,#600,#1489,.T.);
#1489 = LINE('',#1490,#1491);
#1490 = CARTESIAN_POINT('',(-3.25,-1.35,0.2));
#1491 = VECTOR('',#1492,1.);
#1492 = DIRECTION('',(0.,1.,-2.22044604925E-16));
#1493 = PLANE('',#1494);
#1494 = AXIS2_PLACEMENT_3D('',#1495,#1496,#1497);
#1495 = CARTESIAN_POINT('',(-2.2,-2.35,0.2));
#1496 = DIRECTION('',(0.,2.22044604925E-16,1.));
#1497 = DIRECTION('',(-1.,0.,0.));
#1498 = ADVANCED_FACE('',(#1499),#1505,.F.);
#1499 = FACE_BOUND('',#1500,.F.);
#1500 = EDGE_LOOP('',(#1501,#1502,#1503,#1504));
#1501 = ORIENTED_EDGE('',*,*,#967,.T.);
#1502 = ORIENTED_EDGE('',*,*,#1423,.F.);
#1503 = ORIENTED_EDGE('',*,*,#398,.T.);
#1504 = ORIENTED_EDGE('',*,*,#1075,.T.);
#1505 = PLANE('',#1506);
#1506 = AXIS2_PLACEMENT_3D('',#1507,#1508,#1509);
#1507 = CARTESIAN_POINT('',(4.338849780614E-16,-4.539545475312E-17,0.));
#1508 = DIRECTION('',(0.,0.,1.));
#1509 = DIRECTION('',(1.,0.,0.));
#1510 = ADVANCED_FACE('',(#1511),#1545,.T.);
#1511 = FACE_BOUND('',#1512,.T.);
#1512 = EDGE_LOOP('',(#1513,#1523,#1529,#1530,#1531,#1539));
#1513 = ORIENTED_EDGE('',*,*,#1514,.F.);
#1514 = EDGE_CURVE('',#1515,#1517,#1519,.T.);
#1515 = VERTEX_POINT('',#1516);
#1516 = CARTESIAN_POINT('',(-3.4,-2.25,1.8));
#1517 = VERTEX_POINT('',#1518);
#1518 = CARTESIAN_POINT('',(-3.4,-1.8,1.8));
#1519 = LINE('',#1520,#1521);
#1520 = CARTESIAN_POINT('',(-3.4,-2.35,1.8));
#1521 = VECTOR('',#1522,1.);
#1522 = DIRECTION('',(0.,1.,-2.22044604925E-16));
#1523 = ORIENTED_EDGE('',*,*,#1524,.F.);
#1524 = EDGE_CURVE('',#1448,#1515,#1525,.T.);
#1525 = LINE('',#1526,#1527);
#1526 = CARTESIAN_POINT('',(-3.4,-2.25,-2.22044604925E-17));
#1527 = VECTOR('',#1528,1.);
#1528 = DIRECTION('',(0.,2.22044604925E-16,1.));
#1529 = ORIENTED_EDGE('',*,*,#1455,.F.);
#1530 = ORIENTED_EDGE('',*,*,#270,.T.);
#1531 = ORIENTED_EDGE('',*,*,#1532,.T.);
#1532 = EDGE_CURVE('',#271,#1533,#1535,.T.);
#1533 = VERTEX_POINT('',#1534);
#1534 = CARTESIAN_POINT('',(-3.4,-1.8,4.3));
#1535 = LINE('',#1536,#1537);
#1536 = CARTESIAN_POINT('',(-3.4,-2.35,4.3));
#1537 = VECTOR('',#1538,1.);
#1538 = DIRECTION('',(0.,1.,-2.22044604925E-16));
#1539 = ORIENTED_EDGE('',*,*,#1540,.F.);
#1540 = EDGE_CURVE('',#1517,#1533,#1541,.T.);
#1541 = LINE('',#1542,#1543);
#1542 = CARTESIAN_POINT('',(-3.4,-1.8,1.8));
#1543 = VECTOR('',#1544,1.);
#1544 = DIRECTION('',(0.,2.22044604925E-16,1.));
#1545 = PLANE('',#1546);
#1546 = AXIS2_PLACEMENT_3D('',#1547,#1548,#1549);
#1547 = CARTESIAN_POINT('',(-3.4,-2.152419354839,2.327419354839));
#1548 = DIRECTION('',(-1.,-0.,-0.));
#1549 = DIRECTION('',(0.,0.,-1.));
#1550 = ADVANCED_FACE('',(#1551),#1569,.F.);
#1551 = FACE_BOUND('',#1552,.F.);
#1552 = EDGE_LOOP('',(#1553,#1554,#1562,#1568));
#1553 = ORIENTED_EDGE('',*,*,#1532,.T.);
#1554 = ORIENTED_EDGE('',*,*,#1555,.T.);
#1555 = EDGE_CURVE('',#1533,#1556,#1558,.T.);
#1556 = VERTEX_POINT('',#1557);
#1557 = CARTESIAN_POINT('',(-4.4,-1.8,4.3));
#1558 = LINE('',#1559,#1560);
#1559 = CARTESIAN_POINT('',(-3.4,-1.8,4.3));
#1560 = VECTOR('',#1561,1.);
#1561 = DIRECTION('',(-1.,0.,0.));
#1562 = ORIENTED_EDGE('',*,*,#1563,.F.);
#1563 = EDGE_CURVE('',#279,#1556,#1564,.T.);
#1564 = LINE('',#1565,#1566);
#1565 = CARTESIAN_POINT('',(-4.4,-2.35,4.3));
#1566 = VECTOR('',#1567,1.);
#1567 = DIRECTION('',(0.,1.,-2.22044604925E-16));
#1568 = ORIENTED_EDGE('',*,*,#278,.F.);
#1569 = PLANE('',#1570);
#1570 = AXIS2_PLACEMENT_3D('',#1571,#1572,#1573);
#1571 = CARTESIAN_POINT('',(-3.4,-2.35,4.3));
#1572 = DIRECTION('',(0.,2.22044604925E-16,1.));
#1573 = DIRECTION('',(-1.,0.,0.));
#1574 = ADVANCED_FACE('',(#1575),#1609,.T.);
#1575 = FACE_BOUND('',#1576,.T.);
#1576 = EDGE_LOOP('',(#1577,#1578,#1579,#1587,#1595,#1603));
#1577 = ORIENTED_EDGE('',*,*,#1563,.F.);
#1578 = ORIENTED_EDGE('',*,*,#286,.T.);
#1579 = ORIENTED_EDGE('',*,*,#1580,.T.);
#1580 = EDGE_CURVE('',#287,#1581,#1583,.T.);
#1581 = VERTEX_POINT('',#1582);
#1582 = CARTESIAN_POINT('',(-4.4,-2.25,-2.22044604925E-17));
#1583 = LINE('',#1584,#1585);
#1584 = CARTESIAN_POINT('',(-4.4,-2.35,0.));
#1585 = VECTOR('',#1586,1.);
#1586 = DIRECTION('',(0.,1.,-2.22044604925E-16));
#1587 = ORIENTED_EDGE('',*,*,#1588,.F.);
#1588 = EDGE_CURVE('',#1589,#1581,#1591,.T.);
#1589 = VERTEX_POINT('',#1590);
#1590 = CARTESIAN_POINT('',(-4.4,-2.25,1.8));
#1591 = LINE('',#1592,#1593);
#1592 = CARTESIAN_POINT('',(-4.4,-2.25,1.8));
#1593 = VECTOR('',#1594,1.);
#1594 = DIRECTION('',(0.,-2.22044604925E-16,-1.));
#1595 = ORIENTED_EDGE('',*,*,#1596,.T.);
#1596 = EDGE_CURVE('',#1589,#1597,#1599,.T.);
#1597 = VERTEX_POINT('',#1598);
#1598 = CARTESIAN_POINT('',(-4.4,-1.8,1.8));
#1599 = LINE('',#1600,#1601);
#1600 = CARTESIAN_POINT('',(-4.4,-2.35,1.8));
#1601 = VECTOR('',#1602,1.);
#1602 = DIRECTION('',(0.,1.,-2.22044604925E-16));
#1603 = ORIENTED_EDGE('',*,*,#1604,.F.);
#1604 = EDGE_CURVE('',#1556,#1597,#1605,.T.);
#1605 = LINE('',#1606,#1607);
#1606 = CARTESIAN_POINT('',(-4.4,-1.8,4.3));
#1607 = VECTOR('',#1608,1.);
#1608 = DIRECTION('',(0.,-2.22044604925E-16,-1.));
#1609 = PLANE('',#1610);
#1610 = AXIS2_PLACEMENT_3D('',#1611,#1612,#1613);
#1611 = CARTESIAN_POINT('',(-4.4,-2.158505154639,2.233505154639));
#1612 = DIRECTION('',(1.,-2.421149043329E-15,-8.37664390787E-16));
#1613 = DIRECTION('',(2.421149043329E-15,1.,0.));
#1614 = ADVANCED_FACE('',(#1615),#1658,.F.);
#1615 = FACE_BOUND('',#1616,.F.);
#1616 = EDGE_LOOP('',(#1617,#1618,#1627,#1635,#1642,#1643,#1644,#1652));
#1617 = ORIENTED_EDGE('',*,*,#1026,.T.);
#1618 = ORIENTED_EDGE('',*,*,#1619,.T.);
#1619 = EDGE_CURVE('',#1019,#1620,#1622,.T.);
#1620 = VERTEX_POINT('',#1621);
#1621 = CARTESIAN_POINT('',(-5.,2.15,0.));
#1622 = CIRCLE('',#1623,0.2);
#1623 = AXIS2_PLACEMENT_3D('',#1624,#1625,#1626);
#1624 = CARTESIAN_POINT('',(-4.8,2.15,0.));
#1625 = DIRECTION('',(0.,0.,1.));
#1626 = DIRECTION('',(1.,0.,0.));
#1627 = ORIENTED_EDGE('',*,*,#1628,.T.);
#1628 = EDGE_CURVE('',#1620,#1629,#1631,.T.);
#1629 = VERTEX_POINT('',#1630);
#1630 = CARTESIAN_POINT('',(-5.,-2.15,0.));
#1631 = LINE('',#1632,#1633);
#1632 = CARTESIAN_POINT('',(-5.,2.15,0.));
#1633 = VECTOR('',#1634,1.);
#1634 = DIRECTION('',(0.,-1.,0.));
#1635 = ORIENTED_EDGE('',*,*,#1636,.T.);
#1636 = EDGE_CURVE('',#1629,#295,#1637,.T.);
#1637 = CIRCLE('',#1638,0.2);
#1638 = AXIS2_PLACEMENT_3D('',#1639,#1640,#1641);
#1639 = CARTESIAN_POINT('',(-4.8,-2.15,0.));
#1640 = DIRECTION('',(0.,0.,1.));
#1641 = DIRECTION('',(1.,0.,0.));
#1642 = ORIENTED_EDGE('',*,*,#294,.T.);
#1643 = ORIENTED_EDGE('',*,*,#1580,.T.);
#1644 = ORIENTED_EDGE('',*,*,#1645,.T.);
#1645 = EDGE_CURVE('',#1581,#1646,#1648,.T.);
#1646 = VERTEX_POINT('',#1647);
#1647 = CARTESIAN_POINT('',(-3.835089069161,-2.25,-4.163336342344E-17));
#1648 = LINE('',#1649,#1650);
#1649 = CARTESIAN_POINT('',(-4.4,-2.25,-2.22044604925E-17));
#1650 = VECTOR('',#1651,1.);
#1651 = DIRECTION('',(1.,0.,0.));
#1652 = ORIENTED_EDGE('',*,*,#1653,.T.);
#1653 = EDGE_CURVE('',#1646,#1027,#1654,.T.);
#1654 = LINE('',#1655,#1656);
#1655 = CARTESIAN_POINT('',(-3.835089069161,-2.25,0.));
#1656 = VECTOR('',#1657,1.);
#1657 = DIRECTION('',(0.,1.,-2.22044604925E-16));
#1658 = PLANE('',#1659);
#1659 = AXIS2_PLACEMENT_3D('',#1660,#1661,#1662);
#1660 = CARTESIAN_POINT('',(4.338849780614E-16,-4.539545475312E-17,0.));
#1661 = DIRECTION('',(0.,0.,1.));
#1662 = DIRECTION('',(1.,0.,0.));
#1663 = ADVANCED_FACE('',(#1664),#1683,.T.);
#1664 = FACE_BOUND('',#1665,.F.);
#1665 = EDGE_LOOP('',(#1666,#1674,#1681,#1682));
#1666 = ORIENTED_EDGE('',*,*,#1667,.T.);
#1667 = EDGE_CURVE('',#1629,#1668,#1670,.T.);
#1668 = VERTEX_POINT('',#1669);
#1669 = CARTESIAN_POINT('',(-5.,-2.15,6.));
#1670 = LINE('',#1671,#1672);
#1671 = CARTESIAN_POINT('',(-5.,-2.15,0.));
#1672 = VECTOR('',#1673,1.);
#1673 = DIRECTION('',(0.,0.,1.));
#1674 = ORIENTED_EDGE('',*,*,#1675,.T.);
#1675 = EDGE_CURVE('',#1668,#303,#1676,.T.);
#1676 = CIRCLE('',#1677,0.2);
#1677 = AXIS2_PLACEMENT_3D('',#1678,#1679,#1680);
#1678 = CARTESIAN_POINT('',(-4.8,-2.15,6.));
#1679 = DIRECTION('',(0.,0.,1.));
#1680 = DIRECTION('',(1.,0.,0.));
#1681 = ORIENTED_EDGE('',*,*,#302,.F.);
#1682 = ORIENTED_EDGE('',*,*,#1636,.F.);
#1683 = CYLINDRICAL_SURFACE('',#1684,0.2);
#1684 = AXIS2_PLACEMENT_3D('',#1685,#1686,#1687);
#1685 = CARTESIAN_POINT('',(-4.8,-2.15,0.));
#1686 = DIRECTION('',(-0.,-0.,-1.));
#1687 = DIRECTION('',(1.,0.,0.));
#1688 = ADVANCED_FACE('',(#1689),#1707,.F.);
#1689 = FACE_BOUND('',#1690,.F.);
#1690 = EDGE_LOOP('',(#1691,#1699,#1705,#1706));
#1691 = ORIENTED_EDGE('',*,*,#1692,.T.);
#1692 = EDGE_CURVE('',#367,#1693,#1695,.T.);
#1693 = VERTEX_POINT('',#1694);
#1694 = CARTESIAN_POINT('',(4.4,-1.8,4.3));
#1695 = LINE('',#1696,#1697);
#1696 = CARTESIAN_POINT('',(4.4,-2.35,4.3));
#1697 = VECTOR('',#1698,1.);
#1698 = DIRECTION('',(0.,1.,-2.22044604925E-16));
#1699 = ORIENTED_EDGE('',*,*,#1700,.T.);
#1700 = EDGE_CURVE('',#1693,#509,#1701,.T.);
#1701 = LINE('',#1702,#1703);
#1702 = CARTESIAN_POINT('',(4.4,-1.8,4.3));
#1703 = VECTOR('',#1704,1.);
#1704 = DIRECTION('',(-1.,0.,0.));
#1705 = ORIENTED_EDGE('',*,*,#508,.F.);
#1706 = ORIENTED_EDGE('',*,*,#374,.F.);
#1707 = PLANE('',#1708);
#1708 = AXIS2_PLACEMENT_3D('',#1709,#1710,#1711);
#1709 = CARTESIAN_POINT('',(4.4,-2.35,4.3));
#1710 = DIRECTION('',(0.,2.22044604925E-16,1.));
#1711 = DIRECTION('',(-1.,0.,0.));
#1712 = ADVANCED_FACE('',(#1713),#1755,.T.);
#1713 = FACE_BOUND('',#1714,.T.);
#1714 = EDGE_LOOP('',(#1715,#1725,#1731,#1732,#1733,#1741,#1749));
#1715 = ORIENTED_EDGE('',*,*,#1716,.F.);
#1716 = EDGE_CURVE('',#1717,#1719,#1721,.T.);
#1717 = VERTEX_POINT('',#1718);
#1718 = CARTESIAN_POINT('',(-5.,-1.15,6.));
#1719 = VERTEX_POINT('',#1720);
#1720 = CARTESIAN_POINT('',(-4.725,-1.15,6.));
#1721 = LINE('',#1722,#1723);
#1722 = CARTESIAN_POINT('',(-5.,-1.15,6.));
#1723 = VECTOR('',#1724,1.);
#1724 = DIRECTION('',(1.,0.,0.));
#1725 = ORIENTED_EDGE('',*,*,#1726,.T.);
#1726 = EDGE_CURVE('',#1717,#1668,#1727,.T.);
#1727 = LINE('',#1728,#1729);
#1728 = CARTESIAN_POINT('',(-5.,2.15,6.));
#1729 = VECTOR('',#1730,1.);
#1730 = DIRECTION('',(0.,-1.,0.));
#1731 = ORIENTED_EDGE('',*,*,#1675,.T.);
#1732 = ORIENTED_EDGE('',*,*,#310,.T.);
#1733 = ORIENTED_EDGE('',*,*,#1734,.F.);
#1734 = EDGE_CURVE('',#1735,#311,#1737,.T.);
#1735 = VERTEX_POINT('',#1736);
#1736 = CARTESIAN_POINT('',(-2.05,-2.075,6.));
#1737 = LINE('',#1738,#1739);
#1738 = CARTESIAN_POINT('',(-2.05,-1.8,6.));
#1739 = VECTOR('',#1740,1.);
#1740 = DIRECTION('',(0.,-1.,0.));
#1741 = ORIENTED_EDGE('',*,*,#1742,.F.);
#1742 = EDGE_CURVE('',#1743,#1735,#1745,.T.);
#1743 = VERTEX_POINT('',#1744);
#1744 = CARTESIAN_POINT('',(-4.725,-2.075,6.));
#1745 = LINE('',#1746,#1747);
#1746 = CARTESIAN_POINT('',(-4.725,-2.075,6.));
#1747 = VECTOR('',#1748,1.);
#1748 = DIRECTION('',(1.,0.,0.));
#1749 = ORIENTED_EDGE('',*,*,#1750,.F.);
#1750 = EDGE_CURVE('',#1719,#1743,#1751,.T.);
#1751 = LINE('',#1752,#1753);
#1752 = CARTESIAN_POINT('',(-4.725,2.075,6.));
#1753 = VECTOR('',#1754,1.);
#1754 = DIRECTION('',(0.,-1.,0.));
#1755 = PLANE('',#1756);
#1756 = AXIS2_PLACEMENT_3D('',#1757,#1758,#1759);
#1757 = CARTESIAN_POINT('',(4.338849780614E-16,-4.539545475312E-17,6.));
#1758 = DIRECTION('',(0.,0.,1.));
#1759 = DIRECTION('',(1.,0.,0.));
#1760 = ADVANCED_FACE('',(#1761),#1786,.T.);
#1761 = FACE_BOUND('',#1762,.T.);
#1762 = EDGE_LOOP('',(#1763,#1771,#1772,#1778,#1779,#1780));
#1763 = ORIENTED_EDGE('',*,*,#1764,.F.);
#1764 = EDGE_CURVE('',#552,#1765,#1767,.T.);
#1765 = VERTEX_POINT('',#1766);
#1766 = CARTESIAN_POINT('',(4.4,-1.8,1.8));
#1767 = LINE('',#1768,#1769);
#1768 = CARTESIAN_POINT('',(4.4,-2.35,1.8));
#1769 = VECTOR('',#1770,1.);
#1770 = DIRECTION('',(0.,1.,-2.22044604925E-16));
#1771 = ORIENTED_EDGE('',*,*,#559,.F.);
#1772 = ORIENTED_EDGE('',*,*,#1773,.F.);
#1773 = EDGE_CURVE('',#359,#560,#1774,.T.);
#1774 = LINE('',#1775,#1776);
#1775 = CARTESIAN_POINT('',(4.4,-2.35,0.));
#1776 = VECTOR('',#1777,1.);
#1777 = DIRECTION('',(0.,1.,-2.22044604925E-16));
#1778 = ORIENTED_EDGE('',*,*,#366,.T.);
#1779 = ORIENTED_EDGE('',*,*,#1692,.T.);
#1780 = ORIENTED_EDGE('',*,*,#1781,.F.);
#1781 = EDGE_CURVE('',#1765,#1693,#1782,.T.);
#1782 = LINE('',#1783,#1784);
#1783 = CARTESIAN_POINT('',(4.4,-1.8,1.8));
#1784 = VECTOR('',#1785,1.);
#1785 = DIRECTION('',(0.,2.22044604925E-16,1.));
#1786 = PLANE('',#1787);
#1787 = AXIS2_PLACEMENT_3D('',#1788,#1789,#1790);
#1788 = CARTESIAN_POINT('',(4.4,-2.158505154639,2.233505154639));
#1789 = DIRECTION('',(-1.,-0.,-0.));
#1790 = DIRECTION('',(0.,0.,-1.));
#1791 = ADVANCED_FACE('',(#1792),#1826,.F.);
#1792 = FACE_BOUND('',#1793,.F.);
#1793 = EDGE_LOOP('',(#1794,#1804,#1812,#1818,#1819,#1820));
#1794 = ORIENTED_EDGE('',*,*,#1795,.F.);
#1795 = EDGE_CURVE('',#1796,#1798,#1800,.T.);
#1796 = VERTEX_POINT('',#1797);
#1797 = CARTESIAN_POINT('',(-2.05,-1.8,5.999));
#1798 = VERTEX_POINT('',#1799);
#1799 = CARTESIAN_POINT('',(-2.05,-2.075,5.999));
#1800 = LINE('',#1801,#1802);
#1801 = CARTESIAN_POINT('',(-2.05,-0.9,5.999));
#1802 = VECTOR('',#1803,1.);
#1803 = DIRECTION('',(0.,-1.,0.));
#1804 = ORIENTED_EDGE('',*,*,#1805,.T.);
#1805 = EDGE_CURVE('',#1796,#1806,#1808,.T.);
#1806 = VERTEX_POINT('',#1807);
#1807 = CARTESIAN_POINT('',(-2.05,-1.8,1.8));
#1808 = LINE('',#1809,#1810);
#1809 = CARTESIAN_POINT('',(-2.05,-1.8,6.));
#1810 = VECTOR('',#1811,1.);
#1811 = DIRECTION('',(-0.,-0.,-1.));
#1812 = ORIENTED_EDGE('',*,*,#1813,.T.);
#1813 = EDGE_CURVE('',#1806,#319,#1814,.T.);
#1814 = LINE('',#1815,#1816);
#1815 = CARTESIAN_POINT('',(-2.05,-1.8,1.8));
#1816 = VECTOR('',#1817,1.);
#1817 = DIRECTION('',(0.,-1.,0.));
#1818 = ORIENTED_EDGE('',*,*,#318,.F.);
#1819 = ORIENTED_EDGE('',*,*,#1734,.F.);
#1820 = ORIENTED_EDGE('',*,*,#1821,.T.);
#1821 = EDGE_CURVE('',#1735,#1798,#1822,.T.);
#1822 = LINE('',#1823,#1824);
#1823 = CARTESIAN_POINT('',(-2.05,-2.075,6.));
#1824 = VECTOR('',#1825,1.);
#1825 = DIRECTION('',(-0.,-0.,-1.));
#1826 = PLANE('',#1827);
#1827 = AXIS2_PLACEMENT_3D('',#1828,#1829,#1830);
#1828 = CARTESIAN_POINT('',(-2.05,-1.8,6.));
#1829 = DIRECTION('',(-1.,0.,0.));
#1830 = DIRECTION('',(0.,-1.,0.));
#1831 = ADVANCED_FACE('',(#1832),#1868,.F.);
#1832 = FACE_BOUND('',#1833,.F.);
#1833 = EDGE_LOOP('',(#1834,#1835,#1836,#1837,#1846,#1854,#1861,#1862));
#1834 = ORIENTED_EDGE('',*,*,#567,.T.);
#1835 = ORIENTED_EDGE('',*,*,#1773,.F.);
#1836 = ORIENTED_EDGE('',*,*,#358,.T.);
#1837 = ORIENTED_EDGE('',*,*,#1838,.T.);
#1838 = EDGE_CURVE('',#351,#1839,#1841,.T.);
#1839 = VERTEX_POINT('',#1840);
#1840 = CARTESIAN_POINT('',(5.,-2.15,0.));
#1841 = CIRCLE('',#1842,0.2);
#1842 = AXIS2_PLACEMENT_3D('',#1843,#1844,#1845);
#1843 = CARTESIAN_POINT('',(4.8,-2.15,0.));
#1844 = DIRECTION('',(0.,0.,1.));
#1845 = DIRECTION('',(1.,0.,0.));
#1846 = ORIENTED_EDGE('',*,*,#1847,.T.);
#1847 = EDGE_CURVE('',#1839,#1848,#1850,.T.);
#1848 = VERTEX_POINT('',#1849);
#1849 = CARTESIAN_POINT('',(5.,2.15,0.));
#1850 = LINE('',#1851,#1852);
#1851 = CARTESIAN_POINT('',(5.,-2.15,0.));
#1852 = VECTOR('',#1853,1.);
#1853 = DIRECTION('',(0.,1.,0.));
#1854 = ORIENTED_EDGE('',*,*,#1855,.T.);
#1855 = EDGE_CURVE('',#1848,#995,#1856,.T.);
#1856 = CIRCLE('',#1857,0.2);
#1857 = AXIS2_PLACEMENT_3D('',#1858,#1859,#1860);
#1858 = CARTESIAN_POINT('',(4.8,2.15,0.));
#1859 = DIRECTION('',(0.,0.,1.));
#1860 = DIRECTION('',(1.,0.,0.));
#1861 = ORIENTED_EDGE('',*,*,#994,.T.);
#1862 = ORIENTED_EDGE('',*,*,#1863,.F.);
#1863 = EDGE_CURVE('',#568,#987,#1864,.T.);
#1864 = LINE('',#1865,#1866);
#1865 = CARTESIAN_POINT('',(3.835089069161,-2.25,0.));
#1866 = VECTOR('',#1867,1.);
#1867 = DIRECTION('',(0.,1.,-2.22044604925E-16));
#1868 = PLANE('',#1869);
#1869 = AXIS2_PLACEMENT_3D('',#1870,#1871,#1872);
#1870 = CARTESIAN_POINT('',(4.338849780614E-16,-4.539545475312E-17,0.));
#1871 = DIRECTION('',(0.,0.,1.));
#1872 = DIRECTION('',(1.,0.,0.));
#1873 = ADVANCED_FACE('',(#1874),#2011,.T.);
#1874 = FACE_BOUND('',#1875,.T.);
#1875 = EDGE_LOOP('',(#1876,#1877,#1878,#1886,#1892,#1893,#1894,#1895,
    #1903,#1909,#1910,#1911,#1912,#1913,#1914,#1922,#1930,#1936,#1937,
    #1945,#1953,#1959,#1960,#1968,#1976,#1982,#1983,#1991,#1997,#1998,
    #2004,#2005));
#1876 = ORIENTED_EDGE('',*,*,#1813,.T.);
#1877 = ORIENTED_EDGE('',*,*,#326,.T.);
#1878 = ORIENTED_EDGE('',*,*,#1879,.T.);
#1879 = EDGE_CURVE('',#327,#1880,#1882,.T.);
#1880 = VERTEX_POINT('',#1881);
#1881 = CARTESIAN_POINT('',(2.05,-1.8,1.8));
#1882 = LINE('',#1883,#1884);
#1883 = CARTESIAN_POINT('',(2.05,-2.35,1.8));
#1884 = VECTOR('',#1885,1.);
#1885 = DIRECTION('',(0.,1.,0.));
#1886 = ORIENTED_EDGE('',*,*,#1887,.T.);
#1887 = EDGE_CURVE('',#1880,#527,#1888,.T.);
#1888 = LINE('',#1889,#1890);
#1889 = CARTESIAN_POINT('',(-4.45,-1.8,1.8));
#1890 = VECTOR('',#1891,1.);
#1891 = DIRECTION('',(1.,0.,0.));
#1892 = ORIENTED_EDGE('',*,*,#526,.F.);
#1893 = ORIENTED_EDGE('',*,*,#551,.F.);
#1894 = ORIENTED_EDGE('',*,*,#1764,.T.);
#1895 = ORIENTED_EDGE('',*,*,#1896,.T.);
#1896 = EDGE_CURVE('',#1765,#1897,#1899,.T.);
#1897 = VERTEX_POINT('',#1898);
#1898 = CARTESIAN_POINT('',(4.450000000008,-1.8,1.8));
#1899 = LINE('',#1900,#1901);
#1900 = CARTESIAN_POINT('',(-4.45,-1.8,1.8));
#1901 = VECTOR('',#1902,1.);
#1902 = DIRECTION('',(1.,0.,0.));
#1903 = ORIENTED_EDGE('',*,*,#1904,.T.);
#1904 = EDGE_CURVE('',#1897,#711,#1905,.T.);
#1905 = LINE('',#1906,#1907);
#1906 = CARTESIAN_POINT('',(4.450000000008,-1.8,1.8));
#1907 = VECTOR('',#1908,1.);
#1908 = DIRECTION('',(0.,1.,0.));
#1909 = ORIENTED_EDGE('',*,*,#710,.F.);
#1910 = ORIENTED_EDGE('',*,*,#748,.F.);
#1911 = ORIENTED_EDGE('',*,*,#796,.F.);
#1912 = ORIENTED_EDGE('',*,*,#772,.F.);
#1913 = ORIENTED_EDGE('',*,*,#687,.F.);
#1914 = ORIENTED_EDGE('',*,*,#1915,.F.);
#1915 = EDGE_CURVE('',#1916,#680,#1918,.T.);
#1916 = VERTEX_POINT('',#1917);
#1917 = CARTESIAN_POINT('',(1.25,-0.85,1.8));
#1918 = LINE('',#1919,#1920);
#1919 = CARTESIAN_POINT('',(1.25,-0.85,1.8));
#1920 = VECTOR('',#1921,1.);
#1921 = DIRECTION('',(0.,1.,0.));
#1922 = ORIENTED_EDGE('',*,*,#1923,.F.);
#1923 = EDGE_CURVE('',#1924,#1916,#1926,.T.);
#1924 = VERTEX_POINT('',#1925);
#1925 = CARTESIAN_POINT('',(0.75,-0.85,1.8));
#1926 = LINE('',#1927,#1928);
#1927 = CARTESIAN_POINT('',(0.75,-0.85,1.8));
#1928 = VECTOR('',#1929,1.);
#1929 = DIRECTION('',(1.,0.,0.));
#1930 = ORIENTED_EDGE('',*,*,#1931,.F.);
#1931 = EDGE_CURVE('',#656,#1924,#1932,.T.);
#1932 = LINE('',#1933,#1934);
#1933 = CARTESIAN_POINT('',(0.75,-0.35,1.8));
#1934 = VECTOR('',#1935,1.);
#1935 = DIRECTION('',(0.,-1.,0.));
#1936 = ORIENTED_EDGE('',*,*,#655,.F.);
#1937 = ORIENTED_EDGE('',*,*,#1938,.F.);
#1938 = EDGE_CURVE('',#1939,#648,#1941,.T.);
#1939 = VERTEX_POINT('',#1940);
#1940 = CARTESIAN_POINT('',(-0.75,-0.85,1.8));
#1941 = LINE('',#1942,#1943);
#1942 = CARTESIAN_POINT('',(-0.75,-0.85,1.8));
#1943 = VECTOR('',#1944,1.);
#1944 = DIRECTION('',(0.,1.,0.));
#1945 = ORIENTED_EDGE('',*,*,#1946,.F.);
#1946 = EDGE_CURVE('',#1947,#1939,#1949,.T.);
#1947 = VERTEX_POINT('',#1948);
#1948 = CARTESIAN_POINT('',(-1.25,-0.85,1.8));
#1949 = LINE('',#1950,#1951);
#1950 = CARTESIAN_POINT('',(-1.25,-0.85,1.8));
#1951 = VECTOR('',#1952,1.);
#1952 = DIRECTION('',(1.,0.,0.));
#1953 = ORIENTED_EDGE('',*,*,#1954,.F.);
#1954 = EDGE_CURVE('',#624,#1947,#1955,.T.);
#1955 = LINE('',#1956,#1957);
#1956 = CARTESIAN_POINT('',(-1.25,-0.35,1.8));
#1957 = VECTOR('',#1958,1.);
#1958 = DIRECTION('',(0.,-1.,0.));
#1959 = ORIENTED_EDGE('',*,*,#623,.F.);
#1960 = ORIENTED_EDGE('',*,*,#1961,.F.);
#1961 = EDGE_CURVE('',#1962,#616,#1964,.T.);
#1962 = VERTEX_POINT('',#1963);
#1963 = CARTESIAN_POINT('',(-2.75,-0.85,1.8));
#1964 = LINE('',#1965,#1966);
#1965 = CARTESIAN_POINT('',(-2.75,-0.85,1.8));
#1966 = VECTOR('',#1967,1.);
#1967 = DIRECTION('',(0.,1.,0.));
#1968 = ORIENTED_EDGE('',*,*,#1969,.F.);
#1969 = EDGE_CURVE('',#1970,#1962,#1972,.T.);
#1970 = VERTEX_POINT('',#1971);
#1971 = CARTESIAN_POINT('',(-3.25,-0.85,1.8));
#1972 = LINE('',#1973,#1974);
#1973 = CARTESIAN_POINT('',(-3.25,-0.85,1.8));
#1974 = VECTOR('',#1975,1.);
#1975 = DIRECTION('',(1.,0.,0.));
#1976 = ORIENTED_EDGE('',*,*,#1977,.F.);
#1977 = EDGE_CURVE('',#592,#1970,#1978,.T.);
#1978 = LINE('',#1979,#1980);
#1979 = CARTESIAN_POINT('',(-3.25,-0.35,1.8));
#1980 = VECTOR('',#1981,1.);
#1981 = DIRECTION('',(0.,-1.,0.));
#1982 = ORIENTED_EDGE('',*,*,#589,.F.);
#1983 = ORIENTED_EDGE('',*,*,#1984,.T.);
#1984 = EDGE_CURVE('',#590,#1985,#1987,.T.);
#1985 = VERTEX_POINT('',#1986);
#1986 = CARTESIAN_POINT('',(-4.45,-1.8,1.8));
#1987 = LINE('',#1988,#1989);
#1988 = CARTESIAN_POINT('',(-4.45,1.8,1.8));
#1989 = VECTOR('',#1990,1.);
#1990 = DIRECTION('',(0.,-1.,0.));
#1991 = ORIENTED_EDGE('',*,*,#1992,.T.);
#1992 = EDGE_CURVE('',#1985,#1597,#1993,.T.);
#1993 = LINE('',#1994,#1995);
#1994 = CARTESIAN_POINT('',(-4.45,-1.8,1.8));
#1995 = VECTOR('',#1996,1.);
#1996 = DIRECTION('',(1.,0.,0.));
#1997 = ORIENTED_EDGE('',*,*,#1596,.F.);
#1998 = ORIENTED_EDGE('',*,*,#1999,.F.);
#1999 = EDGE_CURVE('',#1515,#1589,#2000,.T.);
#2000 = LINE('',#2001,#2002);
#2001 = CARTESIAN_POINT('',(-3.4,-2.25,1.8));
#2002 = VECTOR('',#2003,1.);
#2003 = DIRECTION('',(-1.,0.,0.));
#2004 = ORIENTED_EDGE('',*,*,#1514,.T.);
#2005 = ORIENTED_EDGE('',*,*,#2006,.T.);
#2006 = EDGE_CURVE('',#1517,#1806,#2007,.T.);
#2007 = LINE('',#2008,#2009);
#2008 = CARTESIAN_POINT('',(-4.45,-1.8,1.8));
#2009 = VECTOR('',#2010,1.);
#2010 = DIRECTION('',(1.,0.,0.));
#2011 = PLANE('',#2012);
#2012 = AXIS2_PLACEMENT_3D('',#2013,#2014,#2015);
#2013 = CARTESIAN_POINT('',(1.637777215433E-12,-1.280535714286,1.8));
#2014 = DIRECTION('',(0.,0.,1.));
#2015 = DIRECTION('',(1.,0.,0.));
#2016 = ADVANCED_FACE('',(#2017),#2036,.T.);
#2017 = FACE_BOUND('',#2018,.F.);
#2018 = EDGE_LOOP('',(#2019,#2020,#2029,#2035));
#2019 = ORIENTED_EDGE('',*,*,#350,.T.);
#2020 = ORIENTED_EDGE('',*,*,#2021,.T.);
#2021 = EDGE_CURVE('',#343,#2022,#2024,.T.);
#2022 = VERTEX_POINT('',#2023);
#2023 = CARTESIAN_POINT('',(5.,-2.15,6.));
#2024 = CIRCLE('',#2025,0.2);
#2025 = AXIS2_PLACEMENT_3D('',#2026,#2027,#2028);
#2026 = CARTESIAN_POINT('',(4.8,-2.15,6.));
#2027 = DIRECTION('',(0.,0.,1.));
#2028 = DIRECTION('',(1.,0.,0.));
#2029 = ORIENTED_EDGE('',*,*,#2030,.F.);
#2030 = EDGE_CURVE('',#1839,#2022,#2031,.T.);
#2031 = LINE('',#2032,#2033);
#2032 = CARTESIAN_POINT('',(5.,-2.15,0.));
#2033 = VECTOR('',#2034,1.);
#2034 = DIRECTION('',(0.,0.,1.));
#2035 = ORIENTED_EDGE('',*,*,#1838,.F.);
#2036 = CYLINDRICAL_SURFACE('',#2037,0.2);
#2037 = AXIS2_PLACEMENT_3D('',#2038,#2039,#2040);
#2038 = CARTESIAN_POINT('',(4.8,-2.15,0.));
#2039 = DIRECTION('',(-0.,-0.,-1.));
#2040 = DIRECTION('',(1.,0.,0.));
#2041 = ADVANCED_FACE('',(#2042),#2076,.F.);
#2042 = FACE_BOUND('',#2043,.F.);
#2043 = EDGE_LOOP('',(#2044,#2052,#2053,#2054,#2062,#2070));
#2044 = ORIENTED_EDGE('',*,*,#2045,.F.);
#2045 = EDGE_CURVE('',#335,#2046,#2048,.T.);
#2046 = VERTEX_POINT('',#2047);
#2047 = CARTESIAN_POINT('',(2.05,-2.075,6.));
#2048 = LINE('',#2049,#2050);
#2049 = CARTESIAN_POINT('',(2.05,-2.35,6.));
#2050 = VECTOR('',#2051,1.);
#2051 = DIRECTION('',(0.,1.,0.));
#2052 = ORIENTED_EDGE('',*,*,#334,.T.);
#2053 = ORIENTED_EDGE('',*,*,#1879,.T.);
#2054 = ORIENTED_EDGE('',*,*,#2055,.F.);
#2055 = EDGE_CURVE('',#2056,#1880,#2058,.T.);
#2056 = VERTEX_POINT('',#2057);
#2057 = CARTESIAN_POINT('',(2.05,-1.8,5.999));
#2058 = LINE('',#2059,#2060);
#2059 = CARTESIAN_POINT('',(2.05,-1.8,6.));
#2060 = VECTOR('',#2061,1.);
#2061 = DIRECTION('',(-0.,-0.,-1.));
#2062 = ORIENTED_EDGE('',*,*,#2063,.F.);
#2063 = EDGE_CURVE('',#2064,#2056,#2066,.T.);
#2064 = VERTEX_POINT('',#2065);
#2065 = CARTESIAN_POINT('',(2.05,-2.075,5.999));
#2066 = LINE('',#2067,#2068);
#2067 = CARTESIAN_POINT('',(2.05,-1.175,5.999));
#2068 = VECTOR('',#2069,1.);
#2069 = DIRECTION('',(0.,1.,0.));
#2070 = ORIENTED_EDGE('',*,*,#2071,.T.);
#2071 = EDGE_CURVE('',#2064,#2046,#2072,.T.);
#2072 = LINE('',#2073,#2074);
#2073 = CARTESIAN_POINT('',(2.05,-2.075,6.));
#2074 = VECTOR('',#2075,1.);
#2075 = DIRECTION('',(0.,0.,1.));
#2076 = PLANE('',#2077);
#2077 = AXIS2_PLACEMENT_3D('',#2078,#2079,#2080);
#2078 = CARTESIAN_POINT('',(2.05,-2.35,6.));
#2079 = DIRECTION('',(1.,0.,0.));
#2080 = DIRECTION('',(0.,1.,0.));
#2081 = ADVANCED_FACE('',(#2082),#2117,.T.);
#2082 = FACE_BOUND('',#2083,.T.);
#2083 = EDGE_LOOP('',(#2084,#2092,#2100,#2108,#2114,#2115,#2116));
#2084 = ORIENTED_EDGE('',*,*,#2085,.T.);
#2085 = EDGE_CURVE('',#2022,#2086,#2088,.T.);
#2086 = VERTEX_POINT('',#2087);
#2087 = CARTESIAN_POINT('',(5.,-1.15,6.));
#2088 = LINE('',#2089,#2090);
#2089 = CARTESIAN_POINT('',(5.,-2.15,6.));
#2090 = VECTOR('',#2091,1.);
#2091 = DIRECTION('',(0.,1.,0.));
#2092 = ORIENTED_EDGE('',*,*,#2093,.F.);
#2093 = EDGE_CURVE('',#2094,#2086,#2096,.T.);
#2094 = VERTEX_POINT('',#2095);
#2095 = CARTESIAN_POINT('',(4.725,-1.15,6.));
#2096 = LINE('',#2097,#2098);
#2097 = CARTESIAN_POINT('',(4.450000000008,-1.15,6.));
#2098 = VECTOR('',#2099,1.);
#2099 = DIRECTION('',(1.,0.,0.));
#2100 = ORIENTED_EDGE('',*,*,#2101,.F.);
#2101 = EDGE_CURVE('',#2102,#2094,#2104,.T.);
#2102 = VERTEX_POINT('',#2103);
#2103 = CARTESIAN_POINT('',(4.725,-2.075,6.));
#2104 = LINE('',#2105,#2106);
#2105 = CARTESIAN_POINT('',(4.725,-2.075,6.));
#2106 = VECTOR('',#2107,1.);
#2107 = DIRECTION('',(0.,1.,0.));
#2108 = ORIENTED_EDGE('',*,*,#2109,.F.);
#2109 = EDGE_CURVE('',#2046,#2102,#2110,.T.);
#2110 = LINE('',#2111,#2112);
#2111 = CARTESIAN_POINT('',(-4.725,-2.075,6.));
#2112 = VECTOR('',#2113,1.);
#2113 = DIRECTION('',(1.,0.,0.));
#2114 = ORIENTED_EDGE('',*,*,#2045,.F.);
#2115 = ORIENTED_EDGE('',*,*,#342,.T.);
#2116 = ORIENTED_EDGE('',*,*,#2021,.T.);
#2117 = PLANE('',#2118);
#2118 = AXIS2_PLACEMENT_3D('',#2119,#2120,#2121);
#2119 = CARTESIAN_POINT('',(4.338849780614E-16,-4.539545475312E-17,6.));
#2120 = DIRECTION('',(0.,0.,1.));
#2121 = DIRECTION('',(1.,0.,0.));
#2122 = ADVANCED_FACE('',(#2123),#2129,.T.);
#2123 = FACE_BOUND('',#2124,.T.);
#2124 = EDGE_LOOP('',(#2125,#2126,#2127,#2128));
#2125 = ORIENTED_EDGE('',*,*,#575,.F.);
#2126 = ORIENTED_EDGE('',*,*,#477,.T.);
#2127 = ORIENTED_EDGE('',*,*,#986,.T.);
#2128 = ORIENTED_EDGE('',*,*,#1863,.F.);
#2129 = PLANE('',#2130);
#2130 = AXIS2_PLACEMENT_3D('',#2131,#2132,#2133);
#2131 = CARTESIAN_POINT('',(3.81754453458,-2.25,9.95E-02));
#2132 = DIRECTION('',(-0.984807753012,-4.337694007704E-19,
    -0.173648177667));
#2133 = DIRECTION('',(3.754468433168E-17,1.,-2.154244640952E-16));
#2134 = ADVANCED_FACE('',(#2135),#2157,.T.);
#2135 = FACE_BOUND('',#2136,.T.);
#2136 = EDGE_LOOP('',(#2137,#2138,#2139,#2147,#2153,#2154,#2155,#2156));
#2137 = ORIENTED_EDGE('',*,*,#1887,.F.);
#2138 = ORIENTED_EDGE('',*,*,#2055,.F.);
#2139 = ORIENTED_EDGE('',*,*,#2140,.T.);
#2140 = EDGE_CURVE('',#2056,#2141,#2143,.T.);
#2141 = VERTEX_POINT('',#2142);
#2142 = CARTESIAN_POINT('',(4.450000000008,-1.8,5.999));
#2143 = LINE('',#2144,#2145);
#2144 = CARTESIAN_POINT('',(-4.45,-1.8,5.999));
#2145 = VECTOR('',#2146,1.);
#2146 = DIRECTION('',(1.,0.,0.));
#2147 = ORIENTED_EDGE('',*,*,#2148,.F.);
#2148 = EDGE_CURVE('',#1897,#2141,#2149,.T.);
#2149 = LINE('',#2150,#2151);
#2150 = CARTESIAN_POINT('',(4.450000000008,-1.8,1.8));
#2151 = VECTOR('',#2152,1.);
#2152 = DIRECTION('',(0.,0.,1.));
#2153 = ORIENTED_EDGE('',*,*,#1896,.F.);
#2154 = ORIENTED_EDGE('',*,*,#1781,.T.);
#2155 = ORIENTED_EDGE('',*,*,#1700,.T.);
#2156 = ORIENTED_EDGE('',*,*,#534,.T.);
#2157 = PLANE('',#2158);
#2158 = AXIS2_PLACEMENT_3D('',#2159,#2160,#2161);
#2159 = CARTESIAN_POINT('',(-4.45,-1.8,1.8));
#2160 = DIRECTION('',(0.,1.,0.));
#2161 = DIRECTION('',(1.,0.,0.));
#2162 = ADVANCED_FACE('',(#2163),#2245,.T.);
#2163 = FACE_BOUND('',#2164,.T.);
#2164 = EDGE_LOOP('',(#2165,#2175,#2183,#2191,#2199,#2207,#2215,#2223,
    #2231,#2237,#2238,#2239));
#2165 = ORIENTED_EDGE('',*,*,#2166,.F.);
#2166 = EDGE_CURVE('',#2167,#2169,#2171,.T.);
#2167 = VERTEX_POINT('',#2168);
#2168 = CARTESIAN_POINT('',(-4.45,-5.E-02,1.4));
#2169 = VERTEX_POINT('',#2170);
#2170 = CARTESIAN_POINT('',(-4.45,-5.E-02,1.9));
#2171 = LINE('',#2172,#2173);
#2172 = CARTESIAN_POINT('',(-4.45,-5.E-02,1.8));
#2173 = VECTOR('',#2174,1.);
#2174 = DIRECTION('',(0.,0.,1.));
#2175 = ORIENTED_EDGE('',*,*,#2176,.F.);
#2176 = EDGE_CURVE('',#2177,#2167,#2179,.T.);
#2177 = VERTEX_POINT('',#2178);
#2178 = CARTESIAN_POINT('',(-4.45,1.8,1.4));
#2179 = LINE('',#2180,#2181);
#2180 = CARTESIAN_POINT('',(-4.45,1.8,1.4));
#2181 = VECTOR('',#2182,1.);
#2182 = DIRECTION('',(0.,-1.,0.));
#2183 = ORIENTED_EDGE('',*,*,#2184,.F.);
#2184 = EDGE_CURVE('',#2185,#2177,#2187,.T.);
#2185 = VERTEX_POINT('',#2186);
#2186 = CARTESIAN_POINT('',(-4.45,1.8,5.999));
#2187 = LINE('',#2188,#2189);
#2188 = CARTESIAN_POINT('',(-4.45,1.8,1.8));
#2189 = VECTOR('',#2190,1.);
#2190 = DIRECTION('',(-0.,-0.,-1.));
#2191 = ORIENTED_EDGE('',*,*,#2192,.T.);
#2192 = EDGE_CURVE('',#2185,#2193,#2195,.T.);
#2193 = VERTEX_POINT('',#2194);
#2194 = CARTESIAN_POINT('',(-4.45,-0.15,5.999));
#2195 = LINE('',#2196,#2197);
#2196 = CARTESIAN_POINT('',(-4.45,1.8,5.999));
#2197 = VECTOR('',#2198,1.);
#2198 = DIRECTION('',(0.,-1.,0.));
#2199 = ORIENTED_EDGE('',*,*,#2200,.T.);
#2200 = EDGE_CURVE('',#2193,#2201,#2203,.T.);
#2201 = VERTEX_POINT('',#2202);
#2202 = CARTESIAN_POINT('',(-4.45,-0.15,4.));
#2203 = LINE('',#2204,#2205);
#2204 = CARTESIAN_POINT('',(-4.45,-0.15,6.));
#2205 = VECTOR('',#2206,1.);
#2206 = DIRECTION('',(-0.,-0.,-1.));
#2207 = ORIENTED_EDGE('',*,*,#2208,.F.);
#2208 = EDGE_CURVE('',#2209,#2201,#2211,.T.);
#2209 = VERTEX_POINT('',#2210);
#2210 = CARTESIAN_POINT('',(-4.45,-1.15,4.));
#2211 = LINE('',#2212,#2213);
#2212 = CARTESIAN_POINT('',(-4.45,-1.15,4.));
#2213 = VECTOR('',#2214,1.);
#2214 = DIRECTION('',(0.,1.,0.));
#2215 = ORIENTED_EDGE('',*,*,#2216,.F.);
#2216 = EDGE_CURVE('',#2217,#2209,#2219,.T.);
#2217 = VERTEX_POINT('',#2218);
#2218 = CARTESIAN_POINT('',(-4.45,-1.15,5.999));
#2219 = LINE('',#2220,#2221);
#2220 = CARTESIAN_POINT('',(-4.45,-1.15,6.));
#2221 = VECTOR('',#2222,1.);
#2222 = DIRECTION('',(-0.,-0.,-1.));
#2223 = ORIENTED_EDGE('',*,*,#2224,.T.);
#2224 = EDGE_CURVE('',#2217,#2225,#2227,.T.);
#2225 = VERTEX_POINT('',#2226);
#2226 = CARTESIAN_POINT('',(-4.45,-1.8,5.999));
#2227 = LINE('',#2228,#2229);
#2228 = CARTESIAN_POINT('',(-4.45,1.8,5.999));
#2229 = VECTOR('',#2230,1.);
#2230 = DIRECTION('',(0.,-1.,0.));
#2231 = ORIENTED_EDGE('',*,*,#2232,.F.);
#2232 = EDGE_CURVE('',#1985,#2225,#2233,.T.);
#2233 = LINE('',#2234,#2235);
#2234 = CARTESIAN_POINT('',(-4.45,-1.8,1.8));
#2235 = VECTOR('',#2236,1.);
#2236 = DIRECTION('',(0.,0.,1.));
#2237 = ORIENTED_EDGE('',*,*,#1984,.F.);
#2238 = ORIENTED_EDGE('',*,*,#734,.T.);
#2239 = ORIENTED_EDGE('',*,*,#2240,.F.);
#2240 = EDGE_CURVE('',#2169,#727,#2241,.T.);
#2241 = LINE('',#2242,#2243);
#2242 = CARTESIAN_POINT('',(-4.45,-5.E-02,1.9));
#2243 = VECTOR('',#2244,1.);
#2244 = DIRECTION('',(0.,-1.,0.));
#2245 = PLANE('',#2246);
#2246 = AXIS2_PLACEMENT_3D('',#2247,#2248,#2249);
#2247 = CARTESIAN_POINT('',(-4.45,-9.412992814139E-02,3.872276267236));
#2248 = DIRECTION('',(1.,-2.749722029229E-16,0.));
#2249 = DIRECTION('',(2.749722029229E-16,1.,0.));
#2250 = ADVANCED_FACE('',(#2251),#2269,.T.);
#2251 = FACE_BOUND('',#2252,.T.);
#2252 = EDGE_LOOP('',(#2253,#2261,#2267,#2268));
#2253 = ORIENTED_EDGE('',*,*,#2254,.T.);
#2254 = EDGE_CURVE('',#719,#2255,#2257,.T.);
#2255 = VERTEX_POINT('',#2256);
#2256 = CARTESIAN_POINT('',(4.45,-5.E-02,1.9));
#2257 = LINE('',#2258,#2259);
#2258 = CARTESIAN_POINT('',(4.45,-0.35,1.9));
#2259 = VECTOR('',#2260,1.);
#2260 = DIRECTION('',(0.,1.,0.));
#2261 = ORIENTED_EDGE('',*,*,#2262,.T.);
#2262 = EDGE_CURVE('',#2255,#2169,#2263,.T.);
#2263 = LINE('',#2264,#2265);
#2264 = CARTESIAN_POINT('',(4.45,-5.E-02,1.9));
#2265 = VECTOR('',#2266,1.);
#2266 = DIRECTION('',(-1.,0.,0.));
#2267 = ORIENTED_EDGE('',*,*,#2240,.T.);
#2268 = ORIENTED_EDGE('',*,*,#726,.T.);
#2269 = PLANE('',#2270);
#2270 = AXIS2_PLACEMENT_3D('',#2271,#2272,#2273);
#2271 = CARTESIAN_POINT('',(0.,-0.2,1.9));
#2272 = DIRECTION('',(0.,0.,1.));
#2273 = DIRECTION('',(1.,0.,0.));
#2274 = ADVANCED_FACE('',(#2275),#2343,.T.);
#2275 = FACE_BOUND('',#2276,.T.);
#2276 = EDGE_LOOP('',(#2277,#2278,#2279,#2287,#2295,#2303,#2311,#2319,
    #2327,#2335,#2341,#2342));
#2277 = ORIENTED_EDGE('',*,*,#1904,.F.);
#2278 = ORIENTED_EDGE('',*,*,#2148,.T.);
#2279 = ORIENTED_EDGE('',*,*,#2280,.T.);
#2280 = EDGE_CURVE('',#2141,#2281,#2283,.T.);
#2281 = VERTEX_POINT('',#2282);
#2282 = CARTESIAN_POINT('',(4.450000000008,-1.15,5.999));
#2283 = LINE('',#2284,#2285);
#2284 = CARTESIAN_POINT('',(4.450000000008,-1.8,5.999));
#2285 = VECTOR('',#2286,1.);
#2286 = DIRECTION('',(0.,1.,0.));
#2287 = ORIENTED_EDGE('',*,*,#2288,.T.);
#2288 = EDGE_CURVE('',#2281,#2289,#2291,.T.);
#2289 = VERTEX_POINT('',#2290);
#2290 = CARTESIAN_POINT('',(4.450000000008,-1.15,4.));
#2291 = LINE('',#2292,#2293);
#2292 = CARTESIAN_POINT('',(4.450000000008,-1.15,6.));
#2293 = VECTOR('',#2294,1.);
#2294 = DIRECTION('',(-0.,-0.,-1.));
#2295 = ORIENTED_EDGE('',*,*,#2296,.F.);
#2296 = EDGE_CURVE('',#2297,#2289,#2299,.T.);
#2297 = VERTEX_POINT('',#2298);
#2298 = CARTESIAN_POINT('',(4.450000000008,-0.15,4.));
#2299 = LINE('',#2300,#2301);
#2300 = CARTESIAN_POINT('',(4.450000000008,-0.15,4.));
#2301 = VECTOR('',#2302,1.);
#2302 = DIRECTION('',(0.,-1.,0.));
#2303 = ORIENTED_EDGE('',*,*,#2304,.F.);
#2304 = EDGE_CURVE('',#2305,#2297,#2307,.T.);
#2305 = VERTEX_POINT('',#2306);
#2306 = CARTESIAN_POINT('',(4.450000000008,-0.15,5.999));
#2307 = LINE('',#2308,#2309);
#2308 = CARTESIAN_POINT('',(4.450000000008,-0.15,6.));
#2309 = VECTOR('',#2310,1.);
#2310 = DIRECTION('',(-0.,-0.,-1.));
#2311 = ORIENTED_EDGE('',*,*,#2312,.T.);
#2312 = EDGE_CURVE('',#2305,#2313,#2315,.T.);
#2313 = VERTEX_POINT('',#2314);
#2314 = CARTESIAN_POINT('',(4.450000000008,1.8,5.999));
#2315 = LINE('',#2316,#2317);
#2316 = CARTESIAN_POINT('',(4.450000000008,-1.8,5.999));
#2317 = VECTOR('',#2318,1.);
#2318 = DIRECTION('',(0.,1.,0.));
#2319 = ORIENTED_EDGE('',*,*,#2320,.F.);
#2320 = EDGE_CURVE('',#2321,#2313,#2323,.T.);
#2321 = VERTEX_POINT('',#2322);
#2322 = CARTESIAN_POINT('',(4.45,1.8,1.4));
#2323 = LINE('',#2324,#2325);
#2324 = CARTESIAN_POINT('',(4.450000000008,1.8,1.8));
#2325 = VECTOR('',#2326,1.);
#2326 = DIRECTION('',(0.,0.,1.));
#2327 = ORIENTED_EDGE('',*,*,#2328,.F.);
#2328 = EDGE_CURVE('',#2329,#2321,#2331,.T.);
#2329 = VERTEX_POINT('',#2330);
#2330 = CARTESIAN_POINT('',(4.45,-5.E-02,1.4));
#2331 = LINE('',#2332,#2333);
#2332 = CARTESIAN_POINT('',(4.45,-5.E-02,1.4));
#2333 = VECTOR('',#2334,1.);
#2334 = DIRECTION('',(0.,1.,0.));
#2335 = ORIENTED_EDGE('',*,*,#2336,.F.);
#2336 = EDGE_CURVE('',#2255,#2329,#2337,.T.);
#2337 = LINE('',#2338,#2339);
#2338 = CARTESIAN_POINT('',(4.45,-5.E-02,1.8));
#2339 = VECTOR('',#2340,1.);
#2340 = DIRECTION('',(-0.,-0.,-1.));
#2341 = ORIENTED_EDGE('',*,*,#2254,.F.);
#2342 = ORIENTED_EDGE('',*,*,#718,.F.);
#2343 = PLANE('',#2344);
#2344 = AXIS2_PLACEMENT_3D('',#2345,#2346,#2347);
#2345 = CARTESIAN_POINT('',(4.450000000007,-9.412992814139E-02,
    3.872276267236));
#2346 = DIRECTION('',(-1.,-4.053030294507E-13,6.851287135879E-13));
#2347 = DIRECTION('',(-6.851287135879E-13,0.,-1.));
#2348 = ADVANCED_FACE('',(#2349),#2360,.F.);
#2349 = FACE_BOUND('',#2350,.F.);
#2350 = EDGE_LOOP('',(#2351,#2352,#2358,#2359));
#2351 = ORIENTED_EDGE('',*,*,#1915,.F.);
#2352 = ORIENTED_EDGE('',*,*,#2353,.T.);
#2353 = EDGE_CURVE('',#1916,#1324,#2354,.T.);
#2354 = LINE('',#2355,#2356);
#2355 = CARTESIAN_POINT('',(1.25,-0.85,1.8));
#2356 = VECTOR('',#2357,1.);
#2357 = DIRECTION('',(-0.,-0.,-1.));
#2358 = ORIENTED_EDGE('',*,*,#1323,.F.);
#2359 = ORIENTED_EDGE('',*,*,#679,.F.);
#2360 = PLANE('',#2361);
#2361 = AXIS2_PLACEMENT_3D('',#2362,#2363,#2364);
#2362 = CARTESIAN_POINT('',(1.25,-0.85,1.8));
#2363 = DIRECTION('',(1.,0.,0.));
#2364 = DIRECTION('',(0.,1.,0.));
#2365 = ADVANCED_FACE('',(#2366),#2377,.F.);
#2366 = FACE_BOUND('',#2367,.F.);
#2367 = EDGE_LOOP('',(#2368,#2369,#2370,#2371));
#2368 = ORIENTED_EDGE('',*,*,#1931,.F.);
#2369 = ORIENTED_EDGE('',*,*,#663,.T.);
#2370 = ORIENTED_EDGE('',*,*,#1339,.F.);
#2371 = ORIENTED_EDGE('',*,*,#2372,.F.);
#2372 = EDGE_CURVE('',#1924,#1332,#2373,.T.);
#2373 = LINE('',#2374,#2375);
#2374 = CARTESIAN_POINT('',(0.75,-0.85,1.8));
#2375 = VECTOR('',#2376,1.);
#2376 = DIRECTION('',(-0.,-0.,-1.));
#2377 = PLANE('',#2378);
#2378 = AXIS2_PLACEMENT_3D('',#2379,#2380,#2381);
#2379 = CARTESIAN_POINT('',(0.75,-0.35,1.8));
#2380 = DIRECTION('',(-1.,0.,0.));
#2381 = DIRECTION('',(0.,-1.,0.));
#2382 = ADVANCED_FACE('',(#2383),#2394,.F.);
#2383 = FACE_BOUND('',#2384,.F.);
#2384 = EDGE_LOOP('',(#2385,#2386,#2392,#2393));
#2385 = ORIENTED_EDGE('',*,*,#1938,.F.);
#2386 = ORIENTED_EDGE('',*,*,#2387,.T.);
#2387 = EDGE_CURVE('',#1939,#1157,#2388,.T.);
#2388 = LINE('',#2389,#2390);
#2389 = CARTESIAN_POINT('',(-0.75,-0.85,1.8));
#2390 = VECTOR('',#2391,1.);
#2391 = DIRECTION('',(-0.,-0.,-1.));
#2392 = ORIENTED_EDGE('',*,*,#1156,.F.);
#2393 = ORIENTED_EDGE('',*,*,#647,.F.);
#2394 = PLANE('',#2395);
#2395 = AXIS2_PLACEMENT_3D('',#2396,#2397,#2398);
#2396 = CARTESIAN_POINT('',(-0.75,-0.85,1.8));
#2397 = DIRECTION('',(1.,0.,0.));
#2398 = DIRECTION('',(0.,1.,0.));
#2399 = ADVANCED_FACE('',(#2400),#2411,.F.);
#2400 = FACE_BOUND('',#2401,.F.);
#2401 = EDGE_LOOP('',(#2402,#2403,#2404,#2405));
#2402 = ORIENTED_EDGE('',*,*,#1954,.F.);
#2403 = ORIENTED_EDGE('',*,*,#631,.T.);
#2404 = ORIENTED_EDGE('',*,*,#1172,.F.);
#2405 = ORIENTED_EDGE('',*,*,#2406,.F.);
#2406 = EDGE_CURVE('',#1947,#1165,#2407,.T.);
#2407 = LINE('',#2408,#2409);
#2408 = CARTESIAN_POINT('',(-1.25,-0.85,1.8));
#2409 = VECTOR('',#2410,1.);
#2410 = DIRECTION('',(-0.,-0.,-1.));
#2411 = PLANE('',#2412);
#2412 = AXIS2_PLACEMENT_3D('',#2413,#2414,#2415);
#2413 = CARTESIAN_POINT('',(-1.25,-0.35,1.8));
#2414 = DIRECTION('',(-1.,0.,0.));
#2415 = DIRECTION('',(0.,-1.,0.));
#2416 = ADVANCED_FACE('',(#2417),#2428,.F.);
#2417 = FACE_BOUND('',#2418,.F.);
#2418 = EDGE_LOOP('',(#2419,#2420,#2426,#2427));
#2419 = ORIENTED_EDGE('',*,*,#1961,.F.);
#2420 = ORIENTED_EDGE('',*,*,#2421,.T.);
#2421 = EDGE_CURVE('',#1962,#1473,#2422,.T.);
#2422 = LINE('',#2423,#2424);
#2423 = CARTESIAN_POINT('',(-2.75,-0.85,1.8));
#2424 = VECTOR('',#2425,1.);
#2425 = DIRECTION('',(-0.,-0.,-1.));
#2426 = ORIENTED_EDGE('',*,*,#1472,.F.);
#2427 = ORIENTED_EDGE('',*,*,#615,.F.);
#2428 = PLANE('',#2429);
#2429 = AXIS2_PLACEMENT_3D('',#2430,#2431,#2432);
#2430 = CARTESIAN_POINT('',(-2.75,-0.85,1.8));
#2431 = DIRECTION('',(1.,0.,0.));
#2432 = DIRECTION('',(0.,1.,0.));
#2433 = ADVANCED_FACE('',(#2434),#2445,.F.);
#2434 = FACE_BOUND('',#2435,.F.);
#2435 = EDGE_LOOP('',(#2436,#2437,#2438,#2439));
#2436 = ORIENTED_EDGE('',*,*,#1977,.F.);
#2437 = ORIENTED_EDGE('',*,*,#599,.T.);
#2438 = ORIENTED_EDGE('',*,*,#1488,.F.);
#2439 = ORIENTED_EDGE('',*,*,#2440,.F.);
#2440 = EDGE_CURVE('',#1970,#1481,#2441,.T.);
#2441 = LINE('',#2442,#2443);
#2442 = CARTESIAN_POINT('',(-3.25,-0.85,1.8));
#2443 = VECTOR('',#2444,1.);
#2444 = DIRECTION('',(-0.,-0.,-1.));
#2445 = PLANE('',#2446);
#2446 = AXIS2_PLACEMENT_3D('',#2447,#2448,#2449);
#2447 = CARTESIAN_POINT('',(-3.25,-0.35,1.8));
#2448 = DIRECTION('',(-1.,0.,0.));
#2449 = DIRECTION('',(0.,-1.,0.));
#2450 = ADVANCED_FACE('',(#2451),#2462,.T.);
#2451 = FACE_BOUND('',#2452,.F.);
#2452 = EDGE_LOOP('',(#2453,#2454,#2455,#2461));
#2453 = ORIENTED_EDGE('',*,*,#1406,.F.);
#2454 = ORIENTED_EDGE('',*,*,#1058,.T.);
#2455 = ORIENTED_EDGE('',*,*,#2456,.T.);
#2456 = EDGE_CURVE('',#1051,#1440,#2457,.T.);
#2457 = LINE('',#2458,#2459);
#2458 = CARTESIAN_POINT('',(-3.8,-0.597542901716,0.128393135725));
#2459 = VECTOR('',#2460,1.);
#2460 = DIRECTION('',(-0.,-0.987440631917,-0.157990501107));
#2461 = ORIENTED_EDGE('',*,*,#1463,.F.);
#2462 = PLANE('',#2463);
#2463 = AXIS2_PLACEMENT_3D('',#2464,#2465,#2466);
#2464 = CARTESIAN_POINT('',(-2.2,1.1,0.4));
#2465 = DIRECTION('',(0.,0.157990501107,-0.987440631917));
#2466 = DIRECTION('',(1.,-0.,-0.));
#2467 = ADVANCED_FACE('',(#2468),#2488,.F.);
#2468 = FACE_BOUND('',#2469,.F.);
#2469 = EDGE_LOOP('',(#2470,#2471,#2472,#2473,#2474,#2482));
#2470 = ORIENTED_EDGE('',*,*,#1437,.T.);
#2471 = ORIENTED_EDGE('',*,*,#2456,.F.);
#2472 = ORIENTED_EDGE('',*,*,#1050,.F.);
#2473 = ORIENTED_EDGE('',*,*,#1042,.T.);
#2474 = ORIENTED_EDGE('',*,*,#2475,.F.);
#2475 = EDGE_CURVE('',#2476,#1035,#2478,.T.);
#2476 = VERTEX_POINT('',#2477);
#2477 = CARTESIAN_POINT('',(-3.8,-2.25,0.199));
#2478 = LINE('',#2479,#2480);
#2479 = CARTESIAN_POINT('',(-3.8,-2.25,0.199));
#2480 = VECTOR('',#2481,1.);
#2481 = DIRECTION('',(0.,1.,-2.22044604925E-16));
#2482 = ORIENTED_EDGE('',*,*,#2483,.F.);
#2483 = EDGE_CURVE('',#1438,#2476,#2484,.T.);
#2484 = LINE('',#2485,#2486);
#2485 = CARTESIAN_POINT('',(-3.8,-2.25,0.55));
#2486 = VECTOR('',#2487,1.);
#2487 = DIRECTION('',(-0.,-2.467162276945E-16,-1.));
#2488 = PLANE('',#2489);
#2489 = AXIS2_PLACEMENT_3D('',#2490,#2491,#2492);
#2490 = CARTESIAN_POINT('',(-3.8,-2.35,0.2));
#2491 = DIRECTION('',(-1.,0.,0.));
#2492 = DIRECTION('',(0.,-2.22044604925E-16,-1.));
#2493 = ADVANCED_FACE('',(#2494),#2505,.T.);
#2494 = FACE_BOUND('',#2495,.F.);
#2495 = EDGE_LOOP('',(#2496,#2502,#2503,#2504));
#2496 = ORIENTED_EDGE('',*,*,#2497,.F.);
#2497 = EDGE_CURVE('',#2476,#1646,#2498,.T.);
#2498 = LINE('',#2499,#2500);
#2499 = CARTESIAN_POINT('',(-3.691541226919,-2.25,0.814100267952));
#2500 = VECTOR('',#2501,1.);
#2501 = DIRECTION('',(-0.173648177667,-2.429680538274E-16,
    -0.984807753012));
#2502 = ORIENTED_EDGE('',*,*,#2475,.T.);
#2503 = ORIENTED_EDGE('',*,*,#1034,.T.);
#2504 = ORIENTED_EDGE('',*,*,#1653,.F.);
#2505 = PLANE('',#2506);
#2506 = AXIS2_PLACEMENT_3D('',#2507,#2508,#2509);
#2507 = CARTESIAN_POINT('',(-3.81754453458,-2.25,9.95E-02));
#2508 = DIRECTION('',(0.984807753012,4.337694007704E-19,-0.173648177667)
  );
#2509 = DIRECTION('',(3.839904326947E-17,-1.,2.152738175632E-16));
#2510 = ADVANCED_FACE('',(#2511),#2530,.T.);
#2511 = FACE_BOUND('',#2512,.F.);
#2512 = EDGE_LOOP('',(#2513,#2514,#2523,#2529));
#2513 = ORIENTED_EDGE('',*,*,#1018,.T.);
#2514 = ORIENTED_EDGE('',*,*,#2515,.T.);
#2515 = EDGE_CURVE('',#1011,#2516,#2518,.T.);
#2516 = VERTEX_POINT('',#2517);
#2517 = CARTESIAN_POINT('',(-5.,2.15,6.));
#2518 = CIRCLE('',#2519,0.2);
#2519 = AXIS2_PLACEMENT_3D('',#2520,#2521,#2522);
#2520 = CARTESIAN_POINT('',(-4.8,2.15,6.));
#2521 = DIRECTION('',(0.,0.,1.));
#2522 = DIRECTION('',(1.,0.,0.));
#2523 = ORIENTED_EDGE('',*,*,#2524,.F.);
#2524 = EDGE_CURVE('',#1620,#2516,#2525,.T.);
#2525 = LINE('',#2526,#2527);
#2526 = CARTESIAN_POINT('',(-5.,2.15,0.));
#2527 = VECTOR('',#2528,1.);
#2528 = DIRECTION('',(0.,0.,1.));
#2529 = ORIENTED_EDGE('',*,*,#1619,.F.);
#2530 = CYLINDRICAL_SURFACE('',#2531,0.2);
#2531 = AXIS2_PLACEMENT_3D('',#2532,#2533,#2534);
#2532 = CARTESIAN_POINT('',(-4.8,2.15,0.));
#2533 = DIRECTION('',(-0.,-0.,-1.));
#2534 = DIRECTION('',(1.,0.,0.));
#2535 = ADVANCED_FACE('',(#2536),#2542,.T.);
#2536 = FACE_BOUND('',#2537,.F.);
#2537 = EDGE_LOOP('',(#2538,#2539,#2540,#2541));
#2538 = ORIENTED_EDGE('',*,*,#1106,.F.);
#2539 = ORIENTED_EDGE('',*,*,#871,.T.);
#2540 = ORIENTED_EDGE('',*,*,#1204,.T.);
#2541 = ORIENTED_EDGE('',*,*,#1147,.F.);
#2542 = PLANE('',#2543);
#2543 = AXIS2_PLACEMENT_3D('',#2544,#2545,#2546);
#2544 = CARTESIAN_POINT('',(-0.2,1.1,0.4));
#2545 = DIRECTION('',(0.,0.157990501107,-0.987440631917));
#2546 = DIRECTION('',(1.,-0.,-0.));
#2547 = ADVANCED_FACE('',(#2548),#2615,.T.);
#2548 = FACE_BOUND('',#2549,.T.);
#2549 = EDGE_LOOP('',(#2550,#2551,#2552,#2560,#2568,#2576,#2584,#2592,
    #2600,#2608));
#2550 = ORIENTED_EDGE('',*,*,#1010,.T.);
#2551 = ORIENTED_EDGE('',*,*,#2515,.T.);
#2552 = ORIENTED_EDGE('',*,*,#2553,.T.);
#2553 = EDGE_CURVE('',#2516,#2554,#2556,.T.);
#2554 = VERTEX_POINT('',#2555);
#2555 = CARTESIAN_POINT('',(-5.,-0.15,6.));
#2556 = LINE('',#2557,#2558);
#2557 = CARTESIAN_POINT('',(-5.,2.15,6.));
#2558 = VECTOR('',#2559,1.);
#2559 = DIRECTION('',(0.,-1.,0.));
#2560 = ORIENTED_EDGE('',*,*,#2561,.F.);
#2561 = EDGE_CURVE('',#2562,#2554,#2564,.T.);
#2562 = VERTEX_POINT('',#2563);
#2563 = CARTESIAN_POINT('',(-4.725,-0.15,6.));
#2564 = LINE('',#2565,#2566);
#2565 = CARTESIAN_POINT('',(-4.45,-0.15,6.));
#2566 = VECTOR('',#2567,1.);
#2567 = DIRECTION('',(-1.,0.,0.));
#2568 = ORIENTED_EDGE('',*,*,#2569,.F.);
#2569 = EDGE_CURVE('',#2570,#2562,#2572,.T.);
#2570 = VERTEX_POINT('',#2571);
#2571 = CARTESIAN_POINT('',(-4.725,2.075,6.));
#2572 = LINE('',#2573,#2574);
#2573 = CARTESIAN_POINT('',(-4.725,2.075,6.));
#2574 = VECTOR('',#2575,1.);
#2575 = DIRECTION('',(0.,-1.,0.));
#2576 = ORIENTED_EDGE('',*,*,#2577,.F.);
#2577 = EDGE_CURVE('',#2578,#2570,#2580,.T.);
#2578 = VERTEX_POINT('',#2579);
#2579 = CARTESIAN_POINT('',(4.725,2.075,6.));
#2580 = LINE('',#2581,#2582);
#2581 = CARTESIAN_POINT('',(4.725,2.075,6.));
#2582 = VECTOR('',#2583,1.);
#2583 = DIRECTION('',(-1.,0.,0.));
#2584 = ORIENTED_EDGE('',*,*,#2585,.F.);
#2585 = EDGE_CURVE('',#2586,#2578,#2588,.T.);
#2586 = VERTEX_POINT('',#2587);
#2587 = CARTESIAN_POINT('',(4.725,-0.15,6.));
#2588 = LINE('',#2589,#2590);
#2589 = CARTESIAN_POINT('',(4.725,-2.075,6.));
#2590 = VECTOR('',#2591,1.);
#2591 = DIRECTION('',(0.,1.,0.));
#2592 = ORIENTED_EDGE('',*,*,#2593,.F.);
#2593 = EDGE_CURVE('',#2594,#2586,#2596,.T.);
#2594 = VERTEX_POINT('',#2595);
#2595 = CARTESIAN_POINT('',(5.,-0.15,6.));
#2596 = LINE('',#2597,#2598);
#2597 = CARTESIAN_POINT('',(5.,-0.15,6.));
#2598 = VECTOR('',#2599,1.);
#2599 = DIRECTION('',(-1.,0.,0.));
#2600 = ORIENTED_EDGE('',*,*,#2601,.T.);
#2601 = EDGE_CURVE('',#2594,#2602,#2604,.T.);
#2602 = VERTEX_POINT('',#2603);
#2603 = CARTESIAN_POINT('',(5.,2.15,6.));
#2604 = LINE('',#2605,#2606);
#2605 = CARTESIAN_POINT('',(5.,-2.15,6.));
#2606 = VECTOR('',#2607,1.);
#2607 = DIRECTION('',(0.,1.,0.));
#2608 = ORIENTED_EDGE('',*,*,#2609,.T.);
#2609 = EDGE_CURVE('',#2602,#1003,#2610,.T.);
#2610 = CIRCLE('',#2611,0.2);
#2611 = AXIS2_PLACEMENT_3D('',#2612,#2613,#2614);
#2612 = CARTESIAN_POINT('',(4.8,2.15,6.));
#2613 = DIRECTION('',(0.,0.,1.));
#2614 = DIRECTION('',(1.,0.,0.));
#2615 = PLANE('',#2616);
#2616 = AXIS2_PLACEMENT_3D('',#2617,#2618,#2619);
#2617 = CARTESIAN_POINT('',(4.338849780614E-16,-4.539545475312E-17,6.));
#2618 = DIRECTION('',(0.,0.,1.));
#2619 = DIRECTION('',(1.,0.,0.));
#2620 = ADVANCED_FACE('',(#2621),#2632,.T.);
#2621 = FACE_BOUND('',#2622,.F.);
#2622 = EDGE_LOOP('',(#2623,#2629,#2630,#2631));
#2623 = ORIENTED_EDGE('',*,*,#2624,.T.);
#2624 = EDGE_CURVE('',#1848,#2602,#2625,.T.);
#2625 = LINE('',#2626,#2627);
#2626 = CARTESIAN_POINT('',(5.,2.15,0.));
#2627 = VECTOR('',#2628,1.);
#2628 = DIRECTION('',(0.,0.,1.));
#2629 = ORIENTED_EDGE('',*,*,#2609,.T.);
#2630 = ORIENTED_EDGE('',*,*,#1002,.F.);
#2631 = ORIENTED_EDGE('',*,*,#1855,.F.);
#2632 = CYLINDRICAL_SURFACE('',#2633,0.2);
#2633 = AXIS2_PLACEMENT_3D('',#2634,#2635,#2636);
#2634 = CARTESIAN_POINT('',(4.8,2.15,0.));
#2635 = DIRECTION('',(-0.,-0.,-1.));
#2636 = DIRECTION('',(1.,0.,0.));
#2637 = ADVANCED_FACE('',(#2638),#2644,.T.);
#2638 = FACE_BOUND('',#2639,.F.);
#2639 = EDGE_LOOP('',(#2640,#2641,#2642,#2643));
#2640 = ORIENTED_EDGE('',*,*,#1380,.F.);
#2641 = ORIENTED_EDGE('',*,*,#935,.T.);
#2642 = ORIENTED_EDGE('',*,*,#1269,.T.);
#2643 = ORIENTED_EDGE('',*,*,#1314,.F.);
#2644 = PLANE('',#2645);
#2645 = AXIS2_PLACEMENT_3D('',#2646,#2647,#2648);
#2646 = CARTESIAN_POINT('',(1.8,1.1,0.4));
#2647 = DIRECTION('',(0.,0.157990501107,-0.987440631917));
#2648 = DIRECTION('',(1.,-0.,-0.));
#2649 = ADVANCED_FACE('',(#2650),#2656,.F.);
#2650 = FACE_BOUND('',#2651,.F.);
#2651 = EDGE_LOOP('',(#2652,#2653,#2654,#2655));
#2652 = ORIENTED_EDGE('',*,*,#1946,.F.);
#2653 = ORIENTED_EDGE('',*,*,#2406,.T.);
#2654 = ORIENTED_EDGE('',*,*,#1164,.F.);
#2655 = ORIENTED_EDGE('',*,*,#2387,.F.);
#2656 = PLANE('',#2657);
#2657 = AXIS2_PLACEMENT_3D('',#2658,#2659,#2660);
#2658 = CARTESIAN_POINT('',(-1.25,-0.85,1.8));
#2659 = DIRECTION('',(0.,-1.,0.));
#2660 = DIRECTION('',(1.,0.,0.));
#2661 = ADVANCED_FACE('',(#2662),#2668,.F.);
#2662 = FACE_BOUND('',#2663,.F.);
#2663 = EDGE_LOOP('',(#2664,#2665,#2666,#2667));
#2664 = ORIENTED_EDGE('',*,*,#1923,.F.);
#2665 = ORIENTED_EDGE('',*,*,#2372,.T.);
#2666 = ORIENTED_EDGE('',*,*,#1331,.F.);
#2667 = ORIENTED_EDGE('',*,*,#2353,.F.);
#2668 = PLANE('',#2669);
#2669 = AXIS2_PLACEMENT_3D('',#2670,#2671,#2672);
#2670 = CARTESIAN_POINT('',(0.75,-0.85,1.8));
#2671 = DIRECTION('',(0.,-1.,0.));
#2672 = DIRECTION('',(1.,0.,0.));
#2673 = ADVANCED_FACE('',(#2674),#2683,.F.);
#2674 = FACE_BOUND('',#2675,.F.);
#2675 = EDGE_LOOP('',(#2676,#2677,#2678,#2679,#2680,#2681,#2682));
#2676 = ORIENTED_EDGE('',*,*,#1645,.F.);
#2677 = ORIENTED_EDGE('',*,*,#1588,.F.);
#2678 = ORIENTED_EDGE('',*,*,#1999,.F.);
#2679 = ORIENTED_EDGE('',*,*,#1524,.F.);
#2680 = ORIENTED_EDGE('',*,*,#1447,.T.);
#2681 = ORIENTED_EDGE('',*,*,#2483,.T.);
#2682 = ORIENTED_EDGE('',*,*,#2497,.T.);
#2683 = PLANE('',#2684);
#2684 = AXIS2_PLACEMENT_3D('',#2685,#2686,#2687);
#2685 = CARTESIAN_POINT('',(-3.4496215408E-15,-2.25,0.9));
#2686 = DIRECTION('',(0.,1.,-2.467162276945E-16));
#2687 = DIRECTION('',(0.,2.467162276945E-16,1.));
#2688 = ADVANCED_FACE('',(#2689),#2695,.F.);
#2689 = FACE_BOUND('',#2690,.F.);
#2690 = EDGE_LOOP('',(#2691,#2692,#2693,#2694));
#2691 = ORIENTED_EDGE('',*,*,#1969,.F.);
#2692 = ORIENTED_EDGE('',*,*,#2440,.T.);
#2693 = ORIENTED_EDGE('',*,*,#1480,.F.);
#2694 = ORIENTED_EDGE('',*,*,#2421,.F.);
#2695 = PLANE('',#2696);
#2696 = AXIS2_PLACEMENT_3D('',#2697,#2698,#2699);
#2697 = CARTESIAN_POINT('',(-3.25,-0.85,1.8));
#2698 = DIRECTION('',(0.,-1.,0.));
#2699 = DIRECTION('',(1.,0.,0.));
#2700 = ADVANCED_FACE('',(#2701),#2716,.T.);
#2701 = FACE_BOUND('',#2702,.T.);
#2702 = EDGE_LOOP('',(#2703,#2704,#2705,#2711,#2712,#2713,#2714,#2715));
#2703 = ORIENTED_EDGE('',*,*,#1992,.F.);
#2704 = ORIENTED_EDGE('',*,*,#2232,.T.);
#2705 = ORIENTED_EDGE('',*,*,#2706,.T.);
#2706 = EDGE_CURVE('',#2225,#1796,#2707,.T.);
#2707 = LINE('',#2708,#2709);
#2708 = CARTESIAN_POINT('',(-4.45,-1.8,5.999));
#2709 = VECTOR('',#2710,1.);
#2710 = DIRECTION('',(1.,0.,0.));
#2711 = ORIENTED_EDGE('',*,*,#1805,.T.);
#2712 = ORIENTED_EDGE('',*,*,#2006,.F.);
#2713 = ORIENTED_EDGE('',*,*,#1540,.T.);
#2714 = ORIENTED_EDGE('',*,*,#1555,.T.);
#2715 = ORIENTED_EDGE('',*,*,#1604,.T.);
#2716 = PLANE('',#2717);
#2717 = AXIS2_PLACEMENT_3D('',#2718,#2719,#2720);
#2718 = CARTESIAN_POINT('',(-4.45,-1.8,1.8));
#2719 = DIRECTION('',(0.,1.,0.));
#2720 = DIRECTION('',(1.,0.,0.));
#2721 = ADVANCED_FACE('',(#2722),#2751,.F.);
#2722 = FACE_BOUND('',#2723,.F.);
#2723 = EDGE_LOOP('',(#2724,#2725,#2726,#2727,#2735,#2743,#2749,#2750));
#2724 = ORIENTED_EDGE('',*,*,#1628,.F.);
#2725 = ORIENTED_EDGE('',*,*,#2524,.T.);
#2726 = ORIENTED_EDGE('',*,*,#2553,.T.);
#2727 = ORIENTED_EDGE('',*,*,#2728,.T.);
#2728 = EDGE_CURVE('',#2554,#2729,#2731,.T.);
#2729 = VERTEX_POINT('',#2730);
#2730 = CARTESIAN_POINT('',(-5.,-0.15,4.));
#2731 = LINE('',#2732,#2733);
#2732 = CARTESIAN_POINT('',(-5.,-0.15,6.));
#2733 = VECTOR('',#2734,1.);
#2734 = DIRECTION('',(-0.,-0.,-1.));
#2735 = ORIENTED_EDGE('',*,*,#2736,.T.);
#2736 = EDGE_CURVE('',#2729,#2737,#2739,.T.);
#2737 = VERTEX_POINT('',#2738);
#2738 = CARTESIAN_POINT('',(-5.,-1.15,4.));
#2739 = LINE('',#2740,#2741);
#2740 = CARTESIAN_POINT('',(-5.,-0.15,4.));
#2741 = VECTOR('',#2742,1.);
#2742 = DIRECTION('',(0.,-1.,0.));
#2743 = ORIENTED_EDGE('',*,*,#2744,.F.);
#2744 = EDGE_CURVE('',#1717,#2737,#2745,.T.);
#2745 = LINE('',#2746,#2747);
#2746 = CARTESIAN_POINT('',(-5.,-1.15,6.));
#2747 = VECTOR('',#2748,1.);
#2748 = DIRECTION('',(-0.,-0.,-1.));
#2749 = ORIENTED_EDGE('',*,*,#1726,.T.);
#2750 = ORIENTED_EDGE('',*,*,#1667,.F.);
#2751 = PLANE('',#2752);
#2752 = AXIS2_PLACEMENT_3D('',#2753,#2754,#2755);
#2753 = CARTESIAN_POINT('',(-5.,2.15,0.));
#2754 = DIRECTION('',(1.,0.,0.));
#2755 = DIRECTION('',(0.,-1.,0.));
#2756 = ADVANCED_FACE('',(#2757),#2782,.F.);
#2757 = FACE_BOUND('',#2758,.F.);
#2758 = EDGE_LOOP('',(#2759,#2760,#2761,#2767,#2768,#2776));
#2759 = ORIENTED_EDGE('',*,*,#1716,.F.);
#2760 = ORIENTED_EDGE('',*,*,#2744,.T.);
#2761 = ORIENTED_EDGE('',*,*,#2762,.T.);
#2762 = EDGE_CURVE('',#2737,#2209,#2763,.T.);
#2763 = LINE('',#2764,#2765);
#2764 = CARTESIAN_POINT('',(-5.,-1.15,4.));
#2765 = VECTOR('',#2766,1.);
#2766 = DIRECTION('',(1.,0.,0.));
#2767 = ORIENTED_EDGE('',*,*,#2216,.F.);
#2768 = ORIENTED_EDGE('',*,*,#2769,.F.);
#2769 = EDGE_CURVE('',#2770,#2217,#2772,.T.);
#2770 = VERTEX_POINT('',#2771);
#2771 = CARTESIAN_POINT('',(-4.725,-1.15,5.999));
#2772 = LINE('',#2773,#2774);
#2773 = CARTESIAN_POINT('',(-2.499999999999,-1.15,5.999));
#2774 = VECTOR('',#2775,1.);
#2775 = DIRECTION('',(1.,0.,0.));
#2776 = ORIENTED_EDGE('',*,*,#2777,.T.);
#2777 = EDGE_CURVE('',#2770,#1719,#2778,.T.);
#2778 = LINE('',#2779,#2780);
#2779 = CARTESIAN_POINT('',(-4.725,-1.15,6.));
#2780 = VECTOR('',#2781,1.);
#2781 = DIRECTION('',(0.,0.,1.));
#2782 = PLANE('',#2783);
#2783 = AXIS2_PLACEMENT_3D('',#2784,#2785,#2786);
#2784 = CARTESIAN_POINT('',(-5.,-1.15,6.));
#2785 = DIRECTION('',(0.,-1.,0.));
#2786 = DIRECTION('',(1.,0.,0.));
#2787 = ADVANCED_FACE('',(#2788),#2806,.F.);
#2788 = FACE_BOUND('',#2789,.F.);
#2789 = EDGE_LOOP('',(#2790,#2791,#2792,#2800));
#2790 = ORIENTED_EDGE('',*,*,#1750,.F.);
#2791 = ORIENTED_EDGE('',*,*,#2777,.F.);
#2792 = ORIENTED_EDGE('',*,*,#2793,.T.);
#2793 = EDGE_CURVE('',#2770,#2794,#2796,.T.);
#2794 = VERTEX_POINT('',#2795);
#2795 = CARTESIAN_POINT('',(-4.725,-2.075,5.999));
#2796 = LINE('',#2797,#2798);
#2797 = CARTESIAN_POINT('',(-4.725,2.075,5.999));
#2798 = VECTOR('',#2799,1.);
#2799 = DIRECTION('',(0.,-1.,0.));
#2800 = ORIENTED_EDGE('',*,*,#2801,.F.);
#2801 = EDGE_CURVE('',#1743,#2794,#2802,.T.);
#2802 = LINE('',#2803,#2804);
#2803 = CARTESIAN_POINT('',(-4.725,-2.075,6.));
#2804 = VECTOR('',#2805,1.);
#2805 = DIRECTION('',(-0.,-0.,-1.));
#2806 = PLANE('',#2807);
#2807 = AXIS2_PLACEMENT_3D('',#2808,#2809,#2810);
#2808 = CARTESIAN_POINT('',(-4.725,2.075,6.));
#2809 = DIRECTION('',(-1.,0.,0.));
#2810 = DIRECTION('',(0.,-1.,0.));
#2811 = ADVANCED_FACE('',(#2812),#2823,.F.);
#2812 = FACE_BOUND('',#2813,.F.);
#2813 = EDGE_LOOP('',(#2814,#2815,#2816,#2822));
#2814 = ORIENTED_EDGE('',*,*,#1742,.F.);
#2815 = ORIENTED_EDGE('',*,*,#2801,.T.);
#2816 = ORIENTED_EDGE('',*,*,#2817,.T.);
#2817 = EDGE_CURVE('',#2794,#1798,#2818,.T.);
#2818 = LINE('',#2819,#2820);
#2819 = CARTESIAN_POINT('',(-4.725,-2.075,5.999));
#2820 = VECTOR('',#2821,1.);
#2821 = DIRECTION('',(1.,0.,0.));
#2822 = ORIENTED_EDGE('',*,*,#1821,.F.);
#2823 = PLANE('',#2824);
#2824 = AXIS2_PLACEMENT_3D('',#2825,#2826,#2827);
#2825 = CARTESIAN_POINT('',(-4.725,-2.075,6.));
#2826 = DIRECTION('',(0.,-1.,0.));
#2827 = DIRECTION('',(1.,0.,0.));
#2828 = ADVANCED_FACE('',(#2829),#2837,.T.);
#2829 = FACE_BOUND('',#2830,.T.);
#2830 = EDGE_LOOP('',(#2831,#2832,#2833,#2834,#2835,#2836));
#2831 = ORIENTED_EDGE('',*,*,#2769,.F.);
#2832 = ORIENTED_EDGE('',*,*,#2793,.T.);
#2833 = ORIENTED_EDGE('',*,*,#2817,.T.);
#2834 = ORIENTED_EDGE('',*,*,#1795,.F.);
#2835 = ORIENTED_EDGE('',*,*,#2706,.F.);
#2836 = ORIENTED_EDGE('',*,*,#2224,.F.);
#2837 = PLANE('',#2838);
#2838 = AXIS2_PLACEMENT_3D('',#2839,#2840,#2841);
#2839 = CARTESIAN_POINT('',(1.917376432167E-12,0.,5.999));
#2840 = DIRECTION('',(0.,0.,1.));
#2841 = DIRECTION('',(1.,0.,0.));
#2842 = ADVANCED_FACE('',(#2843),#2872,.F.);
#2843 = FACE_BOUND('',#2844,.F.);
#2844 = EDGE_LOOP('',(#2845,#2846,#2847,#2848,#2856,#2864,#2870,#2871));
#2845 = ORIENTED_EDGE('',*,*,#1847,.F.);
#2846 = ORIENTED_EDGE('',*,*,#2030,.T.);
#2847 = ORIENTED_EDGE('',*,*,#2085,.T.);
#2848 = ORIENTED_EDGE('',*,*,#2849,.T.);
#2849 = EDGE_CURVE('',#2086,#2850,#2852,.T.);
#2850 = VERTEX_POINT('',#2851);
#2851 = CARTESIAN_POINT('',(5.,-1.15,4.));
#2852 = LINE('',#2853,#2854);
#2853 = CARTESIAN_POINT('',(5.,-1.15,6.));
#2854 = VECTOR('',#2855,1.);
#2855 = DIRECTION('',(-0.,-0.,-1.));
#2856 = ORIENTED_EDGE('',*,*,#2857,.T.);
#2857 = EDGE_CURVE('',#2850,#2858,#2860,.T.);
#2858 = VERTEX_POINT('',#2859);
#2859 = CARTESIAN_POINT('',(5.,-0.15,4.));
#2860 = LINE('',#2861,#2862);
#2861 = CARTESIAN_POINT('',(5.,-1.15,4.));
#2862 = VECTOR('',#2863,1.);
#2863 = DIRECTION('',(0.,1.,0.));
#2864 = ORIENTED_EDGE('',*,*,#2865,.F.);
#2865 = EDGE_CURVE('',#2594,#2858,#2866,.T.);
#2866 = LINE('',#2867,#2868);
#2867 = CARTESIAN_POINT('',(5.,-0.15,6.));
#2868 = VECTOR('',#2869,1.);
#2869 = DIRECTION('',(-0.,-0.,-1.));
#2870 = ORIENTED_EDGE('',*,*,#2601,.T.);
#2871 = ORIENTED_EDGE('',*,*,#2624,.F.);
#2872 = PLANE('',#2873);
#2873 = AXIS2_PLACEMENT_3D('',#2874,#2875,#2876);
#2874 = CARTESIAN_POINT('',(5.,-2.15,0.));
#2875 = DIRECTION('',(-1.,0.,0.));
#2876 = DIRECTION('',(0.,1.,0.));
#2877 = ADVANCED_FACE('',(#2878),#2896,.F.);
#2878 = FACE_BOUND('',#2879,.F.);
#2879 = EDGE_LOOP('',(#2880,#2881,#2882,#2890));
#2880 = ORIENTED_EDGE('',*,*,#2109,.F.);
#2881 = ORIENTED_EDGE('',*,*,#2071,.F.);
#2882 = ORIENTED_EDGE('',*,*,#2883,.T.);
#2883 = EDGE_CURVE('',#2064,#2884,#2886,.T.);
#2884 = VERTEX_POINT('',#2885);
#2885 = CARTESIAN_POINT('',(4.725,-2.075,5.999));
#2886 = LINE('',#2887,#2888);
#2887 = CARTESIAN_POINT('',(-4.725,-2.075,5.999));
#2888 = VECTOR('',#2889,1.);
#2889 = DIRECTION('',(1.,0.,0.));
#2890 = ORIENTED_EDGE('',*,*,#2891,.F.);
#2891 = EDGE_CURVE('',#2102,#2884,#2892,.T.);
#2892 = LINE('',#2893,#2894);
#2893 = CARTESIAN_POINT('',(4.725,-2.075,6.));
#2894 = VECTOR('',#2895,1.);
#2895 = DIRECTION('',(-0.,-0.,-1.));
#2896 = PLANE('',#2897);
#2897 = AXIS2_PLACEMENT_3D('',#2898,#2899,#2900);
#2898 = CARTESIAN_POINT('',(-4.725,-2.075,6.));
#2899 = DIRECTION('',(0.,-1.,0.));
#2900 = DIRECTION('',(1.,0.,0.));
#2901 = ADVANCED_FACE('',(#2902),#2922,.T.);
#2902 = FACE_BOUND('',#2903,.T.);
#2903 = EDGE_LOOP('',(#2904,#2905,#2906,#2914,#2920,#2921));
#2904 = ORIENTED_EDGE('',*,*,#2063,.F.);
#2905 = ORIENTED_EDGE('',*,*,#2883,.T.);
#2906 = ORIENTED_EDGE('',*,*,#2907,.T.);
#2907 = EDGE_CURVE('',#2884,#2908,#2910,.T.);
#2908 = VERTEX_POINT('',#2909);
#2909 = CARTESIAN_POINT('',(4.725,-1.15,5.999));
#2910 = LINE('',#2911,#2912);
#2911 = CARTESIAN_POINT('',(4.725,-2.075,5.999));
#2912 = VECTOR('',#2913,1.);
#2913 = DIRECTION('',(0.,1.,0.));
#2914 = ORIENTED_EDGE('',*,*,#2915,.F.);
#2915 = EDGE_CURVE('',#2281,#2908,#2916,.T.);
#2916 = LINE('',#2917,#2918);
#2917 = CARTESIAN_POINT('',(2.225000000005,-1.15,5.999));
#2918 = VECTOR('',#2919,1.);
#2919 = DIRECTION('',(1.,0.,0.));
#2920 = ORIENTED_EDGE('',*,*,#2280,.F.);
#2921 = ORIENTED_EDGE('',*,*,#2140,.F.);
#2922 = PLANE('',#2923);
#2923 = AXIS2_PLACEMENT_3D('',#2924,#2925,#2926);
#2924 = CARTESIAN_POINT('',(1.917376432167E-12,0.,5.999));
#2925 = DIRECTION('',(0.,0.,1.));
#2926 = DIRECTION('',(1.,0.,0.));
#2927 = ADVANCED_FACE('',(#2928),#2939,.F.);
#2928 = FACE_BOUND('',#2929,.F.);
#2929 = EDGE_LOOP('',(#2930,#2931,#2932,#2933));
#2930 = ORIENTED_EDGE('',*,*,#2101,.F.);
#2931 = ORIENTED_EDGE('',*,*,#2891,.T.);
#2932 = ORIENTED_EDGE('',*,*,#2907,.T.);
#2933 = ORIENTED_EDGE('',*,*,#2934,.F.);
#2934 = EDGE_CURVE('',#2094,#2908,#2935,.T.);
#2935 = LINE('',#2936,#2937);
#2936 = CARTESIAN_POINT('',(4.725,-1.15,6.));
#2937 = VECTOR('',#2938,1.);
#2938 = DIRECTION('',(0.,0.,-1.));
#2939 = PLANE('',#2940);
#2940 = AXIS2_PLACEMENT_3D('',#2941,#2942,#2943);
#2941 = CARTESIAN_POINT('',(4.725,-2.075,6.));
#2942 = DIRECTION('',(1.,0.,0.));
#2943 = DIRECTION('',(0.,1.,0.));
#2944 = ADVANCED_FACE('',(#2945),#2958,.F.);
#2945 = FACE_BOUND('',#2946,.F.);
#2946 = EDGE_LOOP('',(#2947,#2948,#2949,#2955,#2956,#2957));
#2947 = ORIENTED_EDGE('',*,*,#2915,.F.);
#2948 = ORIENTED_EDGE('',*,*,#2288,.T.);
#2949 = ORIENTED_EDGE('',*,*,#2950,.T.);
#2950 = EDGE_CURVE('',#2289,#2850,#2951,.T.);
#2951 = LINE('',#2952,#2953);
#2952 = CARTESIAN_POINT('',(4.450000000008,-1.15,4.));
#2953 = VECTOR('',#2954,1.);
#2954 = DIRECTION('',(1.,0.,0.));
#2955 = ORIENTED_EDGE('',*,*,#2849,.F.);
#2956 = ORIENTED_EDGE('',*,*,#2093,.F.);
#2957 = ORIENTED_EDGE('',*,*,#2934,.T.);
#2958 = PLANE('',#2959);
#2959 = AXIS2_PLACEMENT_3D('',#2960,#2961,#2962);
#2960 = CARTESIAN_POINT('',(4.450000000008,-1.15,6.));
#2961 = DIRECTION('',(0.,-1.,0.));
#2962 = DIRECTION('',(1.,0.,0.));
#2963 = ADVANCED_FACE('',(#2964),#2975,.T.);
#2964 = FACE_BOUND('',#2965,.T.);
#2965 = EDGE_LOOP('',(#2966,#2967,#2973,#2974));
#2966 = ORIENTED_EDGE('',*,*,#2336,.T.);
#2967 = ORIENTED_EDGE('',*,*,#2968,.F.);
#2968 = EDGE_CURVE('',#2167,#2329,#2969,.T.);
#2969 = LINE('',#2970,#2971);
#2970 = CARTESIAN_POINT('',(-4.45,-5.E-02,1.4));
#2971 = VECTOR('',#2972,1.);
#2972 = DIRECTION('',(1.,0.,0.));
#2973 = ORIENTED_EDGE('',*,*,#2166,.T.);
#2974 = ORIENTED_EDGE('',*,*,#2262,.F.);
#2975 = PLANE('',#2976);
#2976 = AXIS2_PLACEMENT_3D('',#2977,#2978,#2979);
#2977 = CARTESIAN_POINT('',(5.669223955533E-16,-5.E-02,1.65));
#2978 = DIRECTION('',(0.,1.,-1.741752485386E-15));
#2979 = DIRECTION('',(0.,1.741752485386E-15,1.));
#2980 = ADVANCED_FACE('',(#2981),#3088,.T.);
#2981 = FACE_BOUND('',#2982,.T.);
#2982 = EDGE_LOOP('',(#2983,#2991,#2992,#2993,#2994,#3002,#3010,#3018,
    #3026,#3034,#3042,#3050,#3058,#3066,#3074,#3082));
#2983 = ORIENTED_EDGE('',*,*,#2984,.T.);
#2984 = EDGE_CURVE('',#2985,#2177,#2987,.T.);
#2985 = VERTEX_POINT('',#2986);
#2986 = CARTESIAN_POINT('',(-2.15,1.8,1.4));
#2987 = LINE('',#2988,#2989);
#2988 = CARTESIAN_POINT('',(4.45,1.8,1.4));
#2989 = VECTOR('',#2990,1.);
#2990 = DIRECTION('',(-1.,0.,0.));
#2991 = ORIENTED_EDGE('',*,*,#2176,.T.);
#2992 = ORIENTED_EDGE('',*,*,#2968,.T.);
#2993 = ORIENTED_EDGE('',*,*,#2328,.T.);
#2994 = ORIENTED_EDGE('',*,*,#2995,.T.);
#2995 = EDGE_CURVE('',#2321,#2996,#2998,.T.);
#2996 = VERTEX_POINT('',#2997);
#2997 = CARTESIAN_POINT('',(2.15,1.8,1.4));
#2998 = LINE('',#2999,#3000);
#2999 = CARTESIAN_POINT('',(4.45,1.8,1.4));
#3000 = VECTOR('',#3001,1.);
#3001 = DIRECTION('',(-1.,0.,0.));
#3002 = ORIENTED_EDGE('',*,*,#3003,.F.);
#3003 = EDGE_CURVE('',#3004,#2996,#3006,.T.);
#3004 = VERTEX_POINT('',#3005);
#3005 = CARTESIAN_POINT('',(2.15,1.6,1.4));
#3006 = LINE('',#3007,#3008);
#3007 = CARTESIAN_POINT('',(2.15,1.6,1.4));
#3008 = VECTOR('',#3009,1.);
#3009 = DIRECTION('',(0.,1.,0.));
#3010 = ORIENTED_EDGE('',*,*,#3011,.F.);
#3011 = EDGE_CURVE('',#3012,#3004,#3014,.T.);
#3012 = VERTEX_POINT('',#3013);
#3013 = CARTESIAN_POINT('',(1.85,1.6,1.4));
#3014 = LINE('',#3015,#3016);
#3015 = CARTESIAN_POINT('',(1.85,1.6,1.4));
#3016 = VECTOR('',#3017,1.);
#3017 = DIRECTION('',(1.,0.,0.));
#3018 = ORIENTED_EDGE('',*,*,#3019,.F.);
#3019 = EDGE_CURVE('',#3020,#3012,#3022,.T.);
#3020 = VERTEX_POINT('',#3021);
#3021 = CARTESIAN_POINT('',(1.85,1.8,1.4));
#3022 = LINE('',#3023,#3024);
#3023 = CARTESIAN_POINT('',(1.85,1.8,1.4));
#3024 = VECTOR('',#3025,1.);
#3025 = DIRECTION('',(0.,-1.,0.));
#3026 = ORIENTED_EDGE('',*,*,#3027,.T.);
#3027 = EDGE_CURVE('',#3020,#3028,#3030,.T.);
#3028 = VERTEX_POINT('',#3029);
#3029 = CARTESIAN_POINT('',(0.15,1.8,1.4));
#3030 = LINE('',#3031,#3032);
#3031 = CARTESIAN_POINT('',(4.45,1.8,1.4));
#3032 = VECTOR('',#3033,1.);
#3033 = DIRECTION('',(-1.,0.,0.));
#3034 = ORIENTED_EDGE('',*,*,#3035,.T.);
#3035 = EDGE_CURVE('',#3028,#3036,#3038,.T.);
#3036 = VERTEX_POINT('',#3037);
#3037 = CARTESIAN_POINT('',(0.15,1.6,1.4));
#3038 = LINE('',#3039,#3040);
#3039 = CARTESIAN_POINT('',(0.15,1.8,1.4));
#3040 = VECTOR('',#3041,1.);
#3041 = DIRECTION('',(0.,-1.,0.));
#3042 = ORIENTED_EDGE('',*,*,#3043,.T.);
#3043 = EDGE_CURVE('',#3036,#3044,#3046,.T.);
#3044 = VERTEX_POINT('',#3045);
#3045 = CARTESIAN_POINT('',(-0.15,1.6,1.4));
#3046 = LINE('',#3047,#3048);
#3047 = CARTESIAN_POINT('',(0.15,1.6,1.4));
#3048 = VECTOR('',#3049,1.);
#3049 = DIRECTION('',(-1.,0.,0.));
#3050 = ORIENTED_EDGE('',*,*,#3051,.T.);
#3051 = EDGE_CURVE('',#3044,#3052,#3054,.T.);
#3052 = VERTEX_POINT('',#3053);
#3053 = CARTESIAN_POINT('',(-0.15,1.8,1.4));
#3054 = LINE('',#3055,#3056);
#3055 = CARTESIAN_POINT('',(-0.15,1.6,1.4));
#3056 = VECTOR('',#3057,1.);
#3057 = DIRECTION('',(0.,1.,0.));
#3058 = ORIENTED_EDGE('',*,*,#3059,.T.);
#3059 = EDGE_CURVE('',#3052,#3060,#3062,.T.);
#3060 = VERTEX_POINT('',#3061);
#3061 = CARTESIAN_POINT('',(-1.85,1.8,1.4));
#3062 = LINE('',#3063,#3064);
#3063 = CARTESIAN_POINT('',(4.45,1.8,1.4));
#3064 = VECTOR('',#3065,1.);
#3065 = DIRECTION('',(-1.,0.,0.));
#3066 = ORIENTED_EDGE('',*,*,#3067,.F.);
#3067 = EDGE_CURVE('',#3068,#3060,#3070,.T.);
#3068 = VERTEX_POINT('',#3069);
#3069 = CARTESIAN_POINT('',(-1.85,1.6,1.4));
#3070 = LINE('',#3071,#3072);
#3071 = CARTESIAN_POINT('',(-1.85,1.6,1.4));
#3072 = VECTOR('',#3073,1.);
#3073 = DIRECTION('',(0.,1.,0.));
#3074 = ORIENTED_EDGE('',*,*,#3075,.F.);
#3075 = EDGE_CURVE('',#3076,#3068,#3078,.T.);
#3076 = VERTEX_POINT('',#3077);
#3077 = CARTESIAN_POINT('',(-2.15,1.6,1.4));
#3078 = LINE('',#3079,#3080);
#3079 = CARTESIAN_POINT('',(-2.15,1.6,1.4));
#3080 = VECTOR('',#3081,1.);
#3081 = DIRECTION('',(1.,0.,0.));
#3082 = ORIENTED_EDGE('',*,*,#3083,.F.);
#3083 = EDGE_CURVE('',#2985,#3076,#3084,.T.);
#3084 = LINE('',#3085,#3086);
#3085 = CARTESIAN_POINT('',(-2.15,1.8,1.4));
#3086 = VECTOR('',#3087,1.);
#3087 = DIRECTION('',(0.,-1.,0.));
#3088 = PLANE('',#3089);
#3089 = AXIS2_PLACEMENT_3D('',#3090,#3091,#3092);
#3090 = CARTESIAN_POINT('',(1.321939973507E-15,0.875,1.4));
#3091 = DIRECTION('',(0.,0.,1.));
#3092 = DIRECTION('',(1.,0.,0.));
#3093 = ADVANCED_FACE('',(#3094),#3174,.T.);
#3094 = FACE_BOUND('',#3095,.T.);
#3095 = EDGE_LOOP('',(#3096,#3097,#3098,#3104,#3105,#3106,#3114,#3122,
    #3128,#3129,#3137,#3145,#3151,#3152,#3160,#3168));
#3096 = ORIENTED_EDGE('',*,*,#2995,.F.);
#3097 = ORIENTED_EDGE('',*,*,#2320,.T.);
#3098 = ORIENTED_EDGE('',*,*,#3099,.T.);
#3099 = EDGE_CURVE('',#2313,#2185,#3100,.T.);
#3100 = LINE('',#3101,#3102);
#3101 = CARTESIAN_POINT('',(4.450000000008,1.8,5.999));
#3102 = VECTOR('',#3103,1.);
#3103 = DIRECTION('',(-1.,0.,0.));
#3104 = ORIENTED_EDGE('',*,*,#2184,.T.);
#3105 = ORIENTED_EDGE('',*,*,#2984,.F.);
#3106 = ORIENTED_EDGE('',*,*,#3107,.T.);
#3107 = EDGE_CURVE('',#2985,#3108,#3110,.T.);
#3108 = VERTEX_POINT('',#3109);
#3109 = CARTESIAN_POINT('',(-2.15,1.8,3.3));
#3110 = LINE('',#3111,#3112);
#3111 = CARTESIAN_POINT('',(-2.15,1.8,1.4));
#3112 = VECTOR('',#3113,1.);
#3113 = DIRECTION('',(0.,0.,1.));
#3114 = ORIENTED_EDGE('',*,*,#3115,.F.);
#3115 = EDGE_CURVE('',#3116,#3108,#3118,.T.);
#3116 = VERTEX_POINT('',#3117);
#3117 = CARTESIAN_POINT('',(-1.85,1.8,3.3));
#3118 = LINE('',#3119,#3120);
#3119 = CARTESIAN_POINT('',(-1.85,1.8,3.3));
#3120 = VECTOR('',#3121,1.);
#3121 = DIRECTION('',(-1.,0.,0.));
#3122 = ORIENTED_EDGE('',*,*,#3123,.F.);
#3123 = EDGE_CURVE('',#3060,#3116,#3124,.T.);
#3124 = LINE('',#3125,#3126);
#3125 = CARTESIAN_POINT('',(-1.85,1.8,1.4));
#3126 = VECTOR('',#3127,1.);
#3127 = DIRECTION('',(0.,0.,1.));
#3128 = ORIENTED_EDGE('',*,*,#3059,.F.);
#3129 = ORIENTED_EDGE('',*,*,#3130,.T.);
#3130 = EDGE_CURVE('',#3052,#3131,#3133,.T.);
#3131 = VERTEX_POINT('',#3132);
#3132 = CARTESIAN_POINT('',(-0.15,1.8,3.3));
#3133 = LINE('',#3134,#3135);
#3134 = CARTESIAN_POINT('',(-0.15,1.8,1.4));
#3135 = VECTOR('',#3136,1.);
#3136 = DIRECTION('',(0.,0.,1.));
#3137 = ORIENTED_EDGE('',*,*,#3138,.T.);
#3138 = EDGE_CURVE('',#3131,#3139,#3141,.T.);
#3139 = VERTEX_POINT('',#3140);
#3140 = CARTESIAN_POINT('',(0.15,1.8,3.3));
#3141 = LINE('',#3142,#3143);
#3142 = CARTESIAN_POINT('',(-0.15,1.8,3.3));
#3143 = VECTOR('',#3144,1.);
#3144 = DIRECTION('',(1.,0.,0.));
#3145 = ORIENTED_EDGE('',*,*,#3146,.F.);
#3146 = EDGE_CURVE('',#3028,#3139,#3147,.T.);
#3147 = LINE('',#3148,#3149);
#3148 = CARTESIAN_POINT('',(0.15,1.8,1.4));
#3149 = VECTOR('',#3150,1.);
#3150 = DIRECTION('',(0.,0.,1.));
#3151 = ORIENTED_EDGE('',*,*,#3027,.F.);
#3152 = ORIENTED_EDGE('',*,*,#3153,.T.);
#3153 = EDGE_CURVE('',#3020,#3154,#3156,.T.);
#3154 = VERTEX_POINT('',#3155);
#3155 = CARTESIAN_POINT('',(1.85,1.8,3.3));
#3156 = LINE('',#3157,#3158);
#3157 = CARTESIAN_POINT('',(1.85,1.8,1.4));
#3158 = VECTOR('',#3159,1.);
#3159 = DIRECTION('',(0.,0.,1.));
#3160 = ORIENTED_EDGE('',*,*,#3161,.F.);
#3161 = EDGE_CURVE('',#3162,#3154,#3164,.T.);
#3162 = VERTEX_POINT('',#3163);
#3163 = CARTESIAN_POINT('',(2.15,1.8,3.3));
#3164 = LINE('',#3165,#3166);
#3165 = CARTESIAN_POINT('',(2.15,1.8,3.3));
#3166 = VECTOR('',#3167,1.);
#3167 = DIRECTION('',(-1.,0.,0.));
#3168 = ORIENTED_EDGE('',*,*,#3169,.F.);
#3169 = EDGE_CURVE('',#2996,#3162,#3170,.T.);
#3170 = LINE('',#3171,#3172);
#3171 = CARTESIAN_POINT('',(2.15,1.8,1.4));
#3172 = VECTOR('',#3173,1.);
#3173 = DIRECTION('',(0.,0.,1.));
#3174 = PLANE('',#3175);
#3175 = AXIS2_PLACEMENT_3D('',#3176,#3177,#3178);
#3176 = CARTESIAN_POINT('',(2.490472290782E-12,1.8,3.699500000001));
#3177 = DIRECTION('',(-0.,-1.,-0.));
#3178 = DIRECTION('',(0.,0.,-1.));
#3179 = ADVANCED_FACE('',(#3180),#3223,.T.);
#3180 = FACE_BOUND('',#3181,.T.);
#3181 = EDGE_LOOP('',(#3182,#3190,#3198,#3206,#3214,#3220,#3221,#3222));
#3182 = ORIENTED_EDGE('',*,*,#3183,.F.);
#3183 = EDGE_CURVE('',#3184,#2305,#3186,.T.);
#3184 = VERTEX_POINT('',#3185);
#3185 = CARTESIAN_POINT('',(4.725,-0.15,5.999));
#3186 = LINE('',#3187,#3188);
#3187 = CARTESIAN_POINT('',(2.500000000001,-0.15,5.999));
#3188 = VECTOR('',#3189,1.);
#3189 = DIRECTION('',(-1.,0.,0.));
#3190 = ORIENTED_EDGE('',*,*,#3191,.T.);
#3191 = EDGE_CURVE('',#3184,#3192,#3194,.T.);
#3192 = VERTEX_POINT('',#3193);
#3193 = CARTESIAN_POINT('',(4.725,2.075,5.999));
#3194 = LINE('',#3195,#3196);
#3195 = CARTESIAN_POINT('',(4.725,-2.075,5.999));
#3196 = VECTOR('',#3197,1.);
#3197 = DIRECTION('',(0.,1.,0.));
#3198 = ORIENTED_EDGE('',*,*,#3199,.T.);
#3199 = EDGE_CURVE('',#3192,#3200,#3202,.T.);
#3200 = VERTEX_POINT('',#3201);
#3201 = CARTESIAN_POINT('',(-4.725,2.075,5.999));
#3202 = LINE('',#3203,#3204);
#3203 = CARTESIAN_POINT('',(4.725,2.075,5.999));
#3204 = VECTOR('',#3205,1.);
#3205 = DIRECTION('',(-1.,0.,0.));
#3206 = ORIENTED_EDGE('',*,*,#3207,.T.);
#3207 = EDGE_CURVE('',#3200,#3208,#3210,.T.);
#3208 = VERTEX_POINT('',#3209);
#3209 = CARTESIAN_POINT('',(-4.725,-0.15,5.999));
#3210 = LINE('',#3211,#3212);
#3211 = CARTESIAN_POINT('',(-4.725,2.075,5.999));
#3212 = VECTOR('',#3213,1.);
#3213 = DIRECTION('',(0.,-1.,0.));
#3214 = ORIENTED_EDGE('',*,*,#3215,.F.);
#3215 = EDGE_CURVE('',#2193,#3208,#3216,.T.);
#3216 = LINE('',#3217,#3218);
#3217 = CARTESIAN_POINT('',(-2.224999999999,-0.15,5.999));
#3218 = VECTOR('',#3219,1.);
#3219 = DIRECTION('',(-1.,0.,0.));
#3220 = ORIENTED_EDGE('',*,*,#2192,.F.);
#3221 = ORIENTED_EDGE('',*,*,#3099,.F.);
#3222 = ORIENTED_EDGE('',*,*,#2312,.F.);
#3223 = PLANE('',#3224);
#3224 = AXIS2_PLACEMENT_3D('',#3225,#3226,#3227);
#3225 = CARTESIAN_POINT('',(1.917376432167E-12,0.,5.999));
#3226 = DIRECTION('',(0.,0.,1.));
#3227 = DIRECTION('',(1.,0.,0.));
#3228 = ADVANCED_FACE('',(#3229),#3247,.F.);
#3229 = FACE_BOUND('',#3230,.F.);
#3230 = EDGE_LOOP('',(#3231,#3232,#3233,#3239,#3240,#3241));
#3231 = ORIENTED_EDGE('',*,*,#3215,.F.);
#3232 = ORIENTED_EDGE('',*,*,#2200,.T.);
#3233 = ORIENTED_EDGE('',*,*,#3234,.T.);
#3234 = EDGE_CURVE('',#2201,#2729,#3235,.T.);
#3235 = LINE('',#3236,#3237);
#3236 = CARTESIAN_POINT('',(-4.45,-0.15,4.));
#3237 = VECTOR('',#3238,1.);
#3238 = DIRECTION('',(-1.,0.,0.));
#3239 = ORIENTED_EDGE('',*,*,#2728,.F.);
#3240 = ORIENTED_EDGE('',*,*,#2561,.F.);
#3241 = ORIENTED_EDGE('',*,*,#3242,.T.);
#3242 = EDGE_CURVE('',#2562,#3208,#3243,.T.);
#3243 = LINE('',#3244,#3245);
#3244 = CARTESIAN_POINT('',(-4.725,-0.15,6.));
#3245 = VECTOR('',#3246,1.);
#3246 = DIRECTION('',(0.,0.,-1.));
#3247 = PLANE('',#3248);
#3248 = AXIS2_PLACEMENT_3D('',#3249,#3250,#3251);
#3249 = CARTESIAN_POINT('',(-4.45,-0.15,6.));
#3250 = DIRECTION('',(0.,1.,0.));
#3251 = DIRECTION('',(-1.,0.,0.));
#3252 = ADVANCED_FACE('',(#3253),#3259,.T.);
#3253 = FACE_BOUND('',#3254,.T.);
#3254 = EDGE_LOOP('',(#3255,#3256,#3257,#3258));
#3255 = ORIENTED_EDGE('',*,*,#2736,.T.);
#3256 = ORIENTED_EDGE('',*,*,#2762,.T.);
#3257 = ORIENTED_EDGE('',*,*,#2208,.T.);
#3258 = ORIENTED_EDGE('',*,*,#3234,.T.);
#3259 = PLANE('',#3260);
#3260 = AXIS2_PLACEMENT_3D('',#3261,#3262,#3263);
#3261 = CARTESIAN_POINT('',(-9.901362883737E-12,-0.65,4.));
#3262 = DIRECTION('',(0.,0.,1.));
#3263 = DIRECTION('',(1.,0.,0.));
#3264 = ADVANCED_FACE('',(#3265),#3276,.T.);
#3265 = FACE_BOUND('',#3266,.T.);
#3266 = EDGE_LOOP('',(#3267,#3268,#3269,#3270));
#3267 = ORIENTED_EDGE('',*,*,#2296,.T.);
#3268 = ORIENTED_EDGE('',*,*,#2950,.T.);
#3269 = ORIENTED_EDGE('',*,*,#2857,.T.);
#3270 = ORIENTED_EDGE('',*,*,#3271,.T.);
#3271 = EDGE_CURVE('',#2858,#2297,#3272,.T.);
#3272 = LINE('',#3273,#3274);
#3273 = CARTESIAN_POINT('',(5.,-0.15,4.));
#3274 = VECTOR('',#3275,1.);
#3275 = DIRECTION('',(-1.,0.,0.));
#3276 = PLANE('',#3277);
#3277 = AXIS2_PLACEMENT_3D('',#3278,#3279,#3280);
#3278 = CARTESIAN_POINT('',(-9.901362883737E-12,-0.65,4.));
#3279 = DIRECTION('',(0.,0.,1.));
#3280 = DIRECTION('',(1.,0.,0.));
#3281 = ADVANCED_FACE('',(#3282),#3295,.F.);
#3282 = FACE_BOUND('',#3283,.F.);
#3283 = EDGE_LOOP('',(#3284,#3285,#3286,#3287,#3288,#3289));
#3284 = ORIENTED_EDGE('',*,*,#2593,.F.);
#3285 = ORIENTED_EDGE('',*,*,#2865,.T.);
#3286 = ORIENTED_EDGE('',*,*,#3271,.T.);
#3287 = ORIENTED_EDGE('',*,*,#2304,.F.);
#3288 = ORIENTED_EDGE('',*,*,#3183,.F.);
#3289 = ORIENTED_EDGE('',*,*,#3290,.T.);
#3290 = EDGE_CURVE('',#3184,#2586,#3291,.T.);
#3291 = LINE('',#3292,#3293);
#3292 = CARTESIAN_POINT('',(4.725,-0.15,6.));
#3293 = VECTOR('',#3294,1.);
#3294 = DIRECTION('',(0.,0.,1.));
#3295 = PLANE('',#3296);
#3296 = AXIS2_PLACEMENT_3D('',#3297,#3298,#3299);
#3297 = CARTESIAN_POINT('',(5.,-0.15,6.));
#3298 = DIRECTION('',(0.,1.,0.));
#3299 = DIRECTION('',(-1.,0.,0.));
#3300 = ADVANCED_FACE('',(#3301),#3312,.F.);
#3301 = FACE_BOUND('',#3302,.F.);
#3302 = EDGE_LOOP('',(#3303,#3304,#3305,#3306));
#3303 = ORIENTED_EDGE('',*,*,#2585,.F.);
#3304 = ORIENTED_EDGE('',*,*,#3290,.F.);
#3305 = ORIENTED_EDGE('',*,*,#3191,.T.);
#3306 = ORIENTED_EDGE('',*,*,#3307,.F.);
#3307 = EDGE_CURVE('',#2578,#3192,#3308,.T.);
#3308 = LINE('',#3309,#3310);
#3309 = CARTESIAN_POINT('',(4.725,2.075,6.));
#3310 = VECTOR('',#3311,1.);
#3311 = DIRECTION('',(-0.,-0.,-1.));
#3312 = PLANE('',#3313);
#3313 = AXIS2_PLACEMENT_3D('',#3314,#3315,#3316);
#3314 = CARTESIAN_POINT('',(4.725,-2.075,6.));
#3315 = DIRECTION('',(1.,0.,0.));
#3316 = DIRECTION('',(0.,1.,0.));
#3317 = ADVANCED_FACE('',(#3318),#3329,.F.);
#3318 = FACE_BOUND('',#3319,.F.);
#3319 = EDGE_LOOP('',(#3320,#3321,#3322,#3323));
#3320 = ORIENTED_EDGE('',*,*,#2577,.F.);
#3321 = ORIENTED_EDGE('',*,*,#3307,.T.);
#3322 = ORIENTED_EDGE('',*,*,#3199,.T.);
#3323 = ORIENTED_EDGE('',*,*,#3324,.F.);
#3324 = EDGE_CURVE('',#2570,#3200,#3325,.T.);
#3325 = LINE('',#3326,#3327);
#3326 = CARTESIAN_POINT('',(-4.725,2.075,6.));
#3327 = VECTOR('',#3328,1.);
#3328 = DIRECTION('',(-0.,-0.,-1.));
#3329 = PLANE('',#3330);
#3330 = AXIS2_PLACEMENT_3D('',#3331,#3332,#3333);
#3331 = CARTESIAN_POINT('',(4.725,2.075,6.));
#3332 = DIRECTION('',(0.,1.,0.));
#3333 = DIRECTION('',(-1.,0.,0.));
#3334 = ADVANCED_FACE('',(#3335),#3341,.F.);
#3335 = FACE_BOUND('',#3336,.F.);
#3336 = EDGE_LOOP('',(#3337,#3338,#3339,#3340));
#3337 = ORIENTED_EDGE('',*,*,#2569,.F.);
#3338 = ORIENTED_EDGE('',*,*,#3324,.T.);
#3339 = ORIENTED_EDGE('',*,*,#3207,.T.);
#3340 = ORIENTED_EDGE('',*,*,#3242,.F.);
#3341 = PLANE('',#3342);
#3342 = AXIS2_PLACEMENT_3D('',#3343,#3344,#3345);
#3343 = CARTESIAN_POINT('',(-4.725,2.075,6.));
#3344 = DIRECTION('',(-1.,0.,0.));
#3345 = DIRECTION('',(0.,-1.,0.));
#3346 = ADVANCED_FACE('',(#3347),#3373,.F.);
#3347 = FACE_BOUND('',#3348,.F.);
#3348 = EDGE_LOOP('',(#3349,#3357,#3358,#3359,#3367));
#3349 = ORIENTED_EDGE('',*,*,#3350,.F.);
#3350 = EDGE_CURVE('',#3076,#3351,#3353,.T.);
#3351 = VERTEX_POINT('',#3352);
#3352 = CARTESIAN_POINT('',(-2.15,1.6,3.126794919243));
#3353 = LINE('',#3354,#3355);
#3354 = CARTESIAN_POINT('',(-2.15,1.6,1.4));
#3355 = VECTOR('',#3356,1.);
#3356 = DIRECTION('',(0.,0.,1.));
#3357 = ORIENTED_EDGE('',*,*,#3083,.F.);
#3358 = ORIENTED_EDGE('',*,*,#3107,.T.);
#3359 = ORIENTED_EDGE('',*,*,#3360,.T.);
#3360 = EDGE_CURVE('',#3108,#3361,#3363,.T.);
#3361 = VERTEX_POINT('',#3362);
#3362 = CARTESIAN_POINT('',(-2.15,1.7,3.3));
#3363 = LINE('',#3364,#3365);
#3364 = CARTESIAN_POINT('',(-2.15,1.8,3.3));
#3365 = VECTOR('',#3366,1.);
#3366 = DIRECTION('',(0.,-1.,0.));
#3367 = ORIENTED_EDGE('',*,*,#3368,.T.);
#3368 = EDGE_CURVE('',#3361,#3351,#3369,.T.);
#3369 = LINE('',#3370,#3371);
#3370 = CARTESIAN_POINT('',(-2.15,1.276137933202,2.565849364905));
#3371 = VECTOR('',#3372,1.);
#3372 = DIRECTION('',(0.,-0.5,-0.866025403784));
#3373 = PLANE('',#3374);
#3374 = AXIS2_PLACEMENT_3D('',#3375,#3376,#3377);
#3375 = CARTESIAN_POINT('',(-2.15,1.8,1.4));
#3376 = DIRECTION('',(1.,0.,0.));
#3377 = DIRECTION('',(0.,-1.,0.));
#3378 = ADVANCED_FACE('',(#3379),#3397,.F.);
#3379 = FACE_BOUND('',#3380,.F.);
#3380 = EDGE_LOOP('',(#3381,#3382,#3390,#3396));
#3381 = ORIENTED_EDGE('',*,*,#3350,.T.);
#3382 = ORIENTED_EDGE('',*,*,#3383,.T.);
#3383 = EDGE_CURVE('',#3351,#3384,#3386,.T.);
#3384 = VERTEX_POINT('',#3385);
#3385 = CARTESIAN_POINT('',(-1.85,1.6,3.126794919243));
#3386 = LINE('',#3387,#3388);
#3387 = CARTESIAN_POINT('',(-2.15,1.6,3.126794919243));
#3388 = VECTOR('',#3389,1.);
#3389 = DIRECTION('',(1.,0.,0.));
#3390 = ORIENTED_EDGE('',*,*,#3391,.F.);
#3391 = EDGE_CURVE('',#3068,#3384,#3392,.T.);
#3392 = LINE('',#3393,#3394);
#3393 = CARTESIAN_POINT('',(-1.85,1.6,1.4));
#3394 = VECTOR('',#3395,1.);
#3395 = DIRECTION('',(0.,0.,1.));
#3396 = ORIENTED_EDGE('',*,*,#3075,.F.);
#3397 = PLANE('',#3398);
#3398 = AXIS2_PLACEMENT_3D('',#3399,#3400,#3401);
#3399 = CARTESIAN_POINT('',(-2.15,1.6,1.4));
#3400 = DIRECTION('',(0.,1.,0.));
#3401 = DIRECTION('',(1.,0.,0.));
#3402 = ADVANCED_FACE('',(#3403),#3422,.F.);
#3403 = FACE_BOUND('',#3404,.F.);
#3404 = EDGE_LOOP('',(#3405,#3406,#3414,#3420,#3421));
#3405 = ORIENTED_EDGE('',*,*,#3391,.T.);
#3406 = ORIENTED_EDGE('',*,*,#3407,.F.);
#3407 = EDGE_CURVE('',#3408,#3384,#3410,.T.);
#3408 = VERTEX_POINT('',#3409);
#3409 = CARTESIAN_POINT('',(-1.85,1.7,3.3));
#3410 = LINE('',#3411,#3412);
#3411 = CARTESIAN_POINT('',(-1.85,1.251137933202,2.522548094716));
#3412 = VECTOR('',#3413,1.);
#3413 = DIRECTION('',(-0.,-0.5,-0.866025403784));
#3414 = ORIENTED_EDGE('',*,*,#3415,.T.);
#3415 = EDGE_CURVE('',#3408,#3116,#3416,.T.);
#3416 = LINE('',#3417,#3418);
#3417 = CARTESIAN_POINT('',(-1.85,1.6,3.3));
#3418 = VECTOR('',#3419,1.);
#3419 = DIRECTION('',(0.,1.,0.));
#3420 = ORIENTED_EDGE('',*,*,#3123,.F.);
#3421 = ORIENTED_EDGE('',*,*,#3067,.F.);
#3422 = PLANE('',#3423);
#3423 = AXIS2_PLACEMENT_3D('',#3424,#3425,#3426);
#3424 = CARTESIAN_POINT('',(-1.85,1.6,1.4));
#3425 = DIRECTION('',(-1.,0.,0.));
#3426 = DIRECTION('',(0.,1.,0.));
#3427 = ADVANCED_FACE('',(#3428),#3454,.T.);
#3428 = FACE_BOUND('',#3429,.T.);
#3429 = EDGE_LOOP('',(#3430,#3438,#3446,#3452,#3453));
#3430 = ORIENTED_EDGE('',*,*,#3431,.T.);
#3431 = EDGE_CURVE('',#3044,#3432,#3434,.T.);
#3432 = VERTEX_POINT('',#3433);
#3433 = CARTESIAN_POINT('',(-0.15,1.6,3.126794919243));
#3434 = LINE('',#3435,#3436);
#3435 = CARTESIAN_POINT('',(-0.15,1.6,1.4));
#3436 = VECTOR('',#3437,1.);
#3437 = DIRECTION('',(0.,0.,1.));
#3438 = ORIENTED_EDGE('',*,*,#3439,.F.);
#3439 = EDGE_CURVE('',#3440,#3432,#3442,.T.);
#3440 = VERTEX_POINT('',#3441);
#3441 = CARTESIAN_POINT('',(-0.15,1.7,3.3));
#3442 = LINE('',#3443,#3444);
#3443 = CARTESIAN_POINT('',(-0.15,1.251137933202,2.522548094716));
#3444 = VECTOR('',#3445,1.);
#3445 = DIRECTION('',(-0.,-0.5,-0.866025403784));
#3446 = ORIENTED_EDGE('',*,*,#3447,.T.);
#3447 = EDGE_CURVE('',#3440,#3131,#3448,.T.);
#3448 = LINE('',#3449,#3450);
#3449 = CARTESIAN_POINT('',(-0.15,1.6,3.3));
#3450 = VECTOR('',#3451,1.);
#3451 = DIRECTION('',(0.,1.,0.));
#3452 = ORIENTED_EDGE('',*,*,#3130,.F.);
#3453 = ORIENTED_EDGE('',*,*,#3051,.F.);
#3454 = PLANE('',#3455);
#3455 = AXIS2_PLACEMENT_3D('',#3456,#3457,#3458);
#3456 = CARTESIAN_POINT('',(-0.15,1.6,1.4));
#3457 = DIRECTION('',(-1.,0.,0.));
#3458 = DIRECTION('',(0.,1.,0.));
#3459 = ADVANCED_FACE('',(#3460),#3478,.T.);
#3460 = FACE_BOUND('',#3461,.T.);
#3461 = EDGE_LOOP('',(#3462,#3470,#3476,#3477));
#3462 = ORIENTED_EDGE('',*,*,#3463,.T.);
#3463 = EDGE_CURVE('',#3036,#3464,#3466,.T.);
#3464 = VERTEX_POINT('',#3465);
#3465 = CARTESIAN_POINT('',(0.15,1.6,3.126794919243));
#3466 = LINE('',#3467,#3468);
#3467 = CARTESIAN_POINT('',(0.15,1.6,1.4));
#3468 = VECTOR('',#3469,1.);
#3469 = DIRECTION('',(0.,0.,1.));
#3470 = ORIENTED_EDGE('',*,*,#3471,.T.);
#3471 = EDGE_CURVE('',#3464,#3432,#3472,.T.);
#3472 = LINE('',#3473,#3474);
#3473 = CARTESIAN_POINT('',(0.15,1.6,3.126794919243));
#3474 = VECTOR('',#3475,1.);
#3475 = DIRECTION('',(-1.,0.,0.));
#3476 = ORIENTED_EDGE('',*,*,#3431,.F.);
#3477 = ORIENTED_EDGE('',*,*,#3043,.F.);
#3478 = PLANE('',#3479);
#3479 = AXIS2_PLACEMENT_3D('',#3480,#3481,#3482);
#3480 = CARTESIAN_POINT('',(0.15,1.6,1.4));
#3481 = DIRECTION('',(0.,-1.,0.));
#3482 = DIRECTION('',(-1.,0.,0.));
#3483 = ADVANCED_FACE('',(#3484),#3503,.T.);
#3484 = FACE_BOUND('',#3485,.T.);
#3485 = EDGE_LOOP('',(#3486,#3487,#3488,#3489,#3497));
#3486 = ORIENTED_EDGE('',*,*,#3463,.F.);
#3487 = ORIENTED_EDGE('',*,*,#3035,.F.);
#3488 = ORIENTED_EDGE('',*,*,#3146,.T.);
#3489 = ORIENTED_EDGE('',*,*,#3490,.T.);
#3490 = EDGE_CURVE('',#3139,#3491,#3493,.T.);
#3491 = VERTEX_POINT('',#3492);
#3492 = CARTESIAN_POINT('',(0.15,1.7,3.3));
#3493 = LINE('',#3494,#3495);
#3494 = CARTESIAN_POINT('',(0.15,1.8,3.3));
#3495 = VECTOR('',#3496,1.);
#3496 = DIRECTION('',(0.,-1.,0.));
#3497 = ORIENTED_EDGE('',*,*,#3498,.T.);
#3498 = EDGE_CURVE('',#3491,#3464,#3499,.T.);
#3499 = LINE('',#3500,#3501);
#3500 = CARTESIAN_POINT('',(0.15,1.276137933202,2.565849364905));
#3501 = VECTOR('',#3502,1.);
#3502 = DIRECTION('',(0.,-0.5,-0.866025403784));
#3503 = PLANE('',#3504);
#3504 = AXIS2_PLACEMENT_3D('',#3505,#3506,#3507);
#3505 = CARTESIAN_POINT('',(0.15,1.8,1.4));
#3506 = DIRECTION('',(1.,0.,0.));
#3507 = DIRECTION('',(0.,-1.,0.));
#3508 = ADVANCED_FACE('',(#3509),#3535,.F.);
#3509 = FACE_BOUND('',#3510,.F.);
#3510 = EDGE_LOOP('',(#3511,#3519,#3520,#3521,#3529));
#3511 = ORIENTED_EDGE('',*,*,#3512,.F.);
#3512 = EDGE_CURVE('',#3012,#3513,#3515,.T.);
#3513 = VERTEX_POINT('',#3514);
#3514 = CARTESIAN_POINT('',(1.85,1.6,3.126794919243));
#3515 = LINE('',#3516,#3517);
#3516 = CARTESIAN_POINT('',(1.85,1.6,1.4));
#3517 = VECTOR('',#3518,1.);
#3518 = DIRECTION('',(0.,0.,1.));
#3519 = ORIENTED_EDGE('',*,*,#3019,.F.);
#3520 = ORIENTED_EDGE('',*,*,#3153,.T.);
#3521 = ORIENTED_EDGE('',*,*,#3522,.T.);
#3522 = EDGE_CURVE('',#3154,#3523,#3525,.T.);
#3523 = VERTEX_POINT('',#3524);
#3524 = CARTESIAN_POINT('',(1.85,1.7,3.3));
#3525 = LINE('',#3526,#3527);
#3526 = CARTESIAN_POINT('',(1.85,1.8,3.3));
#3527 = VECTOR('',#3528,1.);
#3528 = DIRECTION('',(0.,-1.,0.));
#3529 = ORIENTED_EDGE('',*,*,#3530,.T.);
#3530 = EDGE_CURVE('',#3523,#3513,#3531,.T.);
#3531 = LINE('',#3532,#3533);
#3532 = CARTESIAN_POINT('',(1.85,1.276137933202,2.565849364905));
#3533 = VECTOR('',#3534,1.);
#3534 = DIRECTION('',(0.,-0.5,-0.866025403784));
#3535 = PLANE('',#3536);
#3536 = AXIS2_PLACEMENT_3D('',#3537,#3538,#3539);
#3537 = CARTESIAN_POINT('',(1.85,1.8,1.4));
#3538 = DIRECTION('',(1.,0.,0.));
#3539 = DIRECTION('',(0.,-1.,0.));
#3540 = ADVANCED_FACE('',(#3541),#3559,.F.);
#3541 = FACE_BOUND('',#3542,.F.);
#3542 = EDGE_LOOP('',(#3543,#3544,#3552,#3558));
#3543 = ORIENTED_EDGE('',*,*,#3512,.T.);
#3544 = ORIENTED_EDGE('',*,*,#3545,.T.);
#3545 = EDGE_CURVE('',#3513,#3546,#3548,.T.);
#3546 = VERTEX_POINT('',#3547);
#3547 = CARTESIAN_POINT('',(2.15,1.6,3.126794919243));
#3548 = LINE('',#3549,#3550);
#3549 = CARTESIAN_POINT('',(1.85,1.6,3.126794919243));
#3550 = VECTOR('',#3551,1.);
#3551 = DIRECTION('',(1.,0.,0.));
#3552 = ORIENTED_EDGE('',*,*,#3553,.F.);
#3553 = EDGE_CURVE('',#3004,#3546,#3554,.T.);
#3554 = LINE('',#3555,#3556);
#3555 = CARTESIAN_POINT('',(2.15,1.6,1.4));
#3556 = VECTOR('',#3557,1.);
#3557 = DIRECTION('',(0.,0.,1.));
#3558 = ORIENTED_EDGE('',*,*,#3011,.F.);
#3559 = PLANE('',#3560);
#3560 = AXIS2_PLACEMENT_3D('',#3561,#3562,#3563);
#3561 = CARTESIAN_POINT('',(1.85,1.6,1.4));
#3562 = DIRECTION('',(0.,1.,0.));
#3563 = DIRECTION('',(1.,0.,0.));
#3564 = ADVANCED_FACE('',(#3565),#3584,.F.);
#3565 = FACE_BOUND('',#3566,.F.);
#3566 = EDGE_LOOP('',(#3567,#3568,#3576,#3582,#3583));
#3567 = ORIENTED_EDGE('',*,*,#3553,.T.);
#3568 = ORIENTED_EDGE('',*,*,#3569,.F.);
#3569 = EDGE_CURVE('',#3570,#3546,#3572,.T.);
#3570 = VERTEX_POINT('',#3571);
#3571 = CARTESIAN_POINT('',(2.15,1.7,3.3));
#3572 = LINE('',#3573,#3574);
#3573 = CARTESIAN_POINT('',(2.15,1.251137933202,2.522548094716));
#3574 = VECTOR('',#3575,1.);
#3575 = DIRECTION('',(-0.,-0.5,-0.866025403784));
#3576 = ORIENTED_EDGE('',*,*,#3577,.T.);
#3577 = EDGE_CURVE('',#3570,#3162,#3578,.T.);
#3578 = LINE('',#3579,#3580);
#3579 = CARTESIAN_POINT('',(2.15,1.6,3.3));
#3580 = VECTOR('',#3581,1.);
#3581 = DIRECTION('',(0.,1.,0.));
#3582 = ORIENTED_EDGE('',*,*,#3169,.F.);
#3583 = ORIENTED_EDGE('',*,*,#3003,.F.);
#3584 = PLANE('',#3585);
#3585 = AXIS2_PLACEMENT_3D('',#3586,#3587,#3588);
#3586 = CARTESIAN_POINT('',(2.15,1.6,1.4));
#3587 = DIRECTION('',(-1.,0.,0.));
#3588 = DIRECTION('',(0.,1.,0.));
#3589 = ADVANCED_FACE('',(#3590),#3601,.T.);
#3590 = FACE_BOUND('',#3591,.T.);
#3591 = EDGE_LOOP('',(#3592,#3593,#3594,#3595));
#3592 = ORIENTED_EDGE('',*,*,#3577,.T.);
#3593 = ORIENTED_EDGE('',*,*,#3161,.T.);
#3594 = ORIENTED_EDGE('',*,*,#3522,.T.);
#3595 = ORIENTED_EDGE('',*,*,#3596,.T.);
#3596 = EDGE_CURVE('',#3523,#3570,#3597,.T.);
#3597 = LINE('',#3598,#3599);
#3598 = CARTESIAN_POINT('',(1.85,1.7,3.3));
#3599 = VECTOR('',#3600,1.);
#3600 = DIRECTION('',(1.,0.,0.));
#3601 = PLANE('',#3602);
#3602 = AXIS2_PLACEMENT_3D('',#3603,#3604,#3605);
#3603 = CARTESIAN_POINT('',(6.360652745248E-17,1.7,3.3));
#3604 = DIRECTION('',(0.,0.,1.));
#3605 = DIRECTION('',(1.,0.,0.));
#3606 = ADVANCED_FACE('',(#3607),#3618,.T.);
#3607 = FACE_BOUND('',#3608,.T.);
#3608 = EDGE_LOOP('',(#3609,#3610,#3616,#3617));
#3609 = ORIENTED_EDGE('',*,*,#3447,.F.);
#3610 = ORIENTED_EDGE('',*,*,#3611,.F.);
#3611 = EDGE_CURVE('',#3491,#3440,#3612,.T.);
#3612 = LINE('',#3613,#3614);
#3613 = CARTESIAN_POINT('',(0.15,1.7,3.3));
#3614 = VECTOR('',#3615,1.);
#3615 = DIRECTION('',(-1.,0.,0.));
#3616 = ORIENTED_EDGE('',*,*,#3490,.F.);
#3617 = ORIENTED_EDGE('',*,*,#3138,.F.);
#3618 = PLANE('',#3619);
#3619 = AXIS2_PLACEMENT_3D('',#3620,#3621,#3622);
#3620 = CARTESIAN_POINT('',(6.360652745248E-17,1.7,3.3));
#3621 = DIRECTION('',(0.,0.,1.));
#3622 = DIRECTION('',(1.,0.,0.));
#3623 = ADVANCED_FACE('',(#3624),#3635,.T.);
#3624 = FACE_BOUND('',#3625,.T.);
#3625 = EDGE_LOOP('',(#3626,#3627,#3628,#3629));
#3626 = ORIENTED_EDGE('',*,*,#3415,.T.);
#3627 = ORIENTED_EDGE('',*,*,#3115,.T.);
#3628 = ORIENTED_EDGE('',*,*,#3360,.T.);
#3629 = ORIENTED_EDGE('',*,*,#3630,.T.);
#3630 = EDGE_CURVE('',#3361,#3408,#3631,.T.);
#3631 = LINE('',#3632,#3633);
#3632 = CARTESIAN_POINT('',(-2.15,1.7,3.3));
#3633 = VECTOR('',#3634,1.);
#3634 = DIRECTION('',(1.,0.,0.));
#3635 = PLANE('',#3636);
#3636 = AXIS2_PLACEMENT_3D('',#3637,#3638,#3639);
#3637 = CARTESIAN_POINT('',(6.360652745248E-17,1.7,3.3));
#3638 = DIRECTION('',(0.,0.,1.));
#3639 = DIRECTION('',(1.,0.,0.));
#3640 = ADVANCED_FACE('',(#3641),#3647,.F.);
#3641 = FACE_BOUND('',#3642,.F.);
#3642 = EDGE_LOOP('',(#3643,#3644,#3645,#3646));
#3643 = ORIENTED_EDGE('',*,*,#3368,.F.);
#3644 = ORIENTED_EDGE('',*,*,#3630,.T.);
#3645 = ORIENTED_EDGE('',*,*,#3407,.T.);
#3646 = ORIENTED_EDGE('',*,*,#3383,.F.);
#3647 = PLANE('',#3648);
#3648 = AXIS2_PLACEMENT_3D('',#3649,#3650,#3651);
#3649 = CARTESIAN_POINT('',(-2.15,1.65,3.213397459622));
#3650 = DIRECTION('',(-1.735070385984E-18,0.866025403784,-0.5));
#3651 = DIRECTION('',(1.,1.502615031617E-18,-8.675351929922E-19));
#3652 = ADVANCED_FACE('',(#3653),#3659,.T.);
#3653 = FACE_BOUND('',#3654,.T.);
#3654 = EDGE_LOOP('',(#3655,#3656,#3657,#3658));
#3655 = ORIENTED_EDGE('',*,*,#3498,.F.);
#3656 = ORIENTED_EDGE('',*,*,#3611,.T.);
#3657 = ORIENTED_EDGE('',*,*,#3439,.T.);
#3658 = ORIENTED_EDGE('',*,*,#3471,.F.);
#3659 = PLANE('',#3660);
#3660 = AXIS2_PLACEMENT_3D('',#3661,#3662,#3663);
#3661 = CARTESIAN_POINT('',(0.15,1.65,3.213397459622));
#3662 = DIRECTION('',(-1.735070385984E-18,-0.866025403784,0.5));
#3663 = DIRECTION('',(-1.,1.502615031617E-18,-8.675351929922E-19));
#3664 = ADVANCED_FACE('',(#3665),#3671,.F.);
#3665 = FACE_BOUND('',#3666,.F.);
#3666 = EDGE_LOOP('',(#3667,#3668,#3669,#3670));
#3667 = ORIENTED_EDGE('',*,*,#3530,.F.);
#3668 = ORIENTED_EDGE('',*,*,#3596,.T.);
#3669 = ORIENTED_EDGE('',*,*,#3569,.T.);
#3670 = ORIENTED_EDGE('',*,*,#3545,.F.);
#3671 = PLANE('',#3672);
#3672 = AXIS2_PLACEMENT_3D('',#3673,#3674,#3675);
#3673 = CARTESIAN_POINT('',(1.85,1.65,3.213397459622));
#3674 = DIRECTION('',(-1.735070385984E-18,0.866025403784,-0.5));
#3675 = DIRECTION('',(1.,1.502615031617E-18,-8.675351929922E-19));
#3676 = ( GEOMETRIC_REPRESENTATION_CONTEXT(3) 
GLOBAL_UNCERTAINTY_ASSIGNED_CONTEXT((#3680)) 
GLOBAL_UNIT_ASSIGNED_CONTEXT((#3677,#3678,#3679)) REPRESENTATION_CONTEXT
('Context #1','3D Context with UNIT and UNCERTAINTY') );
#3677 = ( LENGTH_UNIT() NAMED_UNIT(*) SI_UNIT(.MILLI.,.METRE.) );
#3678 = ( NAMED_UNIT(*) PLANE_ANGLE_UNIT() SI_UNIT($,.RADIAN.) );
#3679 = ( NAMED_UNIT(*) SI_UNIT($,.STERADIAN.) SOLID_ANGLE_UNIT() );
#3680 = UNCERTAINTY_MEASURE_WITH_UNIT(LENGTH_MEASURE(2.E-05),#3677,
  'distance_accuracy_value','confusion accuracy');
#3681 = CONTEXT_DEPENDENT_SHAPE_REPRESENTATION(#3682,#3684);
#3682 = ( REPRESENTATION_RELATIONSHIP('','',#36,#10) 
REPRESENTATION_RELATIONSHIP_WITH_TRANSFORMATION(#3683) 
SHAPE_REPRESENTATION_RELATIONSHIP() );
#3683 = ITEM_DEFINED_TRANSFORMATION('','',#11,#15);
#3684 = PRODUCT_DEFINITION_SHAPE('Placement','Placement of an item',
  #3685);
#3685 = NEXT_ASSEMBLY_USAGE_OCCURRENCE('1','Body','',#5,#31,$);
#3686 = PRODUCT_RELATED_PRODUCT_CATEGORY('part',$,(#33));
#3687 = SHAPE_DEFINITION_REPRESENTATION(#3688,#3694);
#3688 = PRODUCT_DEFINITION_SHAPE('','',#3689);
#3689 = PRODUCT_DEFINITION('design','',#3690,#3693);
#3690 = PRODUCT_DEFINITION_FORMATION('','',#3691);
#3691 = PRODUCT('Array','Array','',(#3692));
#3692 = PRODUCT_CONTEXT('',#2,'mechanical');
#3693 = PRODUCT_DEFINITION_CONTEXT('part definition',#2,'design');
#3694 = SHAPE_REPRESENTATION('',(#11,#3695,#3699,#3703,#3707),#3711);
#3695 = AXIS2_PLACEMENT_3D('',#3696,#3697,#3698);
#3696 = CARTESIAN_POINT('',(2.,0.,0.));
#3697 = DIRECTION('',(0.,0.,1.));
#3698 = DIRECTION('',(1.,0.,0.));
#3699 = AXIS2_PLACEMENT_3D('',#3700,#3701,#3702);
#3700 = CARTESIAN_POINT('',(4.,0.,0.));
#3701 = DIRECTION('',(0.,0.,1.));
#3702 = DIRECTION('',(1.,0.,0.));
#3703 = AXIS2_PLACEMENT_3D('',#3704,#3705,#3706);
#3704 = CARTESIAN_POINT('',(6.,0.,0.));
#3705 = DIRECTION('',(0.,0.,1.));
#3706 = DIRECTION('',(1.,0.,0.));
#3707 = AXIS2_PLACEMENT_3D('',#3708,#3709,#3710);
#3708 = CARTESIAN_POINT('',(8.,0.,0.));
#3709 = DIRECTION('',(0.,0.,1.));
#3710 = DIRECTION('',(1.,0.,0.));
#3711 = ( GEOMETRIC_REPRESENTATION_CONTEXT(3) 
GLOBAL_UNCERTAINTY_ASSIGNED_CONTEXT((#3715)) 
GLOBAL_UNIT_ASSIGNED_CONTEXT((#3712,#3713,#3714)) REPRESENTATION_CONTEXT
('Context #1','3D Context with UNIT and UNCERTAINTY') );
#3712 = ( LENGTH_UNIT() NAMED_UNIT(*) SI_UNIT(.MILLI.,.METRE.) );
#3713 = ( NAMED_UNIT(*) PLANE_ANGLE_UNIT() SI_UNIT($,.RADIAN.) );
#3714 = ( NAMED_UNIT(*) SI_UNIT($,.STERADIAN.) SOLID_ANGLE_UNIT() );
#3715 = UNCERTAINTY_MEASURE_WITH_UNIT(LENGTH_MEASURE(1.E-07),#3712,
  'distance_accuracy_value','confusion accuracy');
#3716 = CONTEXT_DEPENDENT_SHAPE_REPRESENTATION(#3717,#3719);
#3717 = ( REPRESENTATION_RELATIONSHIP('','',#3694,#10) 
REPRESENTATION_RELATIONSHIP_WITH_TRANSFORMATION(#3718) 
SHAPE_REPRESENTATION_RELATIONSHIP() );
#3718 = ITEM_DEFINED_TRANSFORMATION('','',#11,#19);
#3719 = PRODUCT_DEFINITION_SHAPE('Placement','Placement of an item',
  #3720);
#3720 = NEXT_ASSEMBLY_USAGE_OCCURRENCE('6','Array','',#5,#3689,$);
#3721 = PRODUCT_RELATED_PRODUCT_CATEGORY('part',$,(#3691));
#3722 = SHAPE_DEFINITION_REPRESENTATION(#3723,#3729);
#3723 = PRODUCT_DEFINITION_SHAPE('','',#3724);
#3724 = PRODUCT_DEFINITION('design','',#3725,#3728);
#3725 = PRODUCT_DEFINITION_FORMATION('','',#3726);
#3726 = PRODUCT('Body001','Body001','',(#3727));
#3727 = PRODUCT_CONTEXT('',#2,'mechanical');
#3728 = PRODUCT_DEFINITION_CONTEXT('part definition',#2,'design');
#3729 = ADVANCED_BREP_SHAPE_REPRESENTATION('',(#11,#3730),#4208);
#3730 = MANIFOLD_SOLID_BREP('',#3731);
#3731 = CLOSED_SHELL('',(#3732,#3772,#3803,#3827,#3851,#3916,#3933,#3957
    ,#3981,#4006,#4030,#4055,#4086,#4110,#4131,#4155,#4179,#4196));
#3732 = ADVANCED_FACE('',(#3733),#3767,.T.);
#3733 = FACE_BOUND('',#3734,.T.);
#3734 = EDGE_LOOP('',(#3735,#3745,#3753,#3761));
#3735 = ORIENTED_EDGE('',*,*,#3736,.F.);
#3736 = EDGE_CURVE('',#3737,#3739,#3741,.T.);
#3737 = VERTEX_POINT('',#3738);
#3738 = CARTESIAN_POINT('',(-5.15,5.75,-0.3));
#3739 = VERTEX_POINT('',#3740);
#3740 = CARTESIAN_POINT('',(-5.15,5.75,0.));
#3741 = LINE('',#3742,#3743);
#3742 = CARTESIAN_POINT('',(-5.15,5.75,-0.4));
#3743 = VECTOR('',#3744,1.);
#3744 = DIRECTION('',(0.,0.,1.));
#3745 = ORIENTED_EDGE('',*,*,#3746,.F.);
#3746 = EDGE_CURVE('',#3747,#3737,#3749,.T.);
#3747 = VERTEX_POINT('',#3748);
#3748 = CARTESIAN_POINT('',(-5.25,5.35,-0.4));
#3749 = LINE('',#3750,#3751);
#3750 = CARTESIAN_POINT('',(-5.2,5.55,-0.35));
#3751 = VECTOR('',#3752,1.);
#3752 = DIRECTION('',(0.235702260396,0.942809041582,0.235702260396));
#3753 = ORIENTED_EDGE('',*,*,#3754,.T.);
#3754 = EDGE_CURVE('',#3747,#3755,#3757,.T.);
#3755 = VERTEX_POINT('',#3756);
#3756 = CARTESIAN_POINT('',(-5.25,5.35,0.1));
#3757 = LINE('',#3758,#3759);
#3758 = CARTESIAN_POINT('',(-5.25,5.35,-0.4));
#3759 = VECTOR('',#3760,1.);
#3760 = DIRECTION('',(0.,0.,1.));
#3761 = ORIENTED_EDGE('',*,*,#3762,.T.);
#3762 = EDGE_CURVE('',#3755,#3739,#3763,.T.);
#3763 = LINE('',#3764,#3765);
#3764 = CARTESIAN_POINT('',(-5.188888888889,5.594444444444,
    3.888888888889E-02));
#3765 = VECTOR('',#3766,1.);
#3766 = DIRECTION('',(0.235702260396,0.942809041582,-0.235702260396));
#3767 = PLANE('',#3768);
#3768 = AXIS2_PLACEMENT_3D('',#3769,#3770,#3771);
#3769 = CARTESIAN_POINT('',(-5.2,5.55,-0.4));
#3770 = DIRECTION('',(-0.970142500145,0.242535625036,0.));
#3771 = DIRECTION('',(0.,0.,1.));
#3772 = ADVANCED_FACE('',(#3773),#3798,.F.);
#3773 = FACE_BOUND('',#3774,.F.);
#3774 = EDGE_LOOP('',(#3775,#3776,#3784,#3792));
#3775 = ORIENTED_EDGE('',*,*,#3736,.F.);
#3776 = ORIENTED_EDGE('',*,*,#3777,.T.);
#3777 = EDGE_CURVE('',#3737,#3778,#3780,.T.);
#3778 = VERTEX_POINT('',#3779);
#3779 = CARTESIAN_POINT('',(-4.85,5.75,-0.3));
#3780 = LINE('',#3781,#3782);
#3781 = CARTESIAN_POINT('',(-5.15,5.75,-0.3));
#3782 = VECTOR('',#3783,1.);
#3783 = DIRECTION('',(1.,0.,0.));
#3784 = ORIENTED_EDGE('',*,*,#3785,.T.);
#3785 = EDGE_CURVE('',#3778,#3786,#3788,.T.);
#3786 = VERTEX_POINT('',#3787);
#3787 = CARTESIAN_POINT('',(-4.85,5.75,0.));
#3788 = LINE('',#3789,#3790);
#3789 = CARTESIAN_POINT('',(-4.85,5.75,-0.4));
#3790 = VECTOR('',#3791,1.);
#3791 = DIRECTION('',(0.,0.,1.));
#3792 = ORIENTED_EDGE('',*,*,#3793,.F.);
#3793 = EDGE_CURVE('',#3739,#3786,#3794,.T.);
#3794 = LINE('',#3795,#3796);
#3795 = CARTESIAN_POINT('',(-5.25,5.75,8.E-17));
#3796 = VECTOR('',#3797,1.);
#3797 = DIRECTION('',(1.,0.,0.));
#3798 = PLANE('',#3799);
#3799 = AXIS2_PLACEMENT_3D('',#3800,#3801,#3802);
#3800 = CARTESIAN_POINT('',(-5.25,5.75,-0.4));
#3801 = DIRECTION('',(0.,-1.,0.));
#3802 = DIRECTION('',(0.,0.,1.));
#3803 = ADVANCED_FACE('',(#3804),#3822,.T.);
#3804 = FACE_BOUND('',#3805,.F.);
#3805 = EDGE_LOOP('',(#3806,#3807,#3815,#3821));
#3806 = ORIENTED_EDGE('',*,*,#3746,.F.);
#3807 = ORIENTED_EDGE('',*,*,#3808,.T.);
#3808 = EDGE_CURVE('',#3747,#3809,#3811,.T.);
#3809 = VERTEX_POINT('',#3810);
#3810 = CARTESIAN_POINT('',(-4.75,5.35,-0.4));
#3811 = LINE('',#3812,#3813);
#3812 = CARTESIAN_POINT('',(-5.15,5.35,-0.4));
#3813 = VECTOR('',#3814,1.);
#3814 = DIRECTION('',(1.,0.,0.));
#3815 = ORIENTED_EDGE('',*,*,#3816,.T.);
#3816 = EDGE_CURVE('',#3809,#3778,#3817,.T.);
#3817 = LINE('',#3818,#3819);
#3818 = CARTESIAN_POINT('',(-4.808333333333,5.583333333333,
    -0.341666666667));
#3819 = VECTOR('',#3820,1.);
#3820 = DIRECTION('',(-0.235702260396,0.942809041582,0.235702260396));
#3821 = ORIENTED_EDGE('',*,*,#3777,.F.);
#3822 = PLANE('',#3823);
#3823 = AXIS2_PLACEMENT_3D('',#3824,#3825,#3826);
#3824 = CARTESIAN_POINT('',(-5.15,5.55,-0.35));
#3825 = DIRECTION('',(0.,0.242535625036,-0.970142500145));
#3826 = DIRECTION('',(-1.,0.,-0.));
#3827 = ADVANCED_FACE('',(#3828),#3846,.T.);
#3828 = FACE_BOUND('',#3829,.T.);
#3829 = EDGE_LOOP('',(#3830,#3831,#3839,#3845));
#3830 = ORIENTED_EDGE('',*,*,#3762,.F.);
#3831 = ORIENTED_EDGE('',*,*,#3832,.T.);
#3832 = EDGE_CURVE('',#3755,#3833,#3835,.T.);
#3833 = VERTEX_POINT('',#3834);
#3834 = CARTESIAN_POINT('',(-4.75,5.35,0.1));
#3835 = LINE('',#3836,#3837);
#3836 = CARTESIAN_POINT('',(-5.25,5.35,0.1));
#3837 = VECTOR('',#3838,1.);
#3838 = DIRECTION('',(1.,0.,0.));
#3839 = ORIENTED_EDGE('',*,*,#3840,.T.);
#3840 = EDGE_CURVE('',#3833,#3786,#3841,.T.);
#3841 = LINE('',#3842,#3843);
#3842 = CARTESIAN_POINT('',(-4.825,5.65,2.5E-02));
#3843 = VECTOR('',#3844,1.);
#3844 = DIRECTION('',(-0.235702260396,0.942809041582,-0.235702260396));
#3845 = ORIENTED_EDGE('',*,*,#3793,.F.);
#3846 = PLANE('',#3847);
#3847 = AXIS2_PLACEMENT_3D('',#3848,#3849,#3850);
#3848 = CARTESIAN_POINT('',(-5.25,5.55,5.E-02));
#3849 = DIRECTION('',(0.,0.242535625036,0.970142500145));
#3850 = DIRECTION('',(1.,0.,-0.));
#3851 = ADVANCED_FACE('',(#3852),#3911,.F.);
#3852 = FACE_BOUND('',#3853,.F.);
#3853 = EDGE_LOOP('',(#3854,#3862,#3871,#3879,#3887,#3895,#3904,#3910));
#3854 = ORIENTED_EDGE('',*,*,#3855,.T.);
#3855 = EDGE_CURVE('',#3755,#3856,#3858,.T.);
#3856 = VERTEX_POINT('',#3857);
#3857 = CARTESIAN_POINT('',(-5.25,-0.25,0.1));
#3858 = LINE('',#3859,#3860);
#3859 = CARTESIAN_POINT('',(-5.25,5.75,0.1));
#3860 = VECTOR('',#3861,1.);
#3861 = DIRECTION('',(0.,-1.,0.));
#3862 = ORIENTED_EDGE('',*,*,#3863,.F.);
#3863 = EDGE_CURVE('',#3864,#3856,#3866,.T.);
#3864 = VERTEX_POINT('',#3865);
#3865 = CARTESIAN_POINT('',(-5.25,-0.35,0.2));
#3866 = CIRCLE('',#3867,0.1);
#3867 = AXIS2_PLACEMENT_3D('',#3868,#3869,#3870);
#3868 = CARTESIAN_POINT('',(-5.25,-0.25,0.2));
#3869 = DIRECTION('',(1.,0.,0.));
#3870 = DIRECTION('',(-0.,1.,0.));
#3871 = ORIENTED_EDGE('',*,*,#3872,.T.);
#3872 = EDGE_CURVE('',#3864,#3873,#3875,.T.);
#3873 = VERTEX_POINT('',#3874);
#3874 = CARTESIAN_POINT('',(-5.25,-0.35,5.1));
#3875 = LINE('',#3876,#3877);
#3876 = CARTESIAN_POINT('',(-5.25,-0.35,0.2));
#3877 = VECTOR('',#3878,1.);
#3878 = DIRECTION('',(0.,-1.24E-15,1.));
#3879 = ORIENTED_EDGE('',*,*,#3880,.T.);
#3880 = EDGE_CURVE('',#3873,#3881,#3883,.T.);
#3881 = VERTEX_POINT('',#3882);
#3882 = CARTESIAN_POINT('',(-5.25,-0.85,5.1));
#3883 = LINE('',#3884,#3885);
#3884 = CARTESIAN_POINT('',(-5.25,-0.35,5.1));
#3885 = VECTOR('',#3886,1.);
#3886 = DIRECTION('',(0.,-1.,0.));
#3887 = ORIENTED_EDGE('',*,*,#3888,.T.);
#3888 = EDGE_CURVE('',#3881,#3889,#3891,.T.);
#3889 = VERTEX_POINT('',#3890);
#3890 = CARTESIAN_POINT('',(-5.25,-0.85,0.2));
#3891 = LINE('',#3892,#3893);
#3892 = CARTESIAN_POINT('',(-5.25,-0.85,5.5));
#3893 = VECTOR('',#3894,1.);
#3894 = DIRECTION('',(0.,0.,-1.));
#3895 = ORIENTED_EDGE('',*,*,#3896,.T.);
#3896 = EDGE_CURVE('',#3889,#3897,#3899,.T.);
#3897 = VERTEX_POINT('',#3898);
#3898 = CARTESIAN_POINT('',(-5.25,-0.25,-0.4));
#3899 = CIRCLE('',#3900,0.6);
#3900 = AXIS2_PLACEMENT_3D('',#3901,#3902,#3903);
#3901 = CARTESIAN_POINT('',(-5.25,-0.25,0.2));
#3902 = DIRECTION('',(1.,0.,0.));
#3903 = DIRECTION('',(-0.,1.,0.));
#3904 = ORIENTED_EDGE('',*,*,#3905,.T.);
#3905 = EDGE_CURVE('',#3897,#3747,#3906,.T.);
#3906 = LINE('',#3907,#3908);
#3907 = CARTESIAN_POINT('',(-5.25,-0.25,-0.4));
#3908 = VECTOR('',#3909,1.);
#3909 = DIRECTION('',(0.,1.,0.));
#3910 = ORIENTED_EDGE('',*,*,#3754,.T.);
#3911 = PLANE('',#3912);
#3912 = AXIS2_PLACEMENT_3D('',#3913,#3914,#3915);
#3913 = CARTESIAN_POINT('',(-5.25,1.157929320775,1.253492336684));
#3914 = DIRECTION('',(1.,0.,0.));
#3915 = DIRECTION('',(0.,0.,1.));
#3916 = ADVANCED_FACE('',(#3917),#3928,.F.);
#3917 = FACE_BOUND('',#3918,.F.);
#3918 = EDGE_LOOP('',(#3919,#3920,#3921,#3927));
#3919 = ORIENTED_EDGE('',*,*,#3785,.F.);
#3920 = ORIENTED_EDGE('',*,*,#3816,.F.);
#3921 = ORIENTED_EDGE('',*,*,#3922,.T.);
#3922 = EDGE_CURVE('',#3809,#3833,#3923,.T.);
#3923 = LINE('',#3924,#3925);
#3924 = CARTESIAN_POINT('',(-4.75,5.35,-0.4));
#3925 = VECTOR('',#3926,1.);
#3926 = DIRECTION('',(0.,0.,1.));
#3927 = ORIENTED_EDGE('',*,*,#3840,.T.);
#3928 = PLANE('',#3929);
#3929 = AXIS2_PLACEMENT_3D('',#3930,#3931,#3932);
#3930 = CARTESIAN_POINT('',(-4.8,5.55,-0.4));
#3931 = DIRECTION('',(-0.970142500145,-0.242535625036,0.));
#3932 = DIRECTION('',(0.,0.,1.));
#3933 = ADVANCED_FACE('',(#3934),#3952,.F.);
#3934 = FACE_BOUND('',#3935,.F.);
#3935 = EDGE_LOOP('',(#3936,#3937,#3938,#3946));
#3936 = ORIENTED_EDGE('',*,*,#3808,.F.);
#3937 = ORIENTED_EDGE('',*,*,#3905,.F.);
#3938 = ORIENTED_EDGE('',*,*,#3939,.T.);
#3939 = EDGE_CURVE('',#3897,#3940,#3942,.T.);
#3940 = VERTEX_POINT('',#3941);
#3941 = CARTESIAN_POINT('',(-4.75,-0.25,-0.4));
#3942 = LINE('',#3943,#3944);
#3943 = CARTESIAN_POINT('',(-5.25,-0.25,-0.4));
#3944 = VECTOR('',#3945,1.);
#3945 = DIRECTION('',(1.,0.,0.));
#3946 = ORIENTED_EDGE('',*,*,#3947,.T.);
#3947 = EDGE_CURVE('',#3940,#3809,#3948,.T.);
#3948 = LINE('',#3949,#3950);
#3949 = CARTESIAN_POINT('',(-4.75,-0.25,-0.4));
#3950 = VECTOR('',#3951,1.);
#3951 = DIRECTION('',(0.,1.,0.));
#3952 = PLANE('',#3953);
#3953 = AXIS2_PLACEMENT_3D('',#3954,#3955,#3956);
#3954 = CARTESIAN_POINT('',(-5.25,-0.25,-0.4));
#3955 = DIRECTION('',(0.,0.,1.));
#3956 = DIRECTION('',(0.,1.,0.));
#3957 = ADVANCED_FACE('',(#3958),#3976,.F.);
#3958 = FACE_BOUND('',#3959,.F.);
#3959 = EDGE_LOOP('',(#3960,#3961,#3962,#3970));
#3960 = ORIENTED_EDGE('',*,*,#3855,.F.);
#3961 = ORIENTED_EDGE('',*,*,#3832,.T.);
#3962 = ORIENTED_EDGE('',*,*,#3963,.T.);
#3963 = EDGE_CURVE('',#3833,#3964,#3966,.T.);
#3964 = VERTEX_POINT('',#3965);
#3965 = CARTESIAN_POINT('',(-4.75,-0.25,0.1));
#3966 = LINE('',#3967,#3968);
#3967 = CARTESIAN_POINT('',(-4.75,5.75,0.1));
#3968 = VECTOR('',#3969,1.);
#3969 = DIRECTION('',(0.,-1.,0.));
#3970 = ORIENTED_EDGE('',*,*,#3971,.F.);
#3971 = EDGE_CURVE('',#3856,#3964,#3972,.T.);
#3972 = LINE('',#3973,#3974);
#3973 = CARTESIAN_POINT('',(-5.25,-0.25,0.1));
#3974 = VECTOR('',#3975,1.);
#3975 = DIRECTION('',(1.,0.,0.));
#3976 = PLANE('',#3977);
#3977 = AXIS2_PLACEMENT_3D('',#3978,#3979,#3980);
#3978 = CARTESIAN_POINT('',(-5.25,5.75,0.1));
#3979 = DIRECTION('',(0.,0.,-1.));
#3980 = DIRECTION('',(0.,-1.,0.));
#3981 = ADVANCED_FACE('',(#3982),#4001,.F.);
#3982 = FACE_BOUND('',#3983,.F.);
#3983 = EDGE_LOOP('',(#3984,#3985,#3986,#3995));
#3984 = ORIENTED_EDGE('',*,*,#3863,.T.);
#3985 = ORIENTED_EDGE('',*,*,#3971,.T.);
#3986 = ORIENTED_EDGE('',*,*,#3987,.F.);
#3987 = EDGE_CURVE('',#3988,#3964,#3990,.T.);
#3988 = VERTEX_POINT('',#3989);
#3989 = CARTESIAN_POINT('',(-4.75,-0.35,0.2));
#3990 = CIRCLE('',#3991,0.1);
#3991 = AXIS2_PLACEMENT_3D('',#3992,#3993,#3994);
#3992 = CARTESIAN_POINT('',(-4.75,-0.25,0.2));
#3993 = DIRECTION('',(1.,0.,0.));
#3994 = DIRECTION('',(-0.,1.,0.));
#3995 = ORIENTED_EDGE('',*,*,#3996,.F.);
#3996 = EDGE_CURVE('',#3864,#3988,#3997,.T.);
#3997 = LINE('',#3998,#3999);
#3998 = CARTESIAN_POINT('',(-5.25,-0.35,0.2));
#3999 = VECTOR('',#4000,1.);
#4000 = DIRECTION('',(1.,0.,0.));
#4001 = CYLINDRICAL_SURFACE('',#4002,0.1);
#4002 = AXIS2_PLACEMENT_3D('',#4003,#4004,#4005);
#4003 = CARTESIAN_POINT('',(-5.25,-0.25,0.2));
#4004 = DIRECTION('',(-1.,-0.,-0.));
#4005 = DIRECTION('',(0.,1.,0.));
#4006 = ADVANCED_FACE('',(#4007),#4025,.F.);
#4007 = FACE_BOUND('',#4008,.F.);
#4008 = EDGE_LOOP('',(#4009,#4017,#4018,#4019));
#4009 = ORIENTED_EDGE('',*,*,#4010,.F.);
#4010 = EDGE_CURVE('',#3873,#4011,#4013,.T.);
#4011 = VERTEX_POINT('',#4012);
#4012 = CARTESIAN_POINT('',(-4.75,-0.35,5.1));
#4013 = LINE('',#4014,#4015);
#4014 = CARTESIAN_POINT('',(-5.15,-0.35,5.1));
#4015 = VECTOR('',#4016,1.);
#4016 = DIRECTION('',(1.,0.,0.));
#4017 = ORIENTED_EDGE('',*,*,#3872,.F.);
#4018 = ORIENTED_EDGE('',*,*,#3996,.T.);
#4019 = ORIENTED_EDGE('',*,*,#4020,.T.);
#4020 = EDGE_CURVE('',#3988,#4011,#4021,.T.);
#4021 = LINE('',#4022,#4023);
#4022 = CARTESIAN_POINT('',(-4.75,-0.35,0.2));
#4023 = VECTOR('',#4024,1.);
#4024 = DIRECTION('',(0.,-1.24E-15,1.));
#4025 = PLANE('',#4026);
#4026 = AXIS2_PLACEMENT_3D('',#4027,#4028,#4029);
#4027 = CARTESIAN_POINT('',(-5.25,-0.35,0.2));
#4028 = DIRECTION('',(0.,-1.,-1.24E-15));
#4029 = DIRECTION('',(0.,-1.24E-15,1.));
#4030 = ADVANCED_FACE('',(#4031),#4050,.T.);
#4031 = FACE_BOUND('',#4032,.T.);
#4032 = EDGE_LOOP('',(#4033,#4034,#4035,#4044));
#4033 = ORIENTED_EDGE('',*,*,#3896,.T.);
#4034 = ORIENTED_EDGE('',*,*,#3939,.T.);
#4035 = ORIENTED_EDGE('',*,*,#4036,.F.);
#4036 = EDGE_CURVE('',#4037,#3940,#4039,.T.);
#4037 = VERTEX_POINT('',#4038);
#4038 = CARTESIAN_POINT('',(-4.75,-0.85,0.2));
#4039 = CIRCLE('',#4040,0.6);
#4040 = AXIS2_PLACEMENT_3D('',#4041,#4042,#4043);
#4041 = CARTESIAN_POINT('',(-4.75,-0.25,0.2));
#4042 = DIRECTION('',(1.,0.,0.));
#4043 = DIRECTION('',(-0.,1.,0.));
#4044 = ORIENTED_EDGE('',*,*,#4045,.F.);
#4045 = EDGE_CURVE('',#3889,#4037,#4046,.T.);
#4046 = LINE('',#4047,#4048);
#4047 = CARTESIAN_POINT('',(-5.25,-0.85,0.2));
#4048 = VECTOR('',#4049,1.);
#4049 = DIRECTION('',(1.,0.,0.));
#4050 = CYLINDRICAL_SURFACE('',#4051,0.6);
#4051 = AXIS2_PLACEMENT_3D('',#4052,#4053,#4054);
#4052 = CARTESIAN_POINT('',(-5.25,-0.25,0.2));
#4053 = DIRECTION('',(-1.,-0.,-0.));
#4054 = DIRECTION('',(0.,1.,0.));
#4055 = ADVANCED_FACE('',(#4056),#4081,.T.);
#4056 = FACE_BOUND('',#4057,.F.);
#4057 = EDGE_LOOP('',(#4058,#4068,#4074,#4075));
#4058 = ORIENTED_EDGE('',*,*,#4059,.T.);
#4059 = EDGE_CURVE('',#4060,#4062,#4064,.T.);
#4060 = VERTEX_POINT('',#4061);
#4061 = CARTESIAN_POINT('',(-5.15,-0.45,5.5));
#4062 = VERTEX_POINT('',#4063);
#4063 = CARTESIAN_POINT('',(-5.15,-0.75,5.5));
#4064 = LINE('',#4065,#4066);
#4065 = CARTESIAN_POINT('',(-5.15,-0.35,5.5));
#4066 = VECTOR('',#4067,1.);
#4067 = DIRECTION('',(0.,-1.,0.));
#4068 = ORIENTED_EDGE('',*,*,#4069,.T.);
#4069 = EDGE_CURVE('',#4062,#3881,#4070,.T.);
#4070 = LINE('',#4071,#4072);
#4071 = CARTESIAN_POINT('',(-5.188888888889,-0.788888888889,
    5.344444444445));
#4072 = VECTOR('',#4073,1.);
#4073 = DIRECTION('',(-0.235702260396,-0.235702260396,-0.942809041582));
#4074 = ORIENTED_EDGE('',*,*,#3880,.F.);
#4075 = ORIENTED_EDGE('',*,*,#4076,.T.);
#4076 = EDGE_CURVE('',#3873,#4060,#4077,.T.);
#4077 = LINE('',#4078,#4079);
#4078 = CARTESIAN_POINT('',(-5.2,-0.4,5.3));
#4079 = VECTOR('',#4080,1.);
#4080 = DIRECTION('',(0.235702260396,-0.235702260396,0.942809041582));
#4081 = PLANE('',#4082);
#4082 = AXIS2_PLACEMENT_3D('',#4083,#4084,#4085);
#4083 = CARTESIAN_POINT('',(-5.2,-0.35,5.3));
#4084 = DIRECTION('',(-0.970142500145,0.,0.242535625036));
#4085 = DIRECTION('',(0.,1.,0.));
#4086 = ADVANCED_FACE('',(#4087),#4105,.F.);
#4087 = FACE_BOUND('',#4088,.F.);
#4088 = EDGE_LOOP('',(#4089,#4090,#4098,#4104));
#4089 = ORIENTED_EDGE('',*,*,#3888,.F.);
#4090 = ORIENTED_EDGE('',*,*,#4091,.T.);
#4091 = EDGE_CURVE('',#3881,#4092,#4094,.T.);
#4092 = VERTEX_POINT('',#4093);
#4093 = CARTESIAN_POINT('',(-4.75,-0.85,5.1));
#4094 = LINE('',#4095,#4096);
#4095 = CARTESIAN_POINT('',(-5.25,-0.85,5.1));
#4096 = VECTOR('',#4097,1.);
#4097 = DIRECTION('',(1.,0.,0.));
#4098 = ORIENTED_EDGE('',*,*,#4099,.T.);
#4099 = EDGE_CURVE('',#4092,#4037,#4100,.T.);
#4100 = LINE('',#4101,#4102);
#4101 = CARTESIAN_POINT('',(-4.75,-0.85,5.5));
#4102 = VECTOR('',#4103,1.);
#4103 = DIRECTION('',(0.,0.,-1.));
#4104 = ORIENTED_EDGE('',*,*,#4045,.F.);
#4105 = PLANE('',#4106);
#4106 = AXIS2_PLACEMENT_3D('',#4107,#4108,#4109);
#4107 = CARTESIAN_POINT('',(-5.25,-0.85,5.5));
#4108 = DIRECTION('',(0.,1.,0.));
#4109 = DIRECTION('',(0.,0.,-1.));
#4110 = ADVANCED_FACE('',(#4111),#4126,.T.);
#4111 = FACE_BOUND('',#4112,.T.);
#4112 = EDGE_LOOP('',(#4113,#4114,#4115,#4116,#4122,#4123,#4124,#4125));
#4113 = ORIENTED_EDGE('',*,*,#3963,.T.);
#4114 = ORIENTED_EDGE('',*,*,#3987,.F.);
#4115 = ORIENTED_EDGE('',*,*,#4020,.T.);
#4116 = ORIENTED_EDGE('',*,*,#4117,.T.);
#4117 = EDGE_CURVE('',#4011,#4092,#4118,.T.);
#4118 = LINE('',#4119,#4120);
#4119 = CARTESIAN_POINT('',(-4.75,-0.35,5.1));
#4120 = VECTOR('',#4121,1.);
#4121 = DIRECTION('',(0.,-1.,0.));
#4122 = ORIENTED_EDGE('',*,*,#4099,.T.);
#4123 = ORIENTED_EDGE('',*,*,#4036,.T.);
#4124 = ORIENTED_EDGE('',*,*,#3947,.T.);
#4125 = ORIENTED_EDGE('',*,*,#3922,.T.);
#4126 = PLANE('',#4127);
#4127 = AXIS2_PLACEMENT_3D('',#4128,#4129,#4130);
#4128 = CARTESIAN_POINT('',(-4.75,1.157929320775,1.253492336684));
#4129 = DIRECTION('',(1.,0.,0.));
#4130 = DIRECTION('',(0.,0.,1.));
#4131 = ADVANCED_FACE('',(#4132),#4150,.T.);
#4132 = FACE_BOUND('',#4133,.F.);
#4133 = EDGE_LOOP('',(#4134,#4135,#4136,#4144));
#4134 = ORIENTED_EDGE('',*,*,#4076,.F.);
#4135 = ORIENTED_EDGE('',*,*,#4010,.T.);
#4136 = ORIENTED_EDGE('',*,*,#4137,.T.);
#4137 = EDGE_CURVE('',#4011,#4138,#4140,.T.);
#4138 = VERTEX_POINT('',#4139);
#4139 = CARTESIAN_POINT('',(-4.85,-0.45,5.5));
#4140 = LINE('',#4141,#4142);
#4141 = CARTESIAN_POINT('',(-4.808333333333,-0.408333333333,
    5.333333333333));
#4142 = VECTOR('',#4143,1.);
#4143 = DIRECTION('',(-0.235702260396,-0.235702260396,0.942809041582));
#4144 = ORIENTED_EDGE('',*,*,#4145,.F.);
#4145 = EDGE_CURVE('',#4060,#4138,#4146,.T.);
#4146 = LINE('',#4147,#4148);
#4147 = CARTESIAN_POINT('',(-5.15,-0.45,5.5));
#4148 = VECTOR('',#4149,1.);
#4149 = DIRECTION('',(1.,0.,0.));
#4150 = PLANE('',#4151);
#4151 = AXIS2_PLACEMENT_3D('',#4152,#4153,#4154);
#4152 = CARTESIAN_POINT('',(-5.15,-0.4,5.3));
#4153 = DIRECTION('',(0.,0.970142500145,0.242535625036));
#4154 = DIRECTION('',(-1.,0.,0.));
#4155 = ADVANCED_FACE('',(#4156),#4174,.F.);
#4156 = FACE_BOUND('',#4157,.F.);
#4157 = EDGE_LOOP('',(#4158,#4159,#4160,#4168));
#4158 = ORIENTED_EDGE('',*,*,#4059,.F.);
#4159 = ORIENTED_EDGE('',*,*,#4145,.T.);
#4160 = ORIENTED_EDGE('',*,*,#4161,.T.);
#4161 = EDGE_CURVE('',#4138,#4162,#4164,.T.);
#4162 = VERTEX_POINT('',#4163);
#4163 = CARTESIAN_POINT('',(-4.85,-0.75,5.5));
#4164 = LINE('',#4165,#4166);
#4165 = CARTESIAN_POINT('',(-4.85,-0.35,5.5));
#4166 = VECTOR('',#4167,1.);
#4167 = DIRECTION('',(0.,-1.,0.));
#4168 = ORIENTED_EDGE('',*,*,#4169,.F.);
#4169 = EDGE_CURVE('',#4062,#4162,#4170,.T.);
#4170 = LINE('',#4171,#4172);
#4171 = CARTESIAN_POINT('',(-5.25,-0.75,5.5));
#4172 = VECTOR('',#4173,1.);
#4173 = DIRECTION('',(1.,0.,0.));
#4174 = PLANE('',#4175);
#4175 = AXIS2_PLACEMENT_3D('',#4176,#4177,#4178);
#4176 = CARTESIAN_POINT('',(-5.25,-0.35,5.5));
#4177 = DIRECTION('',(0.,0.,-1.));
#4178 = DIRECTION('',(0.,-1.,0.));
#4179 = ADVANCED_FACE('',(#4180),#4191,.T.);
#4180 = FACE_BOUND('',#4181,.F.);
#4181 = EDGE_LOOP('',(#4182,#4183,#4184,#4190));
#4182 = ORIENTED_EDGE('',*,*,#4069,.F.);
#4183 = ORIENTED_EDGE('',*,*,#4169,.T.);
#4184 = ORIENTED_EDGE('',*,*,#4185,.T.);
#4185 = EDGE_CURVE('',#4162,#4092,#4186,.T.);
#4186 = LINE('',#4187,#4188);
#4187 = CARTESIAN_POINT('',(-4.825,-0.775,5.4));
#4188 = VECTOR('',#4189,1.);
#4189 = DIRECTION('',(0.235702260396,-0.235702260396,-0.942809041582));
#4190 = ORIENTED_EDGE('',*,*,#4091,.F.);
#4191 = PLANE('',#4192);
#4192 = AXIS2_PLACEMENT_3D('',#4193,#4194,#4195);
#4193 = CARTESIAN_POINT('',(-5.25,-0.8,5.3));
#4194 = DIRECTION('',(0.,-0.970142500145,0.242535625036));
#4195 = DIRECTION('',(-1.,0.,0.));
#4196 = ADVANCED_FACE('',(#4197),#4203,.F.);
#4197 = FACE_BOUND('',#4198,.T.);
#4198 = EDGE_LOOP('',(#4199,#4200,#4201,#4202));
#4199 = ORIENTED_EDGE('',*,*,#4161,.T.);
#4200 = ORIENTED_EDGE('',*,*,#4185,.T.);
#4201 = ORIENTED_EDGE('',*,*,#4117,.F.);
#4202 = ORIENTED_EDGE('',*,*,#4137,.T.);
#4203 = PLANE('',#4204);
#4204 = AXIS2_PLACEMENT_3D('',#4205,#4206,#4207);
#4205 = CARTESIAN_POINT('',(-4.8,-0.35,5.3));
#4206 = DIRECTION('',(-0.970142500145,-0.,-0.242535625036));
#4207 = DIRECTION('',(0.,1.,-0.));
#4208 = ( GEOMETRIC_REPRESENTATION_CONTEXT(3) 
GLOBAL_UNCERTAINTY_ASSIGNED_CONTEXT((#4212)) 
GLOBAL_UNIT_ASSIGNED_CONTEXT((#4209,#4210,#4211)) REPRESENTATION_CONTEXT
('Context #1','3D Context with UNIT and UNCERTAINTY') );
#4209 = ( LENGTH_UNIT() NAMED_UNIT(*) SI_UNIT(.MILLI.,.METRE.) );
#4210 = ( NAMED_UNIT(*) PLANE_ANGLE_UNIT() SI_UNIT($,.RADIAN.) );
#4211 = ( NAMED_UNIT(*) SI_UNIT($,.STERADIAN.) SOLID_ANGLE_UNIT() );
#4212 = UNCERTAINTY_MEASURE_WITH_UNIT(LENGTH_MEASURE(1.E-07),#4209,
  'distance_accuracy_value','confusion accuracy');
#4213 = CONTEXT_DEPENDENT_SHAPE_REPRESENTATION(#4214,#4216);
#4214 = ( REPRESENTATION_RELATIONSHIP('','',#3729,#3694) 
REPRESENTATION_RELATIONSHIP_WITH_TRANSFORMATION(#4215) 
SHAPE_REPRESENTATION_RELATIONSHIP() );
#4215 = ITEM_DEFINED_TRANSFORMATION('','',#11,#3695);
#4216 = PRODUCT_DEFINITION_SHAPE('Placement','Placement of an item',
  #4217);
#4217 = NEXT_ASSEMBLY_USAGE_OCCURRENCE('2','0','',#3689,#3724,$);
#4218 = PRODUCT_RELATED_PRODUCT_CATEGORY('part',$,(#3726));
#4219 = CONTEXT_DEPENDENT_SHAPE_REPRESENTATION(#4220,#4222);
#4220 = ( REPRESENTATION_RELATIONSHIP('','',#3729,#3694) 
REPRESENTATION_RELATIONSHIP_WITH_TRANSFORMATION(#4221) 
SHAPE_REPRESENTATION_RELATIONSHIP() );
#4221 = ITEM_DEFINED_TRANSFORMATION('','',#11,#3699);
#4222 = PRODUCT_DEFINITION_SHAPE('Placement','Placement of an item',
  #4223);
#4223 = NEXT_ASSEMBLY_USAGE_OCCURRENCE('3','1','',#3689,#3724,$);
#4224 = CONTEXT_DEPENDENT_SHAPE_REPRESENTATION(#4225,#4227);
#4225 = ( REPRESENTATION_RELATIONSHIP('','',#3729,#3694) 
REPRESENTATION_RELATIONSHIP_WITH_TRANSFORMATION(#4226) 
SHAPE_REPRESENTATION_RELATIONSHIP() );
#4226 = ITEM_DEFINED_TRANSFORMATION('','',#11,#3703);
#4227 = PRODUCT_DEFINITION_SHAPE('Placement','Placement of an item',
  #4228);
#4228 = NEXT_ASSEMBLY_USAGE_OCCURRENCE('4','2','',#3689,#3724,$);
#4229 = CONTEXT_DEPENDENT_SHAPE_REPRESENTATION(#4230,#4232);
#4230 = ( REPRESENTATION_RELATIONSHIP('','',#3729,#3694) 
REPRESENTATION_RELATIONSHIP_WITH_TRANSFORMATION(#4231) 
SHAPE_REPRESENTATION_RELATIONSHIP() );
#4231 = ITEM_DEFINED_TRANSFORMATION('','',#11,#3707);
#4232 = PRODUCT_DEFINITION_SHAPE('Placement','Placement of an item',
  #4233);
#4233 = NEXT_ASSEMBLY_USAGE_OCCURRENCE('5','3','',#3689,#3724,$);
#4234 = MECHANICAL_DESIGN_GEOMETRIC_PRESENTATION_REPRESENTATION('',(
    #4235),#3676);
#4235 = STYLED_ITEM('color',(#4236),#37);
#4236 = PRESENTATION_STYLE_ASSIGNMENT((#4237,#4243));
#4237 = SURFACE_STYLE_USAGE(.BOTH.,#4238);
#4238 = SURFACE_SIDE_STYLE('',(#4239));
#4239 = SURFACE_STYLE_FILL_AREA(#4240);
#4240 = FILL_AREA_STYLE('',(#4241));
#4241 = FILL_AREA_STYLE_COLOUR('',#4242);
#4242 = COLOUR_RGB('',0.968627457133,0.968627457133,0.968627457133);
#4243 = CURVE_STYLE('',#4244,POSITIVE_LENGTH_MEASURE(0.1),#4245);
#4244 = DRAUGHTING_PRE_DEFINED_CURVE_FONT('continuous');
#4245 = COLOUR_RGB('',9.803921802644E-02,9.803921802644E-02,
  9.803921802644E-02);
#4246 = MECHANICAL_DESIGN_GEOMETRIC_PRESENTATION_REPRESENTATION('',(
    #4247),#4208);
#4247 = STYLED_ITEM('color',(#4248),#3730);
#4248 = PRESENTATION_STYLE_ASSIGNMENT((#4249,#4255));
#4249 = SURFACE_STYLE_USAGE(.BOTH.,#4250);
#4250 = SURFACE_SIDE_STYLE('',(#4251));
#4251 = SURFACE_STYLE_FILL_AREA(#4252);
#4252 = FILL_AREA_STYLE('',(#4253));
#4253 = FILL_AREA_STYLE_COLOUR('',#4254);
#4254 = COLOUR_RGB('',0.749019635948,0.749019635948,0.749019635948);
#4255 = CURVE_STYLE('',#4256,POSITIVE_LENGTH_MEASURE(0.1),#4245);
#4256 = DRAUGHTING_PRE_DEFINED_CURVE_FONT('continuous');
ENDSEC;
END-ISO-10303-21;
