ISO-10303-21;
HEADER;
FILE_DESCRIPTION(('FreeCAD Model'),'2;1');
FILE_NAME('Open CASCADE Shape Model','2026-02-17T16:40:45',('Author'),(
    ''),'Open CASCADE STEP processor 7.8','FreeCAD','Unknown');
FILE_SCHEMA(('AUTOMOTIVE_DESIGN { 1 0 10303 214 1 1 1 1 }'));
ENDSEC;
DATA;
#1 = APPLICATION_PROTOCOL_DEFINITION('international standard',
  'automotive_design',2000,#2);
#2 = APPLICATION_CONTEXT(
  'core data for automotive mechanical design processes');
#3 = SHAPE_DEFINITION_REPRESENTATION(#4,#10);
#4 = PRODUCT_DEFINITION_SHAPE('','',#5);
#5 = PRODUCT_DEFINITION('design','',#6,#9);
#6 = PRODUCT_DEFINITION_FORMATION('','',#7);
#7 = PRODUCT('Part','Part','',(#8));
#8 = PRODUCT_CONTEXT('',#2,'mechanical');
#9 = PRODUCT_DEFINITION_CONTEXT('part definition',#2,'design');
#10 = SHAPE_REPRESENTATION('',(#11,#15,#19),#23);
#11 = AXIS2_PLACEMENT_3D('',#12,#13,#14);
#12 = CARTESIAN_POINT('',(0.,0.,0.));
#13 = DIRECTION('',(0.,0.,1.));
#14 = DIRECTION('',(1.,0.,-0.));
#15 = AXIS2_PLACEMENT_3D('',#16,#17,#18);
#16 = CARTESIAN_POINT('',(0.,0.,0.));
#17 = DIRECTION('',(0.,0.,1.));
#18 = DIRECTION('',(1.,0.,0.));
#19 = AXIS2_PLACEMENT_3D('',#20,#21,#22);
#20 = CARTESIAN_POINT('',(0.,0.,0.));
#21 = DIRECTION('',(0.,0.,1.));
#22 = DIRECTION('',(1.,0.,0.));
#23 = ( GEOMETRIC_REPRESENTATION_CONTEXT(3) 
GLOBAL_UNCERTAINTY_ASSIGNED_CONTEXT((#27)) GLOBAL_UNIT_ASSIGNED_CONTEXT(
(#24,#25,#26)) REPRESENTATION_CONTEXT('Context #1',
  '3D Context with UNIT and UNCERTAINTY') );
#24 = ( LENGTH_UNIT() NAMED_UNIT(*) SI_UNIT(.MILLI.,.METRE.) );
#25 = ( NAMED_UNIT(*) PLANE_ANGLE_UNIT() SI_UNIT($,.RADIAN.) );
#26 = ( NAMED_UNIT(*) SI_UNIT($,.STERADIAN.) SOLID_ANGLE_UNIT() );
#27 = UNCERTAINTY_MEASURE_WITH_UNIT(LENGTH_MEASURE(5.E-06),#24,
  'distance_accuracy_value','confusion accuracy');
#28 = PRODUCT_RELATED_PRODUCT_CATEGORY('part',$,(#7));
#29 = SHAPE_DEFINITION_REPRESENTATION(#30,#36);
#30 = PRODUCT_DEFINITION_SHAPE('','',#31);
#31 = PRODUCT_DEFINITION('design','',#32,#35);
#32 = PRODUCT_DEFINITION_FORMATION('','',#33);
#33 = PRODUCT('Body','Body','',(#34));
#34 = PRODUCT_CONTEXT('',#2,'mechanical');
#35 = PRODUCT_DEFINITION_CONTEXT('part definition',#2,'design');
#36 = ADVANCED_BREP_SHAPE_REPRESENTATION('',(#11,#37),#4756);
#37 = MANIFOLD_SOLID_BREP('',#38);
#38 = CLOSED_SHELL('',(#39,#129,#176,#200,#560,#600,#640,#681,#904,#928,
    #952,#969,#1356,#1373,#1395,#1412,#1429,#1455,#1481,#1530,#1579,
    #1603,#1627,#1644,#1661,#1673,#1690,#1707,#1733,#1782,#1806,#1830,
    #1847,#1878,#1895,#1937,#1954,#1979,#2005,#2053,#2102,#2142,#2166,
    #2373,#2390,#2430,#2447,#2496,#2513,#2538,#2564,#2612,#2677,#2708,
    #2739,#2756,#2768,#2796,#2884,#2908,#2982,#2999,#3016,#3033,#3050,
    #3067,#3084,#3101,#3118,#3135,#3152,#3169,#3195,#3212,#3237,#3249,
    #3322,#3339,#3351,#3363,#3375,#3387,#3399,#3411,#3446,#3470,#3494,
    #3518,#3530,#3544,#3559,#3580,#3592,#3625,#3642,#3673,#3685,#3713,
    #3730,#3907,#4039,#4088,#4112,#4124,#4141,#4160,#4177,#4194,#4206,
    #4238,#4262,#4287,#4319,#4343,#4368,#4400,#4424,#4449,#4481,#4505,
    #4530,#4562,#4586,#4611,#4628,#4645,#4662,#4679,#4696,#4708,#4720,
    #4732,#4744));
#39 = ADVANCED_FACE('',(#40,#90),#124,.F.);
#40 = FACE_BOUND('',#41,.F.);
#41 = EDGE_LOOP('',(#42,#52,#60,#68,#76,#84));
#42 = ORIENTED_EDGE('',*,*,#43,.F.);
#43 = EDGE_CURVE('',#44,#46,#48,.T.);
#44 = VERTEX_POINT('',#45);
#45 = CARTESIAN_POINT('',(4.199999999999,-2.35,0.2));
#46 = VERTEX_POINT('',#47);
#47 = CARTESIAN_POINT('',(4.199999999999,-0.15,0.2));
#48 = LINE('',#49,#50);
#49 = CARTESIAN_POINT('',(4.199999999999,-2.35,0.2));
#50 = VECTOR('',#51,1.);
#51 = DIRECTION('',(0.,1.,-2.22044604925E-16));
#52 = ORIENTED_EDGE('',*,*,#53,.F.);
#53 = EDGE_CURVE('',#54,#44,#56,.T.);
#54 = VERTEX_POINT('',#55);
#55 = CARTESIAN_POINT('',(5.4,-2.35,0.2));
#56 = LINE('',#57,#58);
#57 = CARTESIAN_POINT('',(5.799999999999,-2.35,0.2));
#58 = VECTOR('',#59,1.);
#59 = DIRECTION('',(-1.,0.,0.));
#60 = ORIENTED_EDGE('',*,*,#61,.F.);
#61 = EDGE_CURVE('',#62,#54,#64,.T.);
#62 = VERTEX_POINT('',#63);
#63 = CARTESIAN_POINT('',(5.4,-2.25,0.2));
#64 = LINE('',#65,#66);
#65 = CARTESIAN_POINT('',(5.4,-2.35,0.2));
#66 = VECTOR('',#67,1.);
#67 = DIRECTION('',(0.,-1.,2.22044604925E-16));
#68 = ORIENTED_EDGE('',*,*,#69,.F.);
#69 = EDGE_CURVE('',#70,#62,#72,.T.);
#70 = VERTEX_POINT('',#71);
#71 = CARTESIAN_POINT('',(5.799999999999,-2.25,0.2));
#72 = LINE('',#73,#74);
#73 = CARTESIAN_POINT('',(2.899999999999,-2.25,0.2));
#74 = VECTOR('',#75,1.);
#75 = DIRECTION('',(-1.,0.,0.));
#76 = ORIENTED_EDGE('',*,*,#77,.T.);
#77 = EDGE_CURVE('',#70,#78,#80,.T.);
#78 = VERTEX_POINT('',#79);
#79 = CARTESIAN_POINT('',(5.799999999999,-0.15,0.2));
#80 = LINE('',#81,#82);
#81 = CARTESIAN_POINT('',(5.799999999999,-2.35,0.2));
#82 = VECTOR('',#83,1.);
#83 = DIRECTION('',(0.,1.,-2.22044604925E-16));
#84 = ORIENTED_EDGE('',*,*,#85,.T.);
#85 = EDGE_CURVE('',#78,#46,#86,.T.);
#86 = LINE('',#87,#88);
#87 = CARTESIAN_POINT('',(5.799999999999,-0.15,0.2));
#88 = VECTOR('',#89,1.);
#89 = DIRECTION('',(-1.,0.,0.));
#90 = FACE_BOUND('',#91,.F.);
#91 = EDGE_LOOP('',(#92,#102,#110,#118));
#92 = ORIENTED_EDGE('',*,*,#93,.F.);
#93 = EDGE_CURVE('',#94,#96,#98,.T.);
#94 = VERTEX_POINT('',#95);
#95 = CARTESIAN_POINT('',(5.25,-0.35,0.2));
#96 = VERTEX_POINT('',#97);
#97 = CARTESIAN_POINT('',(4.75,-0.35,0.2));
#98 = LINE('',#99,#100);
#99 = CARTESIAN_POINT('',(2.899999999999,-0.35,0.2));
#100 = VECTOR('',#101,1.);
#101 = DIRECTION('',(-1.,0.,0.));
#102 = ORIENTED_EDGE('',*,*,#103,.F.);
#103 = EDGE_CURVE('',#104,#94,#106,.T.);
#104 = VERTEX_POINT('',#105);
#105 = CARTESIAN_POINT('',(5.25,-0.85,0.2));
#106 = LINE('',#107,#108);
#107 = CARTESIAN_POINT('',(5.25,-1.35,0.2));
#108 = VECTOR('',#109,1.);
#109 = DIRECTION('',(0.,1.,-2.22044604925E-16));
#110 = ORIENTED_EDGE('',*,*,#111,.F.);
#111 = EDGE_CURVE('',#112,#104,#114,.T.);
#112 = VERTEX_POINT('',#113);
#113 = CARTESIAN_POINT('',(4.75,-0.85,0.2));
#114 = LINE('',#115,#116);
#115 = CARTESIAN_POINT('',(5.524999999999,-0.85,0.2));
#116 = VECTOR('',#117,1.);
#117 = DIRECTION('',(1.,0.,0.));
#118 = ORIENTED_EDGE('',*,*,#119,.F.);
#119 = EDGE_CURVE('',#96,#112,#120,.T.);
#120 = LINE('',#121,#122);
#121 = CARTESIAN_POINT('',(4.75,-1.6,0.2));
#122 = VECTOR('',#123,1.);
#123 = DIRECTION('',(0.,-1.,2.22044604925E-16));
#124 = PLANE('',#125);
#125 = AXIS2_PLACEMENT_3D('',#126,#127,#128);
#126 = CARTESIAN_POINT('',(5.799999999999,-2.35,0.2));
#127 = DIRECTION('',(0.,2.22044604925E-16,1.));
#128 = DIRECTION('',(-1.,0.,0.));
#129 = ADVANCED_FACE('',(#130),#171,.F.);
#130 = FACE_BOUND('',#131,.F.);
#131 = EDGE_LOOP('',(#132,#133,#141,#149,#157,#165));
#132 = ORIENTED_EDGE('',*,*,#43,.T.);
#133 = ORIENTED_EDGE('',*,*,#134,.F.);
#134 = EDGE_CURVE('',#135,#46,#137,.T.);
#135 = VERTEX_POINT('',#136);
#136 = CARTESIAN_POINT('',(4.199999999999,2.35,0.6));
#137 = LINE('',#138,#139);
#138 = CARTESIAN_POINT('',(4.199999999999,-0.597542901716,0.128393135726
    ));
#139 = VECTOR('',#140,1.);
#140 = DIRECTION('',(-0.,-0.987440631917,-0.157990501107));
#141 = ORIENTED_EDGE('',*,*,#142,.F.);
#142 = EDGE_CURVE('',#143,#135,#145,.T.);
#143 = VERTEX_POINT('',#144);
#144 = CARTESIAN_POINT('',(4.199999999999,2.35,0.2));
#145 = LINE('',#146,#147);
#146 = CARTESIAN_POINT('',(4.199999999999,2.35,0.1));
#147 = VECTOR('',#148,1.);
#148 = DIRECTION('',(0.,0.,1.));
#149 = ORIENTED_EDGE('',*,*,#150,.T.);
#150 = EDGE_CURVE('',#143,#151,#153,.T.);
#151 = VERTEX_POINT('',#152);
#152 = CARTESIAN_POINT('',(4.199999999999,2.35,0.199));
#153 = LINE('',#154,#155);
#154 = CARTESIAN_POINT('',(4.199999999999,2.35,0.1));
#155 = VECTOR('',#156,1.);
#156 = DIRECTION('',(0.,0.,-1.));
#157 = ORIENTED_EDGE('',*,*,#158,.F.);
#158 = EDGE_CURVE('',#159,#151,#161,.T.);
#159 = VERTEX_POINT('',#160);
#160 = CARTESIAN_POINT('',(4.199999999999,-2.35,0.199));
#161 = LINE('',#162,#163);
#162 = CARTESIAN_POINT('',(4.199999999999,-2.35,0.199));
#163 = VECTOR('',#164,1.);
#164 = DIRECTION('',(0.,1.,-2.22044604925E-16));
#165 = ORIENTED_EDGE('',*,*,#166,.F.);
#166 = EDGE_CURVE('',#44,#159,#167,.T.);
#167 = LINE('',#168,#169);
#168 = CARTESIAN_POINT('',(4.199999999999,-2.35,0.2));
#169 = VECTOR('',#170,1.);
#170 = DIRECTION('',(0.,-2.22044604925E-16,-1.));
#171 = PLANE('',#172);
#172 = AXIS2_PLACEMENT_3D('',#173,#174,#175);
#173 = CARTESIAN_POINT('',(4.199999999999,-2.35,0.2));
#174 = DIRECTION('',(-1.,0.,0.));
#175 = DIRECTION('',(0.,-2.22044604925E-16,-1.));
#176 = ADVANCED_FACE('',(#177),#195,.T.);
#177 = FACE_BOUND('',#178,.F.);
#178 = EDGE_LOOP('',(#179,#187,#193,#194));
#179 = ORIENTED_EDGE('',*,*,#180,.F.);
#180 = EDGE_CURVE('',#181,#78,#183,.T.);
#181 = VERTEX_POINT('',#182);
#182 = CARTESIAN_POINT('',(5.799999999999,2.35,0.6));
#183 = LINE('',#184,#185);
#184 = CARTESIAN_POINT('',(5.799999999999,-0.613143525741,0.125897035882
    ));
#185 = VECTOR('',#186,1.);
#186 = DIRECTION('',(0.,-0.987440631917,-0.157990501107));
#187 = ORIENTED_EDGE('',*,*,#188,.T.);
#188 = EDGE_CURVE('',#181,#135,#189,.T.);
#189 = LINE('',#190,#191);
#190 = CARTESIAN_POINT('',(5.799999999999,2.35,0.6));
#191 = VECTOR('',#192,1.);
#192 = DIRECTION('',(-1.,0.,0.));
#193 = ORIENTED_EDGE('',*,*,#134,.T.);
#194 = ORIENTED_EDGE('',*,*,#85,.F.);
#195 = PLANE('',#196);
#196 = AXIS2_PLACEMENT_3D('',#197,#198,#199);
#197 = CARTESIAN_POINT('',(5.799999999999,1.1,0.4));
#198 = DIRECTION('',(0.,0.157990501107,-0.987440631917));
#199 = DIRECTION('',(1.,-0.,-0.));
#200 = ADVANCED_FACE('',(#201),#555,.F.);
#201 = FACE_BOUND('',#202,.F.);
#202 = EDGE_LOOP('',(#203,#213,#221,#229,#237,#245,#253,#261,#269,#277,
    #285,#293,#301,#309,#317,#325,#333,#341,#349,#357,#365,#373,#381,
    #389,#397,#405,#413,#421,#429,#437,#445,#453,#461,#469,#477,#485,
    #493,#499,#500,#501,#509,#517,#525,#533,#541,#549));
#203 = ORIENTED_EDGE('',*,*,#204,.F.);
#204 = EDGE_CURVE('',#205,#207,#209,.T.);
#205 = VERTEX_POINT('',#206);
#206 = CARTESIAN_POINT('',(1.835089069161,-2.35,-1.387778780781E-17));
#207 = VERTEX_POINT('',#208);
#208 = CARTESIAN_POINT('',(2.164910930839,-2.35,1.387778780781E-17));
#209 = LINE('',#210,#211);
#210 = CARTESIAN_POINT('',(-6.8,-2.35,0.));
#211 = VECTOR('',#212,1.);
#212 = DIRECTION('',(1.,0.,0.));
#213 = ORIENTED_EDGE('',*,*,#214,.F.);
#214 = EDGE_CURVE('',#215,#205,#217,.T.);
#215 = VERTEX_POINT('',#216);
#216 = CARTESIAN_POINT('',(1.8,-2.35,0.199));
#217 = LINE('',#218,#219);
#218 = CARTESIAN_POINT('',(1.69612690411,-2.35,0.788093600266));
#219 = VECTOR('',#220,1.);
#220 = DIRECTION('',(0.173648177667,0.,-0.984807753012));
#221 = ORIENTED_EDGE('',*,*,#222,.F.);
#222 = EDGE_CURVE('',#223,#215,#225,.T.);
#223 = VERTEX_POINT('',#224);
#224 = CARTESIAN_POINT('',(1.8,-2.35,0.2));
#225 = LINE('',#226,#227);
#226 = CARTESIAN_POINT('',(1.8,-2.35,0.2));
#227 = VECTOR('',#228,1.);
#228 = DIRECTION('',(0.,-2.22044604925E-16,-1.));
#229 = ORIENTED_EDGE('',*,*,#230,.F.);
#230 = EDGE_CURVE('',#231,#223,#233,.T.);
#231 = VERTEX_POINT('',#232);
#232 = CARTESIAN_POINT('',(0.2,-2.35,0.2));
#233 = LINE('',#234,#235);
#234 = CARTESIAN_POINT('',(0.2,-2.35,0.2));
#235 = VECTOR('',#236,1.);
#236 = DIRECTION('',(1.,0.,0.));
#237 = ORIENTED_EDGE('',*,*,#238,.F.);
#238 = EDGE_CURVE('',#239,#231,#241,.T.);
#239 = VERTEX_POINT('',#240);
#240 = CARTESIAN_POINT('',(0.2,-2.35,0.199));
#241 = LINE('',#242,#243);
#242 = CARTESIAN_POINT('',(0.2,-2.35,0.));
#243 = VECTOR('',#244,1.);
#244 = DIRECTION('',(0.,2.22044604925E-16,1.));
#245 = ORIENTED_EDGE('',*,*,#246,.T.);
#246 = EDGE_CURVE('',#239,#247,#249,.T.);
#247 = VERTEX_POINT('',#248);
#248 = CARTESIAN_POINT('',(0.164910930839,-2.35,-2.775557561563E-17));
#249 = LINE('',#250,#251);
#250 = CARTESIAN_POINT('',(6.867431695464E-02,-2.35,-0.545784958704));
#251 = VECTOR('',#252,1.);
#252 = DIRECTION('',(-0.173648177667,0.,-0.984807753012));
#253 = ORIENTED_EDGE('',*,*,#254,.F.);
#254 = EDGE_CURVE('',#255,#247,#257,.T.);
#255 = VERTEX_POINT('',#256);
#256 = CARTESIAN_POINT('',(-0.164910930839,-2.35,-1.387778780781E-17));
#257 = LINE('',#258,#259);
#258 = CARTESIAN_POINT('',(-6.8,-2.35,0.));
#259 = VECTOR('',#260,1.);
#260 = DIRECTION('',(1.,0.,0.));
#261 = ORIENTED_EDGE('',*,*,#262,.F.);
#262 = EDGE_CURVE('',#263,#255,#265,.T.);
#263 = VERTEX_POINT('',#264);
#264 = CARTESIAN_POINT('',(-0.2,-2.35,0.199));
#265 = LINE('',#266,#267);
#266 = CARTESIAN_POINT('',(-0.273719406283,-2.35,0.617083528603));
#267 = VECTOR('',#268,1.);
#268 = DIRECTION('',(0.173648177667,0.,-0.984807753012));
#269 = ORIENTED_EDGE('',*,*,#270,.T.);
#270 = EDGE_CURVE('',#263,#271,#273,.T.);
#271 = VERTEX_POINT('',#272);
#272 = CARTESIAN_POINT('',(-0.2,-2.35,0.2));
#273 = LINE('',#274,#275);
#274 = CARTESIAN_POINT('',(-0.2,-2.35,0.));
#275 = VECTOR('',#276,1.);
#276 = DIRECTION('',(0.,2.22044604925E-16,1.));
#277 = ORIENTED_EDGE('',*,*,#278,.T.);
#278 = EDGE_CURVE('',#271,#279,#281,.T.);
#279 = VERTEX_POINT('',#280);
#280 = CARTESIAN_POINT('',(-1.8,-2.35,0.2));
#281 = LINE('',#282,#283);
#282 = CARTESIAN_POINT('',(-0.2,-2.35,0.2));
#283 = VECTOR('',#284,1.);
#284 = DIRECTION('',(-1.,0.,0.));
#285 = ORIENTED_EDGE('',*,*,#286,.T.);
#286 = EDGE_CURVE('',#279,#287,#289,.T.);
#287 = VERTEX_POINT('',#288);
#288 = CARTESIAN_POINT('',(-1.8,-2.35,0.199));
#289 = LINE('',#290,#291);
#290 = CARTESIAN_POINT('',(-1.8,-2.35,0.2));
#291 = VECTOR('',#292,1.);
#292 = DIRECTION('',(0.,-2.22044604925E-16,-1.));
#293 = ORIENTED_EDGE('',*,*,#294,.T.);
#294 = EDGE_CURVE('',#287,#295,#297,.T.);
#295 = VERTEX_POINT('',#296);
#296 = CARTESIAN_POINT('',(-1.835089069161,-2.35,-5.551115123126E-17));
#297 = LINE('',#298,#299);
#298 = CARTESIAN_POINT('',(-1.901171993438,-2.35,-0.374774887041));
#299 = VECTOR('',#300,1.);
#300 = DIRECTION('',(-0.173648177667,0.,-0.984807753012));
#301 = ORIENTED_EDGE('',*,*,#302,.F.);
#302 = EDGE_CURVE('',#303,#295,#305,.T.);
#303 = VERTEX_POINT('',#304);
#304 = CARTESIAN_POINT('',(-2.164910930839,-2.35,6.938893903907E-17));
#305 = LINE('',#306,#307);
#306 = CARTESIAN_POINT('',(-6.8,-2.35,0.));
#307 = VECTOR('',#308,1.);
#308 = DIRECTION('',(1.,0.,0.));
#309 = ORIENTED_EDGE('',*,*,#310,.F.);
#310 = EDGE_CURVE('',#311,#303,#313,.T.);
#311 = VERTEX_POINT('',#312);
#312 = CARTESIAN_POINT('',(-2.2,-2.35,0.199));
#313 = LINE('',#314,#315);
#314 = CARTESIAN_POINT('',(-2.243565716676,-2.35,0.44607345694));
#315 = VECTOR('',#316,1.);
#316 = DIRECTION('',(0.173648177667,0.,-0.984807753012));
#317 = ORIENTED_EDGE('',*,*,#318,.T.);
#318 = EDGE_CURVE('',#311,#319,#321,.T.);
#319 = VERTEX_POINT('',#320);
#320 = CARTESIAN_POINT('',(-2.2,-2.35,0.2));
#321 = LINE('',#322,#323);
#322 = CARTESIAN_POINT('',(-2.2,-2.35,0.));
#323 = VECTOR('',#324,1.);
#324 = DIRECTION('',(0.,2.22044604925E-16,1.));
#325 = ORIENTED_EDGE('',*,*,#326,.T.);
#326 = EDGE_CURVE('',#319,#327,#329,.T.);
#327 = VERTEX_POINT('',#328);
#328 = CARTESIAN_POINT('',(-3.8,-2.35,0.2));
#329 = LINE('',#330,#331);
#330 = CARTESIAN_POINT('',(-2.2,-2.35,0.2));
#331 = VECTOR('',#332,1.);
#332 = DIRECTION('',(-1.,0.,0.));
#333 = ORIENTED_EDGE('',*,*,#334,.T.);
#334 = EDGE_CURVE('',#327,#335,#337,.T.);
#335 = VERTEX_POINT('',#336);
#336 = CARTESIAN_POINT('',(-3.8,-2.35,0.199));
#337 = LINE('',#338,#339);
#338 = CARTESIAN_POINT('',(-3.8,-2.35,0.2));
#339 = VECTOR('',#340,1.);
#340 = DIRECTION('',(0.,-2.22044604925E-16,-1.));
#341 = ORIENTED_EDGE('',*,*,#342,.T.);
#342 = EDGE_CURVE('',#335,#343,#345,.T.);
#343 = VERTEX_POINT('',#344);
#344 = CARTESIAN_POINT('',(-3.835089069161,-2.35,-4.163336342344E-17));
#345 = LINE('',#346,#347);
#346 = CARTESIAN_POINT('',(-3.871018303831,-2.35,-0.203764815378));
#347 = VECTOR('',#348,1.);
#348 = DIRECTION('',(-0.173648177667,0.,-0.984807753012));
#349 = ORIENTED_EDGE('',*,*,#350,.F.);
#350 = EDGE_CURVE('',#351,#343,#353,.T.);
#351 = VERTEX_POINT('',#352);
#352 = CARTESIAN_POINT('',(-4.164910930839,-2.35,-4.163336342344E-17));
#353 = LINE('',#354,#355);
#354 = CARTESIAN_POINT('',(-6.8,-2.35,0.));
#355 = VECTOR('',#356,1.);
#356 = DIRECTION('',(1.,0.,0.));
#357 = ORIENTED_EDGE('',*,*,#358,.F.);
#358 = EDGE_CURVE('',#359,#351,#361,.T.);
#359 = VERTEX_POINT('',#360);
#360 = CARTESIAN_POINT('',(-4.2,-2.35,0.199));
#361 = LINE('',#362,#363);
#362 = CARTESIAN_POINT('',(-4.213412027069,-2.35,0.275063385278));
#363 = VECTOR('',#364,1.);
#364 = DIRECTION('',(0.173648177667,0.,-0.984807753012));
#365 = ORIENTED_EDGE('',*,*,#366,.T.);
#366 = EDGE_CURVE('',#359,#367,#369,.T.);
#367 = VERTEX_POINT('',#368);
#368 = CARTESIAN_POINT('',(-4.2,-2.35,0.2));
#369 = LINE('',#370,#371);
#370 = CARTESIAN_POINT('',(-4.2,-2.35,0.));
#371 = VECTOR('',#372,1.);
#372 = DIRECTION('',(0.,2.22044604925E-16,1.));
#373 = ORIENTED_EDGE('',*,*,#374,.T.);
#374 = EDGE_CURVE('',#367,#375,#377,.T.);
#375 = VERTEX_POINT('',#376);
#376 = CARTESIAN_POINT('',(-5.4,-2.35,0.2));
#377 = LINE('',#378,#379);
#378 = CARTESIAN_POINT('',(-4.2,-2.35,0.2));
#379 = VECTOR('',#380,1.);
#380 = DIRECTION('',(-1.,0.,0.));
#381 = ORIENTED_EDGE('',*,*,#382,.F.);
#382 = EDGE_CURVE('',#383,#375,#385,.T.);
#383 = VERTEX_POINT('',#384);
#384 = CARTESIAN_POINT('',(-5.4,-2.35,4.3));
#385 = LINE('',#386,#387);
#386 = CARTESIAN_POINT('',(-5.4,-2.35,4.3));
#387 = VECTOR('',#388,1.);
#388 = DIRECTION('',(0.,-2.22044604925E-16,-1.));
#389 = ORIENTED_EDGE('',*,*,#390,.F.);
#390 = EDGE_CURVE('',#391,#383,#393,.T.);
#391 = VERTEX_POINT('',#392);
#392 = CARTESIAN_POINT('',(-6.4,-2.35,4.3));
#393 = LINE('',#394,#395);
#394 = CARTESIAN_POINT('',(-6.4,-2.35,4.3));
#395 = VECTOR('',#396,1.);
#396 = DIRECTION('',(1.,0.,0.));
#397 = ORIENTED_EDGE('',*,*,#398,.T.);
#398 = EDGE_CURVE('',#391,#399,#401,.T.);
#399 = VERTEX_POINT('',#400);
#400 = CARTESIAN_POINT('',(-6.4,-2.35,0.));
#401 = LINE('',#402,#403);
#402 = CARTESIAN_POINT('',(-6.4,-2.35,1.8));
#403 = VECTOR('',#404,1.);
#404 = DIRECTION('',(0.,-2.22044604925E-16,-1.));
#405 = ORIENTED_EDGE('',*,*,#406,.F.);
#406 = EDGE_CURVE('',#407,#399,#409,.T.);
#407 = VERTEX_POINT('',#408);
#408 = CARTESIAN_POINT('',(-6.8,-2.35,0.));
#409 = LINE('',#410,#411);
#410 = CARTESIAN_POINT('',(-6.8,-2.35,0.));
#411 = VECTOR('',#412,1.);
#412 = DIRECTION('',(1.,0.,0.));
#413 = ORIENTED_EDGE('',*,*,#414,.T.);
#414 = EDGE_CURVE('',#407,#415,#417,.T.);
#415 = VERTEX_POINT('',#416);
#416 = CARTESIAN_POINT('',(-6.8,-2.35,6.));
#417 = LINE('',#418,#419);
#418 = CARTESIAN_POINT('',(-6.8,-2.35,0.));
#419 = VECTOR('',#420,1.);
#420 = DIRECTION('',(0.,0.,1.));
#421 = ORIENTED_EDGE('',*,*,#422,.T.);
#422 = EDGE_CURVE('',#415,#423,#425,.T.);
#423 = VERTEX_POINT('',#424);
#424 = CARTESIAN_POINT('',(-4.05,-2.35,6.));
#425 = LINE('',#426,#427);
#426 = CARTESIAN_POINT('',(-6.8,-2.35,6.));
#427 = VECTOR('',#428,1.);
#428 = DIRECTION('',(1.,0.,0.));
#429 = ORIENTED_EDGE('',*,*,#430,.F.);
#430 = EDGE_CURVE('',#431,#423,#433,.T.);
#431 = VERTEX_POINT('',#432);
#432 = CARTESIAN_POINT('',(-4.05,-2.35,1.8));
#433 = LINE('',#434,#435);
#434 = CARTESIAN_POINT('',(-4.05,-2.35,3.));
#435 = VECTOR('',#436,1.);
#436 = DIRECTION('',(0.,0.,1.));
#437 = ORIENTED_EDGE('',*,*,#438,.T.);
#438 = EDGE_CURVE('',#431,#439,#441,.T.);
#439 = VERTEX_POINT('',#440);
#440 = CARTESIAN_POINT('',(4.05,-2.35,1.8));
#441 = LINE('',#442,#443);
#442 = CARTESIAN_POINT('',(-3.4,-2.35,1.8));
#443 = VECTOR('',#444,1.);
#444 = DIRECTION('',(1.,0.,0.));
#445 = ORIENTED_EDGE('',*,*,#446,.F.);
#446 = EDGE_CURVE('',#447,#439,#449,.T.);
#447 = VERTEX_POINT('',#448);
#448 = CARTESIAN_POINT('',(4.05,-2.35,6.));
#449 = LINE('',#450,#451);
#450 = CARTESIAN_POINT('',(4.05,-2.35,3.));
#451 = VECTOR('',#452,1.);
#452 = DIRECTION('',(0.,0.,-1.));
#453 = ORIENTED_EDGE('',*,*,#454,.T.);
#454 = EDGE_CURVE('',#447,#455,#457,.T.);
#455 = VERTEX_POINT('',#456);
#456 = CARTESIAN_POINT('',(6.8,-2.35,6.));
#457 = LINE('',#458,#459);
#458 = CARTESIAN_POINT('',(-6.8,-2.35,6.));
#459 = VECTOR('',#460,1.);
#460 = DIRECTION('',(1.,0.,0.));
#461 = ORIENTED_EDGE('',*,*,#462,.F.);
#462 = EDGE_CURVE('',#463,#455,#465,.T.);
#463 = VERTEX_POINT('',#464);
#464 = CARTESIAN_POINT('',(6.8,-2.35,0.));
#465 = LINE('',#466,#467);
#466 = CARTESIAN_POINT('',(6.8,-2.35,0.));
#467 = VECTOR('',#468,1.);
#468 = DIRECTION('',(0.,0.,1.));
#469 = ORIENTED_EDGE('',*,*,#470,.F.);
#470 = EDGE_CURVE('',#471,#463,#473,.T.);
#471 = VERTEX_POINT('',#472);
#472 = CARTESIAN_POINT('',(6.4,-2.35,0.));
#473 = LINE('',#474,#475);
#474 = CARTESIAN_POINT('',(-6.8,-2.35,0.));
#475 = VECTOR('',#476,1.);
#476 = DIRECTION('',(1.,0.,0.));
#477 = ORIENTED_EDGE('',*,*,#478,.F.);
#478 = EDGE_CURVE('',#479,#471,#481,.T.);
#479 = VERTEX_POINT('',#480);
#480 = CARTESIAN_POINT('',(6.4,-2.35,4.3));
#481 = LINE('',#482,#483);
#482 = CARTESIAN_POINT('',(6.4,-2.35,4.3));
#483 = VECTOR('',#484,1.);
#484 = DIRECTION('',(0.,-2.22044604925E-16,-1.));
#485 = ORIENTED_EDGE('',*,*,#486,.F.);
#486 = EDGE_CURVE('',#487,#479,#489,.T.);
#487 = VERTEX_POINT('',#488);
#488 = CARTESIAN_POINT('',(5.4,-2.35,4.3));
#489 = LINE('',#490,#491);
#490 = CARTESIAN_POINT('',(5.4,-2.35,4.3));
#491 = VECTOR('',#492,1.);
#492 = DIRECTION('',(1.,0.,0.));
#493 = ORIENTED_EDGE('',*,*,#494,.T.);
#494 = EDGE_CURVE('',#487,#54,#495,.T.);
#495 = LINE('',#496,#497);
#496 = CARTESIAN_POINT('',(5.4,-2.35,1.8));
#497 = VECTOR('',#498,1.);
#498 = DIRECTION('',(0.,-2.22044604925E-16,-1.));
#499 = ORIENTED_EDGE('',*,*,#53,.T.);
#500 = ORIENTED_EDGE('',*,*,#166,.T.);
#501 = ORIENTED_EDGE('',*,*,#502,.T.);
#502 = EDGE_CURVE('',#159,#503,#505,.T.);
#503 = VERTEX_POINT('',#504);
#504 = CARTESIAN_POINT('',(4.164910930838,-2.35,-4.163336342344E-17));
#505 = LINE('',#506,#507);
#506 = CARTESIAN_POINT('',(4.008366937739,-2.35,-0.88780510203));
#507 = VECTOR('',#508,1.);
#508 = DIRECTION('',(-0.173648177667,0.,-0.984807753012));
#509 = ORIENTED_EDGE('',*,*,#510,.F.);
#510 = EDGE_CURVE('',#511,#503,#513,.T.);
#511 = VERTEX_POINT('',#512);
#512 = CARTESIAN_POINT('',(3.835089069161,-2.35,-4.163336342344E-17));
#513 = LINE('',#514,#515);
#514 = CARTESIAN_POINT('',(-6.8,-2.35,0.));
#515 = VECTOR('',#516,1.);
#516 = DIRECTION('',(1.,0.,0.));
#517 = ORIENTED_EDGE('',*,*,#518,.F.);
#518 = EDGE_CURVE('',#519,#511,#521,.T.);
#519 = VERTEX_POINT('',#520);
#520 = CARTESIAN_POINT('',(3.8,-2.35,0.199));
#521 = LINE('',#522,#523);
#522 = CARTESIAN_POINT('',(3.665973214503,-2.35,0.959103671929));
#523 = VECTOR('',#524,1.);
#524 = DIRECTION('',(0.173648177667,0.,-0.984807753012));
#525 = ORIENTED_EDGE('',*,*,#526,.F.);
#526 = EDGE_CURVE('',#527,#519,#529,.T.);
#527 = VERTEX_POINT('',#528);
#528 = CARTESIAN_POINT('',(3.8,-2.35,0.2));
#529 = LINE('',#530,#531);
#530 = CARTESIAN_POINT('',(3.8,-2.35,0.2));
#531 = VECTOR('',#532,1.);
#532 = DIRECTION('',(0.,-2.22044604925E-16,-1.));
#533 = ORIENTED_EDGE('',*,*,#534,.F.);
#534 = EDGE_CURVE('',#535,#527,#537,.T.);
#535 = VERTEX_POINT('',#536);
#536 = CARTESIAN_POINT('',(2.2,-2.35,0.2));
#537 = LINE('',#538,#539);
#538 = CARTESIAN_POINT('',(2.2,-2.35,0.2));
#539 = VECTOR('',#540,1.);
#540 = DIRECTION('',(1.,0.,0.));
#541 = ORIENTED_EDGE('',*,*,#542,.F.);
#542 = EDGE_CURVE('',#543,#535,#545,.T.);
#543 = VERTEX_POINT('',#544);
#544 = CARTESIAN_POINT('',(2.2,-2.35,0.199));
#545 = LINE('',#546,#547);
#546 = CARTESIAN_POINT('',(2.2,-2.35,0.));
#547 = VECTOR('',#548,1.);
#548 = DIRECTION('',(0.,2.22044604925E-16,1.));
#549 = ORIENTED_EDGE('',*,*,#550,.T.);
#550 = EDGE_CURVE('',#543,#207,#551,.T.);
#551 = LINE('',#552,#553);
#552 = CARTESIAN_POINT('',(2.038520627348,-2.35,-0.716795030367));
#553 = VECTOR('',#554,1.);
#554 = DIRECTION('',(-0.173648177667,0.,-0.984807753012));
#555 = PLANE('',#556);
#556 = AXIS2_PLACEMENT_3D('',#557,#558,#559);
#557 = CARTESIAN_POINT('',(-6.8,-2.35,0.));
#558 = DIRECTION('',(0.,1.,0.));
#559 = DIRECTION('',(1.,0.,0.));
#560 = ADVANCED_FACE('',(#561),#595,.F.);
#561 = FACE_BOUND('',#562,.F.);
#562 = EDGE_LOOP('',(#563,#564,#572,#580,#588,#594));
#563 = ORIENTED_EDGE('',*,*,#77,.F.);
#564 = ORIENTED_EDGE('',*,*,#565,.F.);
#565 = EDGE_CURVE('',#566,#70,#568,.T.);
#566 = VERTEX_POINT('',#567);
#567 = CARTESIAN_POINT('',(5.799999999999,-2.25,0.199));
#568 = LINE('',#569,#570);
#569 = CARTESIAN_POINT('',(5.799999999999,-2.25,0.45));
#570 = VECTOR('',#571,1.);
#571 = DIRECTION('',(0.,2.467162276945E-16,1.));
#572 = ORIENTED_EDGE('',*,*,#573,.T.);
#573 = EDGE_CURVE('',#566,#574,#576,.T.);
#574 = VERTEX_POINT('',#575);
#575 = CARTESIAN_POINT('',(5.799999999999,2.35,0.199));
#576 = LINE('',#577,#578);
#577 = CARTESIAN_POINT('',(5.799999999999,-2.25,0.199));
#578 = VECTOR('',#579,1.);
#579 = DIRECTION('',(0.,1.,-2.22044604925E-16));
#580 = ORIENTED_EDGE('',*,*,#581,.T.);
#581 = EDGE_CURVE('',#574,#582,#584,.T.);
#582 = VERTEX_POINT('',#583);
#583 = CARTESIAN_POINT('',(5.799999999999,2.35,0.2));
#584 = LINE('',#585,#586);
#585 = CARTESIAN_POINT('',(5.799999999999,2.35,0.));
#586 = VECTOR('',#587,1.);
#587 = DIRECTION('',(0.,0.,1.));
#588 = ORIENTED_EDGE('',*,*,#589,.T.);
#589 = EDGE_CURVE('',#582,#181,#590,.T.);
#590 = LINE('',#591,#592);
#591 = CARTESIAN_POINT('',(5.799999999999,2.35,0.));
#592 = VECTOR('',#593,1.);
#593 = DIRECTION('',(0.,0.,1.));
#594 = ORIENTED_EDGE('',*,*,#180,.T.);
#595 = PLANE('',#596);
#596 = AXIS2_PLACEMENT_3D('',#597,#598,#599);
#597 = CARTESIAN_POINT('',(5.799999999999,-2.35,0.));
#598 = DIRECTION('',(1.,0.,0.));
#599 = DIRECTION('',(0.,2.22044604925E-16,1.));
#600 = ADVANCED_FACE('',(#601),#635,.T.);
#601 = FACE_BOUND('',#602,.T.);
#602 = EDGE_LOOP('',(#603,#604,#605,#613,#621,#629));
#603 = ORIENTED_EDGE('',*,*,#494,.T.);
#604 = ORIENTED_EDGE('',*,*,#61,.F.);
#605 = ORIENTED_EDGE('',*,*,#606,.F.);
#606 = EDGE_CURVE('',#607,#62,#609,.T.);
#607 = VERTEX_POINT('',#608);
#608 = CARTESIAN_POINT('',(5.4,-2.25,1.8));
#609 = LINE('',#610,#611);
#610 = CARTESIAN_POINT('',(5.4,-2.25,1.8));
#611 = VECTOR('',#612,1.);
#612 = DIRECTION('',(0.,-2.22044604925E-16,-1.));
#613 = ORIENTED_EDGE('',*,*,#614,.T.);
#614 = EDGE_CURVE('',#607,#615,#617,.T.);
#615 = VERTEX_POINT('',#616);
#616 = CARTESIAN_POINT('',(5.4,-1.795,1.8));
#617 = LINE('',#618,#619);
#618 = CARTESIAN_POINT('',(5.4,-2.35,1.8));
#619 = VECTOR('',#620,1.);
#620 = DIRECTION('',(0.,1.,-2.22044604925E-16));
#621 = ORIENTED_EDGE('',*,*,#622,.F.);
#622 = EDGE_CURVE('',#623,#615,#625,.T.);
#623 = VERTEX_POINT('',#624);
#624 = CARTESIAN_POINT('',(5.4,-1.795,4.3));
#625 = LINE('',#626,#627);
#626 = CARTESIAN_POINT('',(5.4,-1.795,1.8));
#627 = VECTOR('',#628,1.);
#628 = DIRECTION('',(0.,0.,-1.));
#629 = ORIENTED_EDGE('',*,*,#630,.F.);
#630 = EDGE_CURVE('',#487,#623,#631,.T.);
#631 = LINE('',#632,#633);
#632 = CARTESIAN_POINT('',(5.4,-2.35,4.3));
#633 = VECTOR('',#634,1.);
#634 = DIRECTION('',(0.,1.,-2.22044604925E-16));
#635 = PLANE('',#636);
#636 = AXIS2_PLACEMENT_3D('',#637,#638,#639);
#637 = CARTESIAN_POINT('',(5.4,-2.150695488722,2.328195488722));
#638 = DIRECTION('',(1.,0.,0.));
#639 = DIRECTION('',(0.,0.,1.));
#640 = ADVANCED_FACE('',(#641),#676,.F.);
#641 = FACE_BOUND('',#642,.F.);
#642 = EDGE_LOOP('',(#643,#644,#645,#646,#654,#662,#670));
#643 = ORIENTED_EDGE('',*,*,#565,.T.);
#644 = ORIENTED_EDGE('',*,*,#69,.T.);
#645 = ORIENTED_EDGE('',*,*,#606,.F.);
#646 = ORIENTED_EDGE('',*,*,#647,.F.);
#647 = EDGE_CURVE('',#648,#607,#650,.T.);
#648 = VERTEX_POINT('',#649);
#649 = CARTESIAN_POINT('',(6.4,-2.25,1.8));
#650 = LINE('',#651,#652);
#651 = CARTESIAN_POINT('',(6.4,-2.25,1.8));
#652 = VECTOR('',#653,1.);
#653 = DIRECTION('',(-1.,0.,0.));
#654 = ORIENTED_EDGE('',*,*,#655,.F.);
#655 = EDGE_CURVE('',#656,#648,#658,.T.);
#656 = VERTEX_POINT('',#657);
#657 = CARTESIAN_POINT('',(6.4,-2.25,-2.22044604925E-17));
#658 = LINE('',#659,#660);
#659 = CARTESIAN_POINT('',(6.4,-2.25,-2.22044604925E-17));
#660 = VECTOR('',#661,1.);
#661 = DIRECTION('',(0.,2.22044604925E-16,1.));
#662 = ORIENTED_EDGE('',*,*,#663,.F.);
#663 = EDGE_CURVE('',#664,#656,#666,.T.);
#664 = VERTEX_POINT('',#665);
#665 = CARTESIAN_POINT('',(5.83508906916,-2.25,-1.52655665886E-16));
#666 = LINE('',#667,#668);
#667 = CARTESIAN_POINT('',(5.4,-2.25,-2.22044604925E-17));
#668 = VECTOR('',#669,1.);
#669 = DIRECTION('',(1.,0.,0.));
#670 = ORIENTED_EDGE('',*,*,#671,.F.);
#671 = EDGE_CURVE('',#566,#664,#672,.T.);
#672 = LINE('',#673,#674);
#673 = CARTESIAN_POINT('',(5.661387537311,-2.25,0.985110339615));
#674 = VECTOR('',#675,1.);
#675 = DIRECTION('',(0.173648177667,-2.429680538274E-16,-0.984807753012)
  );
#676 = PLANE('',#677);
#677 = AXIS2_PLACEMENT_3D('',#678,#679,#680);
#678 = CARTESIAN_POINT('',(0.,-2.25,0.9));
#679 = DIRECTION('',(0.,1.,-2.467162276945E-16));
#680 = DIRECTION('',(0.,2.467162276945E-16,1.));
#681 = ADVANCED_FACE('',(#682),#899,.T.);
#682 = FACE_BOUND('',#683,.T.);
#683 = EDGE_LOOP('',(#684,#694,#702,#710,#718,#726,#734,#742,#750,#758,
    #766,#774,#782,#790,#798,#806,#814,#822,#830,#838,#846,#854,#860,
    #861,#869,#877,#885,#893));
#684 = ORIENTED_EDGE('',*,*,#685,.T.);
#685 = EDGE_CURVE('',#686,#688,#690,.T.);
#686 = VERTEX_POINT('',#687);
#687 = CARTESIAN_POINT('',(-6.44,-0.35,1.8));
#688 = VERTEX_POINT('',#689);
#689 = CARTESIAN_POINT('',(-5.25,-0.35,1.8));
#690 = LINE('',#691,#692);
#691 = CARTESIAN_POINT('',(-6.44,-0.35,1.8));
#692 = VECTOR('',#693,1.);
#693 = DIRECTION('',(1.,0.,0.));
#694 = ORIENTED_EDGE('',*,*,#695,.T.);
#695 = EDGE_CURVE('',#688,#696,#698,.T.);
#696 = VERTEX_POINT('',#697);
#697 = CARTESIAN_POINT('',(-5.25,-0.35,0.2));
#698 = LINE('',#699,#700);
#699 = CARTESIAN_POINT('',(-5.25,-0.35,1.8));
#700 = VECTOR('',#701,1.);
#701 = DIRECTION('',(-0.,-0.,-1.));
#702 = ORIENTED_EDGE('',*,*,#703,.F.);
#703 = EDGE_CURVE('',#704,#696,#706,.T.);
#704 = VERTEX_POINT('',#705);
#705 = CARTESIAN_POINT('',(-4.75,-0.35,0.2));
#706 = LINE('',#707,#708);
#707 = CARTESIAN_POINT('',(-2.1,-0.35,0.2));
#708 = VECTOR('',#709,1.);
#709 = DIRECTION('',(-1.,0.,0.));
#710 = ORIENTED_EDGE('',*,*,#711,.F.);
#711 = EDGE_CURVE('',#712,#704,#714,.T.);
#712 = VERTEX_POINT('',#713);
#713 = CARTESIAN_POINT('',(-4.75,-0.35,1.8));
#714 = LINE('',#715,#716);
#715 = CARTESIAN_POINT('',(-4.75,-0.35,1.8));
#716 = VECTOR('',#717,1.);
#717 = DIRECTION('',(-0.,-0.,-1.));
#718 = ORIENTED_EDGE('',*,*,#719,.T.);
#719 = EDGE_CURVE('',#712,#720,#722,.T.);
#720 = VERTEX_POINT('',#721);
#721 = CARTESIAN_POINT('',(-3.25,-0.35,1.8));
#722 = LINE('',#723,#724);
#723 = CARTESIAN_POINT('',(-6.44,-0.35,1.8));
#724 = VECTOR('',#725,1.);
#725 = DIRECTION('',(1.,0.,0.));
#726 = ORIENTED_EDGE('',*,*,#727,.T.);
#727 = EDGE_CURVE('',#720,#728,#730,.T.);
#728 = VERTEX_POINT('',#729);
#729 = CARTESIAN_POINT('',(-3.25,-0.35,0.2));
#730 = LINE('',#731,#732);
#731 = CARTESIAN_POINT('',(-3.25,-0.35,1.8));
#732 = VECTOR('',#733,1.);
#733 = DIRECTION('',(-0.,-0.,-1.));
#734 = ORIENTED_EDGE('',*,*,#735,.F.);
#735 = EDGE_CURVE('',#736,#728,#738,.T.);
#736 = VERTEX_POINT('',#737);
#737 = CARTESIAN_POINT('',(-2.75,-0.35,0.2));
#738 = LINE('',#739,#740);
#739 = CARTESIAN_POINT('',(-1.1,-0.35,0.2));
#740 = VECTOR('',#741,1.);
#741 = DIRECTION('',(-1.,0.,0.));
#742 = ORIENTED_EDGE('',*,*,#743,.F.);
#743 = EDGE_CURVE('',#744,#736,#746,.T.);
#744 = VERTEX_POINT('',#745);
#745 = CARTESIAN_POINT('',(-2.75,-0.35,1.8));
#746 = LINE('',#747,#748);
#747 = CARTESIAN_POINT('',(-2.75,-0.35,1.8));
#748 = VECTOR('',#749,1.);
#749 = DIRECTION('',(-0.,-0.,-1.));
#750 = ORIENTED_EDGE('',*,*,#751,.T.);
#751 = EDGE_CURVE('',#744,#752,#754,.T.);
#752 = VERTEX_POINT('',#753);
#753 = CARTESIAN_POINT('',(-1.25,-0.35,1.8));
#754 = LINE('',#755,#756);
#755 = CARTESIAN_POINT('',(-6.44,-0.35,1.8));
#756 = VECTOR('',#757,1.);
#757 = DIRECTION('',(1.,0.,0.));
#758 = ORIENTED_EDGE('',*,*,#759,.T.);
#759 = EDGE_CURVE('',#752,#760,#762,.T.);
#760 = VERTEX_POINT('',#761);
#761 = CARTESIAN_POINT('',(-1.25,-0.35,0.2));
#762 = LINE('',#763,#764);
#763 = CARTESIAN_POINT('',(-1.25,-0.35,1.8));
#764 = VECTOR('',#765,1.);
#765 = DIRECTION('',(-0.,-0.,-1.));
#766 = ORIENTED_EDGE('',*,*,#767,.F.);
#767 = EDGE_CURVE('',#768,#760,#770,.T.);
#768 = VERTEX_POINT('',#769);
#769 = CARTESIAN_POINT('',(-0.75,-0.35,0.2));
#770 = LINE('',#771,#772);
#771 = CARTESIAN_POINT('',(-1.E-01,-0.35,0.2));
#772 = VECTOR('',#773,1.);
#773 = DIRECTION('',(-1.,0.,0.));
#774 = ORIENTED_EDGE('',*,*,#775,.F.);
#775 = EDGE_CURVE('',#776,#768,#778,.T.);
#776 = VERTEX_POINT('',#777);
#777 = CARTESIAN_POINT('',(-0.75,-0.35,1.8));
#778 = LINE('',#779,#780);
#779 = CARTESIAN_POINT('',(-0.75,-0.35,1.8));
#780 = VECTOR('',#781,1.);
#781 = DIRECTION('',(-0.,-0.,-1.));
#782 = ORIENTED_EDGE('',*,*,#783,.T.);
#783 = EDGE_CURVE('',#776,#784,#786,.T.);
#784 = VERTEX_POINT('',#785);
#785 = CARTESIAN_POINT('',(0.75,-0.35,1.8));
#786 = LINE('',#787,#788);
#787 = CARTESIAN_POINT('',(-6.44,-0.35,1.8));
#788 = VECTOR('',#789,1.);
#789 = DIRECTION('',(1.,0.,0.));
#790 = ORIENTED_EDGE('',*,*,#791,.T.);
#791 = EDGE_CURVE('',#784,#792,#794,.T.);
#792 = VERTEX_POINT('',#793);
#793 = CARTESIAN_POINT('',(0.75,-0.35,0.2));
#794 = LINE('',#795,#796);
#795 = CARTESIAN_POINT('',(0.75,-0.35,1.8));
#796 = VECTOR('',#797,1.);
#797 = DIRECTION('',(-0.,-0.,-1.));
#798 = ORIENTED_EDGE('',*,*,#799,.T.);
#799 = EDGE_CURVE('',#792,#800,#802,.T.);
#800 = VERTEX_POINT('',#801);
#801 = CARTESIAN_POINT('',(1.25,-0.35,0.2));
#802 = LINE('',#803,#804);
#803 = CARTESIAN_POINT('',(1.E-01,-0.35,0.2));
#804 = VECTOR('',#805,1.);
#805 = DIRECTION('',(1.,0.,0.));
#806 = ORIENTED_EDGE('',*,*,#807,.F.);
#807 = EDGE_CURVE('',#808,#800,#810,.T.);
#808 = VERTEX_POINT('',#809);
#809 = CARTESIAN_POINT('',(1.25,-0.35,1.8));
#810 = LINE('',#811,#812);
#811 = CARTESIAN_POINT('',(1.25,-0.35,1.8));
#812 = VECTOR('',#813,1.);
#813 = DIRECTION('',(-0.,-0.,-1.));
#814 = ORIENTED_EDGE('',*,*,#815,.T.);
#815 = EDGE_CURVE('',#808,#816,#818,.T.);
#816 = VERTEX_POINT('',#817);
#817 = CARTESIAN_POINT('',(2.75,-0.35,1.8));
#818 = LINE('',#819,#820);
#819 = CARTESIAN_POINT('',(-6.44,-0.35,1.8));
#820 = VECTOR('',#821,1.);
#821 = DIRECTION('',(1.,0.,0.));
#822 = ORIENTED_EDGE('',*,*,#823,.T.);
#823 = EDGE_CURVE('',#816,#824,#826,.T.);
#824 = VERTEX_POINT('',#825);
#825 = CARTESIAN_POINT('',(2.75,-0.35,0.2));
#826 = LINE('',#827,#828);
#827 = CARTESIAN_POINT('',(2.75,-0.35,1.8));
#828 = VECTOR('',#829,1.);
#829 = DIRECTION('',(-0.,-0.,-1.));
#830 = ORIENTED_EDGE('',*,*,#831,.T.);
#831 = EDGE_CURVE('',#824,#832,#834,.T.);
#832 = VERTEX_POINT('',#833);
#833 = CARTESIAN_POINT('',(3.25,-0.35,0.2));
#834 = LINE('',#835,#836);
#835 = CARTESIAN_POINT('',(1.1,-0.35,0.2));
#836 = VECTOR('',#837,1.);
#837 = DIRECTION('',(1.,0.,0.));
#838 = ORIENTED_EDGE('',*,*,#839,.F.);
#839 = EDGE_CURVE('',#840,#832,#842,.T.);
#840 = VERTEX_POINT('',#841);
#841 = CARTESIAN_POINT('',(3.25,-0.35,1.8));
#842 = LINE('',#843,#844);
#843 = CARTESIAN_POINT('',(3.25,-0.35,1.8));
#844 = VECTOR('',#845,1.);
#845 = DIRECTION('',(-0.,-0.,-1.));
#846 = ORIENTED_EDGE('',*,*,#847,.T.);
#847 = EDGE_CURVE('',#840,#848,#850,.T.);
#848 = VERTEX_POINT('',#849);
#849 = CARTESIAN_POINT('',(4.75,-0.35,1.8));
#850 = LINE('',#851,#852);
#851 = CARTESIAN_POINT('',(-6.44,-0.35,1.8));
#852 = VECTOR('',#853,1.);
#853 = DIRECTION('',(1.,0.,0.));
#854 = ORIENTED_EDGE('',*,*,#855,.T.);
#855 = EDGE_CURVE('',#848,#96,#856,.T.);
#856 = LINE('',#857,#858);
#857 = CARTESIAN_POINT('',(4.75,-0.35,1.8));
#858 = VECTOR('',#859,1.);
#859 = DIRECTION('',(-0.,-0.,-1.));
#860 = ORIENTED_EDGE('',*,*,#93,.F.);
#861 = ORIENTED_EDGE('',*,*,#862,.F.);
#862 = EDGE_CURVE('',#863,#94,#865,.T.);
#863 = VERTEX_POINT('',#864);
#864 = CARTESIAN_POINT('',(5.25,-0.35,1.8));
#865 = LINE('',#866,#867);
#866 = CARTESIAN_POINT('',(5.25,-0.35,1.8));
#867 = VECTOR('',#868,1.);
#868 = DIRECTION('',(-0.,-0.,-1.));
#869 = ORIENTED_EDGE('',*,*,#870,.T.);
#870 = EDGE_CURVE('',#863,#871,#873,.T.);
#871 = VERTEX_POINT('',#872);
#872 = CARTESIAN_POINT('',(6.44,-0.35,1.8));
#873 = LINE('',#874,#875);
#874 = CARTESIAN_POINT('',(-6.44,-0.35,1.8));
#875 = VECTOR('',#876,1.);
#876 = DIRECTION('',(1.,0.,0.));
#877 = ORIENTED_EDGE('',*,*,#878,.T.);
#878 = EDGE_CURVE('',#871,#879,#881,.T.);
#879 = VERTEX_POINT('',#880);
#880 = CARTESIAN_POINT('',(6.44,-0.35,1.9));
#881 = LINE('',#882,#883);
#882 = CARTESIAN_POINT('',(6.44,-0.35,1.8));
#883 = VECTOR('',#884,1.);
#884 = DIRECTION('',(0.,0.,1.));
#885 = ORIENTED_EDGE('',*,*,#886,.F.);
#886 = EDGE_CURVE('',#887,#879,#889,.T.);
#887 = VERTEX_POINT('',#888);
#888 = CARTESIAN_POINT('',(-6.44,-0.35,1.9));
#889 = LINE('',#890,#891);
#890 = CARTESIAN_POINT('',(-6.44,-0.35,1.9));
#891 = VECTOR('',#892,1.);
#892 = DIRECTION('',(1.,0.,0.));
#893 = ORIENTED_EDGE('',*,*,#894,.F.);
#894 = EDGE_CURVE('',#686,#887,#895,.T.);
#895 = LINE('',#896,#897);
#896 = CARTESIAN_POINT('',(-6.44,-0.35,1.8));
#897 = VECTOR('',#898,1.);
#898 = DIRECTION('',(0.,0.,1.));
#899 = PLANE('',#900);
#900 = AXIS2_PLACEMENT_3D('',#901,#902,#903);
#901 = CARTESIAN_POINT('',(8.403706662428E-17,-0.35,1.305004205214));
#902 = DIRECTION('',(-0.,-1.,-0.));
#903 = DIRECTION('',(0.,0.,-1.));
#904 = ADVANCED_FACE('',(#905),#923,.T.);
#905 = FACE_BOUND('',#906,.T.);
#906 = EDGE_LOOP('',(#907,#915,#916,#917));
#907 = ORIENTED_EDGE('',*,*,#908,.F.);
#908 = EDGE_CURVE('',#863,#909,#911,.T.);
#909 = VERTEX_POINT('',#910);
#910 = CARTESIAN_POINT('',(5.25,-0.85,1.8));
#911 = LINE('',#912,#913);
#912 = CARTESIAN_POINT('',(5.25,-0.35,1.8));
#913 = VECTOR('',#914,1.);
#914 = DIRECTION('',(0.,-1.,0.));
#915 = ORIENTED_EDGE('',*,*,#862,.T.);
#916 = ORIENTED_EDGE('',*,*,#103,.F.);
#917 = ORIENTED_EDGE('',*,*,#918,.F.);
#918 = EDGE_CURVE('',#909,#104,#919,.T.);
#919 = LINE('',#920,#921);
#920 = CARTESIAN_POINT('',(5.25,-0.85,1.8));
#921 = VECTOR('',#922,1.);
#922 = DIRECTION('',(-0.,-0.,-1.));
#923 = PLANE('',#924);
#924 = AXIS2_PLACEMENT_3D('',#925,#926,#927);
#925 = CARTESIAN_POINT('',(5.25,-0.35,1.8));
#926 = DIRECTION('',(-1.,0.,0.));
#927 = DIRECTION('',(0.,-1.,0.));
#928 = ADVANCED_FACE('',(#929),#947,.T.);
#929 = FACE_BOUND('',#930,.T.);
#930 = EDGE_LOOP('',(#931,#939,#945,#946));
#931 = ORIENTED_EDGE('',*,*,#932,.F.);
#932 = EDGE_CURVE('',#933,#848,#935,.T.);
#933 = VERTEX_POINT('',#934);
#934 = CARTESIAN_POINT('',(4.75,-0.85,1.8));
#935 = LINE('',#936,#937);
#936 = CARTESIAN_POINT('',(4.75,-0.85,1.8));
#937 = VECTOR('',#938,1.);
#938 = DIRECTION('',(0.,1.,0.));
#939 = ORIENTED_EDGE('',*,*,#940,.T.);
#940 = EDGE_CURVE('',#933,#112,#941,.T.);
#941 = LINE('',#942,#943);
#942 = CARTESIAN_POINT('',(4.75,-0.85,1.8));
#943 = VECTOR('',#944,1.);
#944 = DIRECTION('',(-0.,-0.,-1.));
#945 = ORIENTED_EDGE('',*,*,#119,.F.);
#946 = ORIENTED_EDGE('',*,*,#855,.F.);
#947 = PLANE('',#948);
#948 = AXIS2_PLACEMENT_3D('',#949,#950,#951);
#949 = CARTESIAN_POINT('',(4.75,-0.85,1.8));
#950 = DIRECTION('',(1.,0.,0.));
#951 = DIRECTION('',(0.,1.,0.));
#952 = ADVANCED_FACE('',(#953),#964,.T.);
#953 = FACE_BOUND('',#954,.T.);
#954 = EDGE_LOOP('',(#955,#961,#962,#963));
#955 = ORIENTED_EDGE('',*,*,#956,.F.);
#956 = EDGE_CURVE('',#909,#933,#957,.T.);
#957 = LINE('',#958,#959);
#958 = CARTESIAN_POINT('',(5.25,-0.85,1.8));
#959 = VECTOR('',#960,1.);
#960 = DIRECTION('',(-1.,0.,0.));
#961 = ORIENTED_EDGE('',*,*,#918,.T.);
#962 = ORIENTED_EDGE('',*,*,#111,.F.);
#963 = ORIENTED_EDGE('',*,*,#940,.F.);
#964 = PLANE('',#965);
#965 = AXIS2_PLACEMENT_3D('',#966,#967,#968);
#966 = CARTESIAN_POINT('',(5.25,-0.85,1.8));
#967 = DIRECTION('',(0.,1.,0.));
#968 = DIRECTION('',(-1.,0.,0.));
#969 = ADVANCED_FACE('',(#970),#1351,.F.);
#970 = FACE_BOUND('',#971,.F.);
#971 = EDGE_LOOP('',(#972,#982,#990,#998,#1006,#1014,#1022,#1030,#1038,
    #1046,#1054,#1062,#1070,#1078,#1086,#1094,#1102,#1110,#1118,#1126,
    #1134,#1142,#1150,#1158,#1166,#1174,#1182,#1190,#1198,#1206,#1214,
    #1222,#1230,#1238,#1246,#1254,#1262,#1268,#1269,#1270,#1271,#1272,
    #1273,#1281,#1289,#1297,#1305,#1313,#1321,#1329,#1337,#1345));
#972 = ORIENTED_EDGE('',*,*,#973,.F.);
#973 = EDGE_CURVE('',#974,#976,#978,.T.);
#974 = VERTEX_POINT('',#975);
#975 = CARTESIAN_POINT('',(-4.2,2.35,0.2));
#976 = VERTEX_POINT('',#977);
#977 = CARTESIAN_POINT('',(-4.2,2.35,0.6));
#978 = LINE('',#979,#980);
#979 = CARTESIAN_POINT('',(-4.2,2.35,0.));
#980 = VECTOR('',#981,1.);
#981 = DIRECTION('',(0.,0.,1.));
#982 = ORIENTED_EDGE('',*,*,#983,.F.);
#983 = EDGE_CURVE('',#984,#974,#986,.T.);
#984 = VERTEX_POINT('',#985);
#985 = CARTESIAN_POINT('',(-4.2,2.35,0.199));
#986 = LINE('',#987,#988);
#987 = CARTESIAN_POINT('',(-4.2,2.35,0.));
#988 = VECTOR('',#989,1.);
#989 = DIRECTION('',(0.,0.,1.));
#990 = ORIENTED_EDGE('',*,*,#991,.T.);
#991 = EDGE_CURVE('',#984,#992,#994,.T.);
#992 = VERTEX_POINT('',#993);
#993 = CARTESIAN_POINT('',(-4.164910930839,2.35,-1.054711873394E-15));
#994 = LINE('',#995,#996);
#995 = CARTESIAN_POINT('',(-4.008366937741,2.35,-0.88780510203));
#996 = VECTOR('',#997,1.);
#997 = DIRECTION('',(0.173648177667,0.,-0.984807753012));
#998 = ORIENTED_EDGE('',*,*,#999,.F.);
#999 = EDGE_CURVE('',#1000,#992,#1002,.T.);
#1000 = VERTEX_POINT('',#1001);
#1001 = CARTESIAN_POINT('',(-3.835089069161,2.35,-1.054711873394E-15));
#1002 = LINE('',#1003,#1004);
#1003 = CARTESIAN_POINT('',(6.8,2.35,0.));
#1004 = VECTOR('',#1005,1.);
#1005 = DIRECTION('',(-1.,0.,0.));
#1006 = ORIENTED_EDGE('',*,*,#1007,.F.);
#1007 = EDGE_CURVE('',#1008,#1000,#1010,.T.);
#1008 = VERTEX_POINT('',#1009);
#1009 = CARTESIAN_POINT('',(-3.8,2.35,0.199));
#1010 = LINE('',#1011,#1012);
#1011 = CARTESIAN_POINT('',(-3.665973214503,2.35,0.959103671929));
#1012 = VECTOR('',#1013,1.);
#1013 = DIRECTION('',(-0.173648177667,-0.,-0.984807753012));
#1014 = ORIENTED_EDGE('',*,*,#1015,.F.);
#1015 = EDGE_CURVE('',#1016,#1008,#1018,.T.);
#1016 = VERTEX_POINT('',#1017);
#1017 = CARTESIAN_POINT('',(-3.8,2.35,0.2));
#1018 = LINE('',#1019,#1020);
#1019 = CARTESIAN_POINT('',(-3.8,2.35,0.1));
#1020 = VECTOR('',#1021,1.);
#1021 = DIRECTION('',(0.,0.,-1.));
#1022 = ORIENTED_EDGE('',*,*,#1023,.T.);
#1023 = EDGE_CURVE('',#1016,#1024,#1026,.T.);
#1024 = VERTEX_POINT('',#1025);
#1025 = CARTESIAN_POINT('',(-3.8,2.35,0.6));
#1026 = LINE('',#1027,#1028);
#1027 = CARTESIAN_POINT('',(-3.8,2.35,0.1));
#1028 = VECTOR('',#1029,1.);
#1029 = DIRECTION('',(0.,0.,1.));
#1030 = ORIENTED_EDGE('',*,*,#1031,.F.);
#1031 = EDGE_CURVE('',#1032,#1024,#1034,.T.);
#1032 = VERTEX_POINT('',#1033);
#1033 = CARTESIAN_POINT('',(-2.2,2.35,0.6));
#1034 = LINE('',#1035,#1036);
#1035 = CARTESIAN_POINT('',(-2.2,2.35,0.6));
#1036 = VECTOR('',#1037,1.);
#1037 = DIRECTION('',(-1.,0.,0.));
#1038 = ORIENTED_EDGE('',*,*,#1039,.F.);
#1039 = EDGE_CURVE('',#1040,#1032,#1042,.T.);
#1040 = VERTEX_POINT('',#1041);
#1041 = CARTESIAN_POINT('',(-2.2,2.35,0.2));
#1042 = LINE('',#1043,#1044);
#1043 = CARTESIAN_POINT('',(-2.2,2.35,0.));
#1044 = VECTOR('',#1045,1.);
#1045 = DIRECTION('',(0.,0.,1.));
#1046 = ORIENTED_EDGE('',*,*,#1047,.F.);
#1047 = EDGE_CURVE('',#1048,#1040,#1050,.T.);
#1048 = VERTEX_POINT('',#1049);
#1049 = CARTESIAN_POINT('',(-2.2,2.35,0.199));
#1050 = LINE('',#1051,#1052);
#1051 = CARTESIAN_POINT('',(-2.2,2.35,0.));
#1052 = VECTOR('',#1053,1.);
#1053 = DIRECTION('',(0.,0.,1.));
#1054 = ORIENTED_EDGE('',*,*,#1055,.T.);
#1055 = EDGE_CURVE('',#1048,#1056,#1058,.T.);
#1056 = VERTEX_POINT('',#1057);
#1057 = CARTESIAN_POINT('',(-2.164910930839,2.35,-9.436895709314E-16));
#1058 = LINE('',#1059,#1060);
#1059 = CARTESIAN_POINT('',(-2.038520627348,2.35,-0.716795030367));
#1060 = VECTOR('',#1061,1.);
#1061 = DIRECTION('',(0.173648177667,0.,-0.984807753012));
#1062 = ORIENTED_EDGE('',*,*,#1063,.F.);
#1063 = EDGE_CURVE('',#1064,#1056,#1066,.T.);
#1064 = VERTEX_POINT('',#1065);
#1065 = CARTESIAN_POINT('',(-1.835089069161,2.35,-1.068589661202E-15));
#1066 = LINE('',#1067,#1068);
#1067 = CARTESIAN_POINT('',(6.8,2.35,0.));
#1068 = VECTOR('',#1069,1.);
#1069 = DIRECTION('',(-1.,0.,0.));
#1070 = ORIENTED_EDGE('',*,*,#1071,.F.);
#1071 = EDGE_CURVE('',#1072,#1064,#1074,.T.);
#1072 = VERTEX_POINT('',#1073);
#1073 = CARTESIAN_POINT('',(-1.8,2.35,0.199));
#1074 = LINE('',#1075,#1076);
#1075 = CARTESIAN_POINT('',(-1.69612690411,2.35,0.788093600266));
#1076 = VECTOR('',#1077,1.);
#1077 = DIRECTION('',(-0.173648177667,-0.,-0.984807753012));
#1078 = ORIENTED_EDGE('',*,*,#1079,.F.);
#1079 = EDGE_CURVE('',#1080,#1072,#1082,.T.);
#1080 = VERTEX_POINT('',#1081);
#1081 = CARTESIAN_POINT('',(-1.8,2.35,0.2));
#1082 = LINE('',#1083,#1084);
#1083 = CARTESIAN_POINT('',(-1.8,2.35,0.1));
#1084 = VECTOR('',#1085,1.);
#1085 = DIRECTION('',(0.,0.,-1.));
#1086 = ORIENTED_EDGE('',*,*,#1087,.T.);
#1087 = EDGE_CURVE('',#1080,#1088,#1090,.T.);
#1088 = VERTEX_POINT('',#1089);
#1089 = CARTESIAN_POINT('',(-1.8,2.35,0.6));
#1090 = LINE('',#1091,#1092);
#1091 = CARTESIAN_POINT('',(-1.8,2.35,0.1));
#1092 = VECTOR('',#1093,1.);
#1093 = DIRECTION('',(0.,0.,1.));
#1094 = ORIENTED_EDGE('',*,*,#1095,.F.);
#1095 = EDGE_CURVE('',#1096,#1088,#1098,.T.);
#1096 = VERTEX_POINT('',#1097);
#1097 = CARTESIAN_POINT('',(-0.2,2.35,0.6));
#1098 = LINE('',#1099,#1100);
#1099 = CARTESIAN_POINT('',(-0.2,2.35,0.6));
#1100 = VECTOR('',#1101,1.);
#1101 = DIRECTION('',(-1.,0.,0.));
#1102 = ORIENTED_EDGE('',*,*,#1103,.F.);
#1103 = EDGE_CURVE('',#1104,#1096,#1106,.T.);
#1104 = VERTEX_POINT('',#1105);
#1105 = CARTESIAN_POINT('',(-0.2,2.35,0.2));
#1106 = LINE('',#1107,#1108);
#1107 = CARTESIAN_POINT('',(-0.2,2.35,0.));
#1108 = VECTOR('',#1109,1.);
#1109 = DIRECTION('',(0.,0.,1.));
#1110 = ORIENTED_EDGE('',*,*,#1111,.F.);
#1111 = EDGE_CURVE('',#1112,#1104,#1114,.T.);
#1112 = VERTEX_POINT('',#1113);
#1113 = CARTESIAN_POINT('',(-0.2,2.35,0.199));
#1114 = LINE('',#1115,#1116);
#1115 = CARTESIAN_POINT('',(-0.2,2.35,0.));
#1116 = VECTOR('',#1117,1.);
#1117 = DIRECTION('',(0.,0.,1.));
#1118 = ORIENTED_EDGE('',*,*,#1119,.T.);
#1119 = EDGE_CURVE('',#1112,#1120,#1122,.T.);
#1120 = VERTEX_POINT('',#1121);
#1121 = CARTESIAN_POINT('',(-0.164910930839,2.35,-1.026956297778E-15));
#1122 = LINE('',#1123,#1124);
#1123 = CARTESIAN_POINT('',(-6.867431695464E-02,2.35,-0.545784958704));
#1124 = VECTOR('',#1125,1.);
#1125 = DIRECTION('',(0.173648177667,0.,-0.984807753012));
#1126 = ORIENTED_EDGE('',*,*,#1127,.F.);
#1127 = EDGE_CURVE('',#1128,#1120,#1130,.T.);
#1128 = VERTEX_POINT('',#1129);
#1129 = CARTESIAN_POINT('',(0.164910930839,2.35,-1.040834085586E-15));
#1130 = LINE('',#1131,#1132);
#1131 = CARTESIAN_POINT('',(6.8,2.35,0.));
#1132 = VECTOR('',#1133,1.);
#1133 = DIRECTION('',(-1.,0.,0.));
#1134 = ORIENTED_EDGE('',*,*,#1135,.F.);
#1135 = EDGE_CURVE('',#1136,#1128,#1138,.T.);
#1136 = VERTEX_POINT('',#1137);
#1137 = CARTESIAN_POINT('',(0.2,2.35,0.199));
#1138 = LINE('',#1139,#1140);
#1139 = CARTESIAN_POINT('',(0.273719406283,2.35,0.617083528603));
#1140 = VECTOR('',#1141,1.);
#1141 = DIRECTION('',(-0.173648177667,-0.,-0.984807753012));
#1142 = ORIENTED_EDGE('',*,*,#1143,.T.);
#1143 = EDGE_CURVE('',#1136,#1144,#1146,.T.);
#1144 = VERTEX_POINT('',#1145);
#1145 = CARTESIAN_POINT('',(0.2,2.35,0.2));
#1146 = LINE('',#1147,#1148);
#1147 = CARTESIAN_POINT('',(0.2,2.35,0.));
#1148 = VECTOR('',#1149,1.);
#1149 = DIRECTION('',(0.,0.,1.));
#1150 = ORIENTED_EDGE('',*,*,#1151,.T.);
#1151 = EDGE_CURVE('',#1144,#1152,#1154,.T.);
#1152 = VERTEX_POINT('',#1153);
#1153 = CARTESIAN_POINT('',(0.2,2.35,0.6));
#1154 = LINE('',#1155,#1156);
#1155 = CARTESIAN_POINT('',(0.2,2.35,0.));
#1156 = VECTOR('',#1157,1.);
#1157 = DIRECTION('',(0.,0.,1.));
#1158 = ORIENTED_EDGE('',*,*,#1159,.T.);
#1159 = EDGE_CURVE('',#1152,#1160,#1162,.T.);
#1160 = VERTEX_POINT('',#1161);
#1161 = CARTESIAN_POINT('',(1.8,2.35,0.6));
#1162 = LINE('',#1163,#1164);
#1163 = CARTESIAN_POINT('',(0.2,2.35,0.6));
#1164 = VECTOR('',#1165,1.);
#1165 = DIRECTION('',(1.,0.,0.));
#1166 = ORIENTED_EDGE('',*,*,#1167,.F.);
#1167 = EDGE_CURVE('',#1168,#1160,#1170,.T.);
#1168 = VERTEX_POINT('',#1169);
#1169 = CARTESIAN_POINT('',(1.8,2.35,0.2));
#1170 = LINE('',#1171,#1172);
#1171 = CARTESIAN_POINT('',(1.8,2.35,0.1));
#1172 = VECTOR('',#1173,1.);
#1173 = DIRECTION('',(0.,0.,1.));
#1174 = ORIENTED_EDGE('',*,*,#1175,.T.);
#1175 = EDGE_CURVE('',#1168,#1176,#1178,.T.);
#1176 = VERTEX_POINT('',#1177);
#1177 = CARTESIAN_POINT('',(1.8,2.35,0.199));
#1178 = LINE('',#1179,#1180);
#1179 = CARTESIAN_POINT('',(1.8,2.35,0.1));
#1180 = VECTOR('',#1181,1.);
#1181 = DIRECTION('',(0.,0.,-1.));
#1182 = ORIENTED_EDGE('',*,*,#1183,.T.);
#1183 = EDGE_CURVE('',#1176,#1184,#1186,.T.);
#1184 = VERTEX_POINT('',#1185);
#1185 = CARTESIAN_POINT('',(1.835089069161,2.35,-1.026956297778E-15));
#1186 = LINE('',#1187,#1188);
#1187 = CARTESIAN_POINT('',(1.901171993438,2.35,-0.374774887041));
#1188 = VECTOR('',#1189,1.);
#1189 = DIRECTION('',(0.173648177667,0.,-0.984807753012));
#1190 = ORIENTED_EDGE('',*,*,#1191,.F.);
#1191 = EDGE_CURVE('',#1192,#1184,#1194,.T.);
#1192 = VERTEX_POINT('',#1193);
#1193 = CARTESIAN_POINT('',(2.164910930839,2.35,-9.992007221626E-16));
#1194 = LINE('',#1195,#1196);
#1195 = CARTESIAN_POINT('',(6.8,2.35,0.));
#1196 = VECTOR('',#1197,1.);
#1197 = DIRECTION('',(-1.,0.,0.));
#1198 = ORIENTED_EDGE('',*,*,#1199,.F.);
#1199 = EDGE_CURVE('',#1200,#1192,#1202,.T.);
#1200 = VERTEX_POINT('',#1201);
#1201 = CARTESIAN_POINT('',(2.2,2.35,0.199));
#1202 = LINE('',#1203,#1204);
#1203 = CARTESIAN_POINT('',(2.243565716676,2.35,0.44607345694));
#1204 = VECTOR('',#1205,1.);
#1205 = DIRECTION('',(-0.173648177667,-0.,-0.984807753012));
#1206 = ORIENTED_EDGE('',*,*,#1207,.T.);
#1207 = EDGE_CURVE('',#1200,#1208,#1210,.T.);
#1208 = VERTEX_POINT('',#1209);
#1209 = CARTESIAN_POINT('',(2.2,2.35,0.2));
#1210 = LINE('',#1211,#1212);
#1211 = CARTESIAN_POINT('',(2.2,2.35,0.));
#1212 = VECTOR('',#1213,1.);
#1213 = DIRECTION('',(0.,0.,1.));
#1214 = ORIENTED_EDGE('',*,*,#1215,.T.);
#1215 = EDGE_CURVE('',#1208,#1216,#1218,.T.);
#1216 = VERTEX_POINT('',#1217);
#1217 = CARTESIAN_POINT('',(2.2,2.35,0.6));
#1218 = LINE('',#1219,#1220);
#1219 = CARTESIAN_POINT('',(2.2,2.35,0.));
#1220 = VECTOR('',#1221,1.);
#1221 = DIRECTION('',(0.,0.,1.));
#1222 = ORIENTED_EDGE('',*,*,#1223,.T.);
#1223 = EDGE_CURVE('',#1216,#1224,#1226,.T.);
#1224 = VERTEX_POINT('',#1225);
#1225 = CARTESIAN_POINT('',(3.8,2.35,0.6));
#1226 = LINE('',#1227,#1228);
#1227 = CARTESIAN_POINT('',(2.2,2.35,0.6));
#1228 = VECTOR('',#1229,1.);
#1229 = DIRECTION('',(1.,0.,0.));
#1230 = ORIENTED_EDGE('',*,*,#1231,.F.);
#1231 = EDGE_CURVE('',#1232,#1224,#1234,.T.);
#1232 = VERTEX_POINT('',#1233);
#1233 = CARTESIAN_POINT('',(3.8,2.35,0.2));
#1234 = LINE('',#1235,#1236);
#1235 = CARTESIAN_POINT('',(3.8,2.35,0.1));
#1236 = VECTOR('',#1237,1.);
#1237 = DIRECTION('',(0.,0.,1.));
#1238 = ORIENTED_EDGE('',*,*,#1239,.T.);
#1239 = EDGE_CURVE('',#1232,#1240,#1242,.T.);
#1240 = VERTEX_POINT('',#1241);
#1241 = CARTESIAN_POINT('',(3.8,2.35,0.199));
#1242 = LINE('',#1243,#1244);
#1243 = CARTESIAN_POINT('',(3.8,2.35,0.1));
#1244 = VECTOR('',#1245,1.);
#1245 = DIRECTION('',(0.,0.,-1.));
#1246 = ORIENTED_EDGE('',*,*,#1247,.T.);
#1247 = EDGE_CURVE('',#1240,#1248,#1250,.T.);
#1248 = VERTEX_POINT('',#1249);
#1249 = CARTESIAN_POINT('',(3.835089069161,2.35,-1.054711873394E-15));
#1250 = LINE('',#1251,#1252);
#1251 = CARTESIAN_POINT('',(3.871018303831,2.35,-0.203764815378));
#1252 = VECTOR('',#1253,1.);
#1253 = DIRECTION('',(0.173648177667,0.,-0.984807753012));
#1254 = ORIENTED_EDGE('',*,*,#1255,.F.);
#1255 = EDGE_CURVE('',#1256,#1248,#1258,.T.);
#1256 = VERTEX_POINT('',#1257);
#1257 = CARTESIAN_POINT('',(4.164910930838,2.35,-1.054711873394E-15));
#1258 = LINE('',#1259,#1260);
#1259 = CARTESIAN_POINT('',(6.8,2.35,0.));
#1260 = VECTOR('',#1261,1.);
#1261 = DIRECTION('',(-1.,0.,0.));
#1262 = ORIENTED_EDGE('',*,*,#1263,.F.);
#1263 = EDGE_CURVE('',#151,#1256,#1264,.T.);
#1264 = LINE('',#1265,#1266);
#1265 = CARTESIAN_POINT('',(4.213412027067,2.35,0.275063385278));
#1266 = VECTOR('',#1267,1.);
#1267 = DIRECTION('',(-0.173648177667,-0.,-0.984807753012));
#1268 = ORIENTED_EDGE('',*,*,#150,.F.);
#1269 = ORIENTED_EDGE('',*,*,#142,.T.);
#1270 = ORIENTED_EDGE('',*,*,#188,.F.);
#1271 = ORIENTED_EDGE('',*,*,#589,.F.);
#1272 = ORIENTED_EDGE('',*,*,#581,.F.);
#1273 = ORIENTED_EDGE('',*,*,#1274,.T.);
#1274 = EDGE_CURVE('',#574,#1275,#1277,.T.);
#1275 = VERTEX_POINT('',#1276);
#1276 = CARTESIAN_POINT('',(5.83508906916,2.35,-1.137978600241E-15));
#1277 = LINE('',#1278,#1279);
#1278 = CARTESIAN_POINT('',(5.840864614223,2.35,-3.275474371563E-02));
#1279 = VECTOR('',#1280,1.);
#1280 = DIRECTION('',(0.173648177667,0.,-0.984807753012));
#1281 = ORIENTED_EDGE('',*,*,#1282,.F.);
#1282 = EDGE_CURVE('',#1283,#1275,#1285,.T.);
#1283 = VERTEX_POINT('',#1284);
#1284 = CARTESIAN_POINT('',(6.8,2.35,0.));
#1285 = LINE('',#1286,#1287);
#1286 = CARTESIAN_POINT('',(6.8,2.35,0.));
#1287 = VECTOR('',#1288,1.);
#1288 = DIRECTION('',(-1.,0.,0.));
#1289 = ORIENTED_EDGE('',*,*,#1290,.T.);
#1290 = EDGE_CURVE('',#1283,#1291,#1293,.T.);
#1291 = VERTEX_POINT('',#1292);
#1292 = CARTESIAN_POINT('',(6.8,2.35,6.));
#1293 = LINE('',#1294,#1295);
#1294 = CARTESIAN_POINT('',(6.8,2.35,0.));
#1295 = VECTOR('',#1296,1.);
#1296 = DIRECTION('',(0.,0.,1.));
#1297 = ORIENTED_EDGE('',*,*,#1298,.T.);
#1298 = EDGE_CURVE('',#1291,#1299,#1301,.T.);
#1299 = VERTEX_POINT('',#1300);
#1300 = CARTESIAN_POINT('',(-6.8,2.35,6.));
#1301 = LINE('',#1302,#1303);
#1302 = CARTESIAN_POINT('',(6.8,2.35,6.));
#1303 = VECTOR('',#1304,1.);
#1304 = DIRECTION('',(-1.,0.,0.));
#1305 = ORIENTED_EDGE('',*,*,#1306,.F.);
#1306 = EDGE_CURVE('',#1307,#1299,#1309,.T.);
#1307 = VERTEX_POINT('',#1308);
#1308 = CARTESIAN_POINT('',(-6.8,2.35,0.));
#1309 = LINE('',#1310,#1311);
#1310 = CARTESIAN_POINT('',(-6.8,2.35,0.));
#1311 = VECTOR('',#1312,1.);
#1312 = DIRECTION('',(0.,0.,1.));
#1313 = ORIENTED_EDGE('',*,*,#1314,.F.);
#1314 = EDGE_CURVE('',#1315,#1307,#1317,.T.);
#1315 = VERTEX_POINT('',#1316);
#1316 = CARTESIAN_POINT('',(-5.835089069161,2.35,-9.159339953158E-16));
#1317 = LINE('',#1318,#1319);
#1318 = CARTESIAN_POINT('',(6.8,2.35,0.));
#1319 = VECTOR('',#1320,1.);
#1320 = DIRECTION('',(-1.,0.,0.));
#1321 = ORIENTED_EDGE('',*,*,#1322,.F.);
#1322 = EDGE_CURVE('',#1323,#1315,#1325,.T.);
#1323 = VERTEX_POINT('',#1324);
#1324 = CARTESIAN_POINT('',(-5.8,2.35,0.199));
#1325 = LINE('',#1326,#1327);
#1326 = CARTESIAN_POINT('',(-5.635819524897,2.35,1.130113743592));
#1327 = VECTOR('',#1328,1.);
#1328 = DIRECTION('',(-0.173648177667,-0.,-0.984807753012));
#1329 = ORIENTED_EDGE('',*,*,#1330,.F.);
#1330 = EDGE_CURVE('',#1331,#1323,#1333,.T.);
#1331 = VERTEX_POINT('',#1332);
#1332 = CARTESIAN_POINT('',(-5.8,2.35,0.2));
#1333 = LINE('',#1334,#1335);
#1334 = CARTESIAN_POINT('',(-5.8,2.35,0.1));
#1335 = VECTOR('',#1336,1.);
#1336 = DIRECTION('',(0.,0.,-1.));
#1337 = ORIENTED_EDGE('',*,*,#1338,.T.);
#1338 = EDGE_CURVE('',#1331,#1339,#1341,.T.);
#1339 = VERTEX_POINT('',#1340);
#1340 = CARTESIAN_POINT('',(-5.8,2.35,0.6));
#1341 = LINE('',#1342,#1343);
#1342 = CARTESIAN_POINT('',(-5.8,2.35,0.1));
#1343 = VECTOR('',#1344,1.);
#1344 = DIRECTION('',(0.,0.,1.));
#1345 = ORIENTED_EDGE('',*,*,#1346,.F.);
#1346 = EDGE_CURVE('',#976,#1339,#1347,.T.);
#1347 = LINE('',#1348,#1349);
#1348 = CARTESIAN_POINT('',(-4.2,2.35,0.6));
#1349 = VECTOR('',#1350,1.);
#1350 = DIRECTION('',(-1.,0.,0.));
#1351 = PLANE('',#1352);
#1352 = AXIS2_PLACEMENT_3D('',#1353,#1354,#1355);
#1353 = CARTESIAN_POINT('',(6.8,2.35,0.));
#1354 = DIRECTION('',(0.,-1.,0.));
#1355 = DIRECTION('',(-1.,0.,0.));
#1356 = ADVANCED_FACE('',(#1357),#1368,.T.);
#1357 = FACE_BOUND('',#1358,.F.);
#1358 = EDGE_LOOP('',(#1359,#1360,#1361,#1362));
#1359 = ORIENTED_EDGE('',*,*,#502,.F.);
#1360 = ORIENTED_EDGE('',*,*,#158,.T.);
#1361 = ORIENTED_EDGE('',*,*,#1263,.T.);
#1362 = ORIENTED_EDGE('',*,*,#1363,.F.);
#1363 = EDGE_CURVE('',#503,#1256,#1364,.T.);
#1364 = LINE('',#1365,#1366);
#1365 = CARTESIAN_POINT('',(4.164910930838,-2.35,0.));
#1366 = VECTOR('',#1367,1.);
#1367 = DIRECTION('',(0.,1.,-2.22044604925E-16));
#1368 = PLANE('',#1369);
#1369 = AXIS2_PLACEMENT_3D('',#1370,#1371,#1372);
#1370 = CARTESIAN_POINT('',(4.182455465418,-2.35,9.95E-02));
#1371 = DIRECTION('',(0.984807753012,0.,-0.173648177667));
#1372 = DIRECTION('',(3.797186380058E-17,-1.,2.153491408292E-16));
#1373 = ADVANCED_FACE('',(#1374),#1390,.F.);
#1374 = FACE_BOUND('',#1375,.F.);
#1375 = EDGE_LOOP('',(#1376,#1377,#1383,#1384));
#1376 = ORIENTED_EDGE('',*,*,#1191,.T.);
#1377 = ORIENTED_EDGE('',*,*,#1378,.F.);
#1378 = EDGE_CURVE('',#205,#1184,#1379,.T.);
#1379 = LINE('',#1380,#1381);
#1380 = CARTESIAN_POINT('',(1.835089069161,-2.35,0.));
#1381 = VECTOR('',#1382,1.);
#1382 = DIRECTION('',(0.,1.,-2.22044604925E-16));
#1383 = ORIENTED_EDGE('',*,*,#204,.T.);
#1384 = ORIENTED_EDGE('',*,*,#1385,.T.);
#1385 = EDGE_CURVE('',#207,#1192,#1386,.T.);
#1386 = LINE('',#1387,#1388);
#1387 = CARTESIAN_POINT('',(2.164910930839,-2.35,0.));
#1388 = VECTOR('',#1389,1.);
#1389 = DIRECTION('',(0.,1.,-2.22044604925E-16));
#1390 = PLANE('',#1391);
#1391 = AXIS2_PLACEMENT_3D('',#1392,#1393,#1394);
#1392 = CARTESIAN_POINT('',(2.247880294322E-17,-2.749906893388E-16,0.));
#1393 = DIRECTION('',(0.,0.,1.));
#1394 = DIRECTION('',(1.,0.,0.));
#1395 = ADVANCED_FACE('',(#1396),#1407,.F.);
#1396 = FACE_BOUND('',#1397,.F.);
#1397 = EDGE_LOOP('',(#1398,#1399,#1405,#1406));
#1398 = ORIENTED_EDGE('',*,*,#550,.F.);
#1399 = ORIENTED_EDGE('',*,*,#1400,.T.);
#1400 = EDGE_CURVE('',#543,#1200,#1401,.T.);
#1401 = LINE('',#1402,#1403);
#1402 = CARTESIAN_POINT('',(2.2,-2.35,0.199));
#1403 = VECTOR('',#1404,1.);
#1404 = DIRECTION('',(0.,1.,-2.22044604925E-16));
#1405 = ORIENTED_EDGE('',*,*,#1199,.T.);
#1406 = ORIENTED_EDGE('',*,*,#1385,.F.);
#1407 = PLANE('',#1408);
#1408 = AXIS2_PLACEMENT_3D('',#1409,#1410,#1411);
#1409 = CARTESIAN_POINT('',(2.18245546542,-2.35,9.95E-02));
#1410 = DIRECTION('',(-0.984807753012,0.,0.173648177667));
#1411 = DIRECTION('',(-3.797186380058E-17,1.,-2.153491408292E-16));
#1412 = ADVANCED_FACE('',(#1413),#1424,.F.);
#1413 = FACE_BOUND('',#1414,.T.);
#1414 = EDGE_LOOP('',(#1415,#1416,#1422,#1423));
#1415 = ORIENTED_EDGE('',*,*,#214,.F.);
#1416 = ORIENTED_EDGE('',*,*,#1417,.T.);
#1417 = EDGE_CURVE('',#215,#1176,#1418,.T.);
#1418 = LINE('',#1419,#1420);
#1419 = CARTESIAN_POINT('',(1.8,-2.35,0.199));
#1420 = VECTOR('',#1421,1.);
#1421 = DIRECTION('',(0.,1.,-2.22044604925E-16));
#1422 = ORIENTED_EDGE('',*,*,#1183,.T.);
#1423 = ORIENTED_EDGE('',*,*,#1378,.F.);
#1424 = PLANE('',#1425);
#1425 = AXIS2_PLACEMENT_3D('',#1426,#1427,#1428);
#1426 = CARTESIAN_POINT('',(1.81754453458,-2.35,9.95E-02));
#1427 = DIRECTION('',(0.984807753012,0.,0.173648177667));
#1428 = DIRECTION('',(-3.797186380058E-17,-1.,2.153491408292E-16));
#1429 = ADVANCED_FACE('',(#1430),#1450,.T.);
#1430 = FACE_BOUND('',#1431,.T.);
#1431 = EDGE_LOOP('',(#1432,#1440,#1441,#1442,#1443,#1444));
#1432 = ORIENTED_EDGE('',*,*,#1433,.F.);
#1433 = EDGE_CURVE('',#535,#1434,#1436,.T.);
#1434 = VERTEX_POINT('',#1435);
#1435 = CARTESIAN_POINT('',(2.2,-0.15,0.2));
#1436 = LINE('',#1437,#1438);
#1437 = CARTESIAN_POINT('',(2.2,-2.35,0.2));
#1438 = VECTOR('',#1439,1.);
#1439 = DIRECTION('',(0.,1.,-2.22044604925E-16));
#1440 = ORIENTED_EDGE('',*,*,#542,.F.);
#1441 = ORIENTED_EDGE('',*,*,#1400,.T.);
#1442 = ORIENTED_EDGE('',*,*,#1207,.T.);
#1443 = ORIENTED_EDGE('',*,*,#1215,.T.);
#1444 = ORIENTED_EDGE('',*,*,#1445,.T.);
#1445 = EDGE_CURVE('',#1216,#1434,#1446,.T.);
#1446 = LINE('',#1447,#1448);
#1447 = CARTESIAN_POINT('',(2.2,-0.613143525741,0.125897035881));
#1448 = VECTOR('',#1449,1.);
#1449 = DIRECTION('',(0.,-0.987440631917,-0.157990501107));
#1450 = PLANE('',#1451);
#1451 = AXIS2_PLACEMENT_3D('',#1452,#1453,#1454);
#1452 = CARTESIAN_POINT('',(2.2,-2.35,0.));
#1453 = DIRECTION('',(1.,0.,0.));
#1454 = DIRECTION('',(0.,2.22044604925E-16,1.));
#1455 = ADVANCED_FACE('',(#1456),#1476,.T.);
#1456 = FACE_BOUND('',#1457,.T.);
#1457 = EDGE_LOOP('',(#1458,#1466,#1472,#1473,#1474,#1475));
#1458 = ORIENTED_EDGE('',*,*,#1459,.T.);
#1459 = EDGE_CURVE('',#223,#1460,#1462,.T.);
#1460 = VERTEX_POINT('',#1461);
#1461 = CARTESIAN_POINT('',(1.8,-0.15,0.2));
#1462 = LINE('',#1463,#1464);
#1463 = CARTESIAN_POINT('',(1.8,-2.35,0.2));
#1464 = VECTOR('',#1465,1.);
#1465 = DIRECTION('',(0.,1.,-2.22044604925E-16));
#1466 = ORIENTED_EDGE('',*,*,#1467,.F.);
#1467 = EDGE_CURVE('',#1160,#1460,#1468,.T.);
#1468 = LINE('',#1469,#1470);
#1469 = CARTESIAN_POINT('',(1.8,-0.597542901716,0.128393135725));
#1470 = VECTOR('',#1471,1.);
#1471 = DIRECTION('',(-0.,-0.987440631917,-0.157990501107));
#1472 = ORIENTED_EDGE('',*,*,#1167,.F.);
#1473 = ORIENTED_EDGE('',*,*,#1175,.T.);
#1474 = ORIENTED_EDGE('',*,*,#1417,.F.);
#1475 = ORIENTED_EDGE('',*,*,#222,.F.);
#1476 = PLANE('',#1477);
#1477 = AXIS2_PLACEMENT_3D('',#1478,#1479,#1480);
#1478 = CARTESIAN_POINT('',(1.8,-2.35,0.2));
#1479 = DIRECTION('',(-1.,0.,0.));
#1480 = DIRECTION('',(0.,-2.22044604925E-16,-1.));
#1481 = ADVANCED_FACE('',(#1482,#1500),#1525,.T.);
#1482 = FACE_BOUND('',#1483,.T.);
#1483 = EDGE_LOOP('',(#1484,#1492,#1493,#1494));
#1484 = ORIENTED_EDGE('',*,*,#1485,.F.);
#1485 = EDGE_CURVE('',#527,#1486,#1488,.T.);
#1486 = VERTEX_POINT('',#1487);
#1487 = CARTESIAN_POINT('',(3.8,-0.15,0.2));
#1488 = LINE('',#1489,#1490);
#1489 = CARTESIAN_POINT('',(3.8,-2.35,0.2));
#1490 = VECTOR('',#1491,1.);
#1491 = DIRECTION('',(0.,1.,-2.22044604925E-16));
#1492 = ORIENTED_EDGE('',*,*,#534,.F.);
#1493 = ORIENTED_EDGE('',*,*,#1433,.T.);
#1494 = ORIENTED_EDGE('',*,*,#1495,.T.);
#1495 = EDGE_CURVE('',#1434,#1486,#1496,.T.);
#1496 = LINE('',#1497,#1498);
#1497 = CARTESIAN_POINT('',(2.2,-0.15,0.2));
#1498 = VECTOR('',#1499,1.);
#1499 = DIRECTION('',(1.,0.,0.));
#1500 = FACE_BOUND('',#1501,.T.);
#1501 = EDGE_LOOP('',(#1502,#1503,#1511,#1519));
#1502 = ORIENTED_EDGE('',*,*,#831,.F.);
#1503 = ORIENTED_EDGE('',*,*,#1504,.F.);
#1504 = EDGE_CURVE('',#1505,#824,#1507,.T.);
#1505 = VERTEX_POINT('',#1506);
#1506 = CARTESIAN_POINT('',(2.75,-0.85,0.2));
#1507 = LINE('',#1508,#1509);
#1508 = CARTESIAN_POINT('',(2.75,-1.6,0.2));
#1509 = VECTOR('',#1510,1.);
#1510 = DIRECTION('',(0.,1.,-2.22044604925E-16));
#1511 = ORIENTED_EDGE('',*,*,#1512,.F.);
#1512 = EDGE_CURVE('',#1513,#1505,#1515,.T.);
#1513 = VERTEX_POINT('',#1514);
#1514 = CARTESIAN_POINT('',(3.25,-0.85,0.2));
#1515 = LINE('',#1516,#1517);
#1516 = CARTESIAN_POINT('',(2.725,-0.85,0.2));
#1517 = VECTOR('',#1518,1.);
#1518 = DIRECTION('',(-1.,0.,0.));
#1519 = ORIENTED_EDGE('',*,*,#1520,.F.);
#1520 = EDGE_CURVE('',#832,#1513,#1521,.T.);
#1521 = LINE('',#1522,#1523);
#1522 = CARTESIAN_POINT('',(3.25,-1.35,0.2));
#1523 = VECTOR('',#1524,1.);
#1524 = DIRECTION('',(0.,-1.,2.22044604925E-16));
#1525 = PLANE('',#1526);
#1526 = AXIS2_PLACEMENT_3D('',#1527,#1528,#1529);
#1527 = CARTESIAN_POINT('',(2.2,-2.35,0.2));
#1528 = DIRECTION('',(0.,-2.22044604925E-16,-1.));
#1529 = DIRECTION('',(1.,0.,0.));
#1530 = ADVANCED_FACE('',(#1531,#1549),#1574,.T.);
#1531 = FACE_BOUND('',#1532,.T.);
#1532 = EDGE_LOOP('',(#1533,#1534,#1535,#1543));
#1533 = ORIENTED_EDGE('',*,*,#1459,.F.);
#1534 = ORIENTED_EDGE('',*,*,#230,.F.);
#1535 = ORIENTED_EDGE('',*,*,#1536,.T.);
#1536 = EDGE_CURVE('',#231,#1537,#1539,.T.);
#1537 = VERTEX_POINT('',#1538);
#1538 = CARTESIAN_POINT('',(0.2,-0.15,0.2));
#1539 = LINE('',#1540,#1541);
#1540 = CARTESIAN_POINT('',(0.2,-2.35,0.2));
#1541 = VECTOR('',#1542,1.);
#1542 = DIRECTION('',(0.,1.,-2.22044604925E-16));
#1543 = ORIENTED_EDGE('',*,*,#1544,.T.);
#1544 = EDGE_CURVE('',#1537,#1460,#1545,.T.);
#1545 = LINE('',#1546,#1547);
#1546 = CARTESIAN_POINT('',(0.2,-0.15,0.2));
#1547 = VECTOR('',#1548,1.);
#1548 = DIRECTION('',(1.,0.,0.));
#1549 = FACE_BOUND('',#1550,.T.);
#1550 = EDGE_LOOP('',(#1551,#1552,#1560,#1568));
#1551 = ORIENTED_EDGE('',*,*,#799,.F.);
#1552 = ORIENTED_EDGE('',*,*,#1553,.F.);
#1553 = EDGE_CURVE('',#1554,#792,#1556,.T.);
#1554 = VERTEX_POINT('',#1555);
#1555 = CARTESIAN_POINT('',(0.75,-0.85,0.2));
#1556 = LINE('',#1557,#1558);
#1557 = CARTESIAN_POINT('',(0.75,-1.6,0.2));
#1558 = VECTOR('',#1559,1.);
#1559 = DIRECTION('',(0.,1.,-2.22044604925E-16));
#1560 = ORIENTED_EDGE('',*,*,#1561,.F.);
#1561 = EDGE_CURVE('',#1562,#1554,#1564,.T.);
#1562 = VERTEX_POINT('',#1563);
#1563 = CARTESIAN_POINT('',(1.25,-0.85,0.2));
#1564 = LINE('',#1565,#1566);
#1565 = CARTESIAN_POINT('',(0.725,-0.85,0.2));
#1566 = VECTOR('',#1567,1.);
#1567 = DIRECTION('',(-1.,0.,0.));
#1568 = ORIENTED_EDGE('',*,*,#1569,.F.);
#1569 = EDGE_CURVE('',#800,#1562,#1570,.T.);
#1570 = LINE('',#1571,#1572);
#1571 = CARTESIAN_POINT('',(1.25,-1.35,0.2));
#1572 = VECTOR('',#1573,1.);
#1573 = DIRECTION('',(0.,-1.,2.22044604925E-16));
#1574 = PLANE('',#1575);
#1575 = AXIS2_PLACEMENT_3D('',#1576,#1577,#1578);
#1576 = CARTESIAN_POINT('',(0.2,-2.35,0.2));
#1577 = DIRECTION('',(0.,-2.22044604925E-16,-1.));
#1578 = DIRECTION('',(1.,0.,0.));
#1579 = ADVANCED_FACE('',(#1580),#1598,.T.);
#1580 = FACE_BOUND('',#1581,.T.);
#1581 = EDGE_LOOP('',(#1582,#1583,#1589,#1590,#1591,#1597));
#1582 = ORIENTED_EDGE('',*,*,#1485,.T.);
#1583 = ORIENTED_EDGE('',*,*,#1584,.F.);
#1584 = EDGE_CURVE('',#1224,#1486,#1585,.T.);
#1585 = LINE('',#1586,#1587);
#1586 = CARTESIAN_POINT('',(3.8,-0.597542901716,0.128393135725));
#1587 = VECTOR('',#1588,1.);
#1588 = DIRECTION('',(-0.,-0.987440631917,-0.157990501107));
#1589 = ORIENTED_EDGE('',*,*,#1231,.F.);
#1590 = ORIENTED_EDGE('',*,*,#1239,.T.);
#1591 = ORIENTED_EDGE('',*,*,#1592,.F.);
#1592 = EDGE_CURVE('',#519,#1240,#1593,.T.);
#1593 = LINE('',#1594,#1595);
#1594 = CARTESIAN_POINT('',(3.8,-2.35,0.199));
#1595 = VECTOR('',#1596,1.);
#1596 = DIRECTION('',(0.,1.,-2.22044604925E-16));
#1597 = ORIENTED_EDGE('',*,*,#526,.F.);
#1598 = PLANE('',#1599);
#1599 = AXIS2_PLACEMENT_3D('',#1600,#1601,#1602);
#1600 = CARTESIAN_POINT('',(3.8,-2.35,0.2));
#1601 = DIRECTION('',(-1.,0.,0.));
#1602 = DIRECTION('',(0.,-2.22044604925E-16,-1.));
#1603 = ADVANCED_FACE('',(#1604),#1622,.T.);
#1604 = FACE_BOUND('',#1605,.T.);
#1605 = EDGE_LOOP('',(#1606,#1607,#1608,#1614,#1615,#1616));
#1606 = ORIENTED_EDGE('',*,*,#1536,.F.);
#1607 = ORIENTED_EDGE('',*,*,#238,.F.);
#1608 = ORIENTED_EDGE('',*,*,#1609,.T.);
#1609 = EDGE_CURVE('',#239,#1136,#1610,.T.);
#1610 = LINE('',#1611,#1612);
#1611 = CARTESIAN_POINT('',(0.2,-2.35,0.199));
#1612 = VECTOR('',#1613,1.);
#1613 = DIRECTION('',(0.,1.,-2.22044604925E-16));
#1614 = ORIENTED_EDGE('',*,*,#1143,.T.);
#1615 = ORIENTED_EDGE('',*,*,#1151,.T.);
#1616 = ORIENTED_EDGE('',*,*,#1617,.T.);
#1617 = EDGE_CURVE('',#1152,#1537,#1618,.T.);
#1618 = LINE('',#1619,#1620);
#1619 = CARTESIAN_POINT('',(0.2,-0.613143525741,0.125897035881));
#1620 = VECTOR('',#1621,1.);
#1621 = DIRECTION('',(0.,-0.987440631917,-0.157990501107));
#1622 = PLANE('',#1623);
#1623 = AXIS2_PLACEMENT_3D('',#1624,#1625,#1626);
#1624 = CARTESIAN_POINT('',(0.2,-2.35,0.));
#1625 = DIRECTION('',(1.,0.,0.));
#1626 = DIRECTION('',(0.,2.22044604925E-16,1.));
#1627 = ADVANCED_FACE('',(#1628),#1639,.F.);
#1628 = FACE_BOUND('',#1629,.T.);
#1629 = EDGE_LOOP('',(#1630,#1631,#1632,#1633));
#1630 = ORIENTED_EDGE('',*,*,#518,.F.);
#1631 = ORIENTED_EDGE('',*,*,#1592,.T.);
#1632 = ORIENTED_EDGE('',*,*,#1247,.T.);
#1633 = ORIENTED_EDGE('',*,*,#1634,.F.);
#1634 = EDGE_CURVE('',#511,#1248,#1635,.T.);
#1635 = LINE('',#1636,#1637);
#1636 = CARTESIAN_POINT('',(3.835089069161,-2.35,0.));
#1637 = VECTOR('',#1638,1.);
#1638 = DIRECTION('',(0.,1.,-2.22044604925E-16));
#1639 = PLANE('',#1640);
#1640 = AXIS2_PLACEMENT_3D('',#1641,#1642,#1643);
#1641 = CARTESIAN_POINT('',(3.81754453458,-2.35,9.95E-02));
#1642 = DIRECTION('',(0.984807753012,0.,0.173648177667));
#1643 = DIRECTION('',(-3.797186380058E-17,-1.,2.153491408292E-16));
#1644 = ADVANCED_FACE('',(#1645),#1656,.F.);
#1645 = FACE_BOUND('',#1646,.F.);
#1646 = EDGE_LOOP('',(#1647,#1648,#1649,#1650));
#1647 = ORIENTED_EDGE('',*,*,#246,.F.);
#1648 = ORIENTED_EDGE('',*,*,#1609,.T.);
#1649 = ORIENTED_EDGE('',*,*,#1135,.T.);
#1650 = ORIENTED_EDGE('',*,*,#1651,.F.);
#1651 = EDGE_CURVE('',#247,#1128,#1652,.T.);
#1652 = LINE('',#1653,#1654);
#1653 = CARTESIAN_POINT('',(0.164910930839,-2.35,0.));
#1654 = VECTOR('',#1655,1.);
#1655 = DIRECTION('',(0.,1.,-2.22044604925E-16));
#1656 = PLANE('',#1657);
#1657 = AXIS2_PLACEMENT_3D('',#1658,#1659,#1660);
#1658 = CARTESIAN_POINT('',(0.18245546542,-2.35,9.95E-02));
#1659 = DIRECTION('',(-0.984807753012,0.,0.173648177667));
#1660 = DIRECTION('',(-3.797186380058E-17,1.,-2.153491408292E-16));
#1661 = ADVANCED_FACE('',(#1662),#1668,.F.);
#1662 = FACE_BOUND('',#1663,.F.);
#1663 = EDGE_LOOP('',(#1664,#1665,#1666,#1667));
#1664 = ORIENTED_EDGE('',*,*,#1255,.T.);
#1665 = ORIENTED_EDGE('',*,*,#1634,.F.);
#1666 = ORIENTED_EDGE('',*,*,#510,.T.);
#1667 = ORIENTED_EDGE('',*,*,#1363,.T.);
#1668 = PLANE('',#1669);
#1669 = AXIS2_PLACEMENT_3D('',#1670,#1671,#1672);
#1670 = CARTESIAN_POINT('',(2.247880294322E-17,-2.749906893388E-16,0.));
#1671 = DIRECTION('',(0.,0.,1.));
#1672 = DIRECTION('',(1.,0.,0.));
#1673 = ADVANCED_FACE('',(#1674),#1685,.F.);
#1674 = FACE_BOUND('',#1675,.F.);
#1675 = EDGE_LOOP('',(#1676,#1677,#1683,#1684));
#1676 = ORIENTED_EDGE('',*,*,#1127,.T.);
#1677 = ORIENTED_EDGE('',*,*,#1678,.F.);
#1678 = EDGE_CURVE('',#255,#1120,#1679,.T.);
#1679 = LINE('',#1680,#1681);
#1680 = CARTESIAN_POINT('',(-0.164910930839,-2.35,0.));
#1681 = VECTOR('',#1682,1.);
#1682 = DIRECTION('',(0.,1.,-2.22044604925E-16));
#1683 = ORIENTED_EDGE('',*,*,#254,.T.);
#1684 = ORIENTED_EDGE('',*,*,#1651,.T.);
#1685 = PLANE('',#1686);
#1686 = AXIS2_PLACEMENT_3D('',#1687,#1688,#1689);
#1687 = CARTESIAN_POINT('',(2.247880294322E-17,-2.749906893388E-16,0.));
#1688 = DIRECTION('',(0.,0.,1.));
#1689 = DIRECTION('',(1.,0.,0.));
#1690 = ADVANCED_FACE('',(#1691),#1702,.T.);
#1691 = FACE_BOUND('',#1692,.T.);
#1692 = EDGE_LOOP('',(#1693,#1694,#1700,#1701));
#1693 = ORIENTED_EDGE('',*,*,#262,.F.);
#1694 = ORIENTED_EDGE('',*,*,#1695,.T.);
#1695 = EDGE_CURVE('',#263,#1112,#1696,.T.);
#1696 = LINE('',#1697,#1698);
#1697 = CARTESIAN_POINT('',(-0.2,-2.35,0.199));
#1698 = VECTOR('',#1699,1.);
#1699 = DIRECTION('',(0.,1.,-2.22044604925E-16));
#1700 = ORIENTED_EDGE('',*,*,#1119,.T.);
#1701 = ORIENTED_EDGE('',*,*,#1678,.F.);
#1702 = PLANE('',#1703);
#1703 = AXIS2_PLACEMENT_3D('',#1704,#1705,#1706);
#1704 = CARTESIAN_POINT('',(-0.18245546542,-2.35,9.95E-02));
#1705 = DIRECTION('',(-0.984807753012,0.,-0.173648177667));
#1706 = DIRECTION('',(3.797186380058E-17,1.,-2.153491408292E-16));
#1707 = ADVANCED_FACE('',(#1708),#1728,.F.);
#1708 = FACE_BOUND('',#1709,.F.);
#1709 = EDGE_LOOP('',(#1710,#1718,#1719,#1720,#1721,#1722));
#1710 = ORIENTED_EDGE('',*,*,#1711,.F.);
#1711 = EDGE_CURVE('',#271,#1712,#1714,.T.);
#1712 = VERTEX_POINT('',#1713);
#1713 = CARTESIAN_POINT('',(-0.2,-0.15,0.2));
#1714 = LINE('',#1715,#1716);
#1715 = CARTESIAN_POINT('',(-0.2,-2.35,0.2));
#1716 = VECTOR('',#1717,1.);
#1717 = DIRECTION('',(0.,1.,-2.22044604925E-16));
#1718 = ORIENTED_EDGE('',*,*,#270,.F.);
#1719 = ORIENTED_EDGE('',*,*,#1695,.T.);
#1720 = ORIENTED_EDGE('',*,*,#1111,.T.);
#1721 = ORIENTED_EDGE('',*,*,#1103,.T.);
#1722 = ORIENTED_EDGE('',*,*,#1723,.T.);
#1723 = EDGE_CURVE('',#1096,#1712,#1724,.T.);
#1724 = LINE('',#1725,#1726);
#1725 = CARTESIAN_POINT('',(-0.2,-0.613143525741,0.125897035881));
#1726 = VECTOR('',#1727,1.);
#1727 = DIRECTION('',(0.,-0.987440631917,-0.157990501107));
#1728 = PLANE('',#1729);
#1729 = AXIS2_PLACEMENT_3D('',#1730,#1731,#1732);
#1730 = CARTESIAN_POINT('',(-0.2,-2.35,0.));
#1731 = DIRECTION('',(1.,0.,0.));
#1732 = DIRECTION('',(0.,2.22044604925E-16,1.));
#1733 = ADVANCED_FACE('',(#1734,#1752),#1777,.F.);
#1734 = FACE_BOUND('',#1735,.F.);
#1735 = EDGE_LOOP('',(#1736,#1744,#1745,#1746));
#1736 = ORIENTED_EDGE('',*,*,#1737,.F.);
#1737 = EDGE_CURVE('',#279,#1738,#1740,.T.);
#1738 = VERTEX_POINT('',#1739);
#1739 = CARTESIAN_POINT('',(-1.8,-0.15,0.2));
#1740 = LINE('',#1741,#1742);
#1741 = CARTESIAN_POINT('',(-1.8,-2.35,0.2));
#1742 = VECTOR('',#1743,1.);
#1743 = DIRECTION('',(0.,1.,-2.22044604925E-16));
#1744 = ORIENTED_EDGE('',*,*,#278,.F.);
#1745 = ORIENTED_EDGE('',*,*,#1711,.T.);
#1746 = ORIENTED_EDGE('',*,*,#1747,.T.);
#1747 = EDGE_CURVE('',#1712,#1738,#1748,.T.);
#1748 = LINE('',#1749,#1750);
#1749 = CARTESIAN_POINT('',(-0.2,-0.15,0.2));
#1750 = VECTOR('',#1751,1.);
#1751 = DIRECTION('',(-1.,0.,0.));
#1752 = FACE_BOUND('',#1753,.F.);
#1753 = EDGE_LOOP('',(#1754,#1755,#1763,#1771));
#1754 = ORIENTED_EDGE('',*,*,#767,.F.);
#1755 = ORIENTED_EDGE('',*,*,#1756,.T.);
#1756 = EDGE_CURVE('',#768,#1757,#1759,.T.);
#1757 = VERTEX_POINT('',#1758);
#1758 = CARTESIAN_POINT('',(-0.75,-0.85,0.2));
#1759 = LINE('',#1760,#1761);
#1760 = CARTESIAN_POINT('',(-0.75,-1.6,0.2));
#1761 = VECTOR('',#1762,1.);
#1762 = DIRECTION('',(0.,-1.,2.22044604925E-16));
#1763 = ORIENTED_EDGE('',*,*,#1764,.T.);
#1764 = EDGE_CURVE('',#1757,#1765,#1767,.T.);
#1765 = VERTEX_POINT('',#1766);
#1766 = CARTESIAN_POINT('',(-1.25,-0.85,0.2));
#1767 = LINE('',#1768,#1769);
#1768 = CARTESIAN_POINT('',(-0.725,-0.85,0.2));
#1769 = VECTOR('',#1770,1.);
#1770 = DIRECTION('',(-1.,0.,0.));
#1771 = ORIENTED_EDGE('',*,*,#1772,.T.);
#1772 = EDGE_CURVE('',#1765,#760,#1773,.T.);
#1773 = LINE('',#1774,#1775);
#1774 = CARTESIAN_POINT('',(-1.25,-1.35,0.2));
#1775 = VECTOR('',#1776,1.);
#1776 = DIRECTION('',(0.,1.,-2.22044604925E-16));
#1777 = PLANE('',#1778);
#1778 = AXIS2_PLACEMENT_3D('',#1779,#1780,#1781);
#1779 = CARTESIAN_POINT('',(-0.2,-2.35,0.2));
#1780 = DIRECTION('',(0.,2.22044604925E-16,1.));
#1781 = DIRECTION('',(-1.,0.,0.));
#1782 = ADVANCED_FACE('',(#1783),#1801,.F.);
#1783 = FACE_BOUND('',#1784,.F.);
#1784 = EDGE_LOOP('',(#1785,#1786,#1792,#1793,#1794,#1800));
#1785 = ORIENTED_EDGE('',*,*,#1737,.T.);
#1786 = ORIENTED_EDGE('',*,*,#1787,.F.);
#1787 = EDGE_CURVE('',#1088,#1738,#1788,.T.);
#1788 = LINE('',#1789,#1790);
#1789 = CARTESIAN_POINT('',(-1.8,-0.597542901716,0.128393135725));
#1790 = VECTOR('',#1791,1.);
#1791 = DIRECTION('',(-0.,-0.987440631917,-0.157990501107));
#1792 = ORIENTED_EDGE('',*,*,#1087,.F.);
#1793 = ORIENTED_EDGE('',*,*,#1079,.T.);
#1794 = ORIENTED_EDGE('',*,*,#1795,.F.);
#1795 = EDGE_CURVE('',#287,#1072,#1796,.T.);
#1796 = LINE('',#1797,#1798);
#1797 = CARTESIAN_POINT('',(-1.8,-2.35,0.199));
#1798 = VECTOR('',#1799,1.);
#1799 = DIRECTION('',(0.,1.,-2.22044604925E-16));
#1800 = ORIENTED_EDGE('',*,*,#286,.F.);
#1801 = PLANE('',#1802);
#1802 = AXIS2_PLACEMENT_3D('',#1803,#1804,#1805);
#1803 = CARTESIAN_POINT('',(-1.8,-2.35,0.2));
#1804 = DIRECTION('',(-1.,0.,0.));
#1805 = DIRECTION('',(0.,-2.22044604925E-16,-1.));
#1806 = ADVANCED_FACE('',(#1807),#1825,.T.);
#1807 = FACE_BOUND('',#1808,.T.);
#1808 = EDGE_LOOP('',(#1809,#1810,#1811,#1819));
#1809 = ORIENTED_EDGE('',*,*,#486,.F.);
#1810 = ORIENTED_EDGE('',*,*,#630,.T.);
#1811 = ORIENTED_EDGE('',*,*,#1812,.F.);
#1812 = EDGE_CURVE('',#1813,#623,#1815,.T.);
#1813 = VERTEX_POINT('',#1814);
#1814 = CARTESIAN_POINT('',(6.4,-1.795,4.3));
#1815 = LINE('',#1816,#1817);
#1816 = CARTESIAN_POINT('',(-0.52,-1.795,4.3));
#1817 = VECTOR('',#1818,1.);
#1818 = DIRECTION('',(-1.,0.,0.));
#1819 = ORIENTED_EDGE('',*,*,#1820,.F.);
#1820 = EDGE_CURVE('',#479,#1813,#1821,.T.);
#1821 = LINE('',#1822,#1823);
#1822 = CARTESIAN_POINT('',(6.4,-2.35,4.3));
#1823 = VECTOR('',#1824,1.);
#1824 = DIRECTION('',(0.,1.,-2.22044604925E-16));
#1825 = PLANE('',#1826);
#1826 = AXIS2_PLACEMENT_3D('',#1827,#1828,#1829);
#1827 = CARTESIAN_POINT('',(5.4,-2.35,4.3));
#1828 = DIRECTION('',(0.,-2.22044604925E-16,-1.));
#1829 = DIRECTION('',(1.,0.,0.));
#1830 = ADVANCED_FACE('',(#1831),#1842,.T.);
#1831 = FACE_BOUND('',#1832,.F.);
#1832 = EDGE_LOOP('',(#1833,#1834,#1835,#1836));
#1833 = ORIENTED_EDGE('',*,*,#294,.F.);
#1834 = ORIENTED_EDGE('',*,*,#1795,.T.);
#1835 = ORIENTED_EDGE('',*,*,#1071,.T.);
#1836 = ORIENTED_EDGE('',*,*,#1837,.F.);
#1837 = EDGE_CURVE('',#295,#1064,#1838,.T.);
#1838 = LINE('',#1839,#1840);
#1839 = CARTESIAN_POINT('',(-1.835089069161,-2.35,0.));
#1840 = VECTOR('',#1841,1.);
#1841 = DIRECTION('',(0.,1.,-2.22044604925E-16));
#1842 = PLANE('',#1843);
#1843 = AXIS2_PLACEMENT_3D('',#1844,#1845,#1846);
#1844 = CARTESIAN_POINT('',(-1.81754453458,-2.35,9.95E-02));
#1845 = DIRECTION('',(0.984807753012,-4.337694007704E-19,-0.173648177667
    ));
#1846 = DIRECTION('',(3.754468433168E-17,-1.,2.154244640952E-16));
#1847 = ADVANCED_FACE('',(#1848),#1873,.T.);
#1848 = FACE_BOUND('',#1849,.T.);
#1849 = EDGE_LOOP('',(#1850,#1851,#1852,#1860,#1866,#1867));
#1850 = ORIENTED_EDGE('',*,*,#478,.F.);
#1851 = ORIENTED_EDGE('',*,*,#1820,.T.);
#1852 = ORIENTED_EDGE('',*,*,#1853,.F.);
#1853 = EDGE_CURVE('',#1854,#1813,#1856,.T.);
#1854 = VERTEX_POINT('',#1855);
#1855 = CARTESIAN_POINT('',(6.4,-1.795,1.8));
#1856 = LINE('',#1857,#1858);
#1857 = CARTESIAN_POINT('',(6.4,-1.795,3.05));
#1858 = VECTOR('',#1859,1.);
#1859 = DIRECTION('',(0.,0.,1.));
#1860 = ORIENTED_EDGE('',*,*,#1861,.F.);
#1861 = EDGE_CURVE('',#648,#1854,#1862,.T.);
#1862 = LINE('',#1863,#1864);
#1863 = CARTESIAN_POINT('',(6.4,-2.35,1.8));
#1864 = VECTOR('',#1865,1.);
#1865 = DIRECTION('',(0.,1.,-2.22044604925E-16));
#1866 = ORIENTED_EDGE('',*,*,#655,.F.);
#1867 = ORIENTED_EDGE('',*,*,#1868,.F.);
#1868 = EDGE_CURVE('',#471,#656,#1869,.T.);
#1869 = LINE('',#1870,#1871);
#1870 = CARTESIAN_POINT('',(6.4,-2.35,0.));
#1871 = VECTOR('',#1872,1.);
#1872 = DIRECTION('',(0.,1.,-2.22044604925E-16));
#1873 = PLANE('',#1874);
#1874 = AXIS2_PLACEMENT_3D('',#1875,#1876,#1877);
#1875 = CARTESIAN_POINT('',(6.4,-2.156846035015,2.234346035015));
#1876 = DIRECTION('',(-1.,-9.609019513925E-16,-3.348053907132E-16));
#1877 = DIRECTION('',(9.609019513925E-16,-1.,0.));
#1878 = ADVANCED_FACE('',(#1879),#1890,.F.);
#1879 = FACE_BOUND('',#1880,.F.);
#1880 = EDGE_LOOP('',(#1881,#1882,#1888,#1889));
#1881 = ORIENTED_EDGE('',*,*,#1063,.T.);
#1882 = ORIENTED_EDGE('',*,*,#1883,.F.);
#1883 = EDGE_CURVE('',#303,#1056,#1884,.T.);
#1884 = LINE('',#1885,#1886);
#1885 = CARTESIAN_POINT('',(-2.164910930839,-2.35,0.));
#1886 = VECTOR('',#1887,1.);
#1887 = DIRECTION('',(0.,1.,-2.22044604925E-16));
#1888 = ORIENTED_EDGE('',*,*,#302,.T.);
#1889 = ORIENTED_EDGE('',*,*,#1837,.T.);
#1890 = PLANE('',#1891);
#1891 = AXIS2_PLACEMENT_3D('',#1892,#1893,#1894);
#1892 = CARTESIAN_POINT('',(2.247880294322E-17,-2.749906893388E-16,0.));
#1893 = DIRECTION('',(0.,0.,1.));
#1894 = DIRECTION('',(1.,0.,0.));
#1895 = ADVANCED_FACE('',(#1896),#1932,.F.);
#1896 = FACE_BOUND('',#1897,.F.);
#1897 = EDGE_LOOP('',(#1898,#1899,#1900,#1901,#1910,#1918,#1925,#1926));
#1898 = ORIENTED_EDGE('',*,*,#663,.T.);
#1899 = ORIENTED_EDGE('',*,*,#1868,.F.);
#1900 = ORIENTED_EDGE('',*,*,#470,.T.);
#1901 = ORIENTED_EDGE('',*,*,#1902,.T.);
#1902 = EDGE_CURVE('',#463,#1903,#1905,.T.);
#1903 = VERTEX_POINT('',#1904);
#1904 = CARTESIAN_POINT('',(7.,-2.15,0.));
#1905 = CIRCLE('',#1906,0.2);
#1906 = AXIS2_PLACEMENT_3D('',#1907,#1908,#1909);
#1907 = CARTESIAN_POINT('',(6.8,-2.15,0.));
#1908 = DIRECTION('',(0.,0.,1.));
#1909 = DIRECTION('',(1.,0.,0.));
#1910 = ORIENTED_EDGE('',*,*,#1911,.T.);
#1911 = EDGE_CURVE('',#1903,#1912,#1914,.T.);
#1912 = VERTEX_POINT('',#1913);
#1913 = CARTESIAN_POINT('',(7.,2.15,0.));
#1914 = LINE('',#1915,#1916);
#1915 = CARTESIAN_POINT('',(7.,-2.15,0.));
#1916 = VECTOR('',#1917,1.);
#1917 = DIRECTION('',(0.,1.,0.));
#1918 = ORIENTED_EDGE('',*,*,#1919,.T.);
#1919 = EDGE_CURVE('',#1912,#1283,#1920,.T.);
#1920 = CIRCLE('',#1921,0.2);
#1921 = AXIS2_PLACEMENT_3D('',#1922,#1923,#1924);
#1922 = CARTESIAN_POINT('',(6.8,2.15,0.));
#1923 = DIRECTION('',(0.,0.,1.));
#1924 = DIRECTION('',(1.,0.,0.));
#1925 = ORIENTED_EDGE('',*,*,#1282,.T.);
#1926 = ORIENTED_EDGE('',*,*,#1927,.F.);
#1927 = EDGE_CURVE('',#664,#1275,#1928,.T.);
#1928 = LINE('',#1929,#1930);
#1929 = CARTESIAN_POINT('',(5.83508906916,-2.25,0.));
#1930 = VECTOR('',#1931,1.);
#1931 = DIRECTION('',(0.,1.,-2.22044604925E-16));
#1932 = PLANE('',#1933);
#1933 = AXIS2_PLACEMENT_3D('',#1934,#1935,#1936);
#1934 = CARTESIAN_POINT('',(2.247880294322E-17,-2.749906893388E-16,0.));
#1935 = DIRECTION('',(0.,0.,1.));
#1936 = DIRECTION('',(1.,0.,0.));
#1937 = ADVANCED_FACE('',(#1938),#1949,.T.);
#1938 = FACE_BOUND('',#1939,.T.);
#1939 = EDGE_LOOP('',(#1940,#1941,#1947,#1948));
#1940 = ORIENTED_EDGE('',*,*,#310,.F.);
#1941 = ORIENTED_EDGE('',*,*,#1942,.T.);
#1942 = EDGE_CURVE('',#311,#1048,#1943,.T.);
#1943 = LINE('',#1944,#1945);
#1944 = CARTESIAN_POINT('',(-2.2,-2.35,0.199));
#1945 = VECTOR('',#1946,1.);
#1946 = DIRECTION('',(0.,1.,-2.22044604925E-16));
#1947 = ORIENTED_EDGE('',*,*,#1055,.T.);
#1948 = ORIENTED_EDGE('',*,*,#1883,.F.);
#1949 = PLANE('',#1950);
#1950 = AXIS2_PLACEMENT_3D('',#1951,#1952,#1953);
#1951 = CARTESIAN_POINT('',(-2.18245546542,-2.35,9.95E-02));
#1952 = DIRECTION('',(-0.984807753012,0.,-0.173648177667));
#1953 = DIRECTION('',(3.797186380058E-17,1.,-2.153491408292E-16));
#1954 = ADVANCED_FACE('',(#1955),#1974,.T.);
#1955 = FACE_BOUND('',#1956,.F.);
#1956 = EDGE_LOOP('',(#1957,#1958,#1967,#1973));
#1957 = ORIENTED_EDGE('',*,*,#462,.T.);
#1958 = ORIENTED_EDGE('',*,*,#1959,.T.);
#1959 = EDGE_CURVE('',#455,#1960,#1962,.T.);
#1960 = VERTEX_POINT('',#1961);
#1961 = CARTESIAN_POINT('',(7.,-2.15,6.));
#1962 = CIRCLE('',#1963,0.2);
#1963 = AXIS2_PLACEMENT_3D('',#1964,#1965,#1966);
#1964 = CARTESIAN_POINT('',(6.8,-2.15,6.));
#1965 = DIRECTION('',(0.,0.,1.));
#1966 = DIRECTION('',(1.,0.,0.));
#1967 = ORIENTED_EDGE('',*,*,#1968,.F.);
#1968 = EDGE_CURVE('',#1903,#1960,#1969,.T.);
#1969 = LINE('',#1970,#1971);
#1970 = CARTESIAN_POINT('',(7.,-2.15,0.));
#1971 = VECTOR('',#1972,1.);
#1972 = DIRECTION('',(0.,0.,1.));
#1973 = ORIENTED_EDGE('',*,*,#1902,.F.);
#1974 = CYLINDRICAL_SURFACE('',#1975,0.2);
#1975 = AXIS2_PLACEMENT_3D('',#1976,#1977,#1978);
#1976 = CARTESIAN_POINT('',(6.8,-2.15,0.));
#1977 = DIRECTION('',(-0.,-0.,-1.));
#1978 = DIRECTION('',(1.,0.,0.));
#1979 = ADVANCED_FACE('',(#1980),#2000,.F.);
#1980 = FACE_BOUND('',#1981,.F.);
#1981 = EDGE_LOOP('',(#1982,#1990,#1991,#1992,#1993,#1994));
#1982 = ORIENTED_EDGE('',*,*,#1983,.F.);
#1983 = EDGE_CURVE('',#319,#1984,#1986,.T.);
#1984 = VERTEX_POINT('',#1985);
#1985 = CARTESIAN_POINT('',(-2.2,-0.15,0.2));
#1986 = LINE('',#1987,#1988);
#1987 = CARTESIAN_POINT('',(-2.2,-2.35,0.2));
#1988 = VECTOR('',#1989,1.);
#1989 = DIRECTION('',(0.,1.,-2.22044604925E-16));
#1990 = ORIENTED_EDGE('',*,*,#318,.F.);
#1991 = ORIENTED_EDGE('',*,*,#1942,.T.);
#1992 = ORIENTED_EDGE('',*,*,#1047,.T.);
#1993 = ORIENTED_EDGE('',*,*,#1039,.T.);
#1994 = ORIENTED_EDGE('',*,*,#1995,.T.);
#1995 = EDGE_CURVE('',#1032,#1984,#1996,.T.);
#1996 = LINE('',#1997,#1998);
#1997 = CARTESIAN_POINT('',(-2.2,-0.613143525741,0.125897035881));
#1998 = VECTOR('',#1999,1.);
#1999 = DIRECTION('',(0.,-0.987440631917,-0.157990501107));
#2000 = PLANE('',#2001);
#2001 = AXIS2_PLACEMENT_3D('',#2002,#2003,#2004);
#2002 = CARTESIAN_POINT('',(-2.2,-2.35,0.));
#2003 = DIRECTION('',(1.,0.,0.));
#2004 = DIRECTION('',(0.,2.22044604925E-16,1.));
#2005 = ADVANCED_FACE('',(#2006),#2048,.T.);
#2006 = FACE_BOUND('',#2007,.T.);
#2007 = EDGE_LOOP('',(#2008,#2016,#2024,#2032,#2040,#2046,#2047));
#2008 = ORIENTED_EDGE('',*,*,#2009,.T.);
#2009 = EDGE_CURVE('',#1960,#2010,#2012,.T.);
#2010 = VERTEX_POINT('',#2011);
#2011 = CARTESIAN_POINT('',(7.,-1.15,6.));
#2012 = LINE('',#2013,#2014);
#2013 = CARTESIAN_POINT('',(7.,-2.15,6.));
#2014 = VECTOR('',#2015,1.);
#2015 = DIRECTION('',(0.,1.,0.));
#2016 = ORIENTED_EDGE('',*,*,#2017,.F.);
#2017 = EDGE_CURVE('',#2018,#2010,#2020,.T.);
#2018 = VERTEX_POINT('',#2019);
#2019 = CARTESIAN_POINT('',(6.72,-1.15,6.));
#2020 = LINE('',#2021,#2022);
#2021 = CARTESIAN_POINT('',(6.44,-1.15,6.));
#2022 = VECTOR('',#2023,1.);
#2023 = DIRECTION('',(1.,0.,0.));
#2024 = ORIENTED_EDGE('',*,*,#2025,.F.);
#2025 = EDGE_CURVE('',#2026,#2018,#2028,.T.);
#2026 = VERTEX_POINT('',#2027);
#2027 = CARTESIAN_POINT('',(6.72,-2.075,6.));
#2028 = LINE('',#2029,#2030);
#2029 = CARTESIAN_POINT('',(6.72,-2.075,6.));
#2030 = VECTOR('',#2031,1.);
#2031 = DIRECTION('',(0.,1.,0.));
#2032 = ORIENTED_EDGE('',*,*,#2033,.F.);
#2033 = EDGE_CURVE('',#2034,#2026,#2036,.T.);
#2034 = VERTEX_POINT('',#2035);
#2035 = CARTESIAN_POINT('',(4.05,-2.075,6.));
#2036 = LINE('',#2037,#2038);
#2037 = CARTESIAN_POINT('',(-6.72,-2.075,6.));
#2038 = VECTOR('',#2039,1.);
#2039 = DIRECTION('',(1.,0.,0.));
#2040 = ORIENTED_EDGE('',*,*,#2041,.F.);
#2041 = EDGE_CURVE('',#447,#2034,#2042,.T.);
#2042 = LINE('',#2043,#2044);
#2043 = CARTESIAN_POINT('',(4.05,-2.355,6.));
#2044 = VECTOR('',#2045,1.);
#2045 = DIRECTION('',(0.,1.,0.));
#2046 = ORIENTED_EDGE('',*,*,#454,.T.);
#2047 = ORIENTED_EDGE('',*,*,#1959,.T.);
#2048 = PLANE('',#2049);
#2049 = AXIS2_PLACEMENT_3D('',#2050,#2051,#2052);
#2050 = CARTESIAN_POINT('',(2.247880294322E-17,-2.749906893388E-16,6.));
#2051 = DIRECTION('',(0.,0.,1.));
#2052 = DIRECTION('',(1.,0.,0.));
#2053 = ADVANCED_FACE('',(#2054,#2072),#2097,.F.);
#2054 = FACE_BOUND('',#2055,.F.);
#2055 = EDGE_LOOP('',(#2056,#2064,#2065,#2066));
#2056 = ORIENTED_EDGE('',*,*,#2057,.F.);
#2057 = EDGE_CURVE('',#327,#2058,#2060,.T.);
#2058 = VERTEX_POINT('',#2059);
#2059 = CARTESIAN_POINT('',(-3.8,-0.15,0.2));
#2060 = LINE('',#2061,#2062);
#2061 = CARTESIAN_POINT('',(-3.8,-2.35,0.2));
#2062 = VECTOR('',#2063,1.);
#2063 = DIRECTION('',(0.,1.,-2.22044604925E-16));
#2064 = ORIENTED_EDGE('',*,*,#326,.F.);
#2065 = ORIENTED_EDGE('',*,*,#1983,.T.);
#2066 = ORIENTED_EDGE('',*,*,#2067,.T.);
#2067 = EDGE_CURVE('',#1984,#2058,#2068,.T.);
#2068 = LINE('',#2069,#2070);
#2069 = CARTESIAN_POINT('',(-2.2,-0.15,0.2));
#2070 = VECTOR('',#2071,1.);
#2071 = DIRECTION('',(-1.,0.,0.));
#2072 = FACE_BOUND('',#2073,.F.);
#2073 = EDGE_LOOP('',(#2074,#2075,#2083,#2091));
#2074 = ORIENTED_EDGE('',*,*,#735,.F.);
#2075 = ORIENTED_EDGE('',*,*,#2076,.T.);
#2076 = EDGE_CURVE('',#736,#2077,#2079,.T.);
#2077 = VERTEX_POINT('',#2078);
#2078 = CARTESIAN_POINT('',(-2.75,-0.85,0.2));
#2079 = LINE('',#2080,#2081);
#2080 = CARTESIAN_POINT('',(-2.75,-1.6,0.2));
#2081 = VECTOR('',#2082,1.);
#2082 = DIRECTION('',(0.,-1.,2.22044604925E-16));
#2083 = ORIENTED_EDGE('',*,*,#2084,.T.);
#2084 = EDGE_CURVE('',#2077,#2085,#2087,.T.);
#2085 = VERTEX_POINT('',#2086);
#2086 = CARTESIAN_POINT('',(-3.25,-0.85,0.2));
#2087 = LINE('',#2088,#2089);
#2088 = CARTESIAN_POINT('',(-2.725,-0.85,0.2));
#2089 = VECTOR('',#2090,1.);
#2090 = DIRECTION('',(-1.,0.,0.));
#2091 = ORIENTED_EDGE('',*,*,#2092,.T.);
#2092 = EDGE_CURVE('',#2085,#728,#2093,.T.);
#2093 = LINE('',#2094,#2095);
#2094 = CARTESIAN_POINT('',(-3.25,-1.35,0.2));
#2095 = VECTOR('',#2096,1.);
#2096 = DIRECTION('',(0.,1.,-2.22044604925E-16));
#2097 = PLANE('',#2098);
#2098 = AXIS2_PLACEMENT_3D('',#2099,#2100,#2101);
#2099 = CARTESIAN_POINT('',(-2.2,-2.35,0.2));
#2100 = DIRECTION('',(0.,2.22044604925E-16,1.));
#2101 = DIRECTION('',(-1.,0.,0.));
#2102 = ADVANCED_FACE('',(#2103),#2137,.F.);
#2103 = FACE_BOUND('',#2104,.F.);
#2104 = EDGE_LOOP('',(#2105,#2106,#2107,#2115,#2123,#2131));
#2105 = ORIENTED_EDGE('',*,*,#2041,.F.);
#2106 = ORIENTED_EDGE('',*,*,#446,.T.);
#2107 = ORIENTED_EDGE('',*,*,#2108,.T.);
#2108 = EDGE_CURVE('',#439,#2109,#2111,.T.);
#2109 = VERTEX_POINT('',#2110);
#2110 = CARTESIAN_POINT('',(4.05,-1.795,1.8));
#2111 = LINE('',#2112,#2113);
#2112 = CARTESIAN_POINT('',(4.05,-2.355,1.8));
#2113 = VECTOR('',#2114,1.);
#2114 = DIRECTION('',(0.,1.,0.));
#2115 = ORIENTED_EDGE('',*,*,#2116,.F.);
#2116 = EDGE_CURVE('',#2117,#2109,#2119,.T.);
#2117 = VERTEX_POINT('',#2118);
#2118 = CARTESIAN_POINT('',(4.05,-1.795,5.999));
#2119 = LINE('',#2120,#2121);
#2120 = CARTESIAN_POINT('',(4.05,-1.795,6.));
#2121 = VECTOR('',#2122,1.);
#2122 = DIRECTION('',(-0.,-0.,-1.));
#2123 = ORIENTED_EDGE('',*,*,#2124,.F.);
#2124 = EDGE_CURVE('',#2125,#2117,#2127,.T.);
#2125 = VERTEX_POINT('',#2126);
#2126 = CARTESIAN_POINT('',(4.05,-2.075,5.999));
#2127 = LINE('',#2128,#2129);
#2128 = CARTESIAN_POINT('',(4.05,-1.1775,5.999));
#2129 = VECTOR('',#2130,1.);
#2130 = DIRECTION('',(0.,1.,0.));
#2131 = ORIENTED_EDGE('',*,*,#2132,.T.);
#2132 = EDGE_CURVE('',#2125,#2034,#2133,.T.);
#2133 = LINE('',#2134,#2135);
#2134 = CARTESIAN_POINT('',(4.05,-2.075,6.));
#2135 = VECTOR('',#2136,1.);
#2136 = DIRECTION('',(0.,0.,1.));
#2137 = PLANE('',#2138);
#2138 = AXIS2_PLACEMENT_3D('',#2139,#2140,#2141);
#2139 = CARTESIAN_POINT('',(4.05,-2.355,6.));
#2140 = DIRECTION('',(1.,0.,0.));
#2141 = DIRECTION('',(0.,1.,0.));
#2142 = ADVANCED_FACE('',(#2143),#2161,.F.);
#2143 = FACE_BOUND('',#2144,.F.);
#2144 = EDGE_LOOP('',(#2145,#2146,#2152,#2153,#2154,#2160));
#2145 = ORIENTED_EDGE('',*,*,#2057,.T.);
#2146 = ORIENTED_EDGE('',*,*,#2147,.F.);
#2147 = EDGE_CURVE('',#1024,#2058,#2148,.T.);
#2148 = LINE('',#2149,#2150);
#2149 = CARTESIAN_POINT('',(-3.8,-0.597542901716,0.128393135725));
#2150 = VECTOR('',#2151,1.);
#2151 = DIRECTION('',(-0.,-0.987440631917,-0.157990501107));
#2152 = ORIENTED_EDGE('',*,*,#1023,.F.);
#2153 = ORIENTED_EDGE('',*,*,#1015,.T.);
#2154 = ORIENTED_EDGE('',*,*,#2155,.F.);
#2155 = EDGE_CURVE('',#335,#1008,#2156,.T.);
#2156 = LINE('',#2157,#2158);
#2157 = CARTESIAN_POINT('',(-3.8,-2.35,0.199));
#2158 = VECTOR('',#2159,1.);
#2159 = DIRECTION('',(0.,1.,-2.22044604925E-16));
#2160 = ORIENTED_EDGE('',*,*,#334,.F.);
#2161 = PLANE('',#2162);
#2162 = AXIS2_PLACEMENT_3D('',#2163,#2164,#2165);
#2163 = CARTESIAN_POINT('',(-3.8,-2.35,0.2));
#2164 = DIRECTION('',(-1.,0.,0.));
#2165 = DIRECTION('',(0.,-2.22044604925E-16,-1.));
#2166 = ADVANCED_FACE('',(#2167),#2368,.T.);
#2167 = FACE_BOUND('',#2168,.T.);
#2168 = EDGE_LOOP('',(#2169,#2179,#2187,#2193,#2194,#2195,#2201,#2202,
    #2203,#2204,#2212,#2218,#2219,#2220,#2221,#2222,#2223,#2231,#2239,
    #2245,#2246,#2254,#2262,#2268,#2269,#2277,#2285,#2291,#2292,#2300,
    #2308,#2314,#2315,#2323,#2331,#2337,#2338,#2346,#2354,#2362));
#2169 = ORIENTED_EDGE('',*,*,#2170,.T.);
#2170 = EDGE_CURVE('',#2171,#2173,#2175,.T.);
#2171 = VERTEX_POINT('',#2172);
#2172 = CARTESIAN_POINT('',(-5.4,-2.25,1.8));
#2173 = VERTEX_POINT('',#2174);
#2174 = CARTESIAN_POINT('',(-5.4,-1.795,1.8));
#2175 = LINE('',#2176,#2177);
#2176 = CARTESIAN_POINT('',(-5.4,-2.35,1.8));
#2177 = VECTOR('',#2178,1.);
#2178 = DIRECTION('',(0.,1.,-2.22044604925E-16));
#2179 = ORIENTED_EDGE('',*,*,#2180,.T.);
#2180 = EDGE_CURVE('',#2173,#2181,#2183,.T.);
#2181 = VERTEX_POINT('',#2182);
#2182 = CARTESIAN_POINT('',(-4.05,-1.795,1.8));
#2183 = LINE('',#2184,#2185);
#2184 = CARTESIAN_POINT('',(-6.44,-1.795,1.8));
#2185 = VECTOR('',#2186,1.);
#2186 = DIRECTION('',(1.,0.,0.));
#2187 = ORIENTED_EDGE('',*,*,#2188,.T.);
#2188 = EDGE_CURVE('',#2181,#431,#2189,.T.);
#2189 = LINE('',#2190,#2191);
#2190 = CARTESIAN_POINT('',(-4.05,-1.795,1.8));
#2191 = VECTOR('',#2192,1.);
#2192 = DIRECTION('',(0.,-1.,0.));
#2193 = ORIENTED_EDGE('',*,*,#438,.T.);
#2194 = ORIENTED_EDGE('',*,*,#2108,.T.);
#2195 = ORIENTED_EDGE('',*,*,#2196,.T.);
#2196 = EDGE_CURVE('',#2109,#615,#2197,.T.);
#2197 = LINE('',#2198,#2199);
#2198 = CARTESIAN_POINT('',(-6.44,-1.795,1.8));
#2199 = VECTOR('',#2200,1.);
#2200 = DIRECTION('',(1.,0.,0.));
#2201 = ORIENTED_EDGE('',*,*,#614,.F.);
#2202 = ORIENTED_EDGE('',*,*,#647,.F.);
#2203 = ORIENTED_EDGE('',*,*,#1861,.T.);
#2204 = ORIENTED_EDGE('',*,*,#2205,.T.);
#2205 = EDGE_CURVE('',#1854,#2206,#2208,.T.);
#2206 = VERTEX_POINT('',#2207);
#2207 = CARTESIAN_POINT('',(6.44,-1.795,1.8));
#2208 = LINE('',#2209,#2210);
#2209 = CARTESIAN_POINT('',(-6.44,-1.795,1.8));
#2210 = VECTOR('',#2211,1.);
#2211 = DIRECTION('',(1.,0.,0.));
#2212 = ORIENTED_EDGE('',*,*,#2213,.T.);
#2213 = EDGE_CURVE('',#2206,#871,#2214,.T.);
#2214 = LINE('',#2215,#2216);
#2215 = CARTESIAN_POINT('',(6.44,-1.795,1.8));
#2216 = VECTOR('',#2217,1.);
#2217 = DIRECTION('',(0.,1.,0.));
#2218 = ORIENTED_EDGE('',*,*,#870,.F.);
#2219 = ORIENTED_EDGE('',*,*,#908,.T.);
#2220 = ORIENTED_EDGE('',*,*,#956,.T.);
#2221 = ORIENTED_EDGE('',*,*,#932,.T.);
#2222 = ORIENTED_EDGE('',*,*,#847,.F.);
#2223 = ORIENTED_EDGE('',*,*,#2224,.T.);
#2224 = EDGE_CURVE('',#840,#2225,#2227,.T.);
#2225 = VERTEX_POINT('',#2226);
#2226 = CARTESIAN_POINT('',(3.25,-0.85,1.8));
#2227 = LINE('',#2228,#2229);
#2228 = CARTESIAN_POINT('',(3.25,-0.35,1.8));
#2229 = VECTOR('',#2230,1.);
#2230 = DIRECTION('',(0.,-1.,0.));
#2231 = ORIENTED_EDGE('',*,*,#2232,.T.);
#2232 = EDGE_CURVE('',#2225,#2233,#2235,.T.);
#2233 = VERTEX_POINT('',#2234);
#2234 = CARTESIAN_POINT('',(2.75,-0.85,1.8));
#2235 = LINE('',#2236,#2237);
#2236 = CARTESIAN_POINT('',(3.25,-0.85,1.8));
#2237 = VECTOR('',#2238,1.);
#2238 = DIRECTION('',(-1.,0.,0.));
#2239 = ORIENTED_EDGE('',*,*,#2240,.T.);
#2240 = EDGE_CURVE('',#2233,#816,#2241,.T.);
#2241 = LINE('',#2242,#2243);
#2242 = CARTESIAN_POINT('',(2.75,-0.85,1.8));
#2243 = VECTOR('',#2244,1.);
#2244 = DIRECTION('',(0.,1.,0.));
#2245 = ORIENTED_EDGE('',*,*,#815,.F.);
#2246 = ORIENTED_EDGE('',*,*,#2247,.T.);
#2247 = EDGE_CURVE('',#808,#2248,#2250,.T.);
#2248 = VERTEX_POINT('',#2249);
#2249 = CARTESIAN_POINT('',(1.25,-0.85,1.8));
#2250 = LINE('',#2251,#2252);
#2251 = CARTESIAN_POINT('',(1.25,-0.35,1.8));
#2252 = VECTOR('',#2253,1.);
#2253 = DIRECTION('',(0.,-1.,0.));
#2254 = ORIENTED_EDGE('',*,*,#2255,.T.);
#2255 = EDGE_CURVE('',#2248,#2256,#2258,.T.);
#2256 = VERTEX_POINT('',#2257);
#2257 = CARTESIAN_POINT('',(0.75,-0.85,1.8));
#2258 = LINE('',#2259,#2260);
#2259 = CARTESIAN_POINT('',(1.25,-0.85,1.8));
#2260 = VECTOR('',#2261,1.);
#2261 = DIRECTION('',(-1.,0.,0.));
#2262 = ORIENTED_EDGE('',*,*,#2263,.T.);
#2263 = EDGE_CURVE('',#2256,#784,#2264,.T.);
#2264 = LINE('',#2265,#2266);
#2265 = CARTESIAN_POINT('',(0.75,-0.85,1.8));
#2266 = VECTOR('',#2267,1.);
#2267 = DIRECTION('',(0.,1.,0.));
#2268 = ORIENTED_EDGE('',*,*,#783,.F.);
#2269 = ORIENTED_EDGE('',*,*,#2270,.F.);
#2270 = EDGE_CURVE('',#2271,#776,#2273,.T.);
#2271 = VERTEX_POINT('',#2272);
#2272 = CARTESIAN_POINT('',(-0.75,-0.85,1.8));
#2273 = LINE('',#2274,#2275);
#2274 = CARTESIAN_POINT('',(-0.75,-0.85,1.8));
#2275 = VECTOR('',#2276,1.);
#2276 = DIRECTION('',(0.,1.,0.));
#2277 = ORIENTED_EDGE('',*,*,#2278,.F.);
#2278 = EDGE_CURVE('',#2279,#2271,#2281,.T.);
#2279 = VERTEX_POINT('',#2280);
#2280 = CARTESIAN_POINT('',(-1.25,-0.85,1.8));
#2281 = LINE('',#2282,#2283);
#2282 = CARTESIAN_POINT('',(-1.25,-0.85,1.8));
#2283 = VECTOR('',#2284,1.);
#2284 = DIRECTION('',(1.,0.,0.));
#2285 = ORIENTED_EDGE('',*,*,#2286,.F.);
#2286 = EDGE_CURVE('',#752,#2279,#2287,.T.);
#2287 = LINE('',#2288,#2289);
#2288 = CARTESIAN_POINT('',(-1.25,-0.35,1.8));
#2289 = VECTOR('',#2290,1.);
#2290 = DIRECTION('',(0.,-1.,0.));
#2291 = ORIENTED_EDGE('',*,*,#751,.F.);
#2292 = ORIENTED_EDGE('',*,*,#2293,.F.);
#2293 = EDGE_CURVE('',#2294,#744,#2296,.T.);
#2294 = VERTEX_POINT('',#2295);
#2295 = CARTESIAN_POINT('',(-2.75,-0.85,1.8));
#2296 = LINE('',#2297,#2298);
#2297 = CARTESIAN_POINT('',(-2.75,-0.85,1.8));
#2298 = VECTOR('',#2299,1.);
#2299 = DIRECTION('',(0.,1.,0.));
#2300 = ORIENTED_EDGE('',*,*,#2301,.F.);
#2301 = EDGE_CURVE('',#2302,#2294,#2304,.T.);
#2302 = VERTEX_POINT('',#2303);
#2303 = CARTESIAN_POINT('',(-3.25,-0.85,1.8));
#2304 = LINE('',#2305,#2306);
#2305 = CARTESIAN_POINT('',(-3.25,-0.85,1.8));
#2306 = VECTOR('',#2307,1.);
#2307 = DIRECTION('',(1.,0.,0.));
#2308 = ORIENTED_EDGE('',*,*,#2309,.F.);
#2309 = EDGE_CURVE('',#720,#2302,#2310,.T.);
#2310 = LINE('',#2311,#2312);
#2311 = CARTESIAN_POINT('',(-3.25,-0.35,1.8));
#2312 = VECTOR('',#2313,1.);
#2313 = DIRECTION('',(0.,-1.,0.));
#2314 = ORIENTED_EDGE('',*,*,#719,.F.);
#2315 = ORIENTED_EDGE('',*,*,#2316,.F.);
#2316 = EDGE_CURVE('',#2317,#712,#2319,.T.);
#2317 = VERTEX_POINT('',#2318);
#2318 = CARTESIAN_POINT('',(-4.75,-0.85,1.8));
#2319 = LINE('',#2320,#2321);
#2320 = CARTESIAN_POINT('',(-4.75,-0.85,1.8));
#2321 = VECTOR('',#2322,1.);
#2322 = DIRECTION('',(0.,1.,0.));
#2323 = ORIENTED_EDGE('',*,*,#2324,.F.);
#2324 = EDGE_CURVE('',#2325,#2317,#2327,.T.);
#2325 = VERTEX_POINT('',#2326);
#2326 = CARTESIAN_POINT('',(-5.25,-0.85,1.8));
#2327 = LINE('',#2328,#2329);
#2328 = CARTESIAN_POINT('',(-5.25,-0.85,1.8));
#2329 = VECTOR('',#2330,1.);
#2330 = DIRECTION('',(1.,0.,0.));
#2331 = ORIENTED_EDGE('',*,*,#2332,.F.);
#2332 = EDGE_CURVE('',#688,#2325,#2333,.T.);
#2333 = LINE('',#2334,#2335);
#2334 = CARTESIAN_POINT('',(-5.25,-0.35,1.8));
#2335 = VECTOR('',#2336,1.);
#2336 = DIRECTION('',(0.,-1.,0.));
#2337 = ORIENTED_EDGE('',*,*,#685,.F.);
#2338 = ORIENTED_EDGE('',*,*,#2339,.T.);
#2339 = EDGE_CURVE('',#686,#2340,#2342,.T.);
#2340 = VERTEX_POINT('',#2341);
#2341 = CARTESIAN_POINT('',(-6.44,-1.795,1.8));
#2342 = LINE('',#2343,#2344);
#2343 = CARTESIAN_POINT('',(-6.44,1.795,1.8));
#2344 = VECTOR('',#2345,1.);
#2345 = DIRECTION('',(0.,-1.,0.));
#2346 = ORIENTED_EDGE('',*,*,#2347,.T.);
#2347 = EDGE_CURVE('',#2340,#2348,#2350,.T.);
#2348 = VERTEX_POINT('',#2349);
#2349 = CARTESIAN_POINT('',(-6.4,-1.795,1.8));
#2350 = LINE('',#2351,#2352);
#2351 = CARTESIAN_POINT('',(-6.44,-1.795,1.8));
#2352 = VECTOR('',#2353,1.);
#2353 = DIRECTION('',(1.,0.,0.));
#2354 = ORIENTED_EDGE('',*,*,#2355,.F.);
#2355 = EDGE_CURVE('',#2356,#2348,#2358,.T.);
#2356 = VERTEX_POINT('',#2357);
#2357 = CARTESIAN_POINT('',(-6.4,-2.25,1.8));
#2358 = LINE('',#2359,#2360);
#2359 = CARTESIAN_POINT('',(-6.4,-2.35,1.8));
#2360 = VECTOR('',#2361,1.);
#2361 = DIRECTION('',(0.,1.,-2.22044604925E-16));
#2362 = ORIENTED_EDGE('',*,*,#2363,.F.);
#2363 = EDGE_CURVE('',#2171,#2356,#2364,.T.);
#2364 = LINE('',#2365,#2366);
#2365 = CARTESIAN_POINT('',(-5.4,-2.25,1.8));
#2366 = VECTOR('',#2367,1.);
#2367 = DIRECTION('',(-1.,0.,0.));
#2368 = PLANE('',#2369);
#2369 = AXIS2_PLACEMENT_3D('',#2370,#2371,#2372);
#2370 = CARTESIAN_POINT('',(1.403125465561E-16,-1.272618483412,1.8));
#2371 = DIRECTION('',(0.,-2.489940551451E-16,1.));
#2372 = DIRECTION('',(0.,1.,2.489940551451E-16));
#2373 = ADVANCED_FACE('',(#2374),#2385,.T.);
#2374 = FACE_BOUND('',#2375,.F.);
#2375 = EDGE_LOOP('',(#2376,#2377,#2378,#2379));
#2376 = ORIENTED_EDGE('',*,*,#342,.F.);
#2377 = ORIENTED_EDGE('',*,*,#2155,.T.);
#2378 = ORIENTED_EDGE('',*,*,#1007,.T.);
#2379 = ORIENTED_EDGE('',*,*,#2380,.F.);
#2380 = EDGE_CURVE('',#343,#1000,#2381,.T.);
#2381 = LINE('',#2382,#2383);
#2382 = CARTESIAN_POINT('',(-3.835089069161,-2.35,0.));
#2383 = VECTOR('',#2384,1.);
#2384 = DIRECTION('',(0.,1.,-2.22044604925E-16));
#2385 = PLANE('',#2386);
#2386 = AXIS2_PLACEMENT_3D('',#2387,#2388,#2389);
#2387 = CARTESIAN_POINT('',(-3.81754453458,-2.35,9.95E-02));
#2388 = DIRECTION('',(0.984807753012,0.,-0.173648177667));
#2389 = DIRECTION('',(3.797186380058E-17,-1.,2.153491408292E-16));
#2390 = ADVANCED_FACE('',(#2391),#2425,.F.);
#2391 = FACE_BOUND('',#2392,.F.);
#2392 = EDGE_LOOP('',(#2393,#2403,#2409,#2410,#2411,#2419));
#2393 = ORIENTED_EDGE('',*,*,#2394,.F.);
#2394 = EDGE_CURVE('',#2395,#2397,#2399,.T.);
#2395 = VERTEX_POINT('',#2396);
#2396 = CARTESIAN_POINT('',(-4.05,-1.795,5.999));
#2397 = VERTEX_POINT('',#2398);
#2398 = CARTESIAN_POINT('',(-4.05,-2.075,5.999));
#2399 = LINE('',#2400,#2401);
#2400 = CARTESIAN_POINT('',(-4.05,-0.8975,5.999));
#2401 = VECTOR('',#2402,1.);
#2402 = DIRECTION('',(0.,-1.,0.));
#2403 = ORIENTED_EDGE('',*,*,#2404,.T.);
#2404 = EDGE_CURVE('',#2395,#2181,#2405,.T.);
#2405 = LINE('',#2406,#2407);
#2406 = CARTESIAN_POINT('',(-4.05,-1.795,6.));
#2407 = VECTOR('',#2408,1.);
#2408 = DIRECTION('',(-0.,-0.,-1.));
#2409 = ORIENTED_EDGE('',*,*,#2188,.T.);
#2410 = ORIENTED_EDGE('',*,*,#430,.T.);
#2411 = ORIENTED_EDGE('',*,*,#2412,.F.);
#2412 = EDGE_CURVE('',#2413,#423,#2415,.T.);
#2413 = VERTEX_POINT('',#2414);
#2414 = CARTESIAN_POINT('',(-4.05,-2.075,6.));
#2415 = LINE('',#2416,#2417);
#2416 = CARTESIAN_POINT('',(-4.05,-1.795,6.));
#2417 = VECTOR('',#2418,1.);
#2418 = DIRECTION('',(0.,-1.,0.));
#2419 = ORIENTED_EDGE('',*,*,#2420,.T.);
#2420 = EDGE_CURVE('',#2413,#2397,#2421,.T.);
#2421 = LINE('',#2422,#2423);
#2422 = CARTESIAN_POINT('',(-4.05,-2.075,6.));
#2423 = VECTOR('',#2424,1.);
#2424 = DIRECTION('',(-0.,-0.,-1.));
#2425 = PLANE('',#2426);
#2426 = AXIS2_PLACEMENT_3D('',#2427,#2428,#2429);
#2427 = CARTESIAN_POINT('',(-4.05,-1.795,6.));
#2428 = DIRECTION('',(-1.,0.,0.));
#2429 = DIRECTION('',(0.,-1.,0.));
#2430 = ADVANCED_FACE('',(#2431),#2442,.F.);
#2431 = FACE_BOUND('',#2432,.F.);
#2432 = EDGE_LOOP('',(#2433,#2434,#2440,#2441));
#2433 = ORIENTED_EDGE('',*,*,#999,.T.);
#2434 = ORIENTED_EDGE('',*,*,#2435,.F.);
#2435 = EDGE_CURVE('',#351,#992,#2436,.T.);
#2436 = LINE('',#2437,#2438);
#2437 = CARTESIAN_POINT('',(-4.164910930839,-2.35,0.));
#2438 = VECTOR('',#2439,1.);
#2439 = DIRECTION('',(0.,1.,-2.22044604925E-16));
#2440 = ORIENTED_EDGE('',*,*,#350,.T.);
#2441 = ORIENTED_EDGE('',*,*,#2380,.T.);
#2442 = PLANE('',#2443);
#2443 = AXIS2_PLACEMENT_3D('',#2444,#2445,#2446);
#2444 = CARTESIAN_POINT('',(2.247880294322E-17,-2.749906893388E-16,0.));
#2445 = DIRECTION('',(0.,0.,1.));
#2446 = DIRECTION('',(1.,0.,0.));
#2447 = ADVANCED_FACE('',(#2448),#2491,.T.);
#2448 = FACE_BOUND('',#2449,.T.);
#2449 = EDGE_LOOP('',(#2450,#2460,#2468,#2475,#2476,#2477,#2485));
#2450 = ORIENTED_EDGE('',*,*,#2451,.F.);
#2451 = EDGE_CURVE('',#2452,#2454,#2456,.T.);
#2452 = VERTEX_POINT('',#2453);
#2453 = CARTESIAN_POINT('',(-7.,-1.15,6.));
#2454 = VERTEX_POINT('',#2455);
#2455 = CARTESIAN_POINT('',(-6.72,-1.15,6.));
#2456 = LINE('',#2457,#2458);
#2457 = CARTESIAN_POINT('',(-7.,-1.15,6.));
#2458 = VECTOR('',#2459,1.);
#2459 = DIRECTION('',(1.,0.,0.));
#2460 = ORIENTED_EDGE('',*,*,#2461,.T.);
#2461 = EDGE_CURVE('',#2452,#2462,#2464,.T.);
#2462 = VERTEX_POINT('',#2463);
#2463 = CARTESIAN_POINT('',(-7.,-2.15,6.));
#2464 = LINE('',#2465,#2466);
#2465 = CARTESIAN_POINT('',(-7.,2.15,6.));
#2466 = VECTOR('',#2467,1.);
#2467 = DIRECTION('',(0.,-1.,0.));
#2468 = ORIENTED_EDGE('',*,*,#2469,.T.);
#2469 = EDGE_CURVE('',#2462,#415,#2470,.T.);
#2470 = CIRCLE('',#2471,0.2);
#2471 = AXIS2_PLACEMENT_3D('',#2472,#2473,#2474);
#2472 = CARTESIAN_POINT('',(-6.8,-2.15,6.));
#2473 = DIRECTION('',(0.,0.,1.));
#2474 = DIRECTION('',(1.,0.,0.));
#2475 = ORIENTED_EDGE('',*,*,#422,.T.);
#2476 = ORIENTED_EDGE('',*,*,#2412,.F.);
#2477 = ORIENTED_EDGE('',*,*,#2478,.F.);
#2478 = EDGE_CURVE('',#2479,#2413,#2481,.T.);
#2479 = VERTEX_POINT('',#2480);
#2480 = CARTESIAN_POINT('',(-6.72,-2.075,6.));
#2481 = LINE('',#2482,#2483);
#2482 = CARTESIAN_POINT('',(-6.72,-2.075,6.));
#2483 = VECTOR('',#2484,1.);
#2484 = DIRECTION('',(1.,0.,0.));
#2485 = ORIENTED_EDGE('',*,*,#2486,.F.);
#2486 = EDGE_CURVE('',#2454,#2479,#2487,.T.);
#2487 = LINE('',#2488,#2489);
#2488 = CARTESIAN_POINT('',(-6.72,2.075,6.));
#2489 = VECTOR('',#2490,1.);
#2490 = DIRECTION('',(0.,-1.,0.));
#2491 = PLANE('',#2492);
#2492 = AXIS2_PLACEMENT_3D('',#2493,#2494,#2495);
#2493 = CARTESIAN_POINT('',(2.247880294322E-17,-2.749906893388E-16,6.));
#2494 = DIRECTION('',(0.,0.,1.));
#2495 = DIRECTION('',(1.,0.,0.));
#2496 = ADVANCED_FACE('',(#2497),#2508,.T.);
#2497 = FACE_BOUND('',#2498,.T.);
#2498 = EDGE_LOOP('',(#2499,#2500,#2506,#2507));
#2499 = ORIENTED_EDGE('',*,*,#358,.F.);
#2500 = ORIENTED_EDGE('',*,*,#2501,.T.);
#2501 = EDGE_CURVE('',#359,#984,#2502,.T.);
#2502 = LINE('',#2503,#2504);
#2503 = CARTESIAN_POINT('',(-4.2,-2.35,0.199));
#2504 = VECTOR('',#2505,1.);
#2505 = DIRECTION('',(0.,1.,-2.22044604925E-16));
#2506 = ORIENTED_EDGE('',*,*,#991,.T.);
#2507 = ORIENTED_EDGE('',*,*,#2435,.F.);
#2508 = PLANE('',#2509);
#2509 = AXIS2_PLACEMENT_3D('',#2510,#2511,#2512);
#2510 = CARTESIAN_POINT('',(-4.18245546542,-2.35,9.95E-02));
#2511 = DIRECTION('',(-0.984807753012,0.,-0.173648177667));
#2512 = DIRECTION('',(3.797186380058E-17,1.,-2.153491408292E-16));
#2513 = ADVANCED_FACE('',(#2514),#2533,.T.);
#2514 = FACE_BOUND('',#2515,.F.);
#2515 = EDGE_LOOP('',(#2516,#2524,#2525,#2526));
#2516 = ORIENTED_EDGE('',*,*,#2517,.T.);
#2517 = EDGE_CURVE('',#2518,#2462,#2520,.T.);
#2518 = VERTEX_POINT('',#2519);
#2519 = CARTESIAN_POINT('',(-7.,-2.15,0.));
#2520 = LINE('',#2521,#2522);
#2521 = CARTESIAN_POINT('',(-7.,-2.15,0.));
#2522 = VECTOR('',#2523,1.);
#2523 = DIRECTION('',(0.,0.,1.));
#2524 = ORIENTED_EDGE('',*,*,#2469,.T.);
#2525 = ORIENTED_EDGE('',*,*,#414,.F.);
#2526 = ORIENTED_EDGE('',*,*,#2527,.F.);
#2527 = EDGE_CURVE('',#2518,#407,#2528,.T.);
#2528 = CIRCLE('',#2529,0.2);
#2529 = AXIS2_PLACEMENT_3D('',#2530,#2531,#2532);
#2530 = CARTESIAN_POINT('',(-6.8,-2.15,0.));
#2531 = DIRECTION('',(0.,0.,1.));
#2532 = DIRECTION('',(1.,0.,0.));
#2533 = CYLINDRICAL_SURFACE('',#2534,0.2);
#2534 = AXIS2_PLACEMENT_3D('',#2535,#2536,#2537);
#2535 = CARTESIAN_POINT('',(-6.8,-2.15,0.));
#2536 = DIRECTION('',(-0.,-0.,-1.));
#2537 = DIRECTION('',(1.,0.,0.));
#2538 = ADVANCED_FACE('',(#2539),#2559,.F.);
#2539 = FACE_BOUND('',#2540,.F.);
#2540 = EDGE_LOOP('',(#2541,#2549,#2550,#2551,#2552,#2553));
#2541 = ORIENTED_EDGE('',*,*,#2542,.F.);
#2542 = EDGE_CURVE('',#367,#2543,#2545,.T.);
#2543 = VERTEX_POINT('',#2544);
#2544 = CARTESIAN_POINT('',(-4.2,-0.15,0.2));
#2545 = LINE('',#2546,#2547);
#2546 = CARTESIAN_POINT('',(-4.2,-2.35,0.2));
#2547 = VECTOR('',#2548,1.);
#2548 = DIRECTION('',(0.,1.,-2.22044604925E-16));
#2549 = ORIENTED_EDGE('',*,*,#366,.F.);
#2550 = ORIENTED_EDGE('',*,*,#2501,.T.);
#2551 = ORIENTED_EDGE('',*,*,#983,.T.);
#2552 = ORIENTED_EDGE('',*,*,#973,.T.);
#2553 = ORIENTED_EDGE('',*,*,#2554,.T.);
#2554 = EDGE_CURVE('',#976,#2543,#2555,.T.);
#2555 = LINE('',#2556,#2557);
#2556 = CARTESIAN_POINT('',(-4.2,-0.613143525741,0.125897035881));
#2557 = VECTOR('',#2558,1.);
#2558 = DIRECTION('',(0.,-0.987440631917,-0.157990501107));
#2559 = PLANE('',#2560);
#2560 = AXIS2_PLACEMENT_3D('',#2561,#2562,#2563);
#2561 = CARTESIAN_POINT('',(-4.2,-2.35,0.));
#2562 = DIRECTION('',(1.,0.,0.));
#2563 = DIRECTION('',(0.,2.22044604925E-16,1.));
#2564 = ADVANCED_FACE('',(#2565),#2607,.F.);
#2565 = FACE_BOUND('',#2566,.F.);
#2566 = EDGE_LOOP('',(#2567,#2568,#2577,#2583,#2584,#2585,#2593,#2601));
#2567 = ORIENTED_EDGE('',*,*,#1314,.T.);
#2568 = ORIENTED_EDGE('',*,*,#2569,.T.);
#2569 = EDGE_CURVE('',#1307,#2570,#2572,.T.);
#2570 = VERTEX_POINT('',#2571);
#2571 = CARTESIAN_POINT('',(-7.,2.15,0.));
#2572 = CIRCLE('',#2573,0.2);
#2573 = AXIS2_PLACEMENT_3D('',#2574,#2575,#2576);
#2574 = CARTESIAN_POINT('',(-6.8,2.15,0.));
#2575 = DIRECTION('',(0.,0.,1.));
#2576 = DIRECTION('',(1.,0.,0.));
#2577 = ORIENTED_EDGE('',*,*,#2578,.T.);
#2578 = EDGE_CURVE('',#2570,#2518,#2579,.T.);
#2579 = LINE('',#2580,#2581);
#2580 = CARTESIAN_POINT('',(-7.,2.15,0.));
#2581 = VECTOR('',#2582,1.);
#2582 = DIRECTION('',(0.,-1.,0.));
#2583 = ORIENTED_EDGE('',*,*,#2527,.T.);
#2584 = ORIENTED_EDGE('',*,*,#406,.T.);
#2585 = ORIENTED_EDGE('',*,*,#2586,.T.);
#2586 = EDGE_CURVE('',#399,#2587,#2589,.T.);
#2587 = VERTEX_POINT('',#2588);
#2588 = CARTESIAN_POINT('',(-6.4,-2.25,-2.22044604925E-17));
#2589 = LINE('',#2590,#2591);
#2590 = CARTESIAN_POINT('',(-6.4,-2.35,0.));
#2591 = VECTOR('',#2592,1.);
#2592 = DIRECTION('',(0.,1.,-2.22044604925E-16));
#2593 = ORIENTED_EDGE('',*,*,#2594,.T.);
#2594 = EDGE_CURVE('',#2587,#2595,#2597,.T.);
#2595 = VERTEX_POINT('',#2596);
#2596 = CARTESIAN_POINT('',(-5.835089069161,-2.25,6.938893903907E-17));
#2597 = LINE('',#2598,#2599);
#2598 = CARTESIAN_POINT('',(-6.4,-2.25,-2.22044604925E-17));
#2599 = VECTOR('',#2600,1.);
#2600 = DIRECTION('',(1.,0.,0.));
#2601 = ORIENTED_EDGE('',*,*,#2602,.T.);
#2602 = EDGE_CURVE('',#2595,#1315,#2603,.T.);
#2603 = LINE('',#2604,#2605);
#2604 = CARTESIAN_POINT('',(-5.835089069161,-2.25,0.));
#2605 = VECTOR('',#2606,1.);
#2606 = DIRECTION('',(0.,1.,-2.22044604925E-16));
#2607 = PLANE('',#2608);
#2608 = AXIS2_PLACEMENT_3D('',#2609,#2610,#2611);
#2609 = CARTESIAN_POINT('',(2.247880294322E-17,-2.749906893388E-16,0.));
#2610 = DIRECTION('',(0.,0.,1.));
#2611 = DIRECTION('',(1.,0.,0.));
#2612 = ADVANCED_FACE('',(#2613,#2647),#2672,.F.);
#2613 = FACE_BOUND('',#2614,.F.);
#2614 = EDGE_LOOP('',(#2615,#2625,#2633,#2639,#2640,#2641));
#2615 = ORIENTED_EDGE('',*,*,#2616,.F.);
#2616 = EDGE_CURVE('',#2617,#2619,#2621,.T.);
#2617 = VERTEX_POINT('',#2618);
#2618 = CARTESIAN_POINT('',(-5.8,-2.25,0.2));
#2619 = VERTEX_POINT('',#2620);
#2620 = CARTESIAN_POINT('',(-5.8,-0.15,0.2));
#2621 = LINE('',#2622,#2623);
#2622 = CARTESIAN_POINT('',(-5.8,-2.35,0.2));
#2623 = VECTOR('',#2624,1.);
#2624 = DIRECTION('',(0.,1.,-2.22044604925E-16));
#2625 = ORIENTED_EDGE('',*,*,#2626,.F.);
#2626 = EDGE_CURVE('',#2627,#2617,#2629,.T.);
#2627 = VERTEX_POINT('',#2628);
#2628 = CARTESIAN_POINT('',(-5.4,-2.25,0.2));
#2629 = LINE('',#2630,#2631);
#2630 = CARTESIAN_POINT('',(-2.1,-2.25,0.2));
#2631 = VECTOR('',#2632,1.);
#2632 = DIRECTION('',(-1.,0.,0.));
#2633 = ORIENTED_EDGE('',*,*,#2634,.F.);
#2634 = EDGE_CURVE('',#375,#2627,#2635,.T.);
#2635 = LINE('',#2636,#2637);
#2636 = CARTESIAN_POINT('',(-5.4,-2.35,0.2));
#2637 = VECTOR('',#2638,1.);
#2638 = DIRECTION('',(0.,1.,-2.22044604925E-16));
#2639 = ORIENTED_EDGE('',*,*,#374,.F.);
#2640 = ORIENTED_EDGE('',*,*,#2542,.T.);
#2641 = ORIENTED_EDGE('',*,*,#2642,.T.);
#2642 = EDGE_CURVE('',#2543,#2619,#2643,.T.);
#2643 = LINE('',#2644,#2645);
#2644 = CARTESIAN_POINT('',(-4.2,-0.15,0.2));
#2645 = VECTOR('',#2646,1.);
#2646 = DIRECTION('',(-1.,0.,0.));
#2647 = FACE_BOUND('',#2648,.F.);
#2648 = EDGE_LOOP('',(#2649,#2650,#2658,#2666));
#2649 = ORIENTED_EDGE('',*,*,#703,.F.);
#2650 = ORIENTED_EDGE('',*,*,#2651,.T.);
#2651 = EDGE_CURVE('',#704,#2652,#2654,.T.);
#2652 = VERTEX_POINT('',#2653);
#2653 = CARTESIAN_POINT('',(-4.75,-0.85,0.2));
#2654 = LINE('',#2655,#2656);
#2655 = CARTESIAN_POINT('',(-4.75,-1.6,0.2));
#2656 = VECTOR('',#2657,1.);
#2657 = DIRECTION('',(0.,-1.,2.22044604925E-16));
#2658 = ORIENTED_EDGE('',*,*,#2659,.T.);
#2659 = EDGE_CURVE('',#2652,#2660,#2662,.T.);
#2660 = VERTEX_POINT('',#2661);
#2661 = CARTESIAN_POINT('',(-5.25,-0.85,0.2));
#2662 = LINE('',#2663,#2664);
#2663 = CARTESIAN_POINT('',(-4.725,-0.85,0.2));
#2664 = VECTOR('',#2665,1.);
#2665 = DIRECTION('',(-1.,0.,0.));
#2666 = ORIENTED_EDGE('',*,*,#2667,.T.);
#2667 = EDGE_CURVE('',#2660,#696,#2668,.T.);
#2668 = LINE('',#2669,#2670);
#2669 = CARTESIAN_POINT('',(-5.25,-1.35,0.2));
#2670 = VECTOR('',#2671,1.);
#2671 = DIRECTION('',(0.,1.,-2.22044604925E-16));
#2672 = PLANE('',#2673);
#2673 = AXIS2_PLACEMENT_3D('',#2674,#2675,#2676);
#2674 = CARTESIAN_POINT('',(-4.2,-2.35,0.2));
#2675 = DIRECTION('',(0.,2.22044604925E-16,1.));
#2676 = DIRECTION('',(-1.,0.,0.));
#2677 = ADVANCED_FACE('',(#2678),#2703,.T.);
#2678 = FACE_BOUND('',#2679,.T.);
#2679 = EDGE_LOOP('',(#2680,#2681,#2682,#2688,#2689,#2697));
#2680 = ORIENTED_EDGE('',*,*,#398,.T.);
#2681 = ORIENTED_EDGE('',*,*,#2586,.T.);
#2682 = ORIENTED_EDGE('',*,*,#2683,.F.);
#2683 = EDGE_CURVE('',#2356,#2587,#2684,.T.);
#2684 = LINE('',#2685,#2686);
#2685 = CARTESIAN_POINT('',(-6.4,-2.25,1.8));
#2686 = VECTOR('',#2687,1.);
#2687 = DIRECTION('',(0.,-2.22044604925E-16,-1.));
#2688 = ORIENTED_EDGE('',*,*,#2355,.T.);
#2689 = ORIENTED_EDGE('',*,*,#2690,.F.);
#2690 = EDGE_CURVE('',#2691,#2348,#2693,.T.);
#2691 = VERTEX_POINT('',#2692);
#2692 = CARTESIAN_POINT('',(-6.4,-1.795,4.3));
#2693 = LINE('',#2694,#2695);
#2694 = CARTESIAN_POINT('',(-6.4,-1.795,1.8));
#2695 = VECTOR('',#2696,1.);
#2696 = DIRECTION('',(0.,0.,-1.));
#2697 = ORIENTED_EDGE('',*,*,#2698,.F.);
#2698 = EDGE_CURVE('',#391,#2691,#2699,.T.);
#2699 = LINE('',#2700,#2701);
#2700 = CARTESIAN_POINT('',(-6.4,-2.35,4.3));
#2701 = VECTOR('',#2702,1.);
#2702 = DIRECTION('',(0.,1.,-2.22044604925E-16));
#2703 = PLANE('',#2704);
#2704 = AXIS2_PLACEMENT_3D('',#2705,#2706,#2707);
#2705 = CARTESIAN_POINT('',(-6.4,-2.156846035015,2.234346035015));
#2706 = DIRECTION('',(1.,-9.609019513925E-16,-3.348053907132E-16));
#2707 = DIRECTION('',(9.609019513925E-16,1.,0.));
#2708 = ADVANCED_FACE('',(#2709),#2734,.T.);
#2709 = FACE_BOUND('',#2710,.T.);
#2710 = EDGE_LOOP('',(#2711,#2712,#2720,#2726,#2727,#2733));
#2711 = ORIENTED_EDGE('',*,*,#382,.F.);
#2712 = ORIENTED_EDGE('',*,*,#2713,.T.);
#2713 = EDGE_CURVE('',#383,#2714,#2716,.T.);
#2714 = VERTEX_POINT('',#2715);
#2715 = CARTESIAN_POINT('',(-5.4,-1.795,4.3));
#2716 = LINE('',#2717,#2718);
#2717 = CARTESIAN_POINT('',(-5.4,-2.35,4.3));
#2718 = VECTOR('',#2719,1.);
#2719 = DIRECTION('',(0.,1.,-2.22044604925E-16));
#2720 = ORIENTED_EDGE('',*,*,#2721,.F.);
#2721 = EDGE_CURVE('',#2173,#2714,#2722,.T.);
#2722 = LINE('',#2723,#2724);
#2723 = CARTESIAN_POINT('',(-5.4,-1.795,3.05));
#2724 = VECTOR('',#2725,1.);
#2725 = DIRECTION('',(0.,0.,1.));
#2726 = ORIENTED_EDGE('',*,*,#2170,.F.);
#2727 = ORIENTED_EDGE('',*,*,#2728,.F.);
#2728 = EDGE_CURVE('',#2627,#2171,#2729,.T.);
#2729 = LINE('',#2730,#2731);
#2730 = CARTESIAN_POINT('',(-5.4,-2.25,-2.22044604925E-17));
#2731 = VECTOR('',#2732,1.);
#2732 = DIRECTION('',(0.,2.22044604925E-16,1.));
#2733 = ORIENTED_EDGE('',*,*,#2634,.F.);
#2734 = PLANE('',#2735);
#2735 = AXIS2_PLACEMENT_3D('',#2736,#2737,#2738);
#2736 = CARTESIAN_POINT('',(-5.4,-2.150695488722,2.328195488722));
#2737 = DIRECTION('',(-1.,-0.,-0.));
#2738 = DIRECTION('',(0.,0.,-1.));
#2739 = ADVANCED_FACE('',(#2740),#2751,.T.);
#2740 = FACE_BOUND('',#2741,.T.);
#2741 = EDGE_LOOP('',(#2742,#2743,#2744,#2750));
#2742 = ORIENTED_EDGE('',*,*,#390,.F.);
#2743 = ORIENTED_EDGE('',*,*,#2698,.T.);
#2744 = ORIENTED_EDGE('',*,*,#2745,.F.);
#2745 = EDGE_CURVE('',#2714,#2691,#2746,.T.);
#2746 = LINE('',#2747,#2748);
#2747 = CARTESIAN_POINT('',(-6.42,-1.795,4.3));
#2748 = VECTOR('',#2749,1.);
#2749 = DIRECTION('',(-1.,0.,0.));
#2750 = ORIENTED_EDGE('',*,*,#2713,.F.);
#2751 = PLANE('',#2752);
#2752 = AXIS2_PLACEMENT_3D('',#2753,#2754,#2755);
#2753 = CARTESIAN_POINT('',(-6.4,-2.35,4.3));
#2754 = DIRECTION('',(0.,-2.22044604925E-16,-1.));
#2755 = DIRECTION('',(1.,0.,0.));
#2756 = ADVANCED_FACE('',(#2757),#2763,.T.);
#2757 = FACE_BOUND('',#2758,.T.);
#2758 = EDGE_LOOP('',(#2759,#2760,#2761,#2762));
#2759 = ORIENTED_EDGE('',*,*,#671,.F.);
#2760 = ORIENTED_EDGE('',*,*,#573,.T.);
#2761 = ORIENTED_EDGE('',*,*,#1274,.T.);
#2762 = ORIENTED_EDGE('',*,*,#1927,.F.);
#2763 = PLANE('',#2764);
#2764 = AXIS2_PLACEMENT_3D('',#2765,#2766,#2767);
#2765 = CARTESIAN_POINT('',(5.817544534579,-2.25,9.95E-02));
#2766 = DIRECTION('',(-0.984807753012,-4.337694007704E-19,
    -0.173648177667));
#2767 = DIRECTION('',(3.754468433168E-17,1.,-2.154244640952E-16));
#2768 = ADVANCED_FACE('',(#2769),#2791,.T.);
#2769 = FACE_BOUND('',#2770,.T.);
#2770 = EDGE_LOOP('',(#2771,#2772,#2773,#2781,#2787,#2788,#2789,#2790));
#2771 = ORIENTED_EDGE('',*,*,#2196,.F.);
#2772 = ORIENTED_EDGE('',*,*,#2116,.F.);
#2773 = ORIENTED_EDGE('',*,*,#2774,.T.);
#2774 = EDGE_CURVE('',#2117,#2775,#2777,.T.);
#2775 = VERTEX_POINT('',#2776);
#2776 = CARTESIAN_POINT('',(6.44,-1.795,5.999));
#2777 = LINE('',#2778,#2779);
#2778 = CARTESIAN_POINT('',(-6.44,-1.795,5.999));
#2779 = VECTOR('',#2780,1.);
#2780 = DIRECTION('',(1.,0.,0.));
#2781 = ORIENTED_EDGE('',*,*,#2782,.F.);
#2782 = EDGE_CURVE('',#2206,#2775,#2783,.T.);
#2783 = LINE('',#2784,#2785);
#2784 = CARTESIAN_POINT('',(6.44,-1.795,1.8));
#2785 = VECTOR('',#2786,1.);
#2786 = DIRECTION('',(0.,0.,1.));
#2787 = ORIENTED_EDGE('',*,*,#2205,.F.);
#2788 = ORIENTED_EDGE('',*,*,#1853,.T.);
#2789 = ORIENTED_EDGE('',*,*,#1812,.T.);
#2790 = ORIENTED_EDGE('',*,*,#622,.T.);
#2791 = PLANE('',#2792);
#2792 = AXIS2_PLACEMENT_3D('',#2793,#2794,#2795);
#2793 = CARTESIAN_POINT('',(-6.44,-1.795,1.8));
#2794 = DIRECTION('',(0.,1.,0.));
#2795 = DIRECTION('',(1.,0.,0.));
#2796 = ADVANCED_FACE('',(#2797),#2879,.T.);
#2797 = FACE_BOUND('',#2798,.T.);
#2798 = EDGE_LOOP('',(#2799,#2809,#2817,#2825,#2833,#2841,#2849,#2857,
    #2865,#2871,#2872,#2873));
#2799 = ORIENTED_EDGE('',*,*,#2800,.F.);
#2800 = EDGE_CURVE('',#2801,#2803,#2805,.T.);
#2801 = VERTEX_POINT('',#2802);
#2802 = CARTESIAN_POINT('',(-6.44,-5.E-02,1.4));
#2803 = VERTEX_POINT('',#2804);
#2804 = CARTESIAN_POINT('',(-6.44,-5.E-02,1.9));
#2805 = LINE('',#2806,#2807);
#2806 = CARTESIAN_POINT('',(-6.44,-5.E-02,1.8));
#2807 = VECTOR('',#2808,1.);
#2808 = DIRECTION('',(0.,0.,1.));
#2809 = ORIENTED_EDGE('',*,*,#2810,.F.);
#2810 = EDGE_CURVE('',#2811,#2801,#2813,.T.);
#2811 = VERTEX_POINT('',#2812);
#2812 = CARTESIAN_POINT('',(-6.44,1.795,1.4));
#2813 = LINE('',#2814,#2815);
#2814 = CARTESIAN_POINT('',(-6.44,1.795,1.4));
#2815 = VECTOR('',#2816,1.);
#2816 = DIRECTION('',(0.,-1.,0.));
#2817 = ORIENTED_EDGE('',*,*,#2818,.F.);
#2818 = EDGE_CURVE('',#2819,#2811,#2821,.T.);
#2819 = VERTEX_POINT('',#2820);
#2820 = CARTESIAN_POINT('',(-6.44,1.795,5.999));
#2821 = LINE('',#2822,#2823);
#2822 = CARTESIAN_POINT('',(-6.44,1.795,1.8));
#2823 = VECTOR('',#2824,1.);
#2824 = DIRECTION('',(-0.,-0.,-1.));
#2825 = ORIENTED_EDGE('',*,*,#2826,.T.);
#2826 = EDGE_CURVE('',#2819,#2827,#2829,.T.);
#2827 = VERTEX_POINT('',#2828);
#2828 = CARTESIAN_POINT('',(-6.44,-0.15,5.999));
#2829 = LINE('',#2830,#2831);
#2830 = CARTESIAN_POINT('',(-6.44,1.795,5.999));
#2831 = VECTOR('',#2832,1.);
#2832 = DIRECTION('',(0.,-1.,0.));
#2833 = ORIENTED_EDGE('',*,*,#2834,.T.);
#2834 = EDGE_CURVE('',#2827,#2835,#2837,.T.);
#2835 = VERTEX_POINT('',#2836);
#2836 = CARTESIAN_POINT('',(-6.44,-0.15,4.));
#2837 = LINE('',#2838,#2839);
#2838 = CARTESIAN_POINT('',(-6.44,-0.15,6.));
#2839 = VECTOR('',#2840,1.);
#2840 = DIRECTION('',(-0.,-0.,-1.));
#2841 = ORIENTED_EDGE('',*,*,#2842,.F.);
#2842 = EDGE_CURVE('',#2843,#2835,#2845,.T.);
#2843 = VERTEX_POINT('',#2844);
#2844 = CARTESIAN_POINT('',(-6.44,-1.15,4.));
#2845 = LINE('',#2846,#2847);
#2846 = CARTESIAN_POINT('',(-6.44,-1.15,4.));
#2847 = VECTOR('',#2848,1.);
#2848 = DIRECTION('',(0.,1.,0.));
#2849 = ORIENTED_EDGE('',*,*,#2850,.F.);
#2850 = EDGE_CURVE('',#2851,#2843,#2853,.T.);
#2851 = VERTEX_POINT('',#2852);
#2852 = CARTESIAN_POINT('',(-6.44,-1.15,5.999));
#2853 = LINE('',#2854,#2855);
#2854 = CARTESIAN_POINT('',(-6.44,-1.15,6.));
#2855 = VECTOR('',#2856,1.);
#2856 = DIRECTION('',(-0.,-0.,-1.));
#2857 = ORIENTED_EDGE('',*,*,#2858,.T.);
#2858 = EDGE_CURVE('',#2851,#2859,#2861,.T.);
#2859 = VERTEX_POINT('',#2860);
#2860 = CARTESIAN_POINT('',(-6.44,-1.795,5.999));
#2861 = LINE('',#2862,#2863);
#2862 = CARTESIAN_POINT('',(-6.44,1.795,5.999));
#2863 = VECTOR('',#2864,1.);
#2864 = DIRECTION('',(0.,-1.,0.));
#2865 = ORIENTED_EDGE('',*,*,#2866,.F.);
#2866 = EDGE_CURVE('',#2340,#2859,#2867,.T.);
#2867 = LINE('',#2868,#2869);
#2868 = CARTESIAN_POINT('',(-6.44,-1.795,1.8));
#2869 = VECTOR('',#2870,1.);
#2870 = DIRECTION('',(0.,0.,1.));
#2871 = ORIENTED_EDGE('',*,*,#2339,.F.);
#2872 = ORIENTED_EDGE('',*,*,#894,.T.);
#2873 = ORIENTED_EDGE('',*,*,#2874,.F.);
#2874 = EDGE_CURVE('',#2803,#887,#2875,.T.);
#2875 = LINE('',#2876,#2877);
#2876 = CARTESIAN_POINT('',(-6.44,-5.E-02,1.9));
#2877 = VECTOR('',#2878,1.);
#2878 = DIRECTION('',(0.,-1.,0.));
#2879 = PLANE('',#2880);
#2880 = AXIS2_PLACEMENT_3D('',#2881,#2882,#2883);
#2881 = CARTESIAN_POINT('',(-6.44,-9.431862363919E-02,3.872347006221));
#2882 = DIRECTION('',(1.,0.,0.));
#2883 = DIRECTION('',(0.,0.,1.));
#2884 = ADVANCED_FACE('',(#2885),#2903,.T.);
#2885 = FACE_BOUND('',#2886,.T.);
#2886 = EDGE_LOOP('',(#2887,#2895,#2901,#2902));
#2887 = ORIENTED_EDGE('',*,*,#2888,.T.);
#2888 = EDGE_CURVE('',#879,#2889,#2891,.T.);
#2889 = VERTEX_POINT('',#2890);
#2890 = CARTESIAN_POINT('',(6.44,-5.E-02,1.9));
#2891 = LINE('',#2892,#2893);
#2892 = CARTESIAN_POINT('',(6.44,-0.35,1.9));
#2893 = VECTOR('',#2894,1.);
#2894 = DIRECTION('',(0.,1.,0.));
#2895 = ORIENTED_EDGE('',*,*,#2896,.T.);
#2896 = EDGE_CURVE('',#2889,#2803,#2897,.T.);
#2897 = LINE('',#2898,#2899);
#2898 = CARTESIAN_POINT('',(6.44,-5.E-02,1.9));
#2899 = VECTOR('',#2900,1.);
#2900 = DIRECTION('',(-1.,0.,0.));
#2901 = ORIENTED_EDGE('',*,*,#2874,.T.);
#2902 = ORIENTED_EDGE('',*,*,#886,.T.);
#2903 = PLANE('',#2904);
#2904 = AXIS2_PLACEMENT_3D('',#2905,#2906,#2907);
#2905 = CARTESIAN_POINT('',(0.,-0.2,1.9));
#2906 = DIRECTION('',(0.,0.,1.));
#2907 = DIRECTION('',(1.,0.,0.));
#2908 = ADVANCED_FACE('',(#2909),#2977,.T.);
#2909 = FACE_BOUND('',#2910,.T.);
#2910 = EDGE_LOOP('',(#2911,#2912,#2913,#2921,#2929,#2937,#2945,#2953,
    #2961,#2969,#2975,#2976));
#2911 = ORIENTED_EDGE('',*,*,#2213,.F.);
#2912 = ORIENTED_EDGE('',*,*,#2782,.T.);
#2913 = ORIENTED_EDGE('',*,*,#2914,.T.);
#2914 = EDGE_CURVE('',#2775,#2915,#2917,.T.);
#2915 = VERTEX_POINT('',#2916);
#2916 = CARTESIAN_POINT('',(6.44,-1.15,5.999));
#2917 = LINE('',#2918,#2919);
#2918 = CARTESIAN_POINT('',(6.44,-1.795,5.999));
#2919 = VECTOR('',#2920,1.);
#2920 = DIRECTION('',(0.,1.,0.));
#2921 = ORIENTED_EDGE('',*,*,#2922,.T.);
#2922 = EDGE_CURVE('',#2915,#2923,#2925,.T.);
#2923 = VERTEX_POINT('',#2924);
#2924 = CARTESIAN_POINT('',(6.44,-1.15,4.));
#2925 = LINE('',#2926,#2927);
#2926 = CARTESIAN_POINT('',(6.44,-1.15,6.));
#2927 = VECTOR('',#2928,1.);
#2928 = DIRECTION('',(-0.,-0.,-1.));
#2929 = ORIENTED_EDGE('',*,*,#2930,.F.);
#2930 = EDGE_CURVE('',#2931,#2923,#2933,.T.);
#2931 = VERTEX_POINT('',#2932);
#2932 = CARTESIAN_POINT('',(6.44,-0.15,4.));
#2933 = LINE('',#2934,#2935);
#2934 = CARTESIAN_POINT('',(6.44,-0.15,4.));
#2935 = VECTOR('',#2936,1.);
#2936 = DIRECTION('',(0.,-1.,0.));
#2937 = ORIENTED_EDGE('',*,*,#2938,.F.);
#2938 = EDGE_CURVE('',#2939,#2931,#2941,.T.);
#2939 = VERTEX_POINT('',#2940);
#2940 = CARTESIAN_POINT('',(6.44,-0.15,5.999));
#2941 = LINE('',#2942,#2943);
#2942 = CARTESIAN_POINT('',(6.44,-0.15,6.));
#2943 = VECTOR('',#2944,1.);
#2944 = DIRECTION('',(-0.,-0.,-1.));
#2945 = ORIENTED_EDGE('',*,*,#2946,.T.);
#2946 = EDGE_CURVE('',#2939,#2947,#2949,.T.);
#2947 = VERTEX_POINT('',#2948);
#2948 = CARTESIAN_POINT('',(6.44,1.795,5.999));
#2949 = LINE('',#2950,#2951);
#2950 = CARTESIAN_POINT('',(6.44,-1.795,5.999));
#2951 = VECTOR('',#2952,1.);
#2952 = DIRECTION('',(0.,1.,0.));
#2953 = ORIENTED_EDGE('',*,*,#2954,.F.);
#2954 = EDGE_CURVE('',#2955,#2947,#2957,.T.);
#2955 = VERTEX_POINT('',#2956);
#2956 = CARTESIAN_POINT('',(6.44,1.795,1.4));
#2957 = LINE('',#2958,#2959);
#2958 = CARTESIAN_POINT('',(6.44,1.795,1.8));
#2959 = VECTOR('',#2960,1.);
#2960 = DIRECTION('',(0.,0.,1.));
#2961 = ORIENTED_EDGE('',*,*,#2962,.F.);
#2962 = EDGE_CURVE('',#2963,#2955,#2965,.T.);
#2963 = VERTEX_POINT('',#2964);
#2964 = CARTESIAN_POINT('',(6.44,-5.E-02,1.4));
#2965 = LINE('',#2966,#2967);
#2966 = CARTESIAN_POINT('',(6.44,-5.E-02,1.4));
#2967 = VECTOR('',#2968,1.);
#2968 = DIRECTION('',(0.,1.,0.));
#2969 = ORIENTED_EDGE('',*,*,#2970,.F.);
#2970 = EDGE_CURVE('',#2889,#2963,#2971,.T.);
#2971 = LINE('',#2972,#2973);
#2972 = CARTESIAN_POINT('',(6.44,-5.E-02,1.8));
#2973 = VECTOR('',#2974,1.);
#2974 = DIRECTION('',(-0.,-0.,-1.));
#2975 = ORIENTED_EDGE('',*,*,#2888,.F.);
#2976 = ORIENTED_EDGE('',*,*,#878,.F.);
#2977 = PLANE('',#2978);
#2978 = AXIS2_PLACEMENT_3D('',#2979,#2980,#2981);
#2979 = CARTESIAN_POINT('',(6.44,-9.431862363919E-02,3.872347006221));
#2980 = DIRECTION('',(-1.,-0.,-0.));
#2981 = DIRECTION('',(0.,0.,-1.));
#2982 = ADVANCED_FACE('',(#2983),#2994,.T.);
#2983 = FACE_BOUND('',#2984,.T.);
#2984 = EDGE_LOOP('',(#2985,#2986,#2987,#2988));
#2985 = ORIENTED_EDGE('',*,*,#2224,.F.);
#2986 = ORIENTED_EDGE('',*,*,#839,.T.);
#2987 = ORIENTED_EDGE('',*,*,#1520,.T.);
#2988 = ORIENTED_EDGE('',*,*,#2989,.F.);
#2989 = EDGE_CURVE('',#2225,#1513,#2990,.T.);
#2990 = LINE('',#2991,#2992);
#2991 = CARTESIAN_POINT('',(3.25,-0.85,1.8));
#2992 = VECTOR('',#2993,1.);
#2993 = DIRECTION('',(-0.,-0.,-1.));
#2994 = PLANE('',#2995);
#2995 = AXIS2_PLACEMENT_3D('',#2996,#2997,#2998);
#2996 = CARTESIAN_POINT('',(3.25,-0.35,1.8));
#2997 = DIRECTION('',(-1.,0.,0.));
#2998 = DIRECTION('',(0.,-1.,0.));
#2999 = ADVANCED_FACE('',(#3000),#3011,.T.);
#3000 = FACE_BOUND('',#3001,.T.);
#3001 = EDGE_LOOP('',(#3002,#3003,#3009,#3010));
#3002 = ORIENTED_EDGE('',*,*,#2240,.F.);
#3003 = ORIENTED_EDGE('',*,*,#3004,.T.);
#3004 = EDGE_CURVE('',#2233,#1505,#3005,.T.);
#3005 = LINE('',#3006,#3007);
#3006 = CARTESIAN_POINT('',(2.75,-0.85,1.8));
#3007 = VECTOR('',#3008,1.);
#3008 = DIRECTION('',(-0.,-0.,-1.));
#3009 = ORIENTED_EDGE('',*,*,#1504,.T.);
#3010 = ORIENTED_EDGE('',*,*,#823,.F.);
#3011 = PLANE('',#3012);
#3012 = AXIS2_PLACEMENT_3D('',#3013,#3014,#3015);
#3013 = CARTESIAN_POINT('',(2.75,-0.85,1.8));
#3014 = DIRECTION('',(1.,0.,0.));
#3015 = DIRECTION('',(0.,1.,0.));
#3016 = ADVANCED_FACE('',(#3017),#3028,.T.);
#3017 = FACE_BOUND('',#3018,.T.);
#3018 = EDGE_LOOP('',(#3019,#3020,#3021,#3022));
#3019 = ORIENTED_EDGE('',*,*,#2247,.F.);
#3020 = ORIENTED_EDGE('',*,*,#807,.T.);
#3021 = ORIENTED_EDGE('',*,*,#1569,.T.);
#3022 = ORIENTED_EDGE('',*,*,#3023,.F.);
#3023 = EDGE_CURVE('',#2248,#1562,#3024,.T.);
#3024 = LINE('',#3025,#3026);
#3025 = CARTESIAN_POINT('',(1.25,-0.85,1.8));
#3026 = VECTOR('',#3027,1.);
#3027 = DIRECTION('',(-0.,-0.,-1.));
#3028 = PLANE('',#3029);
#3029 = AXIS2_PLACEMENT_3D('',#3030,#3031,#3032);
#3030 = CARTESIAN_POINT('',(1.25,-0.35,1.8));
#3031 = DIRECTION('',(-1.,0.,0.));
#3032 = DIRECTION('',(0.,-1.,0.));
#3033 = ADVANCED_FACE('',(#3034),#3045,.T.);
#3034 = FACE_BOUND('',#3035,.T.);
#3035 = EDGE_LOOP('',(#3036,#3037,#3043,#3044));
#3036 = ORIENTED_EDGE('',*,*,#2263,.F.);
#3037 = ORIENTED_EDGE('',*,*,#3038,.T.);
#3038 = EDGE_CURVE('',#2256,#1554,#3039,.T.);
#3039 = LINE('',#3040,#3041);
#3040 = CARTESIAN_POINT('',(0.75,-0.85,1.8));
#3041 = VECTOR('',#3042,1.);
#3042 = DIRECTION('',(-0.,-0.,-1.));
#3043 = ORIENTED_EDGE('',*,*,#1553,.T.);
#3044 = ORIENTED_EDGE('',*,*,#791,.F.);
#3045 = PLANE('',#3046);
#3046 = AXIS2_PLACEMENT_3D('',#3047,#3048,#3049);
#3047 = CARTESIAN_POINT('',(0.75,-0.85,1.8));
#3048 = DIRECTION('',(1.,0.,0.));
#3049 = DIRECTION('',(0.,1.,0.));
#3050 = ADVANCED_FACE('',(#3051),#3062,.F.);
#3051 = FACE_BOUND('',#3052,.F.);
#3052 = EDGE_LOOP('',(#3053,#3054,#3060,#3061));
#3053 = ORIENTED_EDGE('',*,*,#2270,.F.);
#3054 = ORIENTED_EDGE('',*,*,#3055,.T.);
#3055 = EDGE_CURVE('',#2271,#1757,#3056,.T.);
#3056 = LINE('',#3057,#3058);
#3057 = CARTESIAN_POINT('',(-0.75,-0.85,1.8));
#3058 = VECTOR('',#3059,1.);
#3059 = DIRECTION('',(-0.,-0.,-1.));
#3060 = ORIENTED_EDGE('',*,*,#1756,.F.);
#3061 = ORIENTED_EDGE('',*,*,#775,.F.);
#3062 = PLANE('',#3063);
#3063 = AXIS2_PLACEMENT_3D('',#3064,#3065,#3066);
#3064 = CARTESIAN_POINT('',(-0.75,-0.85,1.8));
#3065 = DIRECTION('',(1.,0.,0.));
#3066 = DIRECTION('',(0.,1.,0.));
#3067 = ADVANCED_FACE('',(#3068),#3079,.F.);
#3068 = FACE_BOUND('',#3069,.F.);
#3069 = EDGE_LOOP('',(#3070,#3071,#3072,#3073));
#3070 = ORIENTED_EDGE('',*,*,#2286,.F.);
#3071 = ORIENTED_EDGE('',*,*,#759,.T.);
#3072 = ORIENTED_EDGE('',*,*,#1772,.F.);
#3073 = ORIENTED_EDGE('',*,*,#3074,.F.);
#3074 = EDGE_CURVE('',#2279,#1765,#3075,.T.);
#3075 = LINE('',#3076,#3077);
#3076 = CARTESIAN_POINT('',(-1.25,-0.85,1.8));
#3077 = VECTOR('',#3078,1.);
#3078 = DIRECTION('',(-0.,-0.,-1.));
#3079 = PLANE('',#3080);
#3080 = AXIS2_PLACEMENT_3D('',#3081,#3082,#3083);
#3081 = CARTESIAN_POINT('',(-1.25,-0.35,1.8));
#3082 = DIRECTION('',(-1.,0.,0.));
#3083 = DIRECTION('',(0.,-1.,0.));
#3084 = ADVANCED_FACE('',(#3085),#3096,.F.);
#3085 = FACE_BOUND('',#3086,.F.);
#3086 = EDGE_LOOP('',(#3087,#3088,#3094,#3095));
#3087 = ORIENTED_EDGE('',*,*,#2293,.F.);
#3088 = ORIENTED_EDGE('',*,*,#3089,.T.);
#3089 = EDGE_CURVE('',#2294,#2077,#3090,.T.);
#3090 = LINE('',#3091,#3092);
#3091 = CARTESIAN_POINT('',(-2.75,-0.85,1.8));
#3092 = VECTOR('',#3093,1.);
#3093 = DIRECTION('',(-0.,-0.,-1.));
#3094 = ORIENTED_EDGE('',*,*,#2076,.F.);
#3095 = ORIENTED_EDGE('',*,*,#743,.F.);
#3096 = PLANE('',#3097);
#3097 = AXIS2_PLACEMENT_3D('',#3098,#3099,#3100);
#3098 = CARTESIAN_POINT('',(-2.75,-0.85,1.8));
#3099 = DIRECTION('',(1.,0.,0.));
#3100 = DIRECTION('',(0.,1.,0.));
#3101 = ADVANCED_FACE('',(#3102),#3113,.F.);
#3102 = FACE_BOUND('',#3103,.F.);
#3103 = EDGE_LOOP('',(#3104,#3105,#3106,#3107));
#3104 = ORIENTED_EDGE('',*,*,#2309,.F.);
#3105 = ORIENTED_EDGE('',*,*,#727,.T.);
#3106 = ORIENTED_EDGE('',*,*,#2092,.F.);
#3107 = ORIENTED_EDGE('',*,*,#3108,.F.);
#3108 = EDGE_CURVE('',#2302,#2085,#3109,.T.);
#3109 = LINE('',#3110,#3111);
#3110 = CARTESIAN_POINT('',(-3.25,-0.85,1.8));
#3111 = VECTOR('',#3112,1.);
#3112 = DIRECTION('',(-0.,-0.,-1.));
#3113 = PLANE('',#3114);
#3114 = AXIS2_PLACEMENT_3D('',#3115,#3116,#3117);
#3115 = CARTESIAN_POINT('',(-3.25,-0.35,1.8));
#3116 = DIRECTION('',(-1.,0.,0.));
#3117 = DIRECTION('',(0.,-1.,0.));
#3118 = ADVANCED_FACE('',(#3119),#3130,.F.);
#3119 = FACE_BOUND('',#3120,.F.);
#3120 = EDGE_LOOP('',(#3121,#3122,#3128,#3129));
#3121 = ORIENTED_EDGE('',*,*,#2316,.F.);
#3122 = ORIENTED_EDGE('',*,*,#3123,.T.);
#3123 = EDGE_CURVE('',#2317,#2652,#3124,.T.);
#3124 = LINE('',#3125,#3126);
#3125 = CARTESIAN_POINT('',(-4.75,-0.85,1.8));
#3126 = VECTOR('',#3127,1.);
#3127 = DIRECTION('',(-0.,-0.,-1.));
#3128 = ORIENTED_EDGE('',*,*,#2651,.F.);
#3129 = ORIENTED_EDGE('',*,*,#711,.F.);
#3130 = PLANE('',#3131);
#3131 = AXIS2_PLACEMENT_3D('',#3132,#3133,#3134);
#3132 = CARTESIAN_POINT('',(-4.75,-0.85,1.8));
#3133 = DIRECTION('',(1.,0.,0.));
#3134 = DIRECTION('',(0.,1.,0.));
#3135 = ADVANCED_FACE('',(#3136),#3147,.F.);
#3136 = FACE_BOUND('',#3137,.F.);
#3137 = EDGE_LOOP('',(#3138,#3139,#3140,#3141));
#3138 = ORIENTED_EDGE('',*,*,#2332,.F.);
#3139 = ORIENTED_EDGE('',*,*,#695,.T.);
#3140 = ORIENTED_EDGE('',*,*,#2667,.F.);
#3141 = ORIENTED_EDGE('',*,*,#3142,.F.);
#3142 = EDGE_CURVE('',#2325,#2660,#3143,.T.);
#3143 = LINE('',#3144,#3145);
#3144 = CARTESIAN_POINT('',(-5.25,-0.85,1.8));
#3145 = VECTOR('',#3146,1.);
#3146 = DIRECTION('',(-0.,-0.,-1.));
#3147 = PLANE('',#3148);
#3148 = AXIS2_PLACEMENT_3D('',#3149,#3150,#3151);
#3149 = CARTESIAN_POINT('',(-5.25,-0.35,1.8));
#3150 = DIRECTION('',(-1.,0.,0.));
#3151 = DIRECTION('',(0.,-1.,0.));
#3152 = ADVANCED_FACE('',(#3153),#3164,.T.);
#3153 = FACE_BOUND('',#3154,.F.);
#3154 = EDGE_LOOP('',(#3155,#3156,#3157,#3163));
#3155 = ORIENTED_EDGE('',*,*,#2554,.F.);
#3156 = ORIENTED_EDGE('',*,*,#1346,.T.);
#3157 = ORIENTED_EDGE('',*,*,#3158,.T.);
#3158 = EDGE_CURVE('',#1339,#2619,#3159,.T.);
#3159 = LINE('',#3160,#3161);
#3160 = CARTESIAN_POINT('',(-5.8,-0.597542901716,0.128393135725));
#3161 = VECTOR('',#3162,1.);
#3162 = DIRECTION('',(-0.,-0.987440631917,-0.157990501107));
#3163 = ORIENTED_EDGE('',*,*,#2642,.F.);
#3164 = PLANE('',#3165);
#3165 = AXIS2_PLACEMENT_3D('',#3166,#3167,#3168);
#3166 = CARTESIAN_POINT('',(-4.2,1.1,0.4));
#3167 = DIRECTION('',(0.,0.157990501107,-0.987440631917));
#3168 = DIRECTION('',(1.,-0.,-0.));
#3169 = ADVANCED_FACE('',(#3170),#3190,.F.);
#3170 = FACE_BOUND('',#3171,.F.);
#3171 = EDGE_LOOP('',(#3172,#3173,#3174,#3175,#3176,#3184));
#3172 = ORIENTED_EDGE('',*,*,#2616,.T.);
#3173 = ORIENTED_EDGE('',*,*,#3158,.F.);
#3174 = ORIENTED_EDGE('',*,*,#1338,.F.);
#3175 = ORIENTED_EDGE('',*,*,#1330,.T.);
#3176 = ORIENTED_EDGE('',*,*,#3177,.F.);
#3177 = EDGE_CURVE('',#3178,#1323,#3180,.T.);
#3178 = VERTEX_POINT('',#3179);
#3179 = CARTESIAN_POINT('',(-5.8,-2.25,0.199));
#3180 = LINE('',#3181,#3182);
#3181 = CARTESIAN_POINT('',(-5.8,-2.25,0.199));
#3182 = VECTOR('',#3183,1.);
#3183 = DIRECTION('',(0.,1.,-2.22044604925E-16));
#3184 = ORIENTED_EDGE('',*,*,#3185,.F.);
#3185 = EDGE_CURVE('',#2617,#3178,#3186,.T.);
#3186 = LINE('',#3187,#3188);
#3187 = CARTESIAN_POINT('',(-5.8,-2.25,0.55));
#3188 = VECTOR('',#3189,1.);
#3189 = DIRECTION('',(-0.,-2.467162276945E-16,-1.));
#3190 = PLANE('',#3191);
#3191 = AXIS2_PLACEMENT_3D('',#3192,#3193,#3194);
#3192 = CARTESIAN_POINT('',(-5.8,-2.35,0.2));
#3193 = DIRECTION('',(-1.,0.,0.));
#3194 = DIRECTION('',(0.,-2.22044604925E-16,-1.));
#3195 = ADVANCED_FACE('',(#3196),#3207,.T.);
#3196 = FACE_BOUND('',#3197,.F.);
#3197 = EDGE_LOOP('',(#3198,#3204,#3205,#3206));
#3198 = ORIENTED_EDGE('',*,*,#3199,.F.);
#3199 = EDGE_CURVE('',#3178,#2595,#3200,.T.);
#3200 = LINE('',#3201,#3202);
#3201 = CARTESIAN_POINT('',(-5.661387537312,-2.25,0.985110339615));
#3202 = VECTOR('',#3203,1.);
#3203 = DIRECTION('',(-0.173648177667,-2.429680538274E-16,
    -0.984807753012));
#3204 = ORIENTED_EDGE('',*,*,#3177,.T.);
#3205 = ORIENTED_EDGE('',*,*,#1322,.T.);
#3206 = ORIENTED_EDGE('',*,*,#2602,.F.);
#3207 = PLANE('',#3208);
#3208 = AXIS2_PLACEMENT_3D('',#3209,#3210,#3211);
#3209 = CARTESIAN_POINT('',(-5.817544534581,-2.25,9.95E-02));
#3210 = DIRECTION('',(0.984807753012,4.337694007704E-19,-0.173648177667)
  );
#3211 = DIRECTION('',(3.839904326947E-17,-1.,2.152738175632E-16));
#3212 = ADVANCED_FACE('',(#3213),#3232,.T.);
#3213 = FACE_BOUND('',#3214,.F.);
#3214 = EDGE_LOOP('',(#3215,#3216,#3225,#3231));
#3215 = ORIENTED_EDGE('',*,*,#1306,.T.);
#3216 = ORIENTED_EDGE('',*,*,#3217,.T.);
#3217 = EDGE_CURVE('',#1299,#3218,#3220,.T.);
#3218 = VERTEX_POINT('',#3219);
#3219 = CARTESIAN_POINT('',(-7.,2.15,6.));
#3220 = CIRCLE('',#3221,0.2);
#3221 = AXIS2_PLACEMENT_3D('',#3222,#3223,#3224);
#3222 = CARTESIAN_POINT('',(-6.8,2.15,6.));
#3223 = DIRECTION('',(0.,0.,1.));
#3224 = DIRECTION('',(1.,0.,0.));
#3225 = ORIENTED_EDGE('',*,*,#3226,.F.);
#3226 = EDGE_CURVE('',#2570,#3218,#3227,.T.);
#3227 = LINE('',#3228,#3229);
#3228 = CARTESIAN_POINT('',(-7.,2.15,0.));
#3229 = VECTOR('',#3230,1.);
#3230 = DIRECTION('',(0.,0.,1.));
#3231 = ORIENTED_EDGE('',*,*,#2569,.F.);
#3232 = CYLINDRICAL_SURFACE('',#3233,0.2);
#3233 = AXIS2_PLACEMENT_3D('',#3234,#3235,#3236);
#3234 = CARTESIAN_POINT('',(-6.8,2.15,0.));
#3235 = DIRECTION('',(-0.,-0.,-1.));
#3236 = DIRECTION('',(1.,0.,0.));
#3237 = ADVANCED_FACE('',(#3238),#3244,.T.);
#3238 = FACE_BOUND('',#3239,.F.);
#3239 = EDGE_LOOP('',(#3240,#3241,#3242,#3243));
#3240 = ORIENTED_EDGE('',*,*,#1995,.F.);
#3241 = ORIENTED_EDGE('',*,*,#1031,.T.);
#3242 = ORIENTED_EDGE('',*,*,#2147,.T.);
#3243 = ORIENTED_EDGE('',*,*,#2067,.F.);
#3244 = PLANE('',#3245);
#3245 = AXIS2_PLACEMENT_3D('',#3246,#3247,#3248);
#3246 = CARTESIAN_POINT('',(-2.2,1.1,0.4));
#3247 = DIRECTION('',(0.,0.157990501107,-0.987440631917));
#3248 = DIRECTION('',(1.,-0.,-0.));
#3249 = ADVANCED_FACE('',(#3250),#3317,.T.);
#3250 = FACE_BOUND('',#3251,.T.);
#3251 = EDGE_LOOP('',(#3252,#3253,#3254,#3262,#3270,#3278,#3286,#3294,
    #3302,#3310));
#3252 = ORIENTED_EDGE('',*,*,#1298,.T.);
#3253 = ORIENTED_EDGE('',*,*,#3217,.T.);
#3254 = ORIENTED_EDGE('',*,*,#3255,.T.);
#3255 = EDGE_CURVE('',#3218,#3256,#3258,.T.);
#3256 = VERTEX_POINT('',#3257);
#3257 = CARTESIAN_POINT('',(-7.,-0.15,6.));
#3258 = LINE('',#3259,#3260);
#3259 = CARTESIAN_POINT('',(-7.,2.15,6.));
#3260 = VECTOR('',#3261,1.);
#3261 = DIRECTION('',(0.,-1.,0.));
#3262 = ORIENTED_EDGE('',*,*,#3263,.F.);
#3263 = EDGE_CURVE('',#3264,#3256,#3266,.T.);
#3264 = VERTEX_POINT('',#3265);
#3265 = CARTESIAN_POINT('',(-6.72,-0.15,6.));
#3266 = LINE('',#3267,#3268);
#3267 = CARTESIAN_POINT('',(-6.44,-0.15,6.));
#3268 = VECTOR('',#3269,1.);
#3269 = DIRECTION('',(-1.,0.,0.));
#3270 = ORIENTED_EDGE('',*,*,#3271,.F.);
#3271 = EDGE_CURVE('',#3272,#3264,#3274,.T.);
#3272 = VERTEX_POINT('',#3273);
#3273 = CARTESIAN_POINT('',(-6.72,2.075,6.));
#3274 = LINE('',#3275,#3276);
#3275 = CARTESIAN_POINT('',(-6.72,2.075,6.));
#3276 = VECTOR('',#3277,1.);
#3277 = DIRECTION('',(0.,-1.,0.));
#3278 = ORIENTED_EDGE('',*,*,#3279,.F.);
#3279 = EDGE_CURVE('',#3280,#3272,#3282,.T.);
#3280 = VERTEX_POINT('',#3281);
#3281 = CARTESIAN_POINT('',(6.72,2.075,6.));
#3282 = LINE('',#3283,#3284);
#3283 = CARTESIAN_POINT('',(6.72,2.075,6.));
#3284 = VECTOR('',#3285,1.);
#3285 = DIRECTION('',(-1.,0.,0.));
#3286 = ORIENTED_EDGE('',*,*,#3287,.F.);
#3287 = EDGE_CURVE('',#3288,#3280,#3290,.T.);
#3288 = VERTEX_POINT('',#3289);
#3289 = CARTESIAN_POINT('',(6.72,-0.15,6.));
#3290 = LINE('',#3291,#3292);
#3291 = CARTESIAN_POINT('',(6.72,-2.075,6.));
#3292 = VECTOR('',#3293,1.);
#3293 = DIRECTION('',(0.,1.,0.));
#3294 = ORIENTED_EDGE('',*,*,#3295,.F.);
#3295 = EDGE_CURVE('',#3296,#3288,#3298,.T.);
#3296 = VERTEX_POINT('',#3297);
#3297 = CARTESIAN_POINT('',(7.,-0.15,6.));
#3298 = LINE('',#3299,#3300);
#3299 = CARTESIAN_POINT('',(7.,-0.15,6.));
#3300 = VECTOR('',#3301,1.);
#3301 = DIRECTION('',(-1.,0.,0.));
#3302 = ORIENTED_EDGE('',*,*,#3303,.T.);
#3303 = EDGE_CURVE('',#3296,#3304,#3306,.T.);
#3304 = VERTEX_POINT('',#3305);
#3305 = CARTESIAN_POINT('',(7.,2.15,6.));
#3306 = LINE('',#3307,#3308);
#3307 = CARTESIAN_POINT('',(7.,-2.15,6.));
#3308 = VECTOR('',#3309,1.);
#3309 = DIRECTION('',(0.,1.,0.));
#3310 = ORIENTED_EDGE('',*,*,#3311,.T.);
#3311 = EDGE_CURVE('',#3304,#1291,#3312,.T.);
#3312 = CIRCLE('',#3313,0.2);
#3313 = AXIS2_PLACEMENT_3D('',#3314,#3315,#3316);
#3314 = CARTESIAN_POINT('',(6.8,2.15,6.));
#3315 = DIRECTION('',(0.,0.,1.));
#3316 = DIRECTION('',(1.,0.,0.));
#3317 = PLANE('',#3318);
#3318 = AXIS2_PLACEMENT_3D('',#3319,#3320,#3321);
#3319 = CARTESIAN_POINT('',(2.247880294322E-17,-2.749906893388E-16,6.));
#3320 = DIRECTION('',(0.,0.,1.));
#3321 = DIRECTION('',(1.,0.,0.));
#3322 = ADVANCED_FACE('',(#3323),#3334,.T.);
#3323 = FACE_BOUND('',#3324,.F.);
#3324 = EDGE_LOOP('',(#3325,#3331,#3332,#3333));
#3325 = ORIENTED_EDGE('',*,*,#3326,.T.);
#3326 = EDGE_CURVE('',#1912,#3304,#3327,.T.);
#3327 = LINE('',#3328,#3329);
#3328 = CARTESIAN_POINT('',(7.,2.15,0.));
#3329 = VECTOR('',#3330,1.);
#3330 = DIRECTION('',(0.,0.,1.));
#3331 = ORIENTED_EDGE('',*,*,#3311,.T.);
#3332 = ORIENTED_EDGE('',*,*,#1290,.F.);
#3333 = ORIENTED_EDGE('',*,*,#1919,.F.);
#3334 = CYLINDRICAL_SURFACE('',#3335,0.2);
#3335 = AXIS2_PLACEMENT_3D('',#3336,#3337,#3338);
#3336 = CARTESIAN_POINT('',(6.8,2.15,0.));
#3337 = DIRECTION('',(-0.,-0.,-1.));
#3338 = DIRECTION('',(1.,0.,0.));
#3339 = ADVANCED_FACE('',(#3340),#3346,.T.);
#3340 = FACE_BOUND('',#3341,.F.);
#3341 = EDGE_LOOP('',(#3342,#3343,#3344,#3345));
#3342 = ORIENTED_EDGE('',*,*,#1723,.F.);
#3343 = ORIENTED_EDGE('',*,*,#1095,.T.);
#3344 = ORIENTED_EDGE('',*,*,#1787,.T.);
#3345 = ORIENTED_EDGE('',*,*,#1747,.F.);
#3346 = PLANE('',#3347);
#3347 = AXIS2_PLACEMENT_3D('',#3348,#3349,#3350);
#3348 = CARTESIAN_POINT('',(-0.2,1.1,0.4));
#3349 = DIRECTION('',(0.,0.157990501107,-0.987440631917));
#3350 = DIRECTION('',(1.,-0.,-0.));
#3351 = ADVANCED_FACE('',(#3352),#3358,.F.);
#3352 = FACE_BOUND('',#3353,.T.);
#3353 = EDGE_LOOP('',(#3354,#3355,#3356,#3357));
#3354 = ORIENTED_EDGE('',*,*,#1445,.F.);
#3355 = ORIENTED_EDGE('',*,*,#1223,.T.);
#3356 = ORIENTED_EDGE('',*,*,#1584,.T.);
#3357 = ORIENTED_EDGE('',*,*,#1495,.F.);
#3358 = PLANE('',#3359);
#3359 = AXIS2_PLACEMENT_3D('',#3360,#3361,#3362);
#3360 = CARTESIAN_POINT('',(2.2,1.1,0.4));
#3361 = DIRECTION('',(0.,-0.157990501107,0.987440631917));
#3362 = DIRECTION('',(-1.,-0.,-0.));
#3363 = ADVANCED_FACE('',(#3364),#3370,.F.);
#3364 = FACE_BOUND('',#3365,.T.);
#3365 = EDGE_LOOP('',(#3366,#3367,#3368,#3369));
#3366 = ORIENTED_EDGE('',*,*,#1617,.F.);
#3367 = ORIENTED_EDGE('',*,*,#1159,.T.);
#3368 = ORIENTED_EDGE('',*,*,#1467,.T.);
#3369 = ORIENTED_EDGE('',*,*,#1544,.F.);
#3370 = PLANE('',#3371);
#3371 = AXIS2_PLACEMENT_3D('',#3372,#3373,#3374);
#3372 = CARTESIAN_POINT('',(0.2,1.1,0.4));
#3373 = DIRECTION('',(0.,-0.157990501107,0.987440631917));
#3374 = DIRECTION('',(-1.,-0.,-0.));
#3375 = ADVANCED_FACE('',(#3376),#3382,.T.);
#3376 = FACE_BOUND('',#3377,.T.);
#3377 = EDGE_LOOP('',(#3378,#3379,#3380,#3381));
#3378 = ORIENTED_EDGE('',*,*,#2232,.F.);
#3379 = ORIENTED_EDGE('',*,*,#2989,.T.);
#3380 = ORIENTED_EDGE('',*,*,#1512,.T.);
#3381 = ORIENTED_EDGE('',*,*,#3004,.F.);
#3382 = PLANE('',#3383);
#3383 = AXIS2_PLACEMENT_3D('',#3384,#3385,#3386);
#3384 = CARTESIAN_POINT('',(3.25,-0.85,1.8));
#3385 = DIRECTION('',(0.,1.,0.));
#3386 = DIRECTION('',(-1.,0.,0.));
#3387 = ADVANCED_FACE('',(#3388),#3394,.T.);
#3388 = FACE_BOUND('',#3389,.T.);
#3389 = EDGE_LOOP('',(#3390,#3391,#3392,#3393));
#3390 = ORIENTED_EDGE('',*,*,#2255,.F.);
#3391 = ORIENTED_EDGE('',*,*,#3023,.T.);
#3392 = ORIENTED_EDGE('',*,*,#1561,.T.);
#3393 = ORIENTED_EDGE('',*,*,#3038,.F.);
#3394 = PLANE('',#3395);
#3395 = AXIS2_PLACEMENT_3D('',#3396,#3397,#3398);
#3396 = CARTESIAN_POINT('',(1.25,-0.85,1.8));
#3397 = DIRECTION('',(0.,1.,0.));
#3398 = DIRECTION('',(-1.,0.,0.));
#3399 = ADVANCED_FACE('',(#3400),#3406,.F.);
#3400 = FACE_BOUND('',#3401,.F.);
#3401 = EDGE_LOOP('',(#3402,#3403,#3404,#3405));
#3402 = ORIENTED_EDGE('',*,*,#2278,.F.);
#3403 = ORIENTED_EDGE('',*,*,#3074,.T.);
#3404 = ORIENTED_EDGE('',*,*,#1764,.F.);
#3405 = ORIENTED_EDGE('',*,*,#3055,.F.);
#3406 = PLANE('',#3407);
#3407 = AXIS2_PLACEMENT_3D('',#3408,#3409,#3410);
#3408 = CARTESIAN_POINT('',(-1.25,-0.85,1.8));
#3409 = DIRECTION('',(0.,-1.,0.));
#3410 = DIRECTION('',(1.,0.,0.));
#3411 = ADVANCED_FACE('',(#3412),#3441,.F.);
#3412 = FACE_BOUND('',#3413,.F.);
#3413 = EDGE_LOOP('',(#3414,#3415,#3416,#3417,#3425,#3433,#3439,#3440));
#3414 = ORIENTED_EDGE('',*,*,#1911,.F.);
#3415 = ORIENTED_EDGE('',*,*,#1968,.T.);
#3416 = ORIENTED_EDGE('',*,*,#2009,.T.);
#3417 = ORIENTED_EDGE('',*,*,#3418,.T.);
#3418 = EDGE_CURVE('',#2010,#3419,#3421,.T.);
#3419 = VERTEX_POINT('',#3420);
#3420 = CARTESIAN_POINT('',(7.,-1.15,4.));
#3421 = LINE('',#3422,#3423);
#3422 = CARTESIAN_POINT('',(7.,-1.15,6.));
#3423 = VECTOR('',#3424,1.);
#3424 = DIRECTION('',(-0.,-0.,-1.));
#3425 = ORIENTED_EDGE('',*,*,#3426,.T.);
#3426 = EDGE_CURVE('',#3419,#3427,#3429,.T.);
#3427 = VERTEX_POINT('',#3428);
#3428 = CARTESIAN_POINT('',(7.,-0.15,4.));
#3429 = LINE('',#3430,#3431);
#3430 = CARTESIAN_POINT('',(7.,-1.15,4.));
#3431 = VECTOR('',#3432,1.);
#3432 = DIRECTION('',(0.,1.,0.));
#3433 = ORIENTED_EDGE('',*,*,#3434,.F.);
#3434 = EDGE_CURVE('',#3296,#3427,#3435,.T.);
#3435 = LINE('',#3436,#3437);
#3436 = CARTESIAN_POINT('',(7.,-0.15,6.));
#3437 = VECTOR('',#3438,1.);
#3438 = DIRECTION('',(-0.,-0.,-1.));
#3439 = ORIENTED_EDGE('',*,*,#3303,.T.);
#3440 = ORIENTED_EDGE('',*,*,#3326,.F.);
#3441 = PLANE('',#3442);
#3442 = AXIS2_PLACEMENT_3D('',#3443,#3444,#3445);
#3443 = CARTESIAN_POINT('',(7.,-2.15,0.));
#3444 = DIRECTION('',(-1.,0.,0.));
#3445 = DIRECTION('',(0.,1.,0.));
#3446 = ADVANCED_FACE('',(#3447),#3465,.F.);
#3447 = FACE_BOUND('',#3448,.F.);
#3448 = EDGE_LOOP('',(#3449,#3450,#3451,#3459));
#3449 = ORIENTED_EDGE('',*,*,#2033,.F.);
#3450 = ORIENTED_EDGE('',*,*,#2132,.F.);
#3451 = ORIENTED_EDGE('',*,*,#3452,.T.);
#3452 = EDGE_CURVE('',#2125,#3453,#3455,.T.);
#3453 = VERTEX_POINT('',#3454);
#3454 = CARTESIAN_POINT('',(6.72,-2.075,5.999));
#3455 = LINE('',#3456,#3457);
#3456 = CARTESIAN_POINT('',(-6.72,-2.075,5.999));
#3457 = VECTOR('',#3458,1.);
#3458 = DIRECTION('',(1.,0.,0.));
#3459 = ORIENTED_EDGE('',*,*,#3460,.F.);
#3460 = EDGE_CURVE('',#2026,#3453,#3461,.T.);
#3461 = LINE('',#3462,#3463);
#3462 = CARTESIAN_POINT('',(6.72,-2.075,6.));
#3463 = VECTOR('',#3464,1.);
#3464 = DIRECTION('',(-0.,-0.,-1.));
#3465 = PLANE('',#3466);
#3466 = AXIS2_PLACEMENT_3D('',#3467,#3468,#3469);
#3467 = CARTESIAN_POINT('',(-6.72,-2.075,6.));
#3468 = DIRECTION('',(0.,-1.,0.));
#3469 = DIRECTION('',(1.,0.,0.));
#3470 = ADVANCED_FACE('',(#3471),#3489,.F.);
#3471 = FACE_BOUND('',#3472,.F.);
#3472 = EDGE_LOOP('',(#3473,#3474,#3475,#3483));
#3473 = ORIENTED_EDGE('',*,*,#2025,.F.);
#3474 = ORIENTED_EDGE('',*,*,#3460,.T.);
#3475 = ORIENTED_EDGE('',*,*,#3476,.T.);
#3476 = EDGE_CURVE('',#3453,#3477,#3479,.T.);
#3477 = VERTEX_POINT('',#3478);
#3478 = CARTESIAN_POINT('',(6.72,-1.15,5.999));
#3479 = LINE('',#3480,#3481);
#3480 = CARTESIAN_POINT('',(6.72,-2.075,5.999));
#3481 = VECTOR('',#3482,1.);
#3482 = DIRECTION('',(0.,1.,0.));
#3483 = ORIENTED_EDGE('',*,*,#3484,.F.);
#3484 = EDGE_CURVE('',#2018,#3477,#3485,.T.);
#3485 = LINE('',#3486,#3487);
#3486 = CARTESIAN_POINT('',(6.72,-1.15,6.));
#3487 = VECTOR('',#3488,1.);
#3488 = DIRECTION('',(0.,0.,-1.));
#3489 = PLANE('',#3490);
#3490 = AXIS2_PLACEMENT_3D('',#3491,#3492,#3493);
#3491 = CARTESIAN_POINT('',(6.72,-2.075,6.));
#3492 = DIRECTION('',(1.,0.,0.));
#3493 = DIRECTION('',(0.,1.,0.));
#3494 = ADVANCED_FACE('',(#3495),#3513,.F.);
#3495 = FACE_BOUND('',#3496,.F.);
#3496 = EDGE_LOOP('',(#3497,#3503,#3504,#3510,#3511,#3512));
#3497 = ORIENTED_EDGE('',*,*,#3498,.F.);
#3498 = EDGE_CURVE('',#2915,#3477,#3499,.T.);
#3499 = LINE('',#3500,#3501);
#3500 = CARTESIAN_POINT('',(3.22,-1.15,5.999));
#3501 = VECTOR('',#3502,1.);
#3502 = DIRECTION('',(1.,0.,0.));
#3503 = ORIENTED_EDGE('',*,*,#2922,.T.);
#3504 = ORIENTED_EDGE('',*,*,#3505,.T.);
#3505 = EDGE_CURVE('',#2923,#3419,#3506,.T.);
#3506 = LINE('',#3507,#3508);
#3507 = CARTESIAN_POINT('',(6.44,-1.15,4.));
#3508 = VECTOR('',#3509,1.);
#3509 = DIRECTION('',(1.,0.,0.));
#3510 = ORIENTED_EDGE('',*,*,#3418,.F.);
#3511 = ORIENTED_EDGE('',*,*,#2017,.F.);
#3512 = ORIENTED_EDGE('',*,*,#3484,.T.);
#3513 = PLANE('',#3514);
#3514 = AXIS2_PLACEMENT_3D('',#3515,#3516,#3517);
#3515 = CARTESIAN_POINT('',(6.44,-1.15,6.));
#3516 = DIRECTION('',(0.,-1.,0.));
#3517 = DIRECTION('',(1.,0.,0.));
#3518 = ADVANCED_FACE('',(#3519),#3525,.F.);
#3519 = FACE_BOUND('',#3520,.F.);
#3520 = EDGE_LOOP('',(#3521,#3522,#3523,#3524));
#3521 = ORIENTED_EDGE('',*,*,#2301,.F.);
#3522 = ORIENTED_EDGE('',*,*,#3108,.T.);
#3523 = ORIENTED_EDGE('',*,*,#2084,.F.);
#3524 = ORIENTED_EDGE('',*,*,#3089,.F.);
#3525 = PLANE('',#3526);
#3526 = AXIS2_PLACEMENT_3D('',#3527,#3528,#3529);
#3527 = CARTESIAN_POINT('',(-3.25,-0.85,1.8));
#3528 = DIRECTION('',(0.,-1.,0.));
#3529 = DIRECTION('',(1.,0.,0.));
#3530 = ADVANCED_FACE('',(#3531),#3539,.T.);
#3531 = FACE_BOUND('',#3532,.T.);
#3532 = EDGE_LOOP('',(#3533,#3534,#3535,#3536,#3537,#3538));
#3533 = ORIENTED_EDGE('',*,*,#2124,.F.);
#3534 = ORIENTED_EDGE('',*,*,#3452,.T.);
#3535 = ORIENTED_EDGE('',*,*,#3476,.T.);
#3536 = ORIENTED_EDGE('',*,*,#3498,.F.);
#3537 = ORIENTED_EDGE('',*,*,#2914,.F.);
#3538 = ORIENTED_EDGE('',*,*,#2774,.F.);
#3539 = PLANE('',#3540);
#3540 = AXIS2_PLACEMENT_3D('',#3541,#3542,#3543);
#3541 = CARTESIAN_POINT('',(-2.086150134351E-16,-5.215375335879E-17,
    5.999));
#3542 = DIRECTION('',(0.,0.,1.));
#3543 = DIRECTION('',(1.,0.,0.));
#3544 = ADVANCED_FACE('',(#3545),#3554,.F.);
#3545 = FACE_BOUND('',#3546,.F.);
#3546 = EDGE_LOOP('',(#3547,#3548,#3549,#3550,#3551,#3552,#3553));
#3547 = ORIENTED_EDGE('',*,*,#2594,.F.);
#3548 = ORIENTED_EDGE('',*,*,#2683,.F.);
#3549 = ORIENTED_EDGE('',*,*,#2363,.F.);
#3550 = ORIENTED_EDGE('',*,*,#2728,.F.);
#3551 = ORIENTED_EDGE('',*,*,#2626,.T.);
#3552 = ORIENTED_EDGE('',*,*,#3185,.T.);
#3553 = ORIENTED_EDGE('',*,*,#3199,.T.);
#3554 = PLANE('',#3555);
#3555 = AXIS2_PLACEMENT_3D('',#3556,#3557,#3558);
#3556 = CARTESIAN_POINT('',(0.,-2.25,0.9));
#3557 = DIRECTION('',(0.,1.,-2.467162276945E-16));
#3558 = DIRECTION('',(0.,2.467162276945E-16,1.));
#3559 = ADVANCED_FACE('',(#3560),#3575,.T.);
#3560 = FACE_BOUND('',#3561,.T.);
#3561 = EDGE_LOOP('',(#3562,#3563,#3564,#3570,#3571,#3572,#3573,#3574));
#3562 = ORIENTED_EDGE('',*,*,#2347,.F.);
#3563 = ORIENTED_EDGE('',*,*,#2866,.T.);
#3564 = ORIENTED_EDGE('',*,*,#3565,.T.);
#3565 = EDGE_CURVE('',#2859,#2395,#3566,.T.);
#3566 = LINE('',#3567,#3568);
#3567 = CARTESIAN_POINT('',(-6.44,-1.795,5.999));
#3568 = VECTOR('',#3569,1.);
#3569 = DIRECTION('',(1.,0.,0.));
#3570 = ORIENTED_EDGE('',*,*,#2404,.T.);
#3571 = ORIENTED_EDGE('',*,*,#2180,.F.);
#3572 = ORIENTED_EDGE('',*,*,#2721,.T.);
#3573 = ORIENTED_EDGE('',*,*,#2745,.T.);
#3574 = ORIENTED_EDGE('',*,*,#2690,.T.);
#3575 = PLANE('',#3576);
#3576 = AXIS2_PLACEMENT_3D('',#3577,#3578,#3579);
#3577 = CARTESIAN_POINT('',(-6.44,-1.795,1.8));
#3578 = DIRECTION('',(0.,1.,0.));
#3579 = DIRECTION('',(1.,0.,0.));
#3580 = ADVANCED_FACE('',(#3581),#3587,.F.);
#3581 = FACE_BOUND('',#3582,.F.);
#3582 = EDGE_LOOP('',(#3583,#3584,#3585,#3586));
#3583 = ORIENTED_EDGE('',*,*,#2324,.F.);
#3584 = ORIENTED_EDGE('',*,*,#3142,.T.);
#3585 = ORIENTED_EDGE('',*,*,#2659,.F.);
#3586 = ORIENTED_EDGE('',*,*,#3123,.F.);
#3587 = PLANE('',#3588);
#3588 = AXIS2_PLACEMENT_3D('',#3589,#3590,#3591);
#3589 = CARTESIAN_POINT('',(-5.25,-0.85,1.8));
#3590 = DIRECTION('',(0.,-1.,0.));
#3591 = DIRECTION('',(1.,0.,0.));
#3592 = ADVANCED_FACE('',(#3593),#3620,.T.);
#3593 = FACE_BOUND('',#3594,.T.);
#3594 = EDGE_LOOP('',(#3595,#3603,#3611,#3617,#3618,#3619));
#3595 = ORIENTED_EDGE('',*,*,#3596,.F.);
#3596 = EDGE_CURVE('',#3597,#2851,#3599,.T.);
#3597 = VERTEX_POINT('',#3598);
#3598 = CARTESIAN_POINT('',(-6.72,-1.15,5.999));
#3599 = LINE('',#3600,#3601);
#3600 = CARTESIAN_POINT('',(-3.5,-1.15,5.999));
#3601 = VECTOR('',#3602,1.);
#3602 = DIRECTION('',(1.,0.,0.));
#3603 = ORIENTED_EDGE('',*,*,#3604,.T.);
#3604 = EDGE_CURVE('',#3597,#3605,#3607,.T.);
#3605 = VERTEX_POINT('',#3606);
#3606 = CARTESIAN_POINT('',(-6.72,-2.075,5.999));
#3607 = LINE('',#3608,#3609);
#3608 = CARTESIAN_POINT('',(-6.72,2.075,5.999));
#3609 = VECTOR('',#3610,1.);
#3610 = DIRECTION('',(0.,-1.,0.));
#3611 = ORIENTED_EDGE('',*,*,#3612,.T.);
#3612 = EDGE_CURVE('',#3605,#2397,#3613,.T.);
#3613 = LINE('',#3614,#3615);
#3614 = CARTESIAN_POINT('',(-6.72,-2.075,5.999));
#3615 = VECTOR('',#3616,1.);
#3616 = DIRECTION('',(1.,0.,0.));
#3617 = ORIENTED_EDGE('',*,*,#2394,.F.);
#3618 = ORIENTED_EDGE('',*,*,#3565,.F.);
#3619 = ORIENTED_EDGE('',*,*,#2858,.F.);
#3620 = PLANE('',#3621);
#3621 = AXIS2_PLACEMENT_3D('',#3622,#3623,#3624);
#3622 = CARTESIAN_POINT('',(-2.086150134351E-16,-5.215375335879E-17,
    5.999));
#3623 = DIRECTION('',(0.,0.,1.));
#3624 = DIRECTION('',(1.,0.,0.));
#3625 = ADVANCED_FACE('',(#3626),#3637,.F.);
#3626 = FACE_BOUND('',#3627,.F.);
#3627 = EDGE_LOOP('',(#3628,#3629,#3635,#3636));
#3628 = ORIENTED_EDGE('',*,*,#2478,.F.);
#3629 = ORIENTED_EDGE('',*,*,#3630,.T.);
#3630 = EDGE_CURVE('',#2479,#3605,#3631,.T.);
#3631 = LINE('',#3632,#3633);
#3632 = CARTESIAN_POINT('',(-6.72,-2.075,6.));
#3633 = VECTOR('',#3634,1.);
#3634 = DIRECTION('',(-0.,-0.,-1.));
#3635 = ORIENTED_EDGE('',*,*,#3612,.T.);
#3636 = ORIENTED_EDGE('',*,*,#2420,.F.);
#3637 = PLANE('',#3638);
#3638 = AXIS2_PLACEMENT_3D('',#3639,#3640,#3641);
#3639 = CARTESIAN_POINT('',(-6.72,-2.075,6.));
#3640 = DIRECTION('',(0.,-1.,0.));
#3641 = DIRECTION('',(1.,0.,0.));
#3642 = ADVANCED_FACE('',(#3643),#3668,.F.);
#3643 = FACE_BOUND('',#3644,.F.);
#3644 = EDGE_LOOP('',(#3645,#3646,#3654,#3660,#3661,#3662));
#3645 = ORIENTED_EDGE('',*,*,#2451,.F.);
#3646 = ORIENTED_EDGE('',*,*,#3647,.T.);
#3647 = EDGE_CURVE('',#2452,#3648,#3650,.T.);
#3648 = VERTEX_POINT('',#3649);
#3649 = CARTESIAN_POINT('',(-7.,-1.15,4.));
#3650 = LINE('',#3651,#3652);
#3651 = CARTESIAN_POINT('',(-7.,-1.15,6.));
#3652 = VECTOR('',#3653,1.);
#3653 = DIRECTION('',(-0.,-0.,-1.));
#3654 = ORIENTED_EDGE('',*,*,#3655,.T.);
#3655 = EDGE_CURVE('',#3648,#2843,#3656,.T.);
#3656 = LINE('',#3657,#3658);
#3657 = CARTESIAN_POINT('',(-7.,-1.15,4.));
#3658 = VECTOR('',#3659,1.);
#3659 = DIRECTION('',(1.,0.,0.));
#3660 = ORIENTED_EDGE('',*,*,#2850,.F.);
#3661 = ORIENTED_EDGE('',*,*,#3596,.F.);
#3662 = ORIENTED_EDGE('',*,*,#3663,.T.);
#3663 = EDGE_CURVE('',#3597,#2454,#3664,.T.);
#3664 = LINE('',#3665,#3666);
#3665 = CARTESIAN_POINT('',(-6.72,-1.15,6.));
#3666 = VECTOR('',#3667,1.);
#3667 = DIRECTION('',(0.,0.,1.));
#3668 = PLANE('',#3669);
#3669 = AXIS2_PLACEMENT_3D('',#3670,#3671,#3672);
#3670 = CARTESIAN_POINT('',(-7.,-1.15,6.));
#3671 = DIRECTION('',(0.,-1.,0.));
#3672 = DIRECTION('',(1.,0.,0.));
#3673 = ADVANCED_FACE('',(#3674),#3680,.F.);
#3674 = FACE_BOUND('',#3675,.F.);
#3675 = EDGE_LOOP('',(#3676,#3677,#3678,#3679));
#3676 = ORIENTED_EDGE('',*,*,#2486,.F.);
#3677 = ORIENTED_EDGE('',*,*,#3663,.F.);
#3678 = ORIENTED_EDGE('',*,*,#3604,.T.);
#3679 = ORIENTED_EDGE('',*,*,#3630,.F.);
#3680 = PLANE('',#3681);
#3681 = AXIS2_PLACEMENT_3D('',#3682,#3683,#3684);
#3682 = CARTESIAN_POINT('',(-6.72,2.075,6.));
#3683 = DIRECTION('',(-1.,0.,0.));
#3684 = DIRECTION('',(0.,-1.,0.));
#3685 = ADVANCED_FACE('',(#3686),#3708,.F.);
#3686 = FACE_BOUND('',#3687,.F.);
#3687 = EDGE_LOOP('',(#3688,#3689,#3690,#3691,#3699,#3705,#3706,#3707));
#3688 = ORIENTED_EDGE('',*,*,#2578,.F.);
#3689 = ORIENTED_EDGE('',*,*,#3226,.T.);
#3690 = ORIENTED_EDGE('',*,*,#3255,.T.);
#3691 = ORIENTED_EDGE('',*,*,#3692,.T.);
#3692 = EDGE_CURVE('',#3256,#3693,#3695,.T.);
#3693 = VERTEX_POINT('',#3694);
#3694 = CARTESIAN_POINT('',(-7.,-0.15,4.));
#3695 = LINE('',#3696,#3697);
#3696 = CARTESIAN_POINT('',(-7.,-0.15,6.));
#3697 = VECTOR('',#3698,1.);
#3698 = DIRECTION('',(-0.,-0.,-1.));
#3699 = ORIENTED_EDGE('',*,*,#3700,.T.);
#3700 = EDGE_CURVE('',#3693,#3648,#3701,.T.);
#3701 = LINE('',#3702,#3703);
#3702 = CARTESIAN_POINT('',(-7.,-0.15,4.));
#3703 = VECTOR('',#3704,1.);
#3704 = DIRECTION('',(0.,-1.,0.));
#3705 = ORIENTED_EDGE('',*,*,#3647,.F.);
#3706 = ORIENTED_EDGE('',*,*,#2461,.T.);
#3707 = ORIENTED_EDGE('',*,*,#2517,.F.);
#3708 = PLANE('',#3709);
#3709 = AXIS2_PLACEMENT_3D('',#3710,#3711,#3712);
#3710 = CARTESIAN_POINT('',(-7.,2.15,0.));
#3711 = DIRECTION('',(1.,0.,0.));
#3712 = DIRECTION('',(0.,-1.,0.));
#3713 = ADVANCED_FACE('',(#3714),#3725,.T.);
#3714 = FACE_BOUND('',#3715,.T.);
#3715 = EDGE_LOOP('',(#3716,#3717,#3723,#3724));
#3716 = ORIENTED_EDGE('',*,*,#2970,.T.);
#3717 = ORIENTED_EDGE('',*,*,#3718,.F.);
#3718 = EDGE_CURVE('',#2801,#2963,#3719,.T.);
#3719 = LINE('',#3720,#3721);
#3720 = CARTESIAN_POINT('',(-6.44,-5.E-02,1.4));
#3721 = VECTOR('',#3722,1.);
#3722 = DIRECTION('',(1.,0.,0.));
#3723 = ORIENTED_EDGE('',*,*,#2800,.T.);
#3724 = ORIENTED_EDGE('',*,*,#2896,.F.);
#3725 = PLANE('',#3726);
#3726 = AXIS2_PLACEMENT_3D('',#3727,#3728,#3729);
#3727 = CARTESIAN_POINT('',(-5.310483824814E-16,-5.E-02,1.65));
#3728 = DIRECTION('',(0.,1.,-4.188698471954E-15));
#3729 = DIRECTION('',(0.,4.188698471954E-15,1.));
#3730 = ADVANCED_FACE('',(#3731),#3902,.T.);
#3731 = FACE_BOUND('',#3732,.T.);
#3732 = EDGE_LOOP('',(#3733,#3741,#3742,#3743,#3744,#3752,#3760,#3768,
    #3776,#3784,#3792,#3800,#3808,#3816,#3824,#3832,#3840,#3848,#3856,
    #3864,#3872,#3880,#3888,#3896));
#3733 = ORIENTED_EDGE('',*,*,#3734,.T.);
#3734 = EDGE_CURVE('',#3735,#2811,#3737,.T.);
#3735 = VERTEX_POINT('',#3736);
#3736 = CARTESIAN_POINT('',(-4.15,1.795,1.4));
#3737 = LINE('',#3738,#3739);
#3738 = CARTESIAN_POINT('',(6.44,1.795,1.4));
#3739 = VECTOR('',#3740,1.);
#3740 = DIRECTION('',(-1.,0.,0.));
#3741 = ORIENTED_EDGE('',*,*,#2810,.T.);
#3742 = ORIENTED_EDGE('',*,*,#3718,.T.);
#3743 = ORIENTED_EDGE('',*,*,#2962,.T.);
#3744 = ORIENTED_EDGE('',*,*,#3745,.T.);
#3745 = EDGE_CURVE('',#2955,#3746,#3748,.T.);
#3746 = VERTEX_POINT('',#3747);
#3747 = CARTESIAN_POINT('',(4.15,1.795,1.4));
#3748 = LINE('',#3749,#3750);
#3749 = CARTESIAN_POINT('',(6.44,1.795,1.4));
#3750 = VECTOR('',#3751,1.);
#3751 = DIRECTION('',(-1.,0.,0.));
#3752 = ORIENTED_EDGE('',*,*,#3753,.T.);
#3753 = EDGE_CURVE('',#3746,#3754,#3756,.T.);
#3754 = VERTEX_POINT('',#3755);
#3755 = CARTESIAN_POINT('',(4.15,1.595,1.4));
#3756 = LINE('',#3757,#3758);
#3757 = CARTESIAN_POINT('',(4.15,1.795,1.4));
#3758 = VECTOR('',#3759,1.);
#3759 = DIRECTION('',(0.,-1.,0.));
#3760 = ORIENTED_EDGE('',*,*,#3761,.T.);
#3761 = EDGE_CURVE('',#3754,#3762,#3764,.T.);
#3762 = VERTEX_POINT('',#3763);
#3763 = CARTESIAN_POINT('',(3.85,1.595,1.4));
#3764 = LINE('',#3765,#3766);
#3765 = CARTESIAN_POINT('',(4.15,1.595,1.4));
#3766 = VECTOR('',#3767,1.);
#3767 = DIRECTION('',(-1.,0.,0.));
#3768 = ORIENTED_EDGE('',*,*,#3769,.T.);
#3769 = EDGE_CURVE('',#3762,#3770,#3772,.T.);
#3770 = VERTEX_POINT('',#3771);
#3771 = CARTESIAN_POINT('',(3.85,1.795,1.4));
#3772 = LINE('',#3773,#3774);
#3773 = CARTESIAN_POINT('',(3.85,1.595,1.4));
#3774 = VECTOR('',#3775,1.);
#3775 = DIRECTION('',(0.,1.,0.));
#3776 = ORIENTED_EDGE('',*,*,#3777,.T.);
#3777 = EDGE_CURVE('',#3770,#3778,#3780,.T.);
#3778 = VERTEX_POINT('',#3779);
#3779 = CARTESIAN_POINT('',(2.15,1.795,1.4));
#3780 = LINE('',#3781,#3782);
#3781 = CARTESIAN_POINT('',(6.44,1.795,1.4));
#3782 = VECTOR('',#3783,1.);
#3783 = DIRECTION('',(-1.,0.,0.));
#3784 = ORIENTED_EDGE('',*,*,#3785,.F.);
#3785 = EDGE_CURVE('',#3786,#3778,#3788,.T.);
#3786 = VERTEX_POINT('',#3787);
#3787 = CARTESIAN_POINT('',(2.15,1.595,1.4));
#3788 = LINE('',#3789,#3790);
#3789 = CARTESIAN_POINT('',(2.15,1.595,1.4));
#3790 = VECTOR('',#3791,1.);
#3791 = DIRECTION('',(0.,1.,0.));
#3792 = ORIENTED_EDGE('',*,*,#3793,.F.);
#3793 = EDGE_CURVE('',#3794,#3786,#3796,.T.);
#3794 = VERTEX_POINT('',#3795);
#3795 = CARTESIAN_POINT('',(1.85,1.595,1.4));
#3796 = LINE('',#3797,#3798);
#3797 = CARTESIAN_POINT('',(1.85,1.595,1.4));
#3798 = VECTOR('',#3799,1.);
#3799 = DIRECTION('',(1.,0.,0.));
#3800 = ORIENTED_EDGE('',*,*,#3801,.F.);
#3801 = EDGE_CURVE('',#3802,#3794,#3804,.T.);
#3802 = VERTEX_POINT('',#3803);
#3803 = CARTESIAN_POINT('',(1.85,1.795,1.4));
#3804 = LINE('',#3805,#3806);
#3805 = CARTESIAN_POINT('',(1.85,1.795,1.4));
#3806 = VECTOR('',#3807,1.);
#3807 = DIRECTION('',(0.,-1.,0.));
#3808 = ORIENTED_EDGE('',*,*,#3809,.T.);
#3809 = EDGE_CURVE('',#3802,#3810,#3812,.T.);
#3810 = VERTEX_POINT('',#3811);
#3811 = CARTESIAN_POINT('',(0.15,1.795,1.4));
#3812 = LINE('',#3813,#3814);
#3813 = CARTESIAN_POINT('',(6.44,1.795,1.4));
#3814 = VECTOR('',#3815,1.);
#3815 = DIRECTION('',(-1.,0.,0.));
#3816 = ORIENTED_EDGE('',*,*,#3817,.F.);
#3817 = EDGE_CURVE('',#3818,#3810,#3820,.T.);
#3818 = VERTEX_POINT('',#3819);
#3819 = CARTESIAN_POINT('',(0.15,1.595,1.4));
#3820 = LINE('',#3821,#3822);
#3821 = CARTESIAN_POINT('',(0.15,1.595,1.4));
#3822 = VECTOR('',#3823,1.);
#3823 = DIRECTION('',(0.,1.,0.));
#3824 = ORIENTED_EDGE('',*,*,#3825,.F.);
#3825 = EDGE_CURVE('',#3826,#3818,#3828,.T.);
#3826 = VERTEX_POINT('',#3827);
#3827 = CARTESIAN_POINT('',(-0.15,1.595,1.4));
#3828 = LINE('',#3829,#3830);
#3829 = CARTESIAN_POINT('',(-0.15,1.595,1.4));
#3830 = VECTOR('',#3831,1.);
#3831 = DIRECTION('',(1.,0.,0.));
#3832 = ORIENTED_EDGE('',*,*,#3833,.F.);
#3833 = EDGE_CURVE('',#3834,#3826,#3836,.T.);
#3834 = VERTEX_POINT('',#3835);
#3835 = CARTESIAN_POINT('',(-0.15,1.795,1.4));
#3836 = LINE('',#3837,#3838);
#3837 = CARTESIAN_POINT('',(-0.15,1.795,1.4));
#3838 = VECTOR('',#3839,1.);
#3839 = DIRECTION('',(0.,-1.,0.));
#3840 = ORIENTED_EDGE('',*,*,#3841,.T.);
#3841 = EDGE_CURVE('',#3834,#3842,#3844,.T.);
#3842 = VERTEX_POINT('',#3843);
#3843 = CARTESIAN_POINT('',(-1.85,1.795,1.4));
#3844 = LINE('',#3845,#3846);
#3845 = CARTESIAN_POINT('',(6.44,1.795,1.4));
#3846 = VECTOR('',#3847,1.);
#3847 = DIRECTION('',(-1.,0.,0.));
#3848 = ORIENTED_EDGE('',*,*,#3849,.F.);
#3849 = EDGE_CURVE('',#3850,#3842,#3852,.T.);
#3850 = VERTEX_POINT('',#3851);
#3851 = CARTESIAN_POINT('',(-1.85,1.595,1.4));
#3852 = LINE('',#3853,#3854);
#3853 = CARTESIAN_POINT('',(-1.85,1.595,1.4));
#3854 = VECTOR('',#3855,1.);
#3855 = DIRECTION('',(0.,1.,0.));
#3856 = ORIENTED_EDGE('',*,*,#3857,.F.);
#3857 = EDGE_CURVE('',#3858,#3850,#3860,.T.);
#3858 = VERTEX_POINT('',#3859);
#3859 = CARTESIAN_POINT('',(-2.15,1.595,1.4));
#3860 = LINE('',#3861,#3862);
#3861 = CARTESIAN_POINT('',(-2.15,1.595,1.4));
#3862 = VECTOR('',#3863,1.);
#3863 = DIRECTION('',(1.,0.,0.));
#3864 = ORIENTED_EDGE('',*,*,#3865,.F.);
#3865 = EDGE_CURVE('',#3866,#3858,#3868,.T.);
#3866 = VERTEX_POINT('',#3867);
#3867 = CARTESIAN_POINT('',(-2.15,1.795,1.4));
#3868 = LINE('',#3869,#3870);
#3869 = CARTESIAN_POINT('',(-2.15,1.795,1.4));
#3870 = VECTOR('',#3871,1.);
#3871 = DIRECTION('',(0.,-1.,0.));
#3872 = ORIENTED_EDGE('',*,*,#3873,.T.);
#3873 = EDGE_CURVE('',#3866,#3874,#3876,.T.);
#3874 = VERTEX_POINT('',#3875);
#3875 = CARTESIAN_POINT('',(-3.85,1.795,1.4));
#3876 = LINE('',#3877,#3878);
#3877 = CARTESIAN_POINT('',(6.44,1.795,1.4));
#3878 = VECTOR('',#3879,1.);
#3879 = DIRECTION('',(-1.,0.,0.));
#3880 = ORIENTED_EDGE('',*,*,#3881,.F.);
#3881 = EDGE_CURVE('',#3882,#3874,#3884,.T.);
#3882 = VERTEX_POINT('',#3883);
#3883 = CARTESIAN_POINT('',(-3.85,1.594999999999,1.4));
#3884 = LINE('',#3885,#3886);
#3885 = CARTESIAN_POINT('',(-3.85,1.594999999999,1.4));
#3886 = VECTOR('',#3887,1.);
#3887 = DIRECTION('',(0.,1.,0.));
#3888 = ORIENTED_EDGE('',*,*,#3889,.F.);
#3889 = EDGE_CURVE('',#3890,#3882,#3892,.T.);
#3890 = VERTEX_POINT('',#3891);
#3891 = CARTESIAN_POINT('',(-4.15,1.594999999999,1.4));
#3892 = LINE('',#3893,#3894);
#3893 = CARTESIAN_POINT('',(-4.15,1.594999999999,1.4));
#3894 = VECTOR('',#3895,1.);
#3895 = DIRECTION('',(1.,0.,0.));
#3896 = ORIENTED_EDGE('',*,*,#3897,.F.);
#3897 = EDGE_CURVE('',#3735,#3890,#3898,.T.);
#3898 = LINE('',#3899,#3900);
#3899 = CARTESIAN_POINT('',(-4.15,1.795,1.4));
#3900 = VECTOR('',#3901,1.);
#3901 = DIRECTION('',(0.,-1.,0.));
#3902 = PLANE('',#3903);
#3903 = AXIS2_PLACEMENT_3D('',#3904,#3905,#3906);
#3904 = CARTESIAN_POINT('',(-1.206354390085E-15,0.8725,1.4));
#3905 = DIRECTION('',(0.,0.,1.));
#3906 = DIRECTION('',(1.,0.,0.));
#3907 = ADVANCED_FACE('',(#3908),#4034,.T.);
#3908 = FACE_BOUND('',#3909,.T.);
#3909 = EDGE_LOOP('',(#3910,#3911,#3912,#3918,#3919,#3920,#3928,#3936,
    #3942,#3943,#3951,#3959,#3965,#3966,#3974,#3982,#3988,#3989,#3997,
    #4005,#4011,#4012,#4020,#4028));
#3910 = ORIENTED_EDGE('',*,*,#3745,.F.);
#3911 = ORIENTED_EDGE('',*,*,#2954,.T.);
#3912 = ORIENTED_EDGE('',*,*,#3913,.T.);
#3913 = EDGE_CURVE('',#2947,#2819,#3914,.T.);
#3914 = LINE('',#3915,#3916);
#3915 = CARTESIAN_POINT('',(6.44,1.795,5.999));
#3916 = VECTOR('',#3917,1.);
#3917 = DIRECTION('',(-1.,0.,0.));
#3918 = ORIENTED_EDGE('',*,*,#2818,.T.);
#3919 = ORIENTED_EDGE('',*,*,#3734,.F.);
#3920 = ORIENTED_EDGE('',*,*,#3921,.T.);
#3921 = EDGE_CURVE('',#3735,#3922,#3924,.T.);
#3922 = VERTEX_POINT('',#3923);
#3923 = CARTESIAN_POINT('',(-4.15,1.795,3.3));
#3924 = LINE('',#3925,#3926);
#3925 = CARTESIAN_POINT('',(-4.15,1.795,1.4));
#3926 = VECTOR('',#3927,1.);
#3927 = DIRECTION('',(0.,0.,1.));
#3928 = ORIENTED_EDGE('',*,*,#3929,.F.);
#3929 = EDGE_CURVE('',#3930,#3922,#3932,.T.);
#3930 = VERTEX_POINT('',#3931);
#3931 = CARTESIAN_POINT('',(-3.85,1.795,3.3));
#3932 = LINE('',#3933,#3934);
#3933 = CARTESIAN_POINT('',(-3.85,1.795,3.3));
#3934 = VECTOR('',#3935,1.);
#3935 = DIRECTION('',(-1.,0.,0.));
#3936 = ORIENTED_EDGE('',*,*,#3937,.F.);
#3937 = EDGE_CURVE('',#3874,#3930,#3938,.T.);
#3938 = LINE('',#3939,#3940);
#3939 = CARTESIAN_POINT('',(-3.85,1.795,1.4));
#3940 = VECTOR('',#3941,1.);
#3941 = DIRECTION('',(0.,0.,1.));
#3942 = ORIENTED_EDGE('',*,*,#3873,.F.);
#3943 = ORIENTED_EDGE('',*,*,#3944,.T.);
#3944 = EDGE_CURVE('',#3866,#3945,#3947,.T.);
#3945 = VERTEX_POINT('',#3946);
#3946 = CARTESIAN_POINT('',(-2.15,1.795,3.3));
#3947 = LINE('',#3948,#3949);
#3948 = CARTESIAN_POINT('',(-2.15,1.795,1.4));
#3949 = VECTOR('',#3950,1.);
#3950 = DIRECTION('',(0.,0.,1.));
#3951 = ORIENTED_EDGE('',*,*,#3952,.F.);
#3952 = EDGE_CURVE('',#3953,#3945,#3955,.T.);
#3953 = VERTEX_POINT('',#3954);
#3954 = CARTESIAN_POINT('',(-1.85,1.795,3.3));
#3955 = LINE('',#3956,#3957);
#3956 = CARTESIAN_POINT('',(-1.85,1.795,3.3));
#3957 = VECTOR('',#3958,1.);
#3958 = DIRECTION('',(-1.,0.,0.));
#3959 = ORIENTED_EDGE('',*,*,#3960,.F.);
#3960 = EDGE_CURVE('',#3842,#3953,#3961,.T.);
#3961 = LINE('',#3962,#3963);
#3962 = CARTESIAN_POINT('',(-1.85,1.795,1.4));
#3963 = VECTOR('',#3964,1.);
#3964 = DIRECTION('',(0.,0.,1.));
#3965 = ORIENTED_EDGE('',*,*,#3841,.F.);
#3966 = ORIENTED_EDGE('',*,*,#3967,.T.);
#3967 = EDGE_CURVE('',#3834,#3968,#3970,.T.);
#3968 = VERTEX_POINT('',#3969);
#3969 = CARTESIAN_POINT('',(-0.15,1.795,3.3));
#3970 = LINE('',#3971,#3972);
#3971 = CARTESIAN_POINT('',(-0.15,1.795,1.4));
#3972 = VECTOR('',#3973,1.);
#3973 = DIRECTION('',(0.,0.,1.));
#3974 = ORIENTED_EDGE('',*,*,#3975,.F.);
#3975 = EDGE_CURVE('',#3976,#3968,#3978,.T.);
#3976 = VERTEX_POINT('',#3977);
#3977 = CARTESIAN_POINT('',(0.15,1.795,3.3));
#3978 = LINE('',#3979,#3980);
#3979 = CARTESIAN_POINT('',(0.15,1.795,3.3));
#3980 = VECTOR('',#3981,1.);
#3981 = DIRECTION('',(-1.,0.,0.));
#3982 = ORIENTED_EDGE('',*,*,#3983,.F.);
#3983 = EDGE_CURVE('',#3810,#3976,#3984,.T.);
#3984 = LINE('',#3985,#3986);
#3985 = CARTESIAN_POINT('',(0.15,1.795,1.4));
#3986 = VECTOR('',#3987,1.);
#3987 = DIRECTION('',(0.,0.,1.));
#3988 = ORIENTED_EDGE('',*,*,#3809,.F.);
#3989 = ORIENTED_EDGE('',*,*,#3990,.T.);
#3990 = EDGE_CURVE('',#3802,#3991,#3993,.T.);
#3991 = VERTEX_POINT('',#3992);
#3992 = CARTESIAN_POINT('',(1.85,1.795,3.3));
#3993 = LINE('',#3994,#3995);
#3994 = CARTESIAN_POINT('',(1.85,1.795,1.4));
#3995 = VECTOR('',#3996,1.);
#3996 = DIRECTION('',(0.,0.,1.));
#3997 = ORIENTED_EDGE('',*,*,#3998,.F.);
#3998 = EDGE_CURVE('',#3999,#3991,#4001,.T.);
#3999 = VERTEX_POINT('',#4000);
#4000 = CARTESIAN_POINT('',(2.15,1.795,3.3));
#4001 = LINE('',#4002,#4003);
#4002 = CARTESIAN_POINT('',(2.15,1.795,3.3));
#4003 = VECTOR('',#4004,1.);
#4004 = DIRECTION('',(-1.,0.,0.));
#4005 = ORIENTED_EDGE('',*,*,#4006,.F.);
#4006 = EDGE_CURVE('',#3778,#3999,#4007,.T.);
#4007 = LINE('',#4008,#4009);
#4008 = CARTESIAN_POINT('',(2.15,1.795,1.4));
#4009 = VECTOR('',#4010,1.);
#4010 = DIRECTION('',(0.,0.,1.));
#4011 = ORIENTED_EDGE('',*,*,#3777,.F.);
#4012 = ORIENTED_EDGE('',*,*,#4013,.T.);
#4013 = EDGE_CURVE('',#3770,#4014,#4016,.T.);
#4014 = VERTEX_POINT('',#4015);
#4015 = CARTESIAN_POINT('',(3.85,1.795,3.3));
#4016 = LINE('',#4017,#4018);
#4017 = CARTESIAN_POINT('',(3.85,1.795,1.4));
#4018 = VECTOR('',#4019,1.);
#4019 = DIRECTION('',(0.,0.,1.));
#4020 = ORIENTED_EDGE('',*,*,#4021,.T.);
#4021 = EDGE_CURVE('',#4014,#4022,#4024,.T.);
#4022 = VERTEX_POINT('',#4023);
#4023 = CARTESIAN_POINT('',(4.15,1.795,3.3));
#4024 = LINE('',#4025,#4026);
#4025 = CARTESIAN_POINT('',(3.85,1.795,3.3));
#4026 = VECTOR('',#4027,1.);
#4027 = DIRECTION('',(1.,0.,0.));
#4028 = ORIENTED_EDGE('',*,*,#4029,.F.);
#4029 = EDGE_CURVE('',#3746,#4022,#4030,.T.);
#4030 = LINE('',#4031,#4032);
#4031 = CARTESIAN_POINT('',(4.15,1.795,1.4));
#4032 = VECTOR('',#4033,1.);
#4033 = DIRECTION('',(0.,0.,1.));
#4034 = PLANE('',#4035);
#4035 = AXIS2_PLACEMENT_3D('',#4036,#4037,#4038);
#4036 = CARTESIAN_POINT('',(-6.478788747169E-16,1.795,3.6995));
#4037 = DIRECTION('',(-0.,-1.,-0.));
#4038 = DIRECTION('',(0.,0.,-1.));
#4039 = ADVANCED_FACE('',(#4040),#4083,.T.);
#4040 = FACE_BOUND('',#4041,.T.);
#4041 = EDGE_LOOP('',(#4042,#4050,#4058,#4066,#4074,#4080,#4081,#4082));
#4042 = ORIENTED_EDGE('',*,*,#4043,.F.);
#4043 = EDGE_CURVE('',#4044,#2939,#4046,.T.);
#4044 = VERTEX_POINT('',#4045);
#4045 = CARTESIAN_POINT('',(6.72,-0.15,5.999));
#4046 = LINE('',#4047,#4048);
#4047 = CARTESIAN_POINT('',(3.5,-0.15,5.999));
#4048 = VECTOR('',#4049,1.);
#4049 = DIRECTION('',(-1.,0.,0.));
#4050 = ORIENTED_EDGE('',*,*,#4051,.T.);
#4051 = EDGE_CURVE('',#4044,#4052,#4054,.T.);
#4052 = VERTEX_POINT('',#4053);
#4053 = CARTESIAN_POINT('',(6.72,2.075,5.999));
#4054 = LINE('',#4055,#4056);
#4055 = CARTESIAN_POINT('',(6.72,-2.075,5.999));
#4056 = VECTOR('',#4057,1.);
#4057 = DIRECTION('',(0.,1.,0.));
#4058 = ORIENTED_EDGE('',*,*,#4059,.T.);
#4059 = EDGE_CURVE('',#4052,#4060,#4062,.T.);
#4060 = VERTEX_POINT('',#4061);
#4061 = CARTESIAN_POINT('',(-6.72,2.075,5.999));
#4062 = LINE('',#4063,#4064);
#4063 = CARTESIAN_POINT('',(6.72,2.075,5.999));
#4064 = VECTOR('',#4065,1.);
#4065 = DIRECTION('',(-1.,0.,0.));
#4066 = ORIENTED_EDGE('',*,*,#4067,.T.);
#4067 = EDGE_CURVE('',#4060,#4068,#4070,.T.);
#4068 = VERTEX_POINT('',#4069);
#4069 = CARTESIAN_POINT('',(-6.72,-0.15,5.999));
#4070 = LINE('',#4071,#4072);
#4071 = CARTESIAN_POINT('',(-6.72,2.075,5.999));
#4072 = VECTOR('',#4073,1.);
#4073 = DIRECTION('',(0.,-1.,0.));
#4074 = ORIENTED_EDGE('',*,*,#4075,.F.);
#4075 = EDGE_CURVE('',#2827,#4068,#4076,.T.);
#4076 = LINE('',#4077,#4078);
#4077 = CARTESIAN_POINT('',(-3.22,-0.15,5.999));
#4078 = VECTOR('',#4079,1.);
#4079 = DIRECTION('',(-1.,0.,0.));
#4080 = ORIENTED_EDGE('',*,*,#2826,.F.);
#4081 = ORIENTED_EDGE('',*,*,#3913,.F.);
#4082 = ORIENTED_EDGE('',*,*,#2946,.F.);
#4083 = PLANE('',#4084);
#4084 = AXIS2_PLACEMENT_3D('',#4085,#4086,#4087);
#4085 = CARTESIAN_POINT('',(-2.086150134351E-16,-5.215375335879E-17,
    5.999));
#4086 = DIRECTION('',(0.,0.,1.));
#4087 = DIRECTION('',(1.,0.,0.));
#4088 = ADVANCED_FACE('',(#4089),#4107,.F.);
#4089 = FACE_BOUND('',#4090,.F.);
#4090 = EDGE_LOOP('',(#4091,#4092,#4093,#4099,#4100,#4101));
#4091 = ORIENTED_EDGE('',*,*,#4075,.F.);
#4092 = ORIENTED_EDGE('',*,*,#2834,.T.);
#4093 = ORIENTED_EDGE('',*,*,#4094,.T.);
#4094 = EDGE_CURVE('',#2835,#3693,#4095,.T.);
#4095 = LINE('',#4096,#4097);
#4096 = CARTESIAN_POINT('',(-6.44,-0.15,4.));
#4097 = VECTOR('',#4098,1.);
#4098 = DIRECTION('',(-1.,0.,0.));
#4099 = ORIENTED_EDGE('',*,*,#3692,.F.);
#4100 = ORIENTED_EDGE('',*,*,#3263,.F.);
#4101 = ORIENTED_EDGE('',*,*,#4102,.T.);
#4102 = EDGE_CURVE('',#3264,#4068,#4103,.T.);
#4103 = LINE('',#4104,#4105);
#4104 = CARTESIAN_POINT('',(-6.72,-0.15,6.));
#4105 = VECTOR('',#4106,1.);
#4106 = DIRECTION('',(0.,0.,-1.));
#4107 = PLANE('',#4108);
#4108 = AXIS2_PLACEMENT_3D('',#4109,#4110,#4111);
#4109 = CARTESIAN_POINT('',(-6.44,-0.15,6.));
#4110 = DIRECTION('',(0.,1.,0.));
#4111 = DIRECTION('',(-1.,0.,0.));
#4112 = ADVANCED_FACE('',(#4113),#4119,.T.);
#4113 = FACE_BOUND('',#4114,.T.);
#4114 = EDGE_LOOP('',(#4115,#4116,#4117,#4118));
#4115 = ORIENTED_EDGE('',*,*,#3700,.T.);
#4116 = ORIENTED_EDGE('',*,*,#3655,.T.);
#4117 = ORIENTED_EDGE('',*,*,#2842,.T.);
#4118 = ORIENTED_EDGE('',*,*,#4094,.T.);
#4119 = PLANE('',#4120);
#4120 = AXIS2_PLACEMENT_3D('',#4121,#4122,#4123);
#4121 = CARTESIAN_POINT('',(9.607699251564E-16,-0.65,4.));
#4122 = DIRECTION('',(0.,0.,1.));
#4123 = DIRECTION('',(1.,0.,0.));
#4124 = ADVANCED_FACE('',(#4125),#4136,.T.);
#4125 = FACE_BOUND('',#4126,.T.);
#4126 = EDGE_LOOP('',(#4127,#4128,#4129,#4130));
#4127 = ORIENTED_EDGE('',*,*,#2930,.T.);
#4128 = ORIENTED_EDGE('',*,*,#3505,.T.);
#4129 = ORIENTED_EDGE('',*,*,#3426,.T.);
#4130 = ORIENTED_EDGE('',*,*,#4131,.T.);
#4131 = EDGE_CURVE('',#3427,#2931,#4132,.T.);
#4132 = LINE('',#4133,#4134);
#4133 = CARTESIAN_POINT('',(7.,-0.15,4.));
#4134 = VECTOR('',#4135,1.);
#4135 = DIRECTION('',(-1.,0.,0.));
#4136 = PLANE('',#4137);
#4137 = AXIS2_PLACEMENT_3D('',#4138,#4139,#4140);
#4138 = CARTESIAN_POINT('',(9.607699251564E-16,-0.65,4.));
#4139 = DIRECTION('',(0.,0.,1.));
#4140 = DIRECTION('',(1.,0.,0.));
#4141 = ADVANCED_FACE('',(#4142),#4155,.F.);
#4142 = FACE_BOUND('',#4143,.F.);
#4143 = EDGE_LOOP('',(#4144,#4145,#4146,#4147,#4148,#4149));
#4144 = ORIENTED_EDGE('',*,*,#3295,.F.);
#4145 = ORIENTED_EDGE('',*,*,#3434,.T.);
#4146 = ORIENTED_EDGE('',*,*,#4131,.T.);
#4147 = ORIENTED_EDGE('',*,*,#2938,.F.);
#4148 = ORIENTED_EDGE('',*,*,#4043,.F.);
#4149 = ORIENTED_EDGE('',*,*,#4150,.T.);
#4150 = EDGE_CURVE('',#4044,#3288,#4151,.T.);
#4151 = LINE('',#4152,#4153);
#4152 = CARTESIAN_POINT('',(6.72,-0.15,6.));
#4153 = VECTOR('',#4154,1.);
#4154 = DIRECTION('',(0.,0.,1.));
#4155 = PLANE('',#4156);
#4156 = AXIS2_PLACEMENT_3D('',#4157,#4158,#4159);
#4157 = CARTESIAN_POINT('',(7.,-0.15,6.));
#4158 = DIRECTION('',(0.,1.,0.));
#4159 = DIRECTION('',(-1.,0.,0.));
#4160 = ADVANCED_FACE('',(#4161),#4172,.F.);
#4161 = FACE_BOUND('',#4162,.F.);
#4162 = EDGE_LOOP('',(#4163,#4164,#4165,#4166));
#4163 = ORIENTED_EDGE('',*,*,#3287,.F.);
#4164 = ORIENTED_EDGE('',*,*,#4150,.F.);
#4165 = ORIENTED_EDGE('',*,*,#4051,.T.);
#4166 = ORIENTED_EDGE('',*,*,#4167,.F.);
#4167 = EDGE_CURVE('',#3280,#4052,#4168,.T.);
#4168 = LINE('',#4169,#4170);
#4169 = CARTESIAN_POINT('',(6.72,2.075,6.));
#4170 = VECTOR('',#4171,1.);
#4171 = DIRECTION('',(-0.,-0.,-1.));
#4172 = PLANE('',#4173);
#4173 = AXIS2_PLACEMENT_3D('',#4174,#4175,#4176);
#4174 = CARTESIAN_POINT('',(6.72,-2.075,6.));
#4175 = DIRECTION('',(1.,0.,0.));
#4176 = DIRECTION('',(0.,1.,0.));
#4177 = ADVANCED_FACE('',(#4178),#4189,.F.);
#4178 = FACE_BOUND('',#4179,.F.);
#4179 = EDGE_LOOP('',(#4180,#4181,#4182,#4183));
#4180 = ORIENTED_EDGE('',*,*,#3279,.F.);
#4181 = ORIENTED_EDGE('',*,*,#4167,.T.);
#4182 = ORIENTED_EDGE('',*,*,#4059,.T.);
#4183 = ORIENTED_EDGE('',*,*,#4184,.F.);
#4184 = EDGE_CURVE('',#3272,#4060,#4185,.T.);
#4185 = LINE('',#4186,#4187);
#4186 = CARTESIAN_POINT('',(-6.72,2.075,6.));
#4187 = VECTOR('',#4188,1.);
#4188 = DIRECTION('',(-0.,-0.,-1.));
#4189 = PLANE('',#4190);
#4190 = AXIS2_PLACEMENT_3D('',#4191,#4192,#4193);
#4191 = CARTESIAN_POINT('',(6.72,2.075,6.));
#4192 = DIRECTION('',(0.,1.,0.));
#4193 = DIRECTION('',(-1.,0.,0.));
#4194 = ADVANCED_FACE('',(#4195),#4201,.F.);
#4195 = FACE_BOUND('',#4196,.F.);
#4196 = EDGE_LOOP('',(#4197,#4198,#4199,#4200));
#4197 = ORIENTED_EDGE('',*,*,#3271,.F.);
#4198 = ORIENTED_EDGE('',*,*,#4184,.T.);
#4199 = ORIENTED_EDGE('',*,*,#4067,.T.);
#4200 = ORIENTED_EDGE('',*,*,#4102,.F.);
#4201 = PLANE('',#4202);
#4202 = AXIS2_PLACEMENT_3D('',#4203,#4204,#4205);
#4203 = CARTESIAN_POINT('',(-6.72,2.075,6.));
#4204 = DIRECTION('',(-1.,0.,0.));
#4205 = DIRECTION('',(0.,-1.,0.));
#4206 = ADVANCED_FACE('',(#4207),#4233,.F.);
#4207 = FACE_BOUND('',#4208,.F.);
#4208 = EDGE_LOOP('',(#4209,#4217,#4218,#4219,#4227));
#4209 = ORIENTED_EDGE('',*,*,#4210,.F.);
#4210 = EDGE_CURVE('',#3890,#4211,#4213,.T.);
#4211 = VERTEX_POINT('',#4212);
#4212 = CARTESIAN_POINT('',(-4.15,1.594999999999,3.126794919243));
#4213 = LINE('',#4214,#4215);
#4214 = CARTESIAN_POINT('',(-4.15,1.594999999999,1.4));
#4215 = VECTOR('',#4216,1.);
#4216 = DIRECTION('',(0.,0.,1.));
#4217 = ORIENTED_EDGE('',*,*,#3897,.F.);
#4218 = ORIENTED_EDGE('',*,*,#3921,.T.);
#4219 = ORIENTED_EDGE('',*,*,#4220,.T.);
#4220 = EDGE_CURVE('',#3922,#4221,#4223,.T.);
#4221 = VERTEX_POINT('',#4222);
#4222 = CARTESIAN_POINT('',(-4.15,1.694999999999,3.3));
#4223 = LINE('',#4224,#4225);
#4224 = CARTESIAN_POINT('',(-4.15,1.795,3.3));
#4225 = VECTOR('',#4226,1.);
#4226 = DIRECTION('',(0.,-1.,0.));
#4227 = ORIENTED_EDGE('',*,*,#4228,.T.);
#4228 = EDGE_CURVE('',#4221,#4211,#4229,.T.);
#4229 = LINE('',#4230,#4231);
#4230 = CARTESIAN_POINT('',(-4.15,1.271137933202,2.565849364906));
#4231 = VECTOR('',#4232,1.);
#4232 = DIRECTION('',(0.,-0.5,-0.866025403784));
#4233 = PLANE('',#4234);
#4234 = AXIS2_PLACEMENT_3D('',#4235,#4236,#4237);
#4235 = CARTESIAN_POINT('',(-4.15,1.795,1.4));
#4236 = DIRECTION('',(1.,0.,0.));
#4237 = DIRECTION('',(0.,-1.,0.));
#4238 = ADVANCED_FACE('',(#4239),#4257,.F.);
#4239 = FACE_BOUND('',#4240,.F.);
#4240 = EDGE_LOOP('',(#4241,#4242,#4250,#4256));
#4241 = ORIENTED_EDGE('',*,*,#4210,.T.);
#4242 = ORIENTED_EDGE('',*,*,#4243,.T.);
#4243 = EDGE_CURVE('',#4211,#4244,#4246,.T.);
#4244 = VERTEX_POINT('',#4245);
#4245 = CARTESIAN_POINT('',(-3.85,1.594999999999,3.126794919243));
#4246 = LINE('',#4247,#4248);
#4247 = CARTESIAN_POINT('',(-4.15,1.594999999999,3.126794919243));
#4248 = VECTOR('',#4249,1.);
#4249 = DIRECTION('',(1.,0.,0.));
#4250 = ORIENTED_EDGE('',*,*,#4251,.F.);
#4251 = EDGE_CURVE('',#3882,#4244,#4252,.T.);
#4252 = LINE('',#4253,#4254);
#4253 = CARTESIAN_POINT('',(-3.85,1.594999999999,1.4));
#4254 = VECTOR('',#4255,1.);
#4255 = DIRECTION('',(0.,0.,1.));
#4256 = ORIENTED_EDGE('',*,*,#3889,.F.);
#4257 = PLANE('',#4258);
#4258 = AXIS2_PLACEMENT_3D('',#4259,#4260,#4261);
#4259 = CARTESIAN_POINT('',(-4.15,1.594999999999,1.4));
#4260 = DIRECTION('',(0.,1.,0.));
#4261 = DIRECTION('',(1.,0.,0.));
#4262 = ADVANCED_FACE('',(#4263),#4282,.F.);
#4263 = FACE_BOUND('',#4264,.F.);
#4264 = EDGE_LOOP('',(#4265,#4266,#4274,#4280,#4281));
#4265 = ORIENTED_EDGE('',*,*,#4251,.T.);
#4266 = ORIENTED_EDGE('',*,*,#4267,.F.);
#4267 = EDGE_CURVE('',#4268,#4244,#4270,.T.);
#4268 = VERTEX_POINT('',#4269);
#4269 = CARTESIAN_POINT('',(-3.85,1.694999999999,3.3));
#4270 = LINE('',#4271,#4272);
#4271 = CARTESIAN_POINT('',(-3.85,1.246137933202,2.522548094716));
#4272 = VECTOR('',#4273,1.);
#4273 = DIRECTION('',(-0.,-0.5,-0.866025403784));
#4274 = ORIENTED_EDGE('',*,*,#4275,.T.);
#4275 = EDGE_CURVE('',#4268,#3930,#4276,.T.);
#4276 = LINE('',#4277,#4278);
#4277 = CARTESIAN_POINT('',(-3.85,1.594999999999,3.3));
#4278 = VECTOR('',#4279,1.);
#4279 = DIRECTION('',(0.,1.,0.));
#4280 = ORIENTED_EDGE('',*,*,#3937,.F.);
#4281 = ORIENTED_EDGE('',*,*,#3881,.F.);
#4282 = PLANE('',#4283);
#4283 = AXIS2_PLACEMENT_3D('',#4284,#4285,#4286);
#4284 = CARTESIAN_POINT('',(-3.85,1.594999999999,1.4));
#4285 = DIRECTION('',(-1.,0.,0.));
#4286 = DIRECTION('',(0.,1.,0.));
#4287 = ADVANCED_FACE('',(#4288),#4314,.F.);
#4288 = FACE_BOUND('',#4289,.F.);
#4289 = EDGE_LOOP('',(#4290,#4298,#4299,#4300,#4308));
#4290 = ORIENTED_EDGE('',*,*,#4291,.F.);
#4291 = EDGE_CURVE('',#3858,#4292,#4294,.T.);
#4292 = VERTEX_POINT('',#4293);
#4293 = CARTESIAN_POINT('',(-2.15,1.595,3.126794919243));
#4294 = LINE('',#4295,#4296);
#4295 = CARTESIAN_POINT('',(-2.15,1.595,1.4));
#4296 = VECTOR('',#4297,1.);
#4297 = DIRECTION('',(0.,0.,1.));
#4298 = ORIENTED_EDGE('',*,*,#3865,.F.);
#4299 = ORIENTED_EDGE('',*,*,#3944,.T.);
#4300 = ORIENTED_EDGE('',*,*,#4301,.T.);
#4301 = EDGE_CURVE('',#3945,#4302,#4304,.T.);
#4302 = VERTEX_POINT('',#4303);
#4303 = CARTESIAN_POINT('',(-2.15,1.695,3.3));
#4304 = LINE('',#4305,#4306);
#4305 = CARTESIAN_POINT('',(-2.15,1.795,3.3));
#4306 = VECTOR('',#4307,1.);
#4307 = DIRECTION('',(0.,-1.,0.));
#4308 = ORIENTED_EDGE('',*,*,#4309,.T.);
#4309 = EDGE_CURVE('',#4302,#4292,#4310,.T.);
#4310 = LINE('',#4311,#4312);
#4311 = CARTESIAN_POINT('',(-2.15,1.271137933202,2.565849364905));
#4312 = VECTOR('',#4313,1.);
#4313 = DIRECTION('',(0.,-0.5,-0.866025403784));
#4314 = PLANE('',#4315);
#4315 = AXIS2_PLACEMENT_3D('',#4316,#4317,#4318);
#4316 = CARTESIAN_POINT('',(-2.15,1.795,1.4));
#4317 = DIRECTION('',(1.,0.,0.));
#4318 = DIRECTION('',(0.,-1.,0.));
#4319 = ADVANCED_FACE('',(#4320),#4338,.F.);
#4320 = FACE_BOUND('',#4321,.F.);
#4321 = EDGE_LOOP('',(#4322,#4323,#4331,#4337));
#4322 = ORIENTED_EDGE('',*,*,#4291,.T.);
#4323 = ORIENTED_EDGE('',*,*,#4324,.T.);
#4324 = EDGE_CURVE('',#4292,#4325,#4327,.T.);
#4325 = VERTEX_POINT('',#4326);
#4326 = CARTESIAN_POINT('',(-1.85,1.595,3.126794919243));
#4327 = LINE('',#4328,#4329);
#4328 = CARTESIAN_POINT('',(-2.15,1.595,3.126794919243));
#4329 = VECTOR('',#4330,1.);
#4330 = DIRECTION('',(1.,0.,0.));
#4331 = ORIENTED_EDGE('',*,*,#4332,.F.);
#4332 = EDGE_CURVE('',#3850,#4325,#4333,.T.);
#4333 = LINE('',#4334,#4335);
#4334 = CARTESIAN_POINT('',(-1.85,1.595,1.4));
#4335 = VECTOR('',#4336,1.);
#4336 = DIRECTION('',(0.,0.,1.));
#4337 = ORIENTED_EDGE('',*,*,#3857,.F.);
#4338 = PLANE('',#4339);
#4339 = AXIS2_PLACEMENT_3D('',#4340,#4341,#4342);
#4340 = CARTESIAN_POINT('',(-2.15,1.595,1.4));
#4341 = DIRECTION('',(0.,1.,0.));
#4342 = DIRECTION('',(1.,0.,0.));
#4343 = ADVANCED_FACE('',(#4344),#4363,.F.);
#4344 = FACE_BOUND('',#4345,.F.);
#4345 = EDGE_LOOP('',(#4346,#4347,#4355,#4361,#4362));
#4346 = ORIENTED_EDGE('',*,*,#4332,.T.);
#4347 = ORIENTED_EDGE('',*,*,#4348,.F.);
#4348 = EDGE_CURVE('',#4349,#4325,#4351,.T.);
#4349 = VERTEX_POINT('',#4350);
#4350 = CARTESIAN_POINT('',(-1.85,1.695,3.3));
#4351 = LINE('',#4352,#4353);
#4352 = CARTESIAN_POINT('',(-1.85,1.246137933202,2.522548094716));
#4353 = VECTOR('',#4354,1.);
#4354 = DIRECTION('',(-0.,-0.5,-0.866025403784));
#4355 = ORIENTED_EDGE('',*,*,#4356,.T.);
#4356 = EDGE_CURVE('',#4349,#3953,#4357,.T.);
#4357 = LINE('',#4358,#4359);
#4358 = CARTESIAN_POINT('',(-1.85,1.595,3.3));
#4359 = VECTOR('',#4360,1.);
#4360 = DIRECTION('',(0.,1.,0.));
#4361 = ORIENTED_EDGE('',*,*,#3960,.F.);
#4362 = ORIENTED_EDGE('',*,*,#3849,.F.);
#4363 = PLANE('',#4364);
#4364 = AXIS2_PLACEMENT_3D('',#4365,#4366,#4367);
#4365 = CARTESIAN_POINT('',(-1.85,1.595,1.4));
#4366 = DIRECTION('',(-1.,0.,0.));
#4367 = DIRECTION('',(0.,1.,0.));
#4368 = ADVANCED_FACE('',(#4369),#4395,.F.);
#4369 = FACE_BOUND('',#4370,.F.);
#4370 = EDGE_LOOP('',(#4371,#4379,#4380,#4381,#4389));
#4371 = ORIENTED_EDGE('',*,*,#4372,.F.);
#4372 = EDGE_CURVE('',#3826,#4373,#4375,.T.);
#4373 = VERTEX_POINT('',#4374);
#4374 = CARTESIAN_POINT('',(-0.15,1.595,3.126794919243));
#4375 = LINE('',#4376,#4377);
#4376 = CARTESIAN_POINT('',(-0.15,1.595,1.4));
#4377 = VECTOR('',#4378,1.);
#4378 = DIRECTION('',(0.,0.,1.));
#4379 = ORIENTED_EDGE('',*,*,#3833,.F.);
#4380 = ORIENTED_EDGE('',*,*,#3967,.T.);
#4381 = ORIENTED_EDGE('',*,*,#4382,.T.);
#4382 = EDGE_CURVE('',#3968,#4383,#4385,.T.);
#4383 = VERTEX_POINT('',#4384);
#4384 = CARTESIAN_POINT('',(-0.15,1.695,3.3));
#4385 = LINE('',#4386,#4387);
#4386 = CARTESIAN_POINT('',(-0.15,1.795,3.3));
#4387 = VECTOR('',#4388,1.);
#4388 = DIRECTION('',(0.,-1.,0.));
#4389 = ORIENTED_EDGE('',*,*,#4390,.T.);
#4390 = EDGE_CURVE('',#4383,#4373,#4391,.T.);
#4391 = LINE('',#4392,#4393);
#4392 = CARTESIAN_POINT('',(-0.15,1.271137933202,2.565849364905));
#4393 = VECTOR('',#4394,1.);
#4394 = DIRECTION('',(0.,-0.5,-0.866025403784));
#4395 = PLANE('',#4396);
#4396 = AXIS2_PLACEMENT_3D('',#4397,#4398,#4399);
#4397 = CARTESIAN_POINT('',(-0.15,1.795,1.4));
#4398 = DIRECTION('',(1.,0.,0.));
#4399 = DIRECTION('',(0.,-1.,0.));
#4400 = ADVANCED_FACE('',(#4401),#4419,.F.);
#4401 = FACE_BOUND('',#4402,.F.);
#4402 = EDGE_LOOP('',(#4403,#4404,#4412,#4418));
#4403 = ORIENTED_EDGE('',*,*,#4372,.T.);
#4404 = ORIENTED_EDGE('',*,*,#4405,.T.);
#4405 = EDGE_CURVE('',#4373,#4406,#4408,.T.);
#4406 = VERTEX_POINT('',#4407);
#4407 = CARTESIAN_POINT('',(0.15,1.595,3.126794919243));
#4408 = LINE('',#4409,#4410);
#4409 = CARTESIAN_POINT('',(-0.15,1.595,3.126794919243));
#4410 = VECTOR('',#4411,1.);
#4411 = DIRECTION('',(1.,0.,0.));
#4412 = ORIENTED_EDGE('',*,*,#4413,.F.);
#4413 = EDGE_CURVE('',#3818,#4406,#4414,.T.);
#4414 = LINE('',#4415,#4416);
#4415 = CARTESIAN_POINT('',(0.15,1.595,1.4));
#4416 = VECTOR('',#4417,1.);
#4417 = DIRECTION('',(0.,0.,1.));
#4418 = ORIENTED_EDGE('',*,*,#3825,.F.);
#4419 = PLANE('',#4420);
#4420 = AXIS2_PLACEMENT_3D('',#4421,#4422,#4423);
#4421 = CARTESIAN_POINT('',(-0.15,1.595,1.4));
#4422 = DIRECTION('',(0.,1.,0.));
#4423 = DIRECTION('',(1.,0.,0.));
#4424 = ADVANCED_FACE('',(#4425),#4444,.F.);
#4425 = FACE_BOUND('',#4426,.F.);
#4426 = EDGE_LOOP('',(#4427,#4428,#4436,#4442,#4443));
#4427 = ORIENTED_EDGE('',*,*,#4413,.T.);
#4428 = ORIENTED_EDGE('',*,*,#4429,.F.);
#4429 = EDGE_CURVE('',#4430,#4406,#4432,.T.);
#4430 = VERTEX_POINT('',#4431);
#4431 = CARTESIAN_POINT('',(0.15,1.695,3.3));
#4432 = LINE('',#4433,#4434);
#4433 = CARTESIAN_POINT('',(0.15,1.246137933202,2.522548094716));
#4434 = VECTOR('',#4435,1.);
#4435 = DIRECTION('',(-0.,-0.5,-0.866025403784));
#4436 = ORIENTED_EDGE('',*,*,#4437,.T.);
#4437 = EDGE_CURVE('',#4430,#3976,#4438,.T.);
#4438 = LINE('',#4439,#4440);
#4439 = CARTESIAN_POINT('',(0.15,1.595,3.3));
#4440 = VECTOR('',#4441,1.);
#4441 = DIRECTION('',(0.,1.,0.));
#4442 = ORIENTED_EDGE('',*,*,#3983,.F.);
#4443 = ORIENTED_EDGE('',*,*,#3817,.F.);
#4444 = PLANE('',#4445);
#4445 = AXIS2_PLACEMENT_3D('',#4446,#4447,#4448);
#4446 = CARTESIAN_POINT('',(0.15,1.595,1.4));
#4447 = DIRECTION('',(-1.,0.,0.));
#4448 = DIRECTION('',(0.,1.,0.));
#4449 = ADVANCED_FACE('',(#4450),#4476,.F.);
#4450 = FACE_BOUND('',#4451,.F.);
#4451 = EDGE_LOOP('',(#4452,#4460,#4461,#4462,#4470));
#4452 = ORIENTED_EDGE('',*,*,#4453,.F.);
#4453 = EDGE_CURVE('',#3794,#4454,#4456,.T.);
#4454 = VERTEX_POINT('',#4455);
#4455 = CARTESIAN_POINT('',(1.85,1.595,3.126794919243));
#4456 = LINE('',#4457,#4458);
#4457 = CARTESIAN_POINT('',(1.85,1.595,1.4));
#4458 = VECTOR('',#4459,1.);
#4459 = DIRECTION('',(0.,0.,1.));
#4460 = ORIENTED_EDGE('',*,*,#3801,.F.);
#4461 = ORIENTED_EDGE('',*,*,#3990,.T.);
#4462 = ORIENTED_EDGE('',*,*,#4463,.T.);
#4463 = EDGE_CURVE('',#3991,#4464,#4466,.T.);
#4464 = VERTEX_POINT('',#4465);
#4465 = CARTESIAN_POINT('',(1.85,1.695,3.3));
#4466 = LINE('',#4467,#4468);
#4467 = CARTESIAN_POINT('',(1.85,1.795,3.3));
#4468 = VECTOR('',#4469,1.);
#4469 = DIRECTION('',(0.,-1.,0.));
#4470 = ORIENTED_EDGE('',*,*,#4471,.T.);
#4471 = EDGE_CURVE('',#4464,#4454,#4472,.T.);
#4472 = LINE('',#4473,#4474);
#4473 = CARTESIAN_POINT('',(1.85,1.271137933202,2.565849364905));
#4474 = VECTOR('',#4475,1.);
#4475 = DIRECTION('',(0.,-0.5,-0.866025403784));
#4476 = PLANE('',#4477);
#4477 = AXIS2_PLACEMENT_3D('',#4478,#4479,#4480);
#4478 = CARTESIAN_POINT('',(1.85,1.795,1.4));
#4479 = DIRECTION('',(1.,0.,0.));
#4480 = DIRECTION('',(0.,-1.,0.));
#4481 = ADVANCED_FACE('',(#4482),#4500,.F.);
#4482 = FACE_BOUND('',#4483,.F.);
#4483 = EDGE_LOOP('',(#4484,#4485,#4493,#4499));
#4484 = ORIENTED_EDGE('',*,*,#4453,.T.);
#4485 = ORIENTED_EDGE('',*,*,#4486,.T.);
#4486 = EDGE_CURVE('',#4454,#4487,#4489,.T.);
#4487 = VERTEX_POINT('',#4488);
#4488 = CARTESIAN_POINT('',(2.15,1.595,3.126794919243));
#4489 = LINE('',#4490,#4491);
#4490 = CARTESIAN_POINT('',(1.85,1.595,3.126794919243));
#4491 = VECTOR('',#4492,1.);
#4492 = DIRECTION('',(1.,0.,0.));
#4493 = ORIENTED_EDGE('',*,*,#4494,.F.);
#4494 = EDGE_CURVE('',#3786,#4487,#4495,.T.);
#4495 = LINE('',#4496,#4497);
#4496 = CARTESIAN_POINT('',(2.15,1.595,1.4));
#4497 = VECTOR('',#4498,1.);
#4498 = DIRECTION('',(0.,0.,1.));
#4499 = ORIENTED_EDGE('',*,*,#3793,.F.);
#4500 = PLANE('',#4501);
#4501 = AXIS2_PLACEMENT_3D('',#4502,#4503,#4504);
#4502 = CARTESIAN_POINT('',(1.85,1.595,1.4));
#4503 = DIRECTION('',(0.,1.,0.));
#4504 = DIRECTION('',(1.,0.,0.));
#4505 = ADVANCED_FACE('',(#4506),#4525,.F.);
#4506 = FACE_BOUND('',#4507,.F.);
#4507 = EDGE_LOOP('',(#4508,#4509,#4517,#4523,#4524));
#4508 = ORIENTED_EDGE('',*,*,#4494,.T.);
#4509 = ORIENTED_EDGE('',*,*,#4510,.F.);
#4510 = EDGE_CURVE('',#4511,#4487,#4513,.T.);
#4511 = VERTEX_POINT('',#4512);
#4512 = CARTESIAN_POINT('',(2.15,1.695,3.3));
#4513 = LINE('',#4514,#4515);
#4514 = CARTESIAN_POINT('',(2.15,1.246137933202,2.522548094716));
#4515 = VECTOR('',#4516,1.);
#4516 = DIRECTION('',(-0.,-0.5,-0.866025403784));
#4517 = ORIENTED_EDGE('',*,*,#4518,.T.);
#4518 = EDGE_CURVE('',#4511,#3999,#4519,.T.);
#4519 = LINE('',#4520,#4521);
#4520 = CARTESIAN_POINT('',(2.15,1.595,3.3));
#4521 = VECTOR('',#4522,1.);
#4522 = DIRECTION('',(0.,1.,0.));
#4523 = ORIENTED_EDGE('',*,*,#4006,.F.);
#4524 = ORIENTED_EDGE('',*,*,#3785,.F.);
#4525 = PLANE('',#4526);
#4526 = AXIS2_PLACEMENT_3D('',#4527,#4528,#4529);
#4527 = CARTESIAN_POINT('',(2.15,1.595,1.4));
#4528 = DIRECTION('',(-1.,0.,0.));
#4529 = DIRECTION('',(0.,1.,0.));
#4530 = ADVANCED_FACE('',(#4531),#4557,.T.);
#4531 = FACE_BOUND('',#4532,.T.);
#4532 = EDGE_LOOP('',(#4533,#4541,#4549,#4555,#4556));
#4533 = ORIENTED_EDGE('',*,*,#4534,.T.);
#4534 = EDGE_CURVE('',#3762,#4535,#4537,.T.);
#4535 = VERTEX_POINT('',#4536);
#4536 = CARTESIAN_POINT('',(3.85,1.595,3.126794919243));
#4537 = LINE('',#4538,#4539);
#4538 = CARTESIAN_POINT('',(3.85,1.595,1.4));
#4539 = VECTOR('',#4540,1.);
#4540 = DIRECTION('',(0.,0.,1.));
#4541 = ORIENTED_EDGE('',*,*,#4542,.F.);
#4542 = EDGE_CURVE('',#4543,#4535,#4545,.T.);
#4543 = VERTEX_POINT('',#4544);
#4544 = CARTESIAN_POINT('',(3.85,1.695,3.3));
#4545 = LINE('',#4546,#4547);
#4546 = CARTESIAN_POINT('',(3.85,1.246137933202,2.522548094716));
#4547 = VECTOR('',#4548,1.);
#4548 = DIRECTION('',(-0.,-0.5,-0.866025403784));
#4549 = ORIENTED_EDGE('',*,*,#4550,.T.);
#4550 = EDGE_CURVE('',#4543,#4014,#4551,.T.);
#4551 = LINE('',#4552,#4553);
#4552 = CARTESIAN_POINT('',(3.85,1.595,3.3));
#4553 = VECTOR('',#4554,1.);
#4554 = DIRECTION('',(0.,1.,0.));
#4555 = ORIENTED_EDGE('',*,*,#4013,.F.);
#4556 = ORIENTED_EDGE('',*,*,#3769,.F.);
#4557 = PLANE('',#4558);
#4558 = AXIS2_PLACEMENT_3D('',#4559,#4560,#4561);
#4559 = CARTESIAN_POINT('',(3.85,1.595,1.4));
#4560 = DIRECTION('',(-1.,0.,0.));
#4561 = DIRECTION('',(0.,1.,0.));
#4562 = ADVANCED_FACE('',(#4563),#4581,.T.);
#4563 = FACE_BOUND('',#4564,.T.);
#4564 = EDGE_LOOP('',(#4565,#4573,#4579,#4580));
#4565 = ORIENTED_EDGE('',*,*,#4566,.T.);
#4566 = EDGE_CURVE('',#3754,#4567,#4569,.T.);
#4567 = VERTEX_POINT('',#4568);
#4568 = CARTESIAN_POINT('',(4.15,1.595,3.126794919243));
#4569 = LINE('',#4570,#4571);
#4570 = CARTESIAN_POINT('',(4.15,1.595,1.4));
#4571 = VECTOR('',#4572,1.);
#4572 = DIRECTION('',(0.,0.,1.));
#4573 = ORIENTED_EDGE('',*,*,#4574,.T.);
#4574 = EDGE_CURVE('',#4567,#4535,#4575,.T.);
#4575 = LINE('',#4576,#4577);
#4576 = CARTESIAN_POINT('',(4.15,1.595,3.126794919243));
#4577 = VECTOR('',#4578,1.);
#4578 = DIRECTION('',(-1.,0.,0.));
#4579 = ORIENTED_EDGE('',*,*,#4534,.F.);
#4580 = ORIENTED_EDGE('',*,*,#3761,.F.);
#4581 = PLANE('',#4582);
#4582 = AXIS2_PLACEMENT_3D('',#4583,#4584,#4585);
#4583 = CARTESIAN_POINT('',(4.15,1.595,1.4));
#4584 = DIRECTION('',(0.,-1.,0.));
#4585 = DIRECTION('',(-1.,0.,0.));
#4586 = ADVANCED_FACE('',(#4587),#4606,.T.);
#4587 = FACE_BOUND('',#4588,.T.);
#4588 = EDGE_LOOP('',(#4589,#4590,#4591,#4592,#4600));
#4589 = ORIENTED_EDGE('',*,*,#4566,.F.);
#4590 = ORIENTED_EDGE('',*,*,#3753,.F.);
#4591 = ORIENTED_EDGE('',*,*,#4029,.T.);
#4592 = ORIENTED_EDGE('',*,*,#4593,.T.);
#4593 = EDGE_CURVE('',#4022,#4594,#4596,.T.);
#4594 = VERTEX_POINT('',#4595);
#4595 = CARTESIAN_POINT('',(4.15,1.695,3.3));
#4596 = LINE('',#4597,#4598);
#4597 = CARTESIAN_POINT('',(4.15,1.795,3.3));
#4598 = VECTOR('',#4599,1.);
#4599 = DIRECTION('',(0.,-1.,0.));
#4600 = ORIENTED_EDGE('',*,*,#4601,.T.);
#4601 = EDGE_CURVE('',#4594,#4567,#4602,.T.);
#4602 = LINE('',#4603,#4604);
#4603 = CARTESIAN_POINT('',(4.15,1.271137933202,2.565849364905));
#4604 = VECTOR('',#4605,1.);
#4605 = DIRECTION('',(0.,-0.5,-0.866025403784));
#4606 = PLANE('',#4607);
#4607 = AXIS2_PLACEMENT_3D('',#4608,#4609,#4610);
#4608 = CARTESIAN_POINT('',(4.15,1.795,1.4));
#4609 = DIRECTION('',(1.,0.,0.));
#4610 = DIRECTION('',(0.,-1.,0.));
#4611 = ADVANCED_FACE('',(#4612),#4623,.T.);
#4612 = FACE_BOUND('',#4613,.T.);
#4613 = EDGE_LOOP('',(#4614,#4615,#4621,#4622));
#4614 = ORIENTED_EDGE('',*,*,#4550,.F.);
#4615 = ORIENTED_EDGE('',*,*,#4616,.F.);
#4616 = EDGE_CURVE('',#4594,#4543,#4617,.T.);
#4617 = LINE('',#4618,#4619);
#4618 = CARTESIAN_POINT('',(4.15,1.695,3.3));
#4619 = VECTOR('',#4620,1.);
#4620 = DIRECTION('',(-1.,0.,0.));
#4621 = ORIENTED_EDGE('',*,*,#4593,.F.);
#4622 = ORIENTED_EDGE('',*,*,#4021,.F.);
#4623 = PLANE('',#4624);
#4624 = AXIS2_PLACEMENT_3D('',#4625,#4626,#4627);
#4625 = CARTESIAN_POINT('',(-1.361888379847E-12,1.695,3.3));
#4626 = DIRECTION('',(0.,0.,1.));
#4627 = DIRECTION('',(1.,0.,0.));
#4628 = ADVANCED_FACE('',(#4629),#4640,.T.);
#4629 = FACE_BOUND('',#4630,.T.);
#4630 = EDGE_LOOP('',(#4631,#4632,#4633,#4634));
#4631 = ORIENTED_EDGE('',*,*,#4518,.T.);
#4632 = ORIENTED_EDGE('',*,*,#3998,.T.);
#4633 = ORIENTED_EDGE('',*,*,#4463,.T.);
#4634 = ORIENTED_EDGE('',*,*,#4635,.T.);
#4635 = EDGE_CURVE('',#4464,#4511,#4636,.T.);
#4636 = LINE('',#4637,#4638);
#4637 = CARTESIAN_POINT('',(1.85,1.695,3.3));
#4638 = VECTOR('',#4639,1.);
#4639 = DIRECTION('',(1.,0.,0.));
#4640 = PLANE('',#4641);
#4641 = AXIS2_PLACEMENT_3D('',#4642,#4643,#4644);
#4642 = CARTESIAN_POINT('',(-1.361888379847E-12,1.695,3.3));
#4643 = DIRECTION('',(0.,0.,1.));
#4644 = DIRECTION('',(1.,0.,0.));
#4645 = ADVANCED_FACE('',(#4646),#4657,.T.);
#4646 = FACE_BOUND('',#4647,.T.);
#4647 = EDGE_LOOP('',(#4648,#4649,#4650,#4651));
#4648 = ORIENTED_EDGE('',*,*,#4437,.T.);
#4649 = ORIENTED_EDGE('',*,*,#3975,.T.);
#4650 = ORIENTED_EDGE('',*,*,#4382,.T.);
#4651 = ORIENTED_EDGE('',*,*,#4652,.T.);
#4652 = EDGE_CURVE('',#4383,#4430,#4653,.T.);
#4653 = LINE('',#4654,#4655);
#4654 = CARTESIAN_POINT('',(-0.15,1.695,3.3));
#4655 = VECTOR('',#4656,1.);
#4656 = DIRECTION('',(1.,0.,0.));
#4657 = PLANE('',#4658);
#4658 = AXIS2_PLACEMENT_3D('',#4659,#4660,#4661);
#4659 = CARTESIAN_POINT('',(-1.361888379847E-12,1.695,3.3));
#4660 = DIRECTION('',(0.,0.,1.));
#4661 = DIRECTION('',(1.,0.,0.));
#4662 = ADVANCED_FACE('',(#4663),#4674,.T.);
#4663 = FACE_BOUND('',#4664,.T.);
#4664 = EDGE_LOOP('',(#4665,#4666,#4667,#4668));
#4665 = ORIENTED_EDGE('',*,*,#4356,.T.);
#4666 = ORIENTED_EDGE('',*,*,#3952,.T.);
#4667 = ORIENTED_EDGE('',*,*,#4301,.T.);
#4668 = ORIENTED_EDGE('',*,*,#4669,.T.);
#4669 = EDGE_CURVE('',#4302,#4349,#4670,.T.);
#4670 = LINE('',#4671,#4672);
#4671 = CARTESIAN_POINT('',(-2.15,1.695,3.3));
#4672 = VECTOR('',#4673,1.);
#4673 = DIRECTION('',(1.,0.,0.));
#4674 = PLANE('',#4675);
#4675 = AXIS2_PLACEMENT_3D('',#4676,#4677,#4678);
#4676 = CARTESIAN_POINT('',(-1.361888379847E-12,1.695,3.3));
#4677 = DIRECTION('',(0.,0.,1.));
#4678 = DIRECTION('',(1.,0.,0.));
#4679 = ADVANCED_FACE('',(#4680),#4691,.T.);
#4680 = FACE_BOUND('',#4681,.T.);
#4681 = EDGE_LOOP('',(#4682,#4683,#4684,#4685));
#4682 = ORIENTED_EDGE('',*,*,#4275,.T.);
#4683 = ORIENTED_EDGE('',*,*,#3929,.T.);
#4684 = ORIENTED_EDGE('',*,*,#4220,.T.);
#4685 = ORIENTED_EDGE('',*,*,#4686,.T.);
#4686 = EDGE_CURVE('',#4221,#4268,#4687,.T.);
#4687 = LINE('',#4688,#4689);
#4688 = CARTESIAN_POINT('',(-4.15,1.694999999999,3.3));
#4689 = VECTOR('',#4690,1.);
#4690 = DIRECTION('',(1.,0.,0.));
#4691 = PLANE('',#4692);
#4692 = AXIS2_PLACEMENT_3D('',#4693,#4694,#4695);
#4693 = CARTESIAN_POINT('',(-1.361888379847E-12,1.695,3.3));
#4694 = DIRECTION('',(0.,0.,1.));
#4695 = DIRECTION('',(1.,0.,0.));
#4696 = ADVANCED_FACE('',(#4697),#4703,.F.);
#4697 = FACE_BOUND('',#4698,.F.);
#4698 = EDGE_LOOP('',(#4699,#4700,#4701,#4702));
#4699 = ORIENTED_EDGE('',*,*,#4228,.F.);
#4700 = ORIENTED_EDGE('',*,*,#4686,.T.);
#4701 = ORIENTED_EDGE('',*,*,#4267,.T.);
#4702 = ORIENTED_EDGE('',*,*,#4243,.F.);
#4703 = PLANE('',#4704);
#4704 = AXIS2_PLACEMENT_3D('',#4705,#4706,#4707);
#4705 = CARTESIAN_POINT('',(-4.15,1.644999999999,3.213397459622));
#4706 = DIRECTION('',(-1.735070385984E-18,0.866025403784,-0.5));
#4707 = DIRECTION('',(1.,1.502615031617E-18,-8.675351929922E-19));
#4708 = ADVANCED_FACE('',(#4709),#4715,.F.);
#4709 = FACE_BOUND('',#4710,.F.);
#4710 = EDGE_LOOP('',(#4711,#4712,#4713,#4714));
#4711 = ORIENTED_EDGE('',*,*,#4309,.F.);
#4712 = ORIENTED_EDGE('',*,*,#4669,.T.);
#4713 = ORIENTED_EDGE('',*,*,#4348,.T.);
#4714 = ORIENTED_EDGE('',*,*,#4324,.F.);
#4715 = PLANE('',#4716);
#4716 = AXIS2_PLACEMENT_3D('',#4717,#4718,#4719);
#4717 = CARTESIAN_POINT('',(-2.15,1.645,3.213397459622));
#4718 = DIRECTION('',(-1.735070385984E-18,0.866025403784,-0.5));
#4719 = DIRECTION('',(1.,1.502615031617E-18,-8.675351929922E-19));
#4720 = ADVANCED_FACE('',(#4721),#4727,.F.);
#4721 = FACE_BOUND('',#4722,.F.);
#4722 = EDGE_LOOP('',(#4723,#4724,#4725,#4726));
#4723 = ORIENTED_EDGE('',*,*,#4390,.F.);
#4724 = ORIENTED_EDGE('',*,*,#4652,.T.);
#4725 = ORIENTED_EDGE('',*,*,#4429,.T.);
#4726 = ORIENTED_EDGE('',*,*,#4405,.F.);
#4727 = PLANE('',#4728);
#4728 = AXIS2_PLACEMENT_3D('',#4729,#4730,#4731);
#4729 = CARTESIAN_POINT('',(-0.15,1.645,3.213397459622));
#4730 = DIRECTION('',(-1.735070385984E-18,0.866025403784,-0.5));
#4731 = DIRECTION('',(1.,1.502615031617E-18,-8.675351929922E-19));
#4732 = ADVANCED_FACE('',(#4733),#4739,.F.);
#4733 = FACE_BOUND('',#4734,.F.);
#4734 = EDGE_LOOP('',(#4735,#4736,#4737,#4738));
#4735 = ORIENTED_EDGE('',*,*,#4471,.F.);
#4736 = ORIENTED_EDGE('',*,*,#4635,.T.);
#4737 = ORIENTED_EDGE('',*,*,#4510,.T.);
#4738 = ORIENTED_EDGE('',*,*,#4486,.F.);
#4739 = PLANE('',#4740);
#4740 = AXIS2_PLACEMENT_3D('',#4741,#4742,#4743);
#4741 = CARTESIAN_POINT('',(1.85,1.645,3.213397459622));
#4742 = DIRECTION('',(-1.735070385984E-18,0.866025403784,-0.5));
#4743 = DIRECTION('',(1.,1.502615031617E-18,-8.675351929922E-19));
#4744 = ADVANCED_FACE('',(#4745),#4751,.T.);
#4745 = FACE_BOUND('',#4746,.T.);
#4746 = EDGE_LOOP('',(#4747,#4748,#4749,#4750));
#4747 = ORIENTED_EDGE('',*,*,#4601,.F.);
#4748 = ORIENTED_EDGE('',*,*,#4616,.T.);
#4749 = ORIENTED_EDGE('',*,*,#4542,.T.);
#4750 = ORIENTED_EDGE('',*,*,#4574,.F.);
#4751 = PLANE('',#4752);
#4752 = AXIS2_PLACEMENT_3D('',#4753,#4754,#4755);
#4753 = CARTESIAN_POINT('',(4.15,1.645,3.213397459622));
#4754 = DIRECTION('',(-1.735070385984E-18,-0.866025403784,0.5));
#4755 = DIRECTION('',(-1.,1.502615031617E-18,-8.675351929922E-19));
#4756 = ( GEOMETRIC_REPRESENTATION_CONTEXT(3) 
GLOBAL_UNCERTAINTY_ASSIGNED_CONTEXT((#4760)) 
GLOBAL_UNIT_ASSIGNED_CONTEXT((#4757,#4758,#4759)) REPRESENTATION_CONTEXT
('Context #1','3D Context with UNIT and UNCERTAINTY') );
#4757 = ( LENGTH_UNIT() NAMED_UNIT(*) SI_UNIT(.MILLI.,.METRE.) );
#4758 = ( NAMED_UNIT(*) PLANE_ANGLE_UNIT() SI_UNIT($,.RADIAN.) );
#4759 = ( NAMED_UNIT(*) SI_UNIT($,.STERADIAN.) SOLID_ANGLE_UNIT() );
#4760 = UNCERTAINTY_MEASURE_WITH_UNIT(LENGTH_MEASURE(5.E-06),#4757,
  'distance_accuracy_value','confusion accuracy');
#4761 = CONTEXT_DEPENDENT_SHAPE_REPRESENTATION(#4762,#4764);
#4762 = ( REPRESENTATION_RELATIONSHIP('','',#36,#10) 
REPRESENTATION_RELATIONSHIP_WITH_TRANSFORMATION(#4763) 
SHAPE_REPRESENTATION_RELATIONSHIP() );
#4763 = ITEM_DEFINED_TRANSFORMATION('','',#11,#15);
#4764 = PRODUCT_DEFINITION_SHAPE('Placement','Placement of an item',
  #4765);
#4765 = NEXT_ASSEMBLY_USAGE_OCCURRENCE('1','Body','',#5,#31,$);
#4766 = PRODUCT_RELATED_PRODUCT_CATEGORY('part',$,(#33));
#4767 = SHAPE_DEFINITION_REPRESENTATION(#4768,#4774);
#4768 = PRODUCT_DEFINITION_SHAPE('','',#4769);
#4769 = PRODUCT_DEFINITION('design','',#4770,#4773);
#4770 = PRODUCT_DEFINITION_FORMATION('','',#4771);
#4771 = PRODUCT('Array','Array','',(#4772));
#4772 = PRODUCT_CONTEXT('',#2,'mechanical');
#4773 = PRODUCT_DEFINITION_CONTEXT('part definition',#2,'design');
#4774 = SHAPE_REPRESENTATION('',(#11,#4775,#4779,#4783,#4787,#4791,#4795
    ),#4799);
#4775 = AXIS2_PLACEMENT_3D('',#4776,#4777,#4778);
#4776 = CARTESIAN_POINT('',(-5.25,0.,0.));
#4777 = DIRECTION('',(0.,0.,1.));
#4778 = DIRECTION('',(1.,0.,0.));
#4779 = AXIS2_PLACEMENT_3D('',#4780,#4781,#4782);
#4780 = CARTESIAN_POINT('',(-3.25,0.,0.));
#4781 = DIRECTION('',(0.,0.,1.));
#4782 = DIRECTION('',(1.,0.,0.));
#4783 = AXIS2_PLACEMENT_3D('',#4784,#4785,#4786);
#4784 = CARTESIAN_POINT('',(-1.25,0.,0.));
#4785 = DIRECTION('',(0.,0.,1.));
#4786 = DIRECTION('',(1.,0.,0.));
#4787 = AXIS2_PLACEMENT_3D('',#4788,#4789,#4790);
#4788 = CARTESIAN_POINT('',(0.75,0.,0.));
#4789 = DIRECTION('',(0.,0.,1.));
#4790 = DIRECTION('',(1.,0.,0.));
#4791 = AXIS2_PLACEMENT_3D('',#4792,#4793,#4794);
#4792 = CARTESIAN_POINT('',(2.75,0.,0.));
#4793 = DIRECTION('',(0.,0.,1.));
#4794 = DIRECTION('',(1.,0.,0.));
#4795 = AXIS2_PLACEMENT_3D('',#4796,#4797,#4798);
#4796 = CARTESIAN_POINT('',(4.75,0.,0.));
#4797 = DIRECTION('',(0.,0.,1.));
#4798 = DIRECTION('',(1.,0.,0.));
#4799 = ( GEOMETRIC_REPRESENTATION_CONTEXT(3) 
GLOBAL_UNCERTAINTY_ASSIGNED_CONTEXT((#4803)) 
GLOBAL_UNIT_ASSIGNED_CONTEXT((#4800,#4801,#4802)) REPRESENTATION_CONTEXT
('Context #1','3D Context with UNIT and UNCERTAINTY') );
#4800 = ( LENGTH_UNIT() NAMED_UNIT(*) SI_UNIT(.MILLI.,.METRE.) );
#4801 = ( NAMED_UNIT(*) PLANE_ANGLE_UNIT() SI_UNIT($,.RADIAN.) );
#4802 = ( NAMED_UNIT(*) SI_UNIT($,.STERADIAN.) SOLID_ANGLE_UNIT() );
#4803 = UNCERTAINTY_MEASURE_WITH_UNIT(LENGTH_MEASURE(1.E-07),#4800,
  'distance_accuracy_value','confusion accuracy');
#4804 = CONTEXT_DEPENDENT_SHAPE_REPRESENTATION(#4805,#4807);
#4805 = ( REPRESENTATION_RELATIONSHIP('','',#4774,#10) 
REPRESENTATION_RELATIONSHIP_WITH_TRANSFORMATION(#4806) 
SHAPE_REPRESENTATION_RELATIONSHIP() );
#4806 = ITEM_DEFINED_TRANSFORMATION('','',#11,#19);
#4807 = PRODUCT_DEFINITION_SHAPE('Placement','Placement of an item',
  #4808);
#4808 = NEXT_ASSEMBLY_USAGE_OCCURRENCE('8','Array','',#5,#4769,$);
#4809 = PRODUCT_RELATED_PRODUCT_CATEGORY('part',$,(#4771));
#4810 = SHAPE_DEFINITION_REPRESENTATION(#4811,#4817);
#4811 = PRODUCT_DEFINITION_SHAPE('','',#4812);
#4812 = PRODUCT_DEFINITION('design','',#4813,#4816);
#4813 = PRODUCT_DEFINITION_FORMATION('','',#4814);
#4814 = PRODUCT('Body001','Body001','',(#4815));
#4815 = PRODUCT_CONTEXT('',#2,'mechanical');
#4816 = PRODUCT_DEFINITION_CONTEXT('part definition',#2,'design');
#4817 = ADVANCED_BREP_SHAPE_REPRESENTATION('',(#11,#4818),#5160);
#4818 = MANIFOLD_SOLID_BREP('',#4819);
#4819 = CLOSED_SHELL('',(#4820,#4860,#4891,#4922,#4953,#4984,#5008,#5032
    ,#5049,#5073,#5095,#5119,#5136,#5148));
#4820 = ADVANCED_FACE('',(#4821),#4855,.F.);
#4821 = FACE_BOUND('',#4822,.F.);
#4822 = EDGE_LOOP('',(#4823,#4833,#4841,#4849));
#4823 = ORIENTED_EDGE('',*,*,#4824,.F.);
#4824 = EDGE_CURVE('',#4825,#4827,#4829,.T.);
#4825 = VERTEX_POINT('',#4826);
#4826 = CARTESIAN_POINT('',(-1.276756478319E-16,-0.85,-2.6));
#4827 = VERTEX_POINT('',#4828);
#4828 = CARTESIAN_POINT('',(0.5,-0.85,-2.6));
#4829 = LINE('',#4830,#4831);
#4830 = CARTESIAN_POINT('',(1.E-01,-0.85,-2.6));
#4831 = VECTOR('',#4832,1.);
#4832 = DIRECTION('',(1.,-2.22044604925E-16,1.110223024625E-16));
#4833 = ORIENTED_EDGE('',*,*,#4834,.F.);
#4834 = EDGE_CURVE('',#4835,#4825,#4837,.T.);
#4835 = VERTEX_POINT('',#4836);
#4836 = CARTESIAN_POINT('',(-8.715250743307E-16,-0.85,4.85));
#4837 = LINE('',#4838,#4839);
#4838 = CARTESIAN_POINT('',(-2.725597525455E-15,-0.85,5.25));
#4839 = VECTOR('',#4840,1.);
#4840 = DIRECTION('',(5.551115123126E-16,1.110223024625E-16,-1.));
#4841 = ORIENTED_EDGE('',*,*,#4842,.T.);
#4842 = EDGE_CURVE('',#4835,#4843,#4845,.T.);
#4843 = VERTEX_POINT('',#4844);
#4844 = CARTESIAN_POINT('',(0.5,-0.85,4.85));
#4845 = LINE('',#4846,#4847);
#4846 = CARTESIAN_POINT('',(1.E-01,-0.85,4.85));
#4847 = VECTOR('',#4848,1.);
#4848 = DIRECTION('',(1.,-2.22044604925E-16,1.110223024625E-16));
#4849 = ORIENTED_EDGE('',*,*,#4850,.T.);
#4850 = EDGE_CURVE('',#4843,#4827,#4851,.T.);
#4851 = LINE('',#4852,#4853);
#4852 = CARTESIAN_POINT('',(0.5,-0.85,5.25));
#4853 = VECTOR('',#4854,1.);
#4854 = DIRECTION('',(5.551115123126E-16,1.110223024625E-16,-1.));
#4855 = PLANE('',#4856);
#4856 = AXIS2_PLACEMENT_3D('',#4857,#4858,#4859);
#4857 = CARTESIAN_POINT('',(-1.748601263785E-15,-0.85,5.25));
#4858 = DIRECTION('',(2.22044604925E-16,1.,-1.110223024625E-16));
#4859 = DIRECTION('',(3.330669073875E-16,-1.110223024625E-16,-1.));
#4860 = ADVANCED_FACE('',(#4861),#4886,.T.);
#4861 = FACE_BOUND('',#4862,.T.);
#4862 = EDGE_LOOP('',(#4863,#4871,#4879,#4885));
#4863 = ORIENTED_EDGE('',*,*,#4864,.F.);
#4864 = EDGE_CURVE('',#4865,#4825,#4867,.T.);
#4865 = VERTEX_POINT('',#4866);
#4866 = CARTESIAN_POINT('',(0.1,-0.75,-3.));
#4867 = LINE('',#4868,#4869);
#4868 = CARTESIAN_POINT('',(5.E-02,-0.8,-2.8));
#4869 = VECTOR('',#4870,1.);
#4870 = DIRECTION('',(-0.235702260396,-0.235702260396,0.942809041582));
#4871 = ORIENTED_EDGE('',*,*,#4872,.T.);
#4872 = EDGE_CURVE('',#4865,#4873,#4875,.T.);
#4873 = VERTEX_POINT('',#4874);
#4874 = CARTESIAN_POINT('',(0.4,-0.75,-3.));
#4875 = LINE('',#4876,#4877);
#4876 = CARTESIAN_POINT('',(0.1,-0.75,-3.));
#4877 = VECTOR('',#4878,1.);
#4878 = DIRECTION('',(1.,-2.22044604925E-16,1.110223024625E-16));
#4879 = ORIENTED_EDGE('',*,*,#4880,.T.);
#4880 = EDGE_CURVE('',#4873,#4827,#4881,.T.);
#4881 = LINE('',#4882,#4883);
#4882 = CARTESIAN_POINT('',(0.441666666667,-0.791666666667,
    -2.833333333333));
#4883 = VECTOR('',#4884,1.);
#4884 = DIRECTION('',(0.235702260396,-0.235702260396,0.942809041582));
#4885 = ORIENTED_EDGE('',*,*,#4824,.F.);
#4886 = PLANE('',#4887);
#4887 = AXIS2_PLACEMENT_3D('',#4888,#4889,#4890);
#4888 = CARTESIAN_POINT('',(0.1,-0.8,-2.8));
#4889 = DIRECTION('',(-1.900978070786E-16,-0.970142500145,
    -0.242535625036));
#4890 = DIRECTION('',(1.,-2.23606303877E-16,1.106318777245E-16));
#4891 = ADVANCED_FACE('',(#4892),#4917,.F.);
#4892 = FACE_BOUND('',#4893,.F.);
#4893 = EDGE_LOOP('',(#4894,#4895,#4903,#4911));
#4894 = ORIENTED_EDGE('',*,*,#4834,.T.);
#4895 = ORIENTED_EDGE('',*,*,#4896,.T.);
#4896 = EDGE_CURVE('',#4825,#4897,#4899,.T.);
#4897 = VERTEX_POINT('',#4898);
#4898 = CARTESIAN_POINT('',(1.290634266127E-16,-0.35,-2.6));
#4899 = LINE('',#4900,#4901);
#4900 = CARTESIAN_POINT('',(-1.054711873394E-16,-0.85,-2.6));
#4901 = VECTOR('',#4902,1.);
#4902 = DIRECTION('',(2.465190328816E-32,1.,-3.330669073875E-16));
#4903 = ORIENTED_EDGE('',*,*,#4904,.T.);
#4904 = EDGE_CURVE('',#4897,#4905,#4907,.T.);
#4905 = VERTEX_POINT('',#4906);
#4906 = CARTESIAN_POINT('',(-7.04991620637E-16,-0.35,4.85));
#4907 = LINE('',#4908,#4909);
#4908 = CARTESIAN_POINT('',(1.743050148661E-15,-0.35,-3.));
#4909 = VECTOR('',#4910,1.);
#4910 = DIRECTION('',(-5.551115123126E-16,-1.110223024625E-16,1.));
#4911 = ORIENTED_EDGE('',*,*,#4912,.T.);
#4912 = EDGE_CURVE('',#4905,#4835,#4913,.T.);
#4913 = LINE('',#4914,#4915);
#4914 = CARTESIAN_POINT('',(-6.439293542826E-16,-0.35,4.85));
#4915 = VECTOR('',#4916,1.);
#4916 = DIRECTION('',(-2.465190328816E-32,-1.,3.330669073875E-16));
#4917 = PLANE('',#4918);
#4918 = AXIS2_PLACEMENT_3D('',#4919,#4920,#4921);
#4919 = CARTESIAN_POINT('',(-4.912736883966E-16,-0.6,1.125));
#4920 = DIRECTION('',(1.,-4.440892098501E-16,-1.110223024625E-16));
#4921 = DIRECTION('',(-5.551115123126E-16,-1.110223024625E-16,1.));
#4922 = ADVANCED_FACE('',(#4923),#4948,.T.);
#4923 = FACE_BOUND('',#4924,.T.);
#4924 = EDGE_LOOP('',(#4925,#4926,#4934,#4942));
#4925 = ORIENTED_EDGE('',*,*,#4850,.T.);
#4926 = ORIENTED_EDGE('',*,*,#4927,.T.);
#4927 = EDGE_CURVE('',#4827,#4928,#4930,.T.);
#4928 = VERTEX_POINT('',#4929);
#4929 = CARTESIAN_POINT('',(0.5,-0.35,-2.6));
#4930 = LINE('',#4931,#4932);
#4931 = CARTESIAN_POINT('',(0.5,-0.85,-2.6));
#4932 = VECTOR('',#4933,1.);
#4933 = DIRECTION('',(2.465190328816E-32,1.,-3.330669073875E-16));
#4934 = ORIENTED_EDGE('',*,*,#4935,.T.);
#4935 = EDGE_CURVE('',#4928,#4936,#4938,.T.);
#4936 = VERTEX_POINT('',#4937);
#4937 = CARTESIAN_POINT('',(0.5,-0.35,4.85));
#4938 = LINE('',#4939,#4940);
#4939 = CARTESIAN_POINT('',(0.5,-0.35,-3.));
#4940 = VECTOR('',#4941,1.);
#4941 = DIRECTION('',(-5.551115123126E-16,-1.110223024625E-16,1.));
#4942 = ORIENTED_EDGE('',*,*,#4943,.T.);
#4943 = EDGE_CURVE('',#4936,#4843,#4944,.T.);
#4944 = LINE('',#4945,#4946);
#4945 = CARTESIAN_POINT('',(0.5,-0.35,4.85));
#4946 = VECTOR('',#4947,1.);
#4947 = DIRECTION('',(-2.465190328816E-32,-1.,3.330669073875E-16));
#4948 = PLANE('',#4949);
#4949 = AXIS2_PLACEMENT_3D('',#4950,#4951,#4952);
#4950 = CARTESIAN_POINT('',(0.5,-0.6,1.125));
#4951 = DIRECTION('',(1.,-4.440892098501E-16,-1.110223024625E-16));
#4952 = DIRECTION('',(-5.551115123126E-16,-1.110223024625E-16,1.));
#4953 = ADVANCED_FACE('',(#4954),#4979,.T.);
#4954 = FACE_BOUND('',#4955,.F.);
#4955 = EDGE_LOOP('',(#4956,#4964,#4972,#4978));
#4956 = ORIENTED_EDGE('',*,*,#4957,.F.);
#4957 = EDGE_CURVE('',#4958,#4835,#4960,.T.);
#4958 = VERTEX_POINT('',#4959);
#4959 = CARTESIAN_POINT('',(1.E-01,-0.75,5.25));
#4960 = LINE('',#4961,#4962);
#4961 = CARTESIAN_POINT('',(6.388888888889E-02,-0.786111111111,
    5.105555555556));
#4962 = VECTOR('',#4963,1.);
#4963 = DIRECTION('',(-0.235702260396,-0.235702260396,-0.942809041582));
#4964 = ORIENTED_EDGE('',*,*,#4965,.T.);
#4965 = EDGE_CURVE('',#4958,#4966,#4968,.T.);
#4966 = VERTEX_POINT('',#4967);
#4967 = CARTESIAN_POINT('',(0.4,-0.75,5.25));
#4968 = LINE('',#4969,#4970);
#4969 = CARTESIAN_POINT('',(1.E-01,-0.75,5.25));
#4970 = VECTOR('',#4971,1.);
#4971 = DIRECTION('',(1.,-2.22044604925E-16,1.110223024625E-16));
#4972 = ORIENTED_EDGE('',*,*,#4973,.T.);
#4973 = EDGE_CURVE('',#4966,#4843,#4974,.T.);
#4974 = LINE('',#4975,#4976);
#4975 = CARTESIAN_POINT('',(0.427777777778,-0.777777777778,
    5.138888888889));
#4976 = VECTOR('',#4977,1.);
#4977 = DIRECTION('',(0.235702260396,-0.235702260396,-0.942809041582));
#4978 = ORIENTED_EDGE('',*,*,#4842,.F.);
#4979 = PLANE('',#4980);
#4980 = AXIS2_PLACEMENT_3D('',#4981,#4982,#4983);
#4981 = CARTESIAN_POINT('',(1.E-01,-0.8,5.05));
#4982 = DIRECTION('',(-2.4395153412E-16,-0.970142500145,0.242535625036)
  );
#4983 = DIRECTION('',(-1.,2.23606303877E-16,-1.114127272005E-16));
#4984 = ADVANCED_FACE('',(#4985),#5003,.T.);
#4985 = FACE_BOUND('',#4986,.F.);
#4986 = EDGE_LOOP('',(#4987,#4995,#5001,#5002));
#4987 = ORIENTED_EDGE('',*,*,#4988,.T.);
#4988 = EDGE_CURVE('',#4865,#4989,#4991,.T.);
#4989 = VERTEX_POINT('',#4990);
#4990 = CARTESIAN_POINT('',(0.1,-0.45,-3.));
#4991 = LINE('',#4992,#4993);
#4992 = CARTESIAN_POINT('',(0.1,-0.85,-3.));
#4993 = VECTOR('',#4994,1.);
#4994 = DIRECTION('',(2.465190328816E-32,1.,-3.330669073875E-16));
#4995 = ORIENTED_EDGE('',*,*,#4996,.T.);
#4996 = EDGE_CURVE('',#4989,#4897,#4997,.T.);
#4997 = LINE('',#4998,#4999);
#4998 = CARTESIAN_POINT('',(6.111111111111E-02,-0.411111111111,
    -2.844444444444));
#4999 = VECTOR('',#5000,1.);
#5000 = DIRECTION('',(-0.235702260396,0.235702260396,0.942809041582));
#5001 = ORIENTED_EDGE('',*,*,#4896,.F.);
#5002 = ORIENTED_EDGE('',*,*,#4864,.F.);
#5003 = PLANE('',#5004);
#5004 = AXIS2_PLACEMENT_3D('',#5005,#5006,#5007);
#5005 = CARTESIAN_POINT('',(5.E-02,-0.85,-2.8));
#5006 = DIRECTION('',(-0.970142500145,1.3627568877E-16,-0.242535625036)
  );
#5007 = DIRECTION('',(-2.105755215035E-16,-1.,2.804230270117E-16));
#5008 = ADVANCED_FACE('',(#5009),#5027,.F.);
#5009 = FACE_BOUND('',#5010,.F.);
#5010 = EDGE_LOOP('',(#5011,#5012,#5013,#5021));
#5011 = ORIENTED_EDGE('',*,*,#4988,.F.);
#5012 = ORIENTED_EDGE('',*,*,#4872,.T.);
#5013 = ORIENTED_EDGE('',*,*,#5014,.T.);
#5014 = EDGE_CURVE('',#4873,#5015,#5017,.T.);
#5015 = VERTEX_POINT('',#5016);
#5016 = CARTESIAN_POINT('',(0.4,-0.45,-3.));
#5017 = LINE('',#5018,#5019);
#5018 = CARTESIAN_POINT('',(0.4,-0.85,-3.));
#5019 = VECTOR('',#5020,1.);
#5020 = DIRECTION('',(2.465190328816E-32,1.,-3.330669073875E-16));
#5021 = ORIENTED_EDGE('',*,*,#5022,.F.);
#5022 = EDGE_CURVE('',#4989,#5015,#5023,.T.);
#5023 = LINE('',#5024,#5025);
#5024 = CARTESIAN_POINT('',(9.769962616701E-16,-0.45,-3.));
#5025 = VECTOR('',#5026,1.);
#5026 = DIRECTION('',(1.,-2.22044604925E-16,1.110223024625E-16));
#5027 = PLANE('',#5028);
#5028 = AXIS2_PLACEMENT_3D('',#5029,#5030,#5031);
#5029 = CARTESIAN_POINT('',(9.992007221626E-16,-0.85,-3.));
#5030 = DIRECTION('',(-1.110223024625E-16,3.330669073875E-16,1.));
#5031 = DIRECTION('',(2.465190328816E-32,1.,-3.330669073875E-16));
#5032 = ADVANCED_FACE('',(#5033),#5044,.F.);
#5033 = FACE_BOUND('',#5034,.T.);
#5034 = EDGE_LOOP('',(#5035,#5036,#5042,#5043));
#5035 = ORIENTED_EDGE('',*,*,#5014,.T.);
#5036 = ORIENTED_EDGE('',*,*,#5037,.T.);
#5037 = EDGE_CURVE('',#5015,#4928,#5038,.T.);
#5038 = LINE('',#5039,#5040);
#5039 = CARTESIAN_POINT('',(0.425,-0.425,-2.9));
#5040 = VECTOR('',#5041,1.);
#5041 = DIRECTION('',(0.235702260396,0.235702260396,0.942809041582));
#5042 = ORIENTED_EDGE('',*,*,#4927,.F.);
#5043 = ORIENTED_EDGE('',*,*,#4880,.F.);
#5044 = PLANE('',#5045);
#5045 = AXIS2_PLACEMENT_3D('',#5046,#5047,#5048);
#5046 = CARTESIAN_POINT('',(0.45,-0.85,-2.8));
#5047 = DIRECTION('',(-0.970142500145,2.943012576991E-16,0.242535625036)
  );
#5048 = DIRECTION('',(-2.071454738489E-16,-1.,3.848532758498E-16));
#5049 = ADVANCED_FACE('',(#5050),#5068,.T.);
#5050 = FACE_BOUND('',#5051,.F.);
#5051 = EDGE_LOOP('',(#5052,#5060,#5061,#5062));
#5052 = ORIENTED_EDGE('',*,*,#5053,.T.);
#5053 = EDGE_CURVE('',#5054,#4958,#5056,.T.);
#5054 = VERTEX_POINT('',#5055);
#5055 = CARTESIAN_POINT('',(1.E-01,-0.45,5.25));
#5056 = LINE('',#5057,#5058);
#5057 = CARTESIAN_POINT('',(1.E-01,-0.35,5.25));
#5058 = VECTOR('',#5059,1.);
#5059 = DIRECTION('',(-2.465190328816E-32,-1.,3.330669073875E-16));
#5060 = ORIENTED_EDGE('',*,*,#4957,.T.);
#5061 = ORIENTED_EDGE('',*,*,#4912,.F.);
#5062 = ORIENTED_EDGE('',*,*,#5063,.F.);
#5063 = EDGE_CURVE('',#5054,#4905,#5064,.T.);
#5064 = LINE('',#5065,#5066);
#5065 = CARTESIAN_POINT('',(5.E-02,-0.4,5.05));
#5066 = VECTOR('',#5067,1.);
#5067 = DIRECTION('',(-0.235702260396,0.235702260396,-0.942809041582));
#5068 = PLANE('',#5069);
#5069 = AXIS2_PLACEMENT_3D('',#5070,#5071,#5072);
#5070 = CARTESIAN_POINT('',(5.E-02,-0.35,5.05));
#5071 = DIRECTION('',(-0.970142500145,2.838840735103E-16,0.242535625036)
  );
#5072 = DIRECTION('',(1.970393207356E-16,1.,-3.823267375714E-16));
#5073 = ADVANCED_FACE('',(#5074),#5090,.F.);
#5074 = FACE_BOUND('',#5075,.F.);
#5075 = EDGE_LOOP('',(#5076,#5077,#5083,#5084));
#5076 = ORIENTED_EDGE('',*,*,#4904,.F.);
#5077 = ORIENTED_EDGE('',*,*,#5078,.T.);
#5078 = EDGE_CURVE('',#4897,#4928,#5079,.T.);
#5079 = LINE('',#5080,#5081);
#5080 = CARTESIAN_POINT('',(9.547918011776E-16,-0.35,-2.6));
#5081 = VECTOR('',#5082,1.);
#5082 = DIRECTION('',(1.,-2.22044604925E-16,1.110223024625E-16));
#5083 = ORIENTED_EDGE('',*,*,#4935,.T.);
#5084 = ORIENTED_EDGE('',*,*,#5085,.F.);
#5085 = EDGE_CURVE('',#4905,#4936,#5086,.T.);
#5086 = LINE('',#5087,#5088);
#5087 = CARTESIAN_POINT('',(1.E-01,-0.35,4.85));
#5088 = VECTOR('',#5089,1.);
#5089 = DIRECTION('',(1.,-2.22044604925E-16,1.110223024625E-16));
#5090 = PLANE('',#5091);
#5091 = AXIS2_PLACEMENT_3D('',#5092,#5093,#5094);
#5092 = CARTESIAN_POINT('',(9.992007221626E-16,-0.35,-3.));
#5093 = DIRECTION('',(-2.22044604925E-16,-1.,1.110223024625E-16));
#5094 = DIRECTION('',(-3.330669073875E-16,1.110223024625E-16,1.));
#5095 = ADVANCED_FACE('',(#5096),#5114,.F.);
#5096 = FACE_BOUND('',#5097,.T.);
#5097 = EDGE_LOOP('',(#5098,#5106,#5107,#5108));
#5098 = ORIENTED_EDGE('',*,*,#5099,.T.);
#5099 = EDGE_CURVE('',#5100,#4966,#5102,.T.);
#5100 = VERTEX_POINT('',#5101);
#5101 = CARTESIAN_POINT('',(0.4,-0.45,5.25));
#5102 = LINE('',#5103,#5104);
#5103 = CARTESIAN_POINT('',(0.4,-0.35,5.25));
#5104 = VECTOR('',#5105,1.);
#5105 = DIRECTION('',(-2.465190328816E-32,-1.,3.330669073875E-16));
#5106 = ORIENTED_EDGE('',*,*,#4973,.T.);
#5107 = ORIENTED_EDGE('',*,*,#4943,.F.);
#5108 = ORIENTED_EDGE('',*,*,#5109,.F.);
#5109 = EDGE_CURVE('',#5100,#4936,#5110,.T.);
#5110 = LINE('',#5111,#5112);
#5111 = CARTESIAN_POINT('',(0.441666666667,-0.408333333333,
    5.083333333333));
#5112 = VECTOR('',#5113,1.);
#5113 = DIRECTION('',(0.235702260396,0.235702260396,-0.942809041582));
#5114 = PLANE('',#5115);
#5115 = AXIS2_PLACEMENT_3D('',#5116,#5117,#5118);
#5116 = CARTESIAN_POINT('',(0.45,-0.35,5.05));
#5117 = DIRECTION('',(-0.970142500145,1.414842808644E-16,-0.242535625036
    ));
#5118 = DIRECTION('',(2.156285980602E-16,1.,-2.791597578725E-16));
#5119 = ADVANCED_FACE('',(#5120),#5131,.F.);
#5120 = FACE_BOUND('',#5121,.F.);
#5121 = EDGE_LOOP('',(#5122,#5123,#5129,#5130));
#5122 = ORIENTED_EDGE('',*,*,#5053,.F.);
#5123 = ORIENTED_EDGE('',*,*,#5124,.T.);
#5124 = EDGE_CURVE('',#5054,#5100,#5125,.T.);
#5125 = LINE('',#5126,#5127);
#5126 = CARTESIAN_POINT('',(1.E-01,-0.45,5.25));
#5127 = VECTOR('',#5128,1.);
#5128 = DIRECTION('',(1.,-2.22044604925E-16,1.110223024625E-16));
#5129 = ORIENTED_EDGE('',*,*,#5099,.T.);
#5130 = ORIENTED_EDGE('',*,*,#4965,.F.);
#5131 = PLANE('',#5132);
#5132 = AXIS2_PLACEMENT_3D('',#5133,#5134,#5135);
#5133 = CARTESIAN_POINT('',(-1.748601263785E-15,-0.35,5.25));
#5134 = DIRECTION('',(1.110223024625E-16,-3.330669073875E-16,-1.));
#5135 = DIRECTION('',(-2.465190328816E-32,-1.,3.330669073875E-16));
#5136 = ADVANCED_FACE('',(#5137),#5143,.T.);
#5137 = FACE_BOUND('',#5138,.F.);
#5138 = EDGE_LOOP('',(#5139,#5140,#5141,#5142));
#5139 = ORIENTED_EDGE('',*,*,#5022,.T.);
#5140 = ORIENTED_EDGE('',*,*,#5037,.T.);
#5141 = ORIENTED_EDGE('',*,*,#5078,.F.);
#5142 = ORIENTED_EDGE('',*,*,#4996,.F.);
#5143 = PLANE('',#5144);
#5144 = AXIS2_PLACEMENT_3D('',#5145,#5146,#5147);
#5145 = CARTESIAN_POINT('',(9.658940314239E-16,-0.4,-2.8));
#5146 = DIRECTION('',(2.4395153412E-16,0.970142500145,-0.242535625036));
#5147 = DIRECTION('',(-1.,2.23606303877E-16,-1.114127272005E-16));
#5148 = ADVANCED_FACE('',(#5149),#5155,.T.);
#5149 = FACE_BOUND('',#5150,.T.);
#5150 = EDGE_LOOP('',(#5151,#5152,#5153,#5154));
#5151 = ORIENTED_EDGE('',*,*,#5063,.F.);
#5152 = ORIENTED_EDGE('',*,*,#5124,.T.);
#5153 = ORIENTED_EDGE('',*,*,#5109,.T.);
#5154 = ORIENTED_EDGE('',*,*,#5085,.F.);
#5155 = PLANE('',#5156);
#5156 = AXIS2_PLACEMENT_3D('',#5157,#5158,#5159);
#5157 = CARTESIAN_POINT('',(1.E-01,-0.4,5.05));
#5158 = DIRECTION('',(1.883616097138E-16,0.970142500145,0.242535625036)
  );
#5159 = DIRECTION('',(1.,-2.219219450248E-16,1.110529674376E-16));
#5160 = ( GEOMETRIC_REPRESENTATION_CONTEXT(3) 
GLOBAL_UNCERTAINTY_ASSIGNED_CONTEXT((#5164)) 
GLOBAL_UNIT_ASSIGNED_CONTEXT((#5161,#5162,#5163)) REPRESENTATION_CONTEXT
('Context #1','3D Context with UNIT and UNCERTAINTY') );
#5161 = ( LENGTH_UNIT() NAMED_UNIT(*) SI_UNIT(.MILLI.,.METRE.) );
#5162 = ( NAMED_UNIT(*) PLANE_ANGLE_UNIT() SI_UNIT($,.RADIAN.) );
#5163 = ( NAMED_UNIT(*) SI_UNIT($,.STERADIAN.) SOLID_ANGLE_UNIT() );
#5164 = UNCERTAINTY_MEASURE_WITH_UNIT(LENGTH_MEASURE(1.E-07),#5161,
  'distance_accuracy_value','confusion accuracy');
#5165 = CONTEXT_DEPENDENT_SHAPE_REPRESENTATION(#5166,#5168);
#5166 = ( REPRESENTATION_RELATIONSHIP('','',#4817,#4774) 
REPRESENTATION_RELATIONSHIP_WITH_TRANSFORMATION(#5167) 
SHAPE_REPRESENTATION_RELATIONSHIP() );
#5167 = ITEM_DEFINED_TRANSFORMATION('','',#11,#4775);
#5168 = PRODUCT_DEFINITION_SHAPE('Placement','Placement of an item',
  #5169);
#5169 = NEXT_ASSEMBLY_USAGE_OCCURRENCE('2','0','',#4769,#4812,$);
#5170 = PRODUCT_RELATED_PRODUCT_CATEGORY('part',$,(#4814));
#5171 = CONTEXT_DEPENDENT_SHAPE_REPRESENTATION(#5172,#5174);
#5172 = ( REPRESENTATION_RELATIONSHIP('','',#4817,#4774) 
REPRESENTATION_RELATIONSHIP_WITH_TRANSFORMATION(#5173) 
SHAPE_REPRESENTATION_RELATIONSHIP() );
#5173 = ITEM_DEFINED_TRANSFORMATION('','',#11,#4779);
#5174 = PRODUCT_DEFINITION_SHAPE('Placement','Placement of an item',
  #5175);
#5175 = NEXT_ASSEMBLY_USAGE_OCCURRENCE('3','1','',#4769,#4812,$);
#5176 = CONTEXT_DEPENDENT_SHAPE_REPRESENTATION(#5177,#5179);
#5177 = ( REPRESENTATION_RELATIONSHIP('','',#4817,#4774) 
REPRESENTATION_RELATIONSHIP_WITH_TRANSFORMATION(#5178) 
SHAPE_REPRESENTATION_RELATIONSHIP() );
#5178 = ITEM_DEFINED_TRANSFORMATION('','',#11,#4783);
#5179 = PRODUCT_DEFINITION_SHAPE('Placement','Placement of an item',
  #5180);
#5180 = NEXT_ASSEMBLY_USAGE_OCCURRENCE('4','2','',#4769,#4812,$);
#5181 = CONTEXT_DEPENDENT_SHAPE_REPRESENTATION(#5182,#5184);
#5182 = ( REPRESENTATION_RELATIONSHIP('','',#4817,#4774) 
REPRESENTATION_RELATIONSHIP_WITH_TRANSFORMATION(#5183) 
SHAPE_REPRESENTATION_RELATIONSHIP() );
#5183 = ITEM_DEFINED_TRANSFORMATION('','',#11,#4787);
#5184 = PRODUCT_DEFINITION_SHAPE('Placement','Placement of an item',
  #5185);
#5185 = NEXT_ASSEMBLY_USAGE_OCCURRENCE('5','3','',#4769,#4812,$);
#5186 = CONTEXT_DEPENDENT_SHAPE_REPRESENTATION(#5187,#5189);
#5187 = ( REPRESENTATION_RELATIONSHIP('','',#4817,#4774) 
REPRESENTATION_RELATIONSHIP_WITH_TRANSFORMATION(#5188) 
SHAPE_REPRESENTATION_RELATIONSHIP() );
#5188 = ITEM_DEFINED_TRANSFORMATION('','',#11,#4791);
#5189 = PRODUCT_DEFINITION_SHAPE('Placement','Placement of an item',
  #5190);
#5190 = NEXT_ASSEMBLY_USAGE_OCCURRENCE('6','4','',#4769,#4812,$);
#5191 = CONTEXT_DEPENDENT_SHAPE_REPRESENTATION(#5192,#5194);
#5192 = ( REPRESENTATION_RELATIONSHIP('','',#4817,#4774) 
REPRESENTATION_RELATIONSHIP_WITH_TRANSFORMATION(#5193) 
SHAPE_REPRESENTATION_RELATIONSHIP() );
#5193 = ITEM_DEFINED_TRANSFORMATION('','',#11,#4795);
#5194 = PRODUCT_DEFINITION_SHAPE('Placement','Placement of an item',
  #5195);
#5195 = NEXT_ASSEMBLY_USAGE_OCCURRENCE('7','5','',#4769,#4812,$);
#5196 = MECHANICAL_DESIGN_GEOMETRIC_PRESENTATION_REPRESENTATION('',(
    #5197),#5160);
#5197 = STYLED_ITEM('color',(#5198),#4818);
#5198 = PRESENTATION_STYLE_ASSIGNMENT((#5199,#5205));
#5199 = SURFACE_STYLE_USAGE(.BOTH.,#5200);
#5200 = SURFACE_SIDE_STYLE('',(#5201));
#5201 = SURFACE_STYLE_FILL_AREA(#5202);
#5202 = FILL_AREA_STYLE('',(#5203));
#5203 = FILL_AREA_STYLE_COLOUR('',#5204);
#5204 = COLOUR_RGB('',0.749019635948,0.749019635948,0.749019635948);
#5205 = CURVE_STYLE('',#5206,POSITIVE_LENGTH_MEASURE(0.1),#5207);
#5206 = DRAUGHTING_PRE_DEFINED_CURVE_FONT('continuous');
#5207 = COLOUR_RGB('',9.803921802644E-02,9.803921802644E-02,
  9.803921802644E-02);
#5208 = MECHANICAL_DESIGN_GEOMETRIC_PRESENTATION_REPRESENTATION('',(
    #5209),#4756);
#5209 = STYLED_ITEM('color',(#5210),#37);
#5210 = PRESENTATION_STYLE_ASSIGNMENT((#5211,#5217));
#5211 = SURFACE_STYLE_USAGE(.BOTH.,#5212);
#5212 = SURFACE_SIDE_STYLE('',(#5213));
#5213 = SURFACE_STYLE_FILL_AREA(#5214);
#5214 = FILL_AREA_STYLE('',(#5215));
#5215 = FILL_AREA_STYLE_COLOUR('',#5216);
#5216 = COLOUR_RGB('',0.968627457133,0.968627457133,0.968627457133);
#5217 = CURVE_STYLE('',#5218,POSITIVE_LENGTH_MEASURE(0.1),#5207);
#5218 = DRAUGHTING_PRE_DEFINED_CURVE_FONT('continuous');
ENDSEC;
END-ISO-10303-21;
