ISO-10303-21;
HEADER;
FILE_DESCRIPTION(('FreeCAD Model'),'2;1');
FILE_NAME('Open CASCADE Shape Model','2026-02-23T20:49:31',(''),(''),
  'Open CASCADE STEP processor 7.9','FreeCAD','Unknown');
FILE_SCHEMA(('AUTOMOTIVE_DESIGN { 1 0 10303 214 1 1 1 1 }'));
ENDSEC;
DATA;
#1 = APPLICATION_PROTOCOL_DEFINITION('international standard',
  'automotive_design',2000,#2);
#2 = APPLICATION_CONTEXT(
  'core data for automotive mechanical design processes');
#3 = SHAPE_DEFINITION_REPRESENTATION(#4,#10);
#4 = PRODUCT_DEFINITION_SHAPE('','',#5);
#5 = PRODUCT_DEFINITION('design','',#6,#9);
#6 = PRODUCT_DEFINITION_FORMATION('','',#7);
#7 = PRODUCT('Part','Part','',(#8));
#8 = PRODUCT_CONTEXT('',#2,'mechanical');
#9 = PRODUCT_DEFINITION_CONTEXT('part definition',#2,'design');
#10 = SHAPE_REPRESENTATION('',(#11,#15,#19),#23);
#11 = AXIS2_PLACEMENT_3D('',#12,#13,#14);
#12 = CARTESIAN_POINT('',(0.,0.,0.));
#13 = DIRECTION('',(0.,0.,1.));
#14 = DIRECTION('',(1.,0.,-0.));
#15 = AXIS2_PLACEMENT_3D('',#16,#17,#18);
#16 = CARTESIAN_POINT('',(0.,0.,0.));
#17 = DIRECTION('',(0.,0.,1.));
#18 = DIRECTION('',(1.,0.,0.));
#19 = AXIS2_PLACEMENT_3D('',#20,#21,#22);
#20 = CARTESIAN_POINT('',(0.,0.,0.));
#21 = DIRECTION('',(0.,0.,1.));
#22 = DIRECTION('',(1.,0.,0.));
#23 = ( GEOMETRIC_REPRESENTATION_CONTEXT(3) 
GLOBAL_UNCERTAINTY_ASSIGNED_CONTEXT((#27)) GLOBAL_UNIT_ASSIGNED_CONTEXT(
(#24,#25,#26)) REPRESENTATION_CONTEXT('Context #1',
  '3D Context with UNIT and UNCERTAINTY') );
#24 = ( LENGTH_UNIT() NAMED_UNIT(*) SI_UNIT(.MILLI.,.METRE.) );
#25 = ( NAMED_UNIT(*) PLANE_ANGLE_UNIT() SI_UNIT($,.RADIAN.) );
#26 = ( NAMED_UNIT(*) SI_UNIT($,.STERADIAN.) SOLID_ANGLE_UNIT() );
#27 = UNCERTAINTY_MEASURE_WITH_UNIT(LENGTH_MEASURE(2.E-05),#24,
  'distance_accuracy_value','confusion accuracy');
#28 = PRODUCT_RELATED_PRODUCT_CATEGORY('part',$,(#7));
#29 = SHAPE_DEFINITION_REPRESENTATION(#30,#36);
#30 = PRODUCT_DEFINITION_SHAPE('','',#31);
#31 = PRODUCT_DEFINITION('design','',#32,#35);
#32 = PRODUCT_DEFINITION_FORMATION('','',#33);
#33 = PRODUCT('Body','Body','',(#34));
#34 = PRODUCT_CONTEXT('',#2,'mechanical');
#35 = PRODUCT_DEFINITION_CONTEXT('part definition',#2,'design');
#36 = ADVANCED_BREP_SHAPE_REPRESENTATION('',(#11,#37),#4216);
#37 = MANIFOLD_SOLID_BREP('',#38);
#38 = CLOSED_SHELL('',(#39,#113,#160,#184,#496,#529,#720,#744,#768,#785,
    #1108,#1125,#1156,#1173,#1222,#1239,#1263,#1280,#1297,#1323,#1340,
    #1405,#1422,#1462,#1488,#1512,#1561,#1601,#1625,#1674,#1691,#1716,
    #1733,#1781,#1793,#1833,#2022,#2062,#2111,#2136,#2153,#2201,#2218,
    #2249,#2275,#2299,#2364,#2388,#2405,#2422,#2510,#2534,#2615,#2632,
    #2649,#2666,#2683,#2700,#2717,#2734,#2760,#2777,#2802,#2875,#2892,
    #2916,#2940,#2952,#2964,#2976,#2988,#3003,#3015,#3036,#3048,#3083,
    #3107,#3131,#3155,#3169,#3190,#3205,#3217,#3250,#3267,#3298,#3310,
    #3338,#3355,#3500,#3609,#3658,#3682,#3694,#3711,#3730,#3747,#3764,
    #3776,#3808,#3832,#3857,#3889,#3913,#3938,#3970,#3994,#4019,#4051,
    #4075,#4100,#4117,#4134,#4151,#4168,#4180,#4192,#4204));
#39 = ADVANCED_FACE('',(#40,#74),#108,.F.);
#40 = FACE_BOUND('',#41,.F.);
#41 = EDGE_LOOP('',(#42,#52,#60,#68));
#42 = ORIENTED_EDGE('',*,*,#43,.F.);
#43 = EDGE_CURVE('',#44,#46,#48,.T.);
#44 = VERTEX_POINT('',#45);
#45 = CARTESIAN_POINT('',(-2.8,-2.35,0.2));
#46 = VERTEX_POINT('',#47);
#47 = CARTESIAN_POINT('',(-2.8,-0.15,0.2));
#48 = LINE('',#49,#50);
#49 = CARTESIAN_POINT('',(-2.8,-2.35,0.2));
#50 = VECTOR('',#51,1.);
#51 = DIRECTION('',(0.,1.,-2.22044604925E-16));
#52 = ORIENTED_EDGE('',*,*,#53,.F.);
#53 = EDGE_CURVE('',#54,#44,#56,.T.);
#54 = VERTEX_POINT('',#55);
#55 = CARTESIAN_POINT('',(-1.2,-2.35,0.2));
#56 = LINE('',#57,#58);
#57 = CARTESIAN_POINT('',(-1.2,-2.35,0.2));
#58 = VECTOR('',#59,1.);
#59 = DIRECTION('',(-1.,0.,0.));
#60 = ORIENTED_EDGE('',*,*,#61,.T.);
#61 = EDGE_CURVE('',#54,#62,#64,.T.);
#62 = VERTEX_POINT('',#63);
#63 = CARTESIAN_POINT('',(-1.2,-0.15,0.2));
#64 = LINE('',#65,#66);
#65 = CARTESIAN_POINT('',(-1.2,-2.35,0.2));
#66 = VECTOR('',#67,1.);
#67 = DIRECTION('',(0.,1.,-2.22044604925E-16));
#68 = ORIENTED_EDGE('',*,*,#69,.T.);
#69 = EDGE_CURVE('',#62,#46,#70,.T.);
#70 = LINE('',#71,#72);
#71 = CARTESIAN_POINT('',(-1.2,-0.15,0.2));
#72 = VECTOR('',#73,1.);
#73 = DIRECTION('',(-1.,0.,0.));
#74 = FACE_BOUND('',#75,.F.);
#75 = EDGE_LOOP('',(#76,#86,#94,#102));
#76 = ORIENTED_EDGE('',*,*,#77,.F.);
#77 = EDGE_CURVE('',#78,#80,#82,.T.);
#78 = VERTEX_POINT('',#79);
#79 = CARTESIAN_POINT('',(-1.75,-0.35,0.2));
#80 = VERTEX_POINT('',#81);
#81 = CARTESIAN_POINT('',(-2.25,-0.35,0.2));
#82 = LINE('',#83,#84);
#83 = CARTESIAN_POINT('',(-0.6,-0.35,0.2));
#84 = VECTOR('',#85,1.);
#85 = DIRECTION('',(-1.,0.,0.));
#86 = ORIENTED_EDGE('',*,*,#87,.T.);
#87 = EDGE_CURVE('',#78,#88,#90,.T.);
#88 = VERTEX_POINT('',#89);
#89 = CARTESIAN_POINT('',(-1.75,-0.85,0.2));
#90 = LINE('',#91,#92);
#91 = CARTESIAN_POINT('',(-1.75,-1.6,0.2));
#92 = VECTOR('',#93,1.);
#93 = DIRECTION('',(0.,-1.,2.22044604925E-16));
#94 = ORIENTED_EDGE('',*,*,#95,.T.);
#95 = EDGE_CURVE('',#88,#96,#98,.T.);
#96 = VERTEX_POINT('',#97);
#97 = CARTESIAN_POINT('',(-2.25,-0.85,0.2));
#98 = LINE('',#99,#100);
#99 = CARTESIAN_POINT('',(-1.725,-0.85,0.2));
#100 = VECTOR('',#101,1.);
#101 = DIRECTION('',(-1.,0.,0.));
#102 = ORIENTED_EDGE('',*,*,#103,.T.);
#103 = EDGE_CURVE('',#96,#80,#104,.T.);
#104 = LINE('',#105,#106);
#105 = CARTESIAN_POINT('',(-2.25,-1.35,0.2));
#106 = VECTOR('',#107,1.);
#107 = DIRECTION('',(0.,1.,-2.22044604925E-16));
#108 = PLANE('',#109);
#109 = AXIS2_PLACEMENT_3D('',#110,#111,#112);
#110 = CARTESIAN_POINT('',(-1.2,-2.35,0.2));
#111 = DIRECTION('',(0.,2.22044604925E-16,1.));
#112 = DIRECTION('',(-1.,0.,0.));
#113 = ADVANCED_FACE('',(#114),#155,.F.);
#114 = FACE_BOUND('',#115,.F.);
#115 = EDGE_LOOP('',(#116,#117,#125,#133,#141,#149));
#116 = ORIENTED_EDGE('',*,*,#43,.T.);
#117 = ORIENTED_EDGE('',*,*,#118,.F.);
#118 = EDGE_CURVE('',#119,#46,#121,.T.);
#119 = VERTEX_POINT('',#120);
#120 = CARTESIAN_POINT('',(-2.8,2.35,0.6));
#121 = LINE('',#122,#123);
#122 = CARTESIAN_POINT('',(-2.8,-0.597542901716,0.128393135725));
#123 = VECTOR('',#124,1.);
#124 = DIRECTION('',(-0.,-0.987440631917,-0.157990501107));
#125 = ORIENTED_EDGE('',*,*,#126,.F.);
#126 = EDGE_CURVE('',#127,#119,#129,.T.);
#127 = VERTEX_POINT('',#128);
#128 = CARTESIAN_POINT('',(-2.8,2.35,0.2));
#129 = LINE('',#130,#131);
#130 = CARTESIAN_POINT('',(-2.8,2.35,0.1));
#131 = VECTOR('',#132,1.);
#132 = DIRECTION('',(0.,0.,1.));
#133 = ORIENTED_EDGE('',*,*,#134,.T.);
#134 = EDGE_CURVE('',#127,#135,#137,.T.);
#135 = VERTEX_POINT('',#136);
#136 = CARTESIAN_POINT('',(-2.8,2.35,0.199));
#137 = LINE('',#138,#139);
#138 = CARTESIAN_POINT('',(-2.8,2.35,0.1));
#139 = VECTOR('',#140,1.);
#140 = DIRECTION('',(0.,0.,-1.));
#141 = ORIENTED_EDGE('',*,*,#142,.F.);
#142 = EDGE_CURVE('',#143,#135,#145,.T.);
#143 = VERTEX_POINT('',#144);
#144 = CARTESIAN_POINT('',(-2.8,-2.35,0.199));
#145 = LINE('',#146,#147);
#146 = CARTESIAN_POINT('',(-2.8,-2.35,0.199));
#147 = VECTOR('',#148,1.);
#148 = DIRECTION('',(0.,1.,-2.22044604925E-16));
#149 = ORIENTED_EDGE('',*,*,#150,.F.);
#150 = EDGE_CURVE('',#44,#143,#151,.T.);
#151 = LINE('',#152,#153);
#152 = CARTESIAN_POINT('',(-2.8,-2.35,0.2));
#153 = VECTOR('',#154,1.);
#154 = DIRECTION('',(0.,-2.22044604925E-16,-1.));
#155 = PLANE('',#156);
#156 = AXIS2_PLACEMENT_3D('',#157,#158,#159);
#157 = CARTESIAN_POINT('',(-2.8,-2.35,0.2));
#158 = DIRECTION('',(-1.,0.,0.));
#159 = DIRECTION('',(0.,-2.22044604925E-16,-1.));
#160 = ADVANCED_FACE('',(#161),#179,.T.);
#161 = FACE_BOUND('',#162,.F.);
#162 = EDGE_LOOP('',(#163,#171,#177,#178));
#163 = ORIENTED_EDGE('',*,*,#164,.F.);
#164 = EDGE_CURVE('',#165,#62,#167,.T.);
#165 = VERTEX_POINT('',#166);
#166 = CARTESIAN_POINT('',(-1.2,2.35,0.6));
#167 = LINE('',#168,#169);
#168 = CARTESIAN_POINT('',(-1.2,-0.613143525741,0.125897035881));
#169 = VECTOR('',#170,1.);
#170 = DIRECTION('',(0.,-0.987440631917,-0.157990501107));
#171 = ORIENTED_EDGE('',*,*,#172,.T.);
#172 = EDGE_CURVE('',#165,#119,#173,.T.);
#173 = LINE('',#174,#175);
#174 = CARTESIAN_POINT('',(-1.2,2.35,0.6));
#175 = VECTOR('',#176,1.);
#176 = DIRECTION('',(-1.,0.,0.));
#177 = ORIENTED_EDGE('',*,*,#118,.T.);
#178 = ORIENTED_EDGE('',*,*,#69,.F.);
#179 = PLANE('',#180);
#180 = AXIS2_PLACEMENT_3D('',#181,#182,#183);
#181 = CARTESIAN_POINT('',(-1.2,1.1,0.4));
#182 = DIRECTION('',(0.,0.157990501107,-0.987440631917));
#183 = DIRECTION('',(1.,-0.,-0.));
#184 = ADVANCED_FACE('',(#185),#491,.F.);
#185 = FACE_BOUND('',#186,.F.);
#186 = EDGE_LOOP('',(#187,#197,#205,#213,#221,#229,#237,#245,#253,#261,
    #269,#277,#285,#291,#292,#293,#301,#309,#317,#325,#333,#341,#349,
    #357,#365,#373,#381,#389,#397,#405,#413,#421,#429,#437,#445,#453,
    #461,#469,#477,#485));
#187 = ORIENTED_EDGE('',*,*,#188,.T.);
#188 = EDGE_CURVE('',#189,#191,#193,.T.);
#189 = VERTEX_POINT('',#190);
#190 = CARTESIAN_POINT('',(2.8,-2.35,0.199));
#191 = VERTEX_POINT('',#192);
#192 = CARTESIAN_POINT('',(2.8,-2.35,0.2));
#193 = LINE('',#194,#195);
#194 = CARTESIAN_POINT('',(2.8,-2.35,0.));
#195 = VECTOR('',#196,1.);
#196 = DIRECTION('',(0.,2.22044604925E-16,1.));
#197 = ORIENTED_EDGE('',*,*,#198,.T.);
#198 = EDGE_CURVE('',#191,#199,#201,.T.);
#199 = VERTEX_POINT('',#200);
#200 = CARTESIAN_POINT('',(1.2,-2.35,0.2));
#201 = LINE('',#202,#203);
#202 = CARTESIAN_POINT('',(2.8,-2.35,0.2));
#203 = VECTOR('',#204,1.);
#204 = DIRECTION('',(-1.,0.,0.));
#205 = ORIENTED_EDGE('',*,*,#206,.T.);
#206 = EDGE_CURVE('',#199,#207,#209,.T.);
#207 = VERTEX_POINT('',#208);
#208 = CARTESIAN_POINT('',(1.2,-2.35,0.199));
#209 = LINE('',#210,#211);
#210 = CARTESIAN_POINT('',(1.2,-2.35,0.2));
#211 = VECTOR('',#212,1.);
#212 = DIRECTION('',(0.,-2.22044604925E-16,-1.));
#213 = ORIENTED_EDGE('',*,*,#214,.T.);
#214 = EDGE_CURVE('',#207,#215,#217,.T.);
#215 = VERTEX_POINT('',#216);
#216 = CARTESIAN_POINT('',(1.164910930839,-2.35,0.));
#217 = LINE('',#218,#219);
#218 = CARTESIAN_POINT('',(1.068674316955,-2.35,-0.545784958704));
#219 = VECTOR('',#220,1.);
#220 = DIRECTION('',(-0.173648177667,0.,-0.984807753012));
#221 = ORIENTED_EDGE('',*,*,#222,.F.);
#222 = EDGE_CURVE('',#223,#215,#225,.T.);
#223 = VERTEX_POINT('',#224);
#224 = CARTESIAN_POINT('',(0.835089069161,-2.35,-1.387778780781E-17));
#225 = LINE('',#226,#227);
#226 = CARTESIAN_POINT('',(-5.8,-2.35,0.));
#227 = VECTOR('',#228,1.);
#228 = DIRECTION('',(1.,0.,0.));
#229 = ORIENTED_EDGE('',*,*,#230,.F.);
#230 = EDGE_CURVE('',#231,#223,#233,.T.);
#231 = VERTEX_POINT('',#232);
#232 = CARTESIAN_POINT('',(0.8,-2.35,0.199));
#233 = LINE('',#234,#235);
#234 = CARTESIAN_POINT('',(0.726280593717,-2.35,0.617083528603));
#235 = VECTOR('',#236,1.);
#236 = DIRECTION('',(0.173648177667,0.,-0.984807753012));
#237 = ORIENTED_EDGE('',*,*,#238,.T.);
#238 = EDGE_CURVE('',#231,#239,#241,.T.);
#239 = VERTEX_POINT('',#240);
#240 = CARTESIAN_POINT('',(0.8,-2.35,0.2));
#241 = LINE('',#242,#243);
#242 = CARTESIAN_POINT('',(0.8,-2.35,0.));
#243 = VECTOR('',#244,1.);
#244 = DIRECTION('',(0.,2.22044604925E-16,1.));
#245 = ORIENTED_EDGE('',*,*,#246,.T.);
#246 = EDGE_CURVE('',#239,#247,#249,.T.);
#247 = VERTEX_POINT('',#248);
#248 = CARTESIAN_POINT('',(-0.8,-2.35,0.2));
#249 = LINE('',#250,#251);
#250 = CARTESIAN_POINT('',(0.8,-2.35,0.2));
#251 = VECTOR('',#252,1.);
#252 = DIRECTION('',(-1.,0.,0.));
#253 = ORIENTED_EDGE('',*,*,#254,.T.);
#254 = EDGE_CURVE('',#247,#255,#257,.T.);
#255 = VERTEX_POINT('',#256);
#256 = CARTESIAN_POINT('',(-0.8,-2.35,0.199));
#257 = LINE('',#258,#259);
#258 = CARTESIAN_POINT('',(-0.8,-2.35,0.2));
#259 = VECTOR('',#260,1.);
#260 = DIRECTION('',(0.,-2.22044604925E-16,-1.));
#261 = ORIENTED_EDGE('',*,*,#262,.T.);
#262 = EDGE_CURVE('',#255,#263,#265,.T.);
#263 = VERTEX_POINT('',#264);
#264 = CARTESIAN_POINT('',(-0.835089069161,-2.35,1.387778780781E-17));
#265 = LINE('',#266,#267);
#266 = CARTESIAN_POINT('',(-0.901171993438,-2.35,-0.374774887041));
#267 = VECTOR('',#268,1.);
#268 = DIRECTION('',(-0.173648177667,0.,-0.984807753012));
#269 = ORIENTED_EDGE('',*,*,#270,.F.);
#270 = EDGE_CURVE('',#271,#263,#273,.T.);
#271 = VERTEX_POINT('',#272);
#272 = CARTESIAN_POINT('',(-1.164910930839,-2.35,0.));
#273 = LINE('',#274,#275);
#274 = CARTESIAN_POINT('',(-5.8,-2.35,0.));
#275 = VECTOR('',#276,1.);
#276 = DIRECTION('',(1.,0.,0.));
#277 = ORIENTED_EDGE('',*,*,#278,.F.);
#278 = EDGE_CURVE('',#279,#271,#281,.T.);
#279 = VERTEX_POINT('',#280);
#280 = CARTESIAN_POINT('',(-1.2,-2.35,0.199));
#281 = LINE('',#282,#283);
#282 = CARTESIAN_POINT('',(-1.243565716676,-2.35,0.44607345694));
#283 = VECTOR('',#284,1.);
#284 = DIRECTION('',(0.173648177667,0.,-0.984807753012));
#285 = ORIENTED_EDGE('',*,*,#286,.T.);
#286 = EDGE_CURVE('',#279,#54,#287,.T.);
#287 = LINE('',#288,#289);
#288 = CARTESIAN_POINT('',(-1.2,-2.35,0.));
#289 = VECTOR('',#290,1.);
#290 = DIRECTION('',(0.,2.22044604925E-16,1.));
#291 = ORIENTED_EDGE('',*,*,#53,.T.);
#292 = ORIENTED_EDGE('',*,*,#150,.T.);
#293 = ORIENTED_EDGE('',*,*,#294,.T.);
#294 = EDGE_CURVE('',#143,#295,#297,.T.);
#295 = VERTEX_POINT('',#296);
#296 = CARTESIAN_POINT('',(-2.835089069161,-2.35,1.387778780781E-17));
#297 = LINE('',#298,#299);
#298 = CARTESIAN_POINT('',(-2.871018303831,-2.35,-0.203764815378));
#299 = VECTOR('',#300,1.);
#300 = DIRECTION('',(-0.173648177667,0.,-0.984807753012));
#301 = ORIENTED_EDGE('',*,*,#302,.F.);
#302 = EDGE_CURVE('',#303,#295,#305,.T.);
#303 = VERTEX_POINT('',#304);
#304 = CARTESIAN_POINT('',(-3.164910930839,-2.35,-4.163336342344E-17));
#305 = LINE('',#306,#307);
#306 = CARTESIAN_POINT('',(-5.8,-2.35,0.));
#307 = VECTOR('',#308,1.);
#308 = DIRECTION('',(1.,0.,0.));
#309 = ORIENTED_EDGE('',*,*,#310,.F.);
#310 = EDGE_CURVE('',#311,#303,#313,.T.);
#311 = VERTEX_POINT('',#312);
#312 = CARTESIAN_POINT('',(-3.2,-2.35,0.199));
#313 = LINE('',#314,#315);
#314 = CARTESIAN_POINT('',(-3.213412027068,-2.35,0.275063385278));
#315 = VECTOR('',#316,1.);
#316 = DIRECTION('',(0.173648177667,0.,-0.984807753012));
#317 = ORIENTED_EDGE('',*,*,#318,.T.);
#318 = EDGE_CURVE('',#311,#319,#321,.T.);
#319 = VERTEX_POINT('',#320);
#320 = CARTESIAN_POINT('',(-3.2,-2.35,0.2));
#321 = LINE('',#322,#323);
#322 = CARTESIAN_POINT('',(-3.2,-2.35,0.));
#323 = VECTOR('',#324,1.);
#324 = DIRECTION('',(0.,2.22044604925E-16,1.));
#325 = ORIENTED_EDGE('',*,*,#326,.T.);
#326 = EDGE_CURVE('',#319,#327,#329,.T.);
#327 = VERTEX_POINT('',#328);
#328 = CARTESIAN_POINT('',(-4.4,-2.35,0.2));
#329 = LINE('',#330,#331);
#330 = CARTESIAN_POINT('',(-3.2,-2.35,0.2));
#331 = VECTOR('',#332,1.);
#332 = DIRECTION('',(-1.,0.,0.));
#333 = ORIENTED_EDGE('',*,*,#334,.T.);
#334 = EDGE_CURVE('',#327,#335,#337,.T.);
#335 = VERTEX_POINT('',#336);
#336 = CARTESIAN_POINT('',(-4.4,-2.35,4.3));
#337 = LINE('',#338,#339);
#338 = CARTESIAN_POINT('',(-4.4,-2.35,1.8));
#339 = VECTOR('',#340,1.);
#340 = DIRECTION('',(0.,2.22044604925E-16,1.));
#341 = ORIENTED_EDGE('',*,*,#342,.T.);
#342 = EDGE_CURVE('',#335,#343,#345,.T.);
#343 = VERTEX_POINT('',#344);
#344 = CARTESIAN_POINT('',(-5.4,-2.35,4.3));
#345 = LINE('',#346,#347);
#346 = CARTESIAN_POINT('',(-4.4,-2.35,4.3));
#347 = VECTOR('',#348,1.);
#348 = DIRECTION('',(-1.,0.,0.));
#349 = ORIENTED_EDGE('',*,*,#350,.T.);
#350 = EDGE_CURVE('',#343,#351,#353,.T.);
#351 = VERTEX_POINT('',#352);
#352 = CARTESIAN_POINT('',(-5.4,-2.35,0.));
#353 = LINE('',#354,#355);
#354 = CARTESIAN_POINT('',(-5.4,-2.35,1.8));
#355 = VECTOR('',#356,1.);
#356 = DIRECTION('',(0.,-2.22044604925E-16,-1.));
#357 = ORIENTED_EDGE('',*,*,#358,.F.);
#358 = EDGE_CURVE('',#359,#351,#361,.T.);
#359 = VERTEX_POINT('',#360);
#360 = CARTESIAN_POINT('',(-5.8,-2.35,0.));
#361 = LINE('',#362,#363);
#362 = CARTESIAN_POINT('',(-5.8,-2.35,0.));
#363 = VECTOR('',#364,1.);
#364 = DIRECTION('',(1.,0.,0.));
#365 = ORIENTED_EDGE('',*,*,#366,.T.);
#366 = EDGE_CURVE('',#359,#367,#369,.T.);
#367 = VERTEX_POINT('',#368);
#368 = CARTESIAN_POINT('',(-5.8,-2.35,6.));
#369 = LINE('',#370,#371);
#370 = CARTESIAN_POINT('',(-5.8,-2.35,0.));
#371 = VECTOR('',#372,1.);
#372 = DIRECTION('',(0.,0.,1.));
#373 = ORIENTED_EDGE('',*,*,#374,.T.);
#374 = EDGE_CURVE('',#367,#375,#377,.T.);
#375 = VERTEX_POINT('',#376);
#376 = CARTESIAN_POINT('',(-3.049999999998,-2.35,6.));
#377 = LINE('',#378,#379);
#378 = CARTESIAN_POINT('',(-5.8,-2.35,6.));
#379 = VECTOR('',#380,1.);
#380 = DIRECTION('',(1.,0.,0.));
#381 = ORIENTED_EDGE('',*,*,#382,.T.);
#382 = EDGE_CURVE('',#375,#383,#385,.T.);
#383 = VERTEX_POINT('',#384);
#384 = CARTESIAN_POINT('',(-3.049999999998,-2.35,1.8));
#385 = LINE('',#386,#387);
#386 = CARTESIAN_POINT('',(-3.049999999998,-2.35,6.));
#387 = VECTOR('',#388,1.);
#388 = DIRECTION('',(-0.,-0.,-1.));
#389 = ORIENTED_EDGE('',*,*,#390,.T.);
#390 = EDGE_CURVE('',#383,#391,#393,.T.);
#391 = VERTEX_POINT('',#392);
#392 = CARTESIAN_POINT('',(3.050000000002,-2.35,1.8));
#393 = LINE('',#394,#395);
#394 = CARTESIAN_POINT('',(-3.049999999998,-2.35,1.8));
#395 = VECTOR('',#396,1.);
#396 = DIRECTION('',(1.,0.,0.));
#397 = ORIENTED_EDGE('',*,*,#398,.F.);
#398 = EDGE_CURVE('',#399,#391,#401,.T.);
#399 = VERTEX_POINT('',#400);
#400 = CARTESIAN_POINT('',(3.050000000002,-2.35,6.));
#401 = LINE('',#402,#403);
#402 = CARTESIAN_POINT('',(3.050000000002,-2.35,6.));
#403 = VECTOR('',#404,1.);
#404 = DIRECTION('',(-0.,-0.,-1.));
#405 = ORIENTED_EDGE('',*,*,#406,.T.);
#406 = EDGE_CURVE('',#399,#407,#409,.T.);
#407 = VERTEX_POINT('',#408);
#408 = CARTESIAN_POINT('',(5.8,-2.35,6.));
#409 = LINE('',#410,#411);
#410 = CARTESIAN_POINT('',(-5.8,-2.35,6.));
#411 = VECTOR('',#412,1.);
#412 = DIRECTION('',(1.,0.,0.));
#413 = ORIENTED_EDGE('',*,*,#414,.F.);
#414 = EDGE_CURVE('',#415,#407,#417,.T.);
#415 = VERTEX_POINT('',#416);
#416 = CARTESIAN_POINT('',(5.8,-2.35,0.));
#417 = LINE('',#418,#419);
#418 = CARTESIAN_POINT('',(5.8,-2.35,0.));
#419 = VECTOR('',#420,1.);
#420 = DIRECTION('',(0.,0.,1.));
#421 = ORIENTED_EDGE('',*,*,#422,.F.);
#422 = EDGE_CURVE('',#423,#415,#425,.T.);
#423 = VERTEX_POINT('',#424);
#424 = CARTESIAN_POINT('',(5.4,-2.35,0.));
#425 = LINE('',#426,#427);
#426 = CARTESIAN_POINT('',(-5.8,-2.35,0.));
#427 = VECTOR('',#428,1.);
#428 = DIRECTION('',(1.,0.,0.));
#429 = ORIENTED_EDGE('',*,*,#430,.T.);
#430 = EDGE_CURVE('',#423,#431,#433,.T.);
#431 = VERTEX_POINT('',#432);
#432 = CARTESIAN_POINT('',(5.4,-2.35,4.3));
#433 = LINE('',#434,#435);
#434 = CARTESIAN_POINT('',(5.4,-2.35,1.8));
#435 = VECTOR('',#436,1.);
#436 = DIRECTION('',(0.,2.22044604925E-16,1.));
#437 = ORIENTED_EDGE('',*,*,#438,.T.);
#438 = EDGE_CURVE('',#431,#439,#441,.T.);
#439 = VERTEX_POINT('',#440);
#440 = CARTESIAN_POINT('',(4.4,-2.35,4.3));
#441 = LINE('',#442,#443);
#442 = CARTESIAN_POINT('',(5.4,-2.35,4.3));
#443 = VECTOR('',#444,1.);
#444 = DIRECTION('',(-1.,0.,0.));
#445 = ORIENTED_EDGE('',*,*,#446,.T.);
#446 = EDGE_CURVE('',#439,#447,#449,.T.);
#447 = VERTEX_POINT('',#448);
#448 = CARTESIAN_POINT('',(4.4,-2.35,0.2));
#449 = LINE('',#450,#451);
#450 = CARTESIAN_POINT('',(4.4,-2.35,1.8));
#451 = VECTOR('',#452,1.);
#452 = DIRECTION('',(0.,-2.22044604925E-16,-1.));
#453 = ORIENTED_EDGE('',*,*,#454,.T.);
#454 = EDGE_CURVE('',#447,#455,#457,.T.);
#455 = VERTEX_POINT('',#456);
#456 = CARTESIAN_POINT('',(3.2,-2.35,0.2));
#457 = LINE('',#458,#459);
#458 = CARTESIAN_POINT('',(4.8,-2.35,0.2));
#459 = VECTOR('',#460,1.);
#460 = DIRECTION('',(-1.,0.,0.));
#461 = ORIENTED_EDGE('',*,*,#462,.T.);
#462 = EDGE_CURVE('',#455,#463,#465,.T.);
#463 = VERTEX_POINT('',#464);
#464 = CARTESIAN_POINT('',(3.2,-2.35,0.199));
#465 = LINE('',#466,#467);
#466 = CARTESIAN_POINT('',(3.2,-2.35,0.2));
#467 = VECTOR('',#468,1.);
#468 = DIRECTION('',(0.,-2.22044604925E-16,-1.));
#469 = ORIENTED_EDGE('',*,*,#470,.T.);
#470 = EDGE_CURVE('',#463,#471,#473,.T.);
#471 = VERTEX_POINT('',#472);
#472 = CARTESIAN_POINT('',(3.164910930839,-2.35,-4.163336342344E-17));
#473 = LINE('',#474,#475);
#474 = CARTESIAN_POINT('',(3.038520627348,-2.35,-0.716795030367));
#475 = VECTOR('',#476,1.);
#476 = DIRECTION('',(-0.173648177667,0.,-0.984807753012));
#477 = ORIENTED_EDGE('',*,*,#478,.F.);
#478 = EDGE_CURVE('',#479,#471,#481,.T.);
#479 = VERTEX_POINT('',#480);
#480 = CARTESIAN_POINT('',(2.835089069161,-2.35,1.387778780781E-17));
#481 = LINE('',#482,#483);
#482 = CARTESIAN_POINT('',(-5.8,-2.35,0.));
#483 = VECTOR('',#484,1.);
#484 = DIRECTION('',(1.,0.,0.));
#485 = ORIENTED_EDGE('',*,*,#486,.F.);
#486 = EDGE_CURVE('',#189,#479,#487,.T.);
#487 = LINE('',#488,#489);
#488 = CARTESIAN_POINT('',(2.69612690411,-2.35,0.788093600266));
#489 = VECTOR('',#490,1.);
#490 = DIRECTION('',(0.173648177667,0.,-0.984807753012));
#491 = PLANE('',#492);
#492 = AXIS2_PLACEMENT_3D('',#493,#494,#495);
#493 = CARTESIAN_POINT('',(-5.8,-2.35,0.));
#494 = DIRECTION('',(0.,1.,0.));
#495 = DIRECTION('',(1.,0.,0.));
#496 = ADVANCED_FACE('',(#497),#524,.F.);
#497 = FACE_BOUND('',#498,.F.);
#498 = EDGE_LOOP('',(#499,#500,#501,#509,#517,#523));
#499 = ORIENTED_EDGE('',*,*,#61,.F.);
#500 = ORIENTED_EDGE('',*,*,#286,.F.);
#501 = ORIENTED_EDGE('',*,*,#502,.T.);
#502 = EDGE_CURVE('',#279,#503,#505,.T.);
#503 = VERTEX_POINT('',#504);
#504 = CARTESIAN_POINT('',(-1.2,2.35,0.199));
#505 = LINE('',#506,#507);
#506 = CARTESIAN_POINT('',(-1.2,-2.35,0.199));
#507 = VECTOR('',#508,1.);
#508 = DIRECTION('',(0.,1.,-2.22044604925E-16));
#509 = ORIENTED_EDGE('',*,*,#510,.T.);
#510 = EDGE_CURVE('',#503,#511,#513,.T.);
#511 = VERTEX_POINT('',#512);
#512 = CARTESIAN_POINT('',(-1.2,2.35,0.2));
#513 = LINE('',#514,#515);
#514 = CARTESIAN_POINT('',(-1.2,2.35,0.));
#515 = VECTOR('',#516,1.);
#516 = DIRECTION('',(0.,0.,1.));
#517 = ORIENTED_EDGE('',*,*,#518,.T.);
#518 = EDGE_CURVE('',#511,#165,#519,.T.);
#519 = LINE('',#520,#521);
#520 = CARTESIAN_POINT('',(-1.2,2.35,0.));
#521 = VECTOR('',#522,1.);
#522 = DIRECTION('',(0.,0.,1.));
#523 = ORIENTED_EDGE('',*,*,#164,.T.);
#524 = PLANE('',#525);
#525 = AXIS2_PLACEMENT_3D('',#526,#527,#528);
#526 = CARTESIAN_POINT('',(-1.2,-2.35,0.));
#527 = DIRECTION('',(1.,0.,0.));
#528 = DIRECTION('',(0.,2.22044604925E-16,1.));
#529 = ADVANCED_FACE('',(#530),#715,.T.);
#530 = FACE_BOUND('',#531,.T.);
#531 = EDGE_LOOP('',(#532,#542,#550,#558,#566,#574,#582,#590,#598,#606,
    #614,#622,#630,#638,#646,#654,#662,#670,#678,#686,#694,#702,#708,
    #709));
#532 = ORIENTED_EDGE('',*,*,#533,.T.);
#533 = EDGE_CURVE('',#534,#536,#538,.T.);
#534 = VERTEX_POINT('',#535);
#535 = CARTESIAN_POINT('',(-1.75,-0.35,1.8));
#536 = VERTEX_POINT('',#537);
#537 = CARTESIAN_POINT('',(-0.25,-0.35,1.8));
#538 = LINE('',#539,#540);
#539 = CARTESIAN_POINT('',(-5.45,-0.35,1.8));
#540 = VECTOR('',#541,1.);
#541 = DIRECTION('',(1.,0.,0.));
#542 = ORIENTED_EDGE('',*,*,#543,.T.);
#543 = EDGE_CURVE('',#536,#544,#546,.T.);
#544 = VERTEX_POINT('',#545);
#545 = CARTESIAN_POINT('',(-0.25,-0.35,0.2));
#546 = LINE('',#547,#548);
#547 = CARTESIAN_POINT('',(-0.25,-0.35,1.8));
#548 = VECTOR('',#549,1.);
#549 = DIRECTION('',(-0.,-0.,-1.));
#550 = ORIENTED_EDGE('',*,*,#551,.F.);
#551 = EDGE_CURVE('',#552,#544,#554,.T.);
#552 = VERTEX_POINT('',#553);
#553 = CARTESIAN_POINT('',(0.25,-0.35,0.2));
#554 = LINE('',#555,#556);
#555 = CARTESIAN_POINT('',(0.4,-0.35,0.2));
#556 = VECTOR('',#557,1.);
#557 = DIRECTION('',(-1.,0.,0.));
#558 = ORIENTED_EDGE('',*,*,#559,.F.);
#559 = EDGE_CURVE('',#560,#552,#562,.T.);
#560 = VERTEX_POINT('',#561);
#561 = CARTESIAN_POINT('',(0.25,-0.35,1.8));
#562 = LINE('',#563,#564);
#563 = CARTESIAN_POINT('',(0.25,-0.35,1.8));
#564 = VECTOR('',#565,1.);
#565 = DIRECTION('',(-0.,-0.,-1.));
#566 = ORIENTED_EDGE('',*,*,#567,.T.);
#567 = EDGE_CURVE('',#560,#568,#570,.T.);
#568 = VERTEX_POINT('',#569);
#569 = CARTESIAN_POINT('',(1.75,-0.35,1.8));
#570 = LINE('',#571,#572);
#571 = CARTESIAN_POINT('',(-5.45,-0.35,1.8));
#572 = VECTOR('',#573,1.);
#573 = DIRECTION('',(1.,0.,0.));
#574 = ORIENTED_EDGE('',*,*,#575,.T.);
#575 = EDGE_CURVE('',#568,#576,#578,.T.);
#576 = VERTEX_POINT('',#577);
#577 = CARTESIAN_POINT('',(1.75,-0.35,0.2));
#578 = LINE('',#579,#580);
#579 = CARTESIAN_POINT('',(1.75,-0.35,1.8));
#580 = VECTOR('',#581,1.);
#581 = DIRECTION('',(-0.,-0.,-1.));
#582 = ORIENTED_EDGE('',*,*,#583,.F.);
#583 = EDGE_CURVE('',#584,#576,#586,.T.);
#584 = VERTEX_POINT('',#585);
#585 = CARTESIAN_POINT('',(2.25,-0.35,0.2));
#586 = LINE('',#587,#588);
#587 = CARTESIAN_POINT('',(1.4,-0.35,0.2));
#588 = VECTOR('',#589,1.);
#589 = DIRECTION('',(-1.,0.,0.));
#590 = ORIENTED_EDGE('',*,*,#591,.F.);
#591 = EDGE_CURVE('',#592,#584,#594,.T.);
#592 = VERTEX_POINT('',#593);
#593 = CARTESIAN_POINT('',(2.25,-0.35,1.8));
#594 = LINE('',#595,#596);
#595 = CARTESIAN_POINT('',(2.25,-0.35,1.8));
#596 = VECTOR('',#597,1.);
#597 = DIRECTION('',(-0.,-0.,-1.));
#598 = ORIENTED_EDGE('',*,*,#599,.T.);
#599 = EDGE_CURVE('',#592,#600,#602,.T.);
#600 = VERTEX_POINT('',#601);
#601 = CARTESIAN_POINT('',(3.75,-0.35,1.8));
#602 = LINE('',#603,#604);
#603 = CARTESIAN_POINT('',(-5.45,-0.35,1.8));
#604 = VECTOR('',#605,1.);
#605 = DIRECTION('',(1.,0.,0.));
#606 = ORIENTED_EDGE('',*,*,#607,.T.);
#607 = EDGE_CURVE('',#600,#608,#610,.T.);
#608 = VERTEX_POINT('',#609);
#609 = CARTESIAN_POINT('',(3.75,-0.35,0.2));
#610 = LINE('',#611,#612);
#611 = CARTESIAN_POINT('',(3.75,-0.35,1.8));
#612 = VECTOR('',#613,1.);
#613 = DIRECTION('',(-0.,-0.,-1.));
#614 = ORIENTED_EDGE('',*,*,#615,.F.);
#615 = EDGE_CURVE('',#616,#608,#618,.T.);
#616 = VERTEX_POINT('',#617);
#617 = CARTESIAN_POINT('',(4.25,-0.35,0.2));
#618 = LINE('',#619,#620);
#619 = CARTESIAN_POINT('',(2.4,-0.35,0.2));
#620 = VECTOR('',#621,1.);
#621 = DIRECTION('',(-1.,0.,0.));
#622 = ORIENTED_EDGE('',*,*,#623,.F.);
#623 = EDGE_CURVE('',#624,#616,#626,.T.);
#624 = VERTEX_POINT('',#625);
#625 = CARTESIAN_POINT('',(4.25,-0.35,1.8));
#626 = LINE('',#627,#628);
#627 = CARTESIAN_POINT('',(4.25,-0.35,1.8));
#628 = VECTOR('',#629,1.);
#629 = DIRECTION('',(-0.,-0.,-1.));
#630 = ORIENTED_EDGE('',*,*,#631,.T.);
#631 = EDGE_CURVE('',#624,#632,#634,.T.);
#632 = VERTEX_POINT('',#633);
#633 = CARTESIAN_POINT('',(5.45,-0.35,1.8));
#634 = LINE('',#635,#636);
#635 = CARTESIAN_POINT('',(-5.45,-0.35,1.8));
#636 = VECTOR('',#637,1.);
#637 = DIRECTION('',(1.,0.,0.));
#638 = ORIENTED_EDGE('',*,*,#639,.T.);
#639 = EDGE_CURVE('',#632,#640,#642,.T.);
#640 = VERTEX_POINT('',#641);
#641 = CARTESIAN_POINT('',(5.45,-0.35,1.9));
#642 = LINE('',#643,#644);
#643 = CARTESIAN_POINT('',(5.45,-0.35,1.8));
#644 = VECTOR('',#645,1.);
#645 = DIRECTION('',(0.,0.,1.));
#646 = ORIENTED_EDGE('',*,*,#647,.F.);
#647 = EDGE_CURVE('',#648,#640,#650,.T.);
#648 = VERTEX_POINT('',#649);
#649 = CARTESIAN_POINT('',(-5.45,-0.35,1.9));
#650 = LINE('',#651,#652);
#651 = CARTESIAN_POINT('',(-5.45,-0.35,1.9));
#652 = VECTOR('',#653,1.);
#653 = DIRECTION('',(1.,0.,0.));
#654 = ORIENTED_EDGE('',*,*,#655,.F.);
#655 = EDGE_CURVE('',#656,#648,#658,.T.);
#656 = VERTEX_POINT('',#657);
#657 = CARTESIAN_POINT('',(-5.45,-0.35,1.8));
#658 = LINE('',#659,#660);
#659 = CARTESIAN_POINT('',(-5.45,-0.35,1.8));
#660 = VECTOR('',#661,1.);
#661 = DIRECTION('',(0.,0.,1.));
#662 = ORIENTED_EDGE('',*,*,#663,.T.);
#663 = EDGE_CURVE('',#656,#664,#666,.T.);
#664 = VERTEX_POINT('',#665);
#665 = CARTESIAN_POINT('',(-4.25,-0.35,1.8));
#666 = LINE('',#667,#668);
#667 = CARTESIAN_POINT('',(-5.45,-0.35,1.8));
#668 = VECTOR('',#669,1.);
#669 = DIRECTION('',(1.,0.,0.));
#670 = ORIENTED_EDGE('',*,*,#671,.T.);
#671 = EDGE_CURVE('',#664,#672,#674,.T.);
#672 = VERTEX_POINT('',#673);
#673 = CARTESIAN_POINT('',(-4.25,-0.35,0.2));
#674 = LINE('',#675,#676);
#675 = CARTESIAN_POINT('',(-4.25,-0.35,1.8));
#676 = VECTOR('',#677,1.);
#677 = DIRECTION('',(-0.,-0.,-1.));
#678 = ORIENTED_EDGE('',*,*,#679,.F.);
#679 = EDGE_CURVE('',#680,#672,#682,.T.);
#680 = VERTEX_POINT('',#681);
#681 = CARTESIAN_POINT('',(-3.75,-0.35,0.2));
#682 = LINE('',#683,#684);
#683 = CARTESIAN_POINT('',(-1.6,-0.35,0.2));
#684 = VECTOR('',#685,1.);
#685 = DIRECTION('',(-1.,0.,0.));
#686 = ORIENTED_EDGE('',*,*,#687,.F.);
#687 = EDGE_CURVE('',#688,#680,#690,.T.);
#688 = VERTEX_POINT('',#689);
#689 = CARTESIAN_POINT('',(-3.75,-0.35,1.8));
#690 = LINE('',#691,#692);
#691 = CARTESIAN_POINT('',(-3.75,-0.35,1.8));
#692 = VECTOR('',#693,1.);
#693 = DIRECTION('',(-0.,-0.,-1.));
#694 = ORIENTED_EDGE('',*,*,#695,.T.);
#695 = EDGE_CURVE('',#688,#696,#698,.T.);
#696 = VERTEX_POINT('',#697);
#697 = CARTESIAN_POINT('',(-2.25,-0.35,1.8));
#698 = LINE('',#699,#700);
#699 = CARTESIAN_POINT('',(-5.45,-0.35,1.8));
#700 = VECTOR('',#701,1.);
#701 = DIRECTION('',(1.,0.,0.));
#702 = ORIENTED_EDGE('',*,*,#703,.T.);
#703 = EDGE_CURVE('',#696,#80,#704,.T.);
#704 = LINE('',#705,#706);
#705 = CARTESIAN_POINT('',(-2.25,-0.35,1.8));
#706 = VECTOR('',#707,1.);
#707 = DIRECTION('',(-0.,-0.,-1.));
#708 = ORIENTED_EDGE('',*,*,#77,.F.);
#709 = ORIENTED_EDGE('',*,*,#710,.F.);
#710 = EDGE_CURVE('',#534,#78,#711,.T.);
#711 = LINE('',#712,#713);
#712 = CARTESIAN_POINT('',(-1.75,-0.35,1.8));
#713 = VECTOR('',#714,1.);
#714 = DIRECTION('',(-0.,-0.,-1.));
#715 = PLANE('',#716);
#716 = AXIS2_PLACEMENT_3D('',#717,#718,#719);
#717 = CARTESIAN_POINT('',(3.366196210663E-14,-0.35,1.31));
#718 = DIRECTION('',(-0.,-1.,-1.351824884275E-13));
#719 = DIRECTION('',(0.,1.351824884275E-13,-1.));
#720 = ADVANCED_FACE('',(#721),#739,.F.);
#721 = FACE_BOUND('',#722,.F.);
#722 = EDGE_LOOP('',(#723,#731,#732,#733));
#723 = ORIENTED_EDGE('',*,*,#724,.F.);
#724 = EDGE_CURVE('',#696,#725,#727,.T.);
#725 = VERTEX_POINT('',#726);
#726 = CARTESIAN_POINT('',(-2.25,-0.85,1.8));
#727 = LINE('',#728,#729);
#728 = CARTESIAN_POINT('',(-2.25,-0.35,1.8));
#729 = VECTOR('',#730,1.);
#730 = DIRECTION('',(0.,-1.,0.));
#731 = ORIENTED_EDGE('',*,*,#703,.T.);
#732 = ORIENTED_EDGE('',*,*,#103,.F.);
#733 = ORIENTED_EDGE('',*,*,#734,.F.);
#734 = EDGE_CURVE('',#725,#96,#735,.T.);
#735 = LINE('',#736,#737);
#736 = CARTESIAN_POINT('',(-2.25,-0.85,1.8));
#737 = VECTOR('',#738,1.);
#738 = DIRECTION('',(-0.,-0.,-1.));
#739 = PLANE('',#740);
#740 = AXIS2_PLACEMENT_3D('',#741,#742,#743);
#741 = CARTESIAN_POINT('',(-2.25,-0.35,1.8));
#742 = DIRECTION('',(-1.,0.,0.));
#743 = DIRECTION('',(0.,-1.,0.));
#744 = ADVANCED_FACE('',(#745),#763,.F.);
#745 = FACE_BOUND('',#746,.F.);
#746 = EDGE_LOOP('',(#747,#755,#756,#757));
#747 = ORIENTED_EDGE('',*,*,#748,.F.);
#748 = EDGE_CURVE('',#725,#749,#751,.T.);
#749 = VERTEX_POINT('',#750);
#750 = CARTESIAN_POINT('',(-1.75,-0.85,1.8));
#751 = LINE('',#752,#753);
#752 = CARTESIAN_POINT('',(-2.25,-0.85,1.8));
#753 = VECTOR('',#754,1.);
#754 = DIRECTION('',(1.,0.,0.));
#755 = ORIENTED_EDGE('',*,*,#734,.T.);
#756 = ORIENTED_EDGE('',*,*,#95,.F.);
#757 = ORIENTED_EDGE('',*,*,#758,.F.);
#758 = EDGE_CURVE('',#749,#88,#759,.T.);
#759 = LINE('',#760,#761);
#760 = CARTESIAN_POINT('',(-1.75,-0.85,1.8));
#761 = VECTOR('',#762,1.);
#762 = DIRECTION('',(-0.,-0.,-1.));
#763 = PLANE('',#764);
#764 = AXIS2_PLACEMENT_3D('',#765,#766,#767);
#765 = CARTESIAN_POINT('',(-2.25,-0.85,1.8));
#766 = DIRECTION('',(0.,-1.,0.));
#767 = DIRECTION('',(1.,0.,0.));
#768 = ADVANCED_FACE('',(#769),#780,.F.);
#769 = FACE_BOUND('',#770,.F.);
#770 = EDGE_LOOP('',(#771,#777,#778,#779));
#771 = ORIENTED_EDGE('',*,*,#772,.F.);
#772 = EDGE_CURVE('',#749,#534,#773,.T.);
#773 = LINE('',#774,#775);
#774 = CARTESIAN_POINT('',(-1.75,-0.85,1.8));
#775 = VECTOR('',#776,1.);
#776 = DIRECTION('',(0.,1.,0.));
#777 = ORIENTED_EDGE('',*,*,#758,.T.);
#778 = ORIENTED_EDGE('',*,*,#87,.F.);
#779 = ORIENTED_EDGE('',*,*,#710,.F.);
#780 = PLANE('',#781);
#781 = AXIS2_PLACEMENT_3D('',#782,#783,#784);
#782 = CARTESIAN_POINT('',(-1.75,-0.85,1.8));
#783 = DIRECTION('',(1.,0.,0.));
#784 = DIRECTION('',(0.,1.,0.));
#785 = ADVANCED_FACE('',(#786),#1103,.F.);
#786 = FACE_BOUND('',#787,.F.);
#787 = EDGE_LOOP('',(#788,#798,#806,#814,#822,#828,#829,#830,#831,#832,
    #833,#841,#849,#857,#865,#873,#881,#889,#897,#905,#913,#921,#929,
    #937,#945,#953,#961,#969,#977,#985,#993,#1001,#1009,#1017,#1025,
    #1033,#1041,#1049,#1057,#1065,#1073,#1081,#1089,#1097));
#788 = ORIENTED_EDGE('',*,*,#789,.F.);
#789 = EDGE_CURVE('',#790,#792,#794,.T.);
#790 = VERTEX_POINT('',#791);
#791 = CARTESIAN_POINT('',(-3.2,2.35,0.2));
#792 = VERTEX_POINT('',#793);
#793 = CARTESIAN_POINT('',(-3.2,2.35,0.6));
#794 = LINE('',#795,#796);
#795 = CARTESIAN_POINT('',(-3.2,2.35,0.));
#796 = VECTOR('',#797,1.);
#797 = DIRECTION('',(0.,0.,1.));
#798 = ORIENTED_EDGE('',*,*,#799,.F.);
#799 = EDGE_CURVE('',#800,#790,#802,.T.);
#800 = VERTEX_POINT('',#801);
#801 = CARTESIAN_POINT('',(-3.2,2.35,0.199));
#802 = LINE('',#803,#804);
#803 = CARTESIAN_POINT('',(-3.2,2.35,0.));
#804 = VECTOR('',#805,1.);
#805 = DIRECTION('',(0.,0.,1.));
#806 = ORIENTED_EDGE('',*,*,#807,.T.);
#807 = EDGE_CURVE('',#800,#808,#810,.T.);
#808 = VERTEX_POINT('',#809);
#809 = CARTESIAN_POINT('',(-3.164910930839,2.35,-1.054711873394E-15));
#810 = LINE('',#811,#812);
#811 = CARTESIAN_POINT('',(-3.038520627348,2.35,-0.716795030367));
#812 = VECTOR('',#813,1.);
#813 = DIRECTION('',(0.173648177667,0.,-0.984807753012));
#814 = ORIENTED_EDGE('',*,*,#815,.F.);
#815 = EDGE_CURVE('',#816,#808,#818,.T.);
#816 = VERTEX_POINT('',#817);
#817 = CARTESIAN_POINT('',(-2.835089069161,2.35,-9.992007221626E-16));
#818 = LINE('',#819,#820);
#819 = CARTESIAN_POINT('',(5.8,2.35,0.));
#820 = VECTOR('',#821,1.);
#821 = DIRECTION('',(-1.,0.,0.));
#822 = ORIENTED_EDGE('',*,*,#823,.F.);
#823 = EDGE_CURVE('',#135,#816,#824,.T.);
#824 = LINE('',#825,#826);
#825 = CARTESIAN_POINT('',(-2.69612690411,2.35,0.788093600266));
#826 = VECTOR('',#827,1.);
#827 = DIRECTION('',(-0.173648177667,-0.,-0.984807753012));
#828 = ORIENTED_EDGE('',*,*,#134,.F.);
#829 = ORIENTED_EDGE('',*,*,#126,.T.);
#830 = ORIENTED_EDGE('',*,*,#172,.F.);
#831 = ORIENTED_EDGE('',*,*,#518,.F.);
#832 = ORIENTED_EDGE('',*,*,#510,.F.);
#833 = ORIENTED_EDGE('',*,*,#834,.T.);
#834 = EDGE_CURVE('',#503,#835,#837,.T.);
#835 = VERTEX_POINT('',#836);
#836 = CARTESIAN_POINT('',(-1.164910930839,2.35,-1.01307850997E-15));
#837 = LINE('',#838,#839);
#838 = CARTESIAN_POINT('',(-1.068674316955,2.35,-0.545784958704));
#839 = VECTOR('',#840,1.);
#840 = DIRECTION('',(0.173648177667,0.,-0.984807753012));
#841 = ORIENTED_EDGE('',*,*,#842,.F.);
#842 = EDGE_CURVE('',#843,#835,#845,.T.);
#843 = VERTEX_POINT('',#844);
#844 = CARTESIAN_POINT('',(-0.835089069161,2.35,-9.992007221626E-16));
#845 = LINE('',#846,#847);
#846 = CARTESIAN_POINT('',(5.8,2.35,0.));
#847 = VECTOR('',#848,1.);
#848 = DIRECTION('',(-1.,0.,0.));
#849 = ORIENTED_EDGE('',*,*,#850,.F.);
#850 = EDGE_CURVE('',#851,#843,#853,.T.);
#851 = VERTEX_POINT('',#852);
#852 = CARTESIAN_POINT('',(-0.8,2.35,0.199));
#853 = LINE('',#854,#855);
#854 = CARTESIAN_POINT('',(-0.726280593717,2.35,0.617083528603));
#855 = VECTOR('',#856,1.);
#856 = DIRECTION('',(-0.173648177667,-0.,-0.984807753012));
#857 = ORIENTED_EDGE('',*,*,#858,.F.);
#858 = EDGE_CURVE('',#859,#851,#861,.T.);
#859 = VERTEX_POINT('',#860);
#860 = CARTESIAN_POINT('',(-0.8,2.35,0.2));
#861 = LINE('',#862,#863);
#862 = CARTESIAN_POINT('',(-0.8,2.35,9.999999999999E-02));
#863 = VECTOR('',#864,1.);
#864 = DIRECTION('',(0.,0.,-1.));
#865 = ORIENTED_EDGE('',*,*,#866,.T.);
#866 = EDGE_CURVE('',#859,#867,#869,.T.);
#867 = VERTEX_POINT('',#868);
#868 = CARTESIAN_POINT('',(-0.8,2.35,0.6));
#869 = LINE('',#870,#871);
#870 = CARTESIAN_POINT('',(-0.8,2.35,9.999999999999E-02));
#871 = VECTOR('',#872,1.);
#872 = DIRECTION('',(0.,0.,1.));
#873 = ORIENTED_EDGE('',*,*,#874,.F.);
#874 = EDGE_CURVE('',#875,#867,#877,.T.);
#875 = VERTEX_POINT('',#876);
#876 = CARTESIAN_POINT('',(0.8,2.35,0.6));
#877 = LINE('',#878,#879);
#878 = CARTESIAN_POINT('',(0.8,2.35,0.6));
#879 = VECTOR('',#880,1.);
#880 = DIRECTION('',(-1.,0.,0.));
#881 = ORIENTED_EDGE('',*,*,#882,.F.);
#882 = EDGE_CURVE('',#883,#875,#885,.T.);
#883 = VERTEX_POINT('',#884);
#884 = CARTESIAN_POINT('',(0.8,2.35,0.2));
#885 = LINE('',#886,#887);
#886 = CARTESIAN_POINT('',(0.8,2.35,0.));
#887 = VECTOR('',#888,1.);
#888 = DIRECTION('',(0.,0.,1.));
#889 = ORIENTED_EDGE('',*,*,#890,.F.);
#890 = EDGE_CURVE('',#891,#883,#893,.T.);
#891 = VERTEX_POINT('',#892);
#892 = CARTESIAN_POINT('',(0.8,2.35,0.199));
#893 = LINE('',#894,#895);
#894 = CARTESIAN_POINT('',(0.8,2.35,0.));
#895 = VECTOR('',#896,1.);
#896 = DIRECTION('',(0.,0.,1.));
#897 = ORIENTED_EDGE('',*,*,#898,.T.);
#898 = EDGE_CURVE('',#891,#899,#901,.T.);
#899 = VERTEX_POINT('',#900);
#900 = CARTESIAN_POINT('',(0.835089069161,2.35,-1.026956297778E-15));
#901 = LINE('',#902,#903);
#902 = CARTESIAN_POINT('',(0.901171993438,2.35,-0.374774887041));
#903 = VECTOR('',#904,1.);
#904 = DIRECTION('',(0.173648177667,0.,-0.984807753012));
#905 = ORIENTED_EDGE('',*,*,#906,.F.);
#906 = EDGE_CURVE('',#907,#899,#909,.T.);
#907 = VERTEX_POINT('',#908);
#908 = CARTESIAN_POINT('',(1.164910930839,2.35,-1.01307850997E-15));
#909 = LINE('',#910,#911);
#910 = CARTESIAN_POINT('',(5.8,2.35,0.));
#911 = VECTOR('',#912,1.);
#912 = DIRECTION('',(-1.,0.,0.));
#913 = ORIENTED_EDGE('',*,*,#914,.F.);
#914 = EDGE_CURVE('',#915,#907,#917,.T.);
#915 = VERTEX_POINT('',#916);
#916 = CARTESIAN_POINT('',(1.2,2.35,0.199));
#917 = LINE('',#918,#919);
#918 = CARTESIAN_POINT('',(1.243565716676,2.35,0.44607345694));
#919 = VECTOR('',#920,1.);
#920 = DIRECTION('',(-0.173648177667,-0.,-0.984807753012));
#921 = ORIENTED_EDGE('',*,*,#922,.F.);
#922 = EDGE_CURVE('',#923,#915,#925,.T.);
#923 = VERTEX_POINT('',#924);
#924 = CARTESIAN_POINT('',(1.2,2.35,0.2));
#925 = LINE('',#926,#927);
#926 = CARTESIAN_POINT('',(1.2,2.35,1.E-01));
#927 = VECTOR('',#928,1.);
#928 = DIRECTION('',(0.,0.,-1.));
#929 = ORIENTED_EDGE('',*,*,#930,.T.);
#930 = EDGE_CURVE('',#923,#931,#933,.T.);
#931 = VERTEX_POINT('',#932);
#932 = CARTESIAN_POINT('',(1.2,2.35,0.6));
#933 = LINE('',#934,#935);
#934 = CARTESIAN_POINT('',(1.2,2.35,1.E-01));
#935 = VECTOR('',#936,1.);
#936 = DIRECTION('',(0.,0.,1.));
#937 = ORIENTED_EDGE('',*,*,#938,.F.);
#938 = EDGE_CURVE('',#939,#931,#941,.T.);
#939 = VERTEX_POINT('',#940);
#940 = CARTESIAN_POINT('',(2.8,2.35,0.6));
#941 = LINE('',#942,#943);
#942 = CARTESIAN_POINT('',(2.8,2.35,0.6));
#943 = VECTOR('',#944,1.);
#944 = DIRECTION('',(-1.,0.,0.));
#945 = ORIENTED_EDGE('',*,*,#946,.F.);
#946 = EDGE_CURVE('',#947,#939,#949,.T.);
#947 = VERTEX_POINT('',#948);
#948 = CARTESIAN_POINT('',(2.8,2.35,0.2));
#949 = LINE('',#950,#951);
#950 = CARTESIAN_POINT('',(2.8,2.35,0.));
#951 = VECTOR('',#952,1.);
#952 = DIRECTION('',(0.,0.,1.));
#953 = ORIENTED_EDGE('',*,*,#954,.F.);
#954 = EDGE_CURVE('',#955,#947,#957,.T.);
#955 = VERTEX_POINT('',#956);
#956 = CARTESIAN_POINT('',(2.8,2.35,0.199));
#957 = LINE('',#958,#959);
#958 = CARTESIAN_POINT('',(2.8,2.35,0.));
#959 = VECTOR('',#960,1.);
#960 = DIRECTION('',(0.,0.,1.));
#961 = ORIENTED_EDGE('',*,*,#962,.T.);
#962 = EDGE_CURVE('',#955,#963,#965,.T.);
#963 = VERTEX_POINT('',#964);
#964 = CARTESIAN_POINT('',(2.835089069161,2.35,-9.992007221626E-16));
#965 = LINE('',#966,#967);
#966 = CARTESIAN_POINT('',(2.871018303831,2.35,-0.203764815378));
#967 = VECTOR('',#968,1.);
#968 = DIRECTION('',(0.173648177667,0.,-0.984807753012));
#969 = ORIENTED_EDGE('',*,*,#970,.F.);
#970 = EDGE_CURVE('',#971,#963,#973,.T.);
#971 = VERTEX_POINT('',#972);
#972 = CARTESIAN_POINT('',(3.164910930839,2.35,-1.054711873394E-15));
#973 = LINE('',#974,#975);
#974 = CARTESIAN_POINT('',(5.8,2.35,0.));
#975 = VECTOR('',#976,1.);
#976 = DIRECTION('',(-1.,0.,0.));
#977 = ORIENTED_EDGE('',*,*,#978,.F.);
#978 = EDGE_CURVE('',#979,#971,#981,.T.);
#979 = VERTEX_POINT('',#980);
#980 = CARTESIAN_POINT('',(3.2,2.35,0.199));
#981 = LINE('',#982,#983);
#982 = CARTESIAN_POINT('',(3.213412027068,2.35,0.275063385278));
#983 = VECTOR('',#984,1.);
#984 = DIRECTION('',(-0.173648177667,-0.,-0.984807753012));
#985 = ORIENTED_EDGE('',*,*,#986,.F.);
#986 = EDGE_CURVE('',#987,#979,#989,.T.);
#987 = VERTEX_POINT('',#988);
#988 = CARTESIAN_POINT('',(3.2,2.35,0.2));
#989 = LINE('',#990,#991);
#990 = CARTESIAN_POINT('',(3.2,2.35,0.1));
#991 = VECTOR('',#992,1.);
#992 = DIRECTION('',(0.,0.,-1.));
#993 = ORIENTED_EDGE('',*,*,#994,.T.);
#994 = EDGE_CURVE('',#987,#995,#997,.T.);
#995 = VERTEX_POINT('',#996);
#996 = CARTESIAN_POINT('',(3.2,2.35,0.6));
#997 = LINE('',#998,#999);
#998 = CARTESIAN_POINT('',(3.2,2.35,0.1));
#999 = VECTOR('',#1000,1.);
#1000 = DIRECTION('',(0.,0.,1.));
#1001 = ORIENTED_EDGE('',*,*,#1002,.F.);
#1002 = EDGE_CURVE('',#1003,#995,#1005,.T.);
#1003 = VERTEX_POINT('',#1004);
#1004 = CARTESIAN_POINT('',(4.8,2.35,0.6));
#1005 = LINE('',#1006,#1007);
#1006 = CARTESIAN_POINT('',(4.8,2.35,0.6));
#1007 = VECTOR('',#1008,1.);
#1008 = DIRECTION('',(-1.,0.,0.));
#1009 = ORIENTED_EDGE('',*,*,#1010,.F.);
#1010 = EDGE_CURVE('',#1011,#1003,#1013,.T.);
#1011 = VERTEX_POINT('',#1012);
#1012 = CARTESIAN_POINT('',(4.8,2.35,0.2));
#1013 = LINE('',#1014,#1015);
#1014 = CARTESIAN_POINT('',(4.8,2.35,0.));
#1015 = VECTOR('',#1016,1.);
#1016 = DIRECTION('',(0.,0.,1.));
#1017 = ORIENTED_EDGE('',*,*,#1018,.F.);
#1018 = EDGE_CURVE('',#1019,#1011,#1021,.T.);
#1019 = VERTEX_POINT('',#1020);
#1020 = CARTESIAN_POINT('',(4.8,2.35,0.199));
#1021 = LINE('',#1022,#1023);
#1022 = CARTESIAN_POINT('',(4.8,2.35,0.));
#1023 = VECTOR('',#1024,1.);
#1024 = DIRECTION('',(0.,0.,1.));
#1025 = ORIENTED_EDGE('',*,*,#1026,.T.);
#1026 = EDGE_CURVE('',#1019,#1027,#1029,.T.);
#1027 = VERTEX_POINT('',#1028);
#1028 = CARTESIAN_POINT('',(4.835089069161,2.35,-1.137978600241E-15));
#1029 = LINE('',#1030,#1031);
#1030 = CARTESIAN_POINT('',(4.840864614224,2.35,-3.275474371552E-02));
#1031 = VECTOR('',#1032,1.);
#1032 = DIRECTION('',(0.173648177667,0.,-0.984807753012));
#1033 = ORIENTED_EDGE('',*,*,#1034,.F.);
#1034 = EDGE_CURVE('',#1035,#1027,#1037,.T.);
#1035 = VERTEX_POINT('',#1036);
#1036 = CARTESIAN_POINT('',(5.8,2.35,0.));
#1037 = LINE('',#1038,#1039);
#1038 = CARTESIAN_POINT('',(5.8,2.35,0.));
#1039 = VECTOR('',#1040,1.);
#1040 = DIRECTION('',(-1.,0.,0.));
#1041 = ORIENTED_EDGE('',*,*,#1042,.T.);
#1042 = EDGE_CURVE('',#1035,#1043,#1045,.T.);
#1043 = VERTEX_POINT('',#1044);
#1044 = CARTESIAN_POINT('',(5.8,2.35,6.));
#1045 = LINE('',#1046,#1047);
#1046 = CARTESIAN_POINT('',(5.8,2.35,0.));
#1047 = VECTOR('',#1048,1.);
#1048 = DIRECTION('',(0.,0.,1.));
#1049 = ORIENTED_EDGE('',*,*,#1050,.T.);
#1050 = EDGE_CURVE('',#1043,#1051,#1053,.T.);
#1051 = VERTEX_POINT('',#1052);
#1052 = CARTESIAN_POINT('',(-5.8,2.35,6.));
#1053 = LINE('',#1054,#1055);
#1054 = CARTESIAN_POINT('',(5.8,2.35,6.));
#1055 = VECTOR('',#1056,1.);
#1056 = DIRECTION('',(-1.,0.,0.));
#1057 = ORIENTED_EDGE('',*,*,#1058,.F.);
#1058 = EDGE_CURVE('',#1059,#1051,#1061,.T.);
#1059 = VERTEX_POINT('',#1060);
#1060 = CARTESIAN_POINT('',(-5.8,2.35,0.));
#1061 = LINE('',#1062,#1063);
#1062 = CARTESIAN_POINT('',(-5.8,2.35,0.));
#1063 = VECTOR('',#1064,1.);
#1064 = DIRECTION('',(0.,0.,1.));
#1065 = ORIENTED_EDGE('',*,*,#1066,.F.);
#1066 = EDGE_CURVE('',#1067,#1059,#1069,.T.);
#1067 = VERTEX_POINT('',#1068);
#1068 = CARTESIAN_POINT('',(-4.835089069161,2.35,-1.137978600241E-15));
#1069 = LINE('',#1070,#1071);
#1070 = CARTESIAN_POINT('',(5.8,2.35,0.));
#1071 = VECTOR('',#1072,1.);
#1072 = DIRECTION('',(-1.,0.,0.));
#1073 = ORIENTED_EDGE('',*,*,#1074,.F.);
#1074 = EDGE_CURVE('',#1075,#1067,#1077,.T.);
#1075 = VERTEX_POINT('',#1076);
#1076 = CARTESIAN_POINT('',(-4.8,2.35,0.199));
#1077 = LINE('',#1078,#1079);
#1078 = CARTESIAN_POINT('',(-4.665973214503,2.35,0.959103671929));
#1079 = VECTOR('',#1080,1.);
#1080 = DIRECTION('',(-0.173648177667,-0.,-0.984807753012));
#1081 = ORIENTED_EDGE('',*,*,#1082,.F.);
#1082 = EDGE_CURVE('',#1083,#1075,#1085,.T.);
#1083 = VERTEX_POINT('',#1084);
#1084 = CARTESIAN_POINT('',(-4.8,2.35,0.2));
#1085 = LINE('',#1086,#1087);
#1086 = CARTESIAN_POINT('',(-4.8,2.35,0.1));
#1087 = VECTOR('',#1088,1.);
#1088 = DIRECTION('',(0.,0.,-1.));
#1089 = ORIENTED_EDGE('',*,*,#1090,.T.);
#1090 = EDGE_CURVE('',#1083,#1091,#1093,.T.);
#1091 = VERTEX_POINT('',#1092);
#1092 = CARTESIAN_POINT('',(-4.8,2.35,0.6));
#1093 = LINE('',#1094,#1095);
#1094 = CARTESIAN_POINT('',(-4.8,2.35,0.1));
#1095 = VECTOR('',#1096,1.);
#1096 = DIRECTION('',(0.,0.,1.));
#1097 = ORIENTED_EDGE('',*,*,#1098,.F.);
#1098 = EDGE_CURVE('',#792,#1091,#1099,.T.);
#1099 = LINE('',#1100,#1101);
#1100 = CARTESIAN_POINT('',(-3.2,2.35,0.6));
#1101 = VECTOR('',#1102,1.);
#1102 = DIRECTION('',(-1.,0.,0.));
#1103 = PLANE('',#1104);
#1104 = AXIS2_PLACEMENT_3D('',#1105,#1106,#1107);
#1105 = CARTESIAN_POINT('',(5.8,2.35,0.));
#1106 = DIRECTION('',(0.,-1.,0.));
#1107 = DIRECTION('',(-1.,0.,0.));
#1108 = ADVANCED_FACE('',(#1109),#1120,.T.);
#1109 = FACE_BOUND('',#1110,.F.);
#1110 = EDGE_LOOP('',(#1111,#1112,#1113,#1114));
#1111 = ORIENTED_EDGE('',*,*,#294,.F.);
#1112 = ORIENTED_EDGE('',*,*,#142,.T.);
#1113 = ORIENTED_EDGE('',*,*,#823,.T.);
#1114 = ORIENTED_EDGE('',*,*,#1115,.F.);
#1115 = EDGE_CURVE('',#295,#816,#1116,.T.);
#1116 = LINE('',#1117,#1118);
#1117 = CARTESIAN_POINT('',(-2.835089069161,-2.35,0.));
#1118 = VECTOR('',#1119,1.);
#1119 = DIRECTION('',(0.,1.,-2.22044604925E-16));
#1120 = PLANE('',#1121);
#1121 = AXIS2_PLACEMENT_3D('',#1122,#1123,#1124);
#1122 = CARTESIAN_POINT('',(-2.81754453458,-2.35,9.95E-02));
#1123 = DIRECTION('',(0.984807753012,4.337694007704E-19,-0.173648177667)
  );
#1124 = DIRECTION('',(3.839904326947E-17,-1.,2.152738175632E-16));
#1125 = ADVANCED_FACE('',(#1126),#1151,.F.);
#1126 = FACE_BOUND('',#1127,.F.);
#1127 = EDGE_LOOP('',(#1128,#1136,#1137,#1143,#1144,#1145));
#1128 = ORIENTED_EDGE('',*,*,#1129,.F.);
#1129 = EDGE_CURVE('',#191,#1130,#1132,.T.);
#1130 = VERTEX_POINT('',#1131);
#1131 = CARTESIAN_POINT('',(2.8,-0.15,0.2));
#1132 = LINE('',#1133,#1134);
#1133 = CARTESIAN_POINT('',(2.8,-2.35,0.2));
#1134 = VECTOR('',#1135,1.);
#1135 = DIRECTION('',(0.,1.,-2.22044604925E-16));
#1136 = ORIENTED_EDGE('',*,*,#188,.F.);
#1137 = ORIENTED_EDGE('',*,*,#1138,.T.);
#1138 = EDGE_CURVE('',#189,#955,#1139,.T.);
#1139 = LINE('',#1140,#1141);
#1140 = CARTESIAN_POINT('',(2.8,-2.35,0.199));
#1141 = VECTOR('',#1142,1.);
#1142 = DIRECTION('',(0.,1.,-2.22044604925E-16));
#1143 = ORIENTED_EDGE('',*,*,#954,.T.);
#1144 = ORIENTED_EDGE('',*,*,#946,.T.);
#1145 = ORIENTED_EDGE('',*,*,#1146,.T.);
#1146 = EDGE_CURVE('',#939,#1130,#1147,.T.);
#1147 = LINE('',#1148,#1149);
#1148 = CARTESIAN_POINT('',(2.8,-0.613143525741,0.125897035881));
#1149 = VECTOR('',#1150,1.);
#1150 = DIRECTION('',(0.,-0.987440631917,-0.157990501107));
#1151 = PLANE('',#1152);
#1152 = AXIS2_PLACEMENT_3D('',#1153,#1154,#1155);
#1153 = CARTESIAN_POINT('',(2.8,-2.35,0.));
#1154 = DIRECTION('',(1.,0.,0.));
#1155 = DIRECTION('',(0.,2.22044604925E-16,1.));
#1156 = ADVANCED_FACE('',(#1157),#1168,.T.);
#1157 = FACE_BOUND('',#1158,.T.);
#1158 = EDGE_LOOP('',(#1159,#1160,#1161,#1162));
#1159 = ORIENTED_EDGE('',*,*,#486,.F.);
#1160 = ORIENTED_EDGE('',*,*,#1138,.T.);
#1161 = ORIENTED_EDGE('',*,*,#962,.T.);
#1162 = ORIENTED_EDGE('',*,*,#1163,.F.);
#1163 = EDGE_CURVE('',#479,#963,#1164,.T.);
#1164 = LINE('',#1165,#1166);
#1165 = CARTESIAN_POINT('',(2.835089069161,-2.35,0.));
#1166 = VECTOR('',#1167,1.);
#1167 = DIRECTION('',(0.,1.,-2.22044604925E-16));
#1168 = PLANE('',#1169);
#1169 = AXIS2_PLACEMENT_3D('',#1170,#1171,#1172);
#1170 = CARTESIAN_POINT('',(2.81754453458,-2.35,9.95E-02));
#1171 = DIRECTION('',(-0.984807753012,-4.337694007704E-19,
    -0.173648177667));
#1172 = DIRECTION('',(3.754468433168E-17,1.,-2.154244640952E-16));
#1173 = ADVANCED_FACE('',(#1174,#1192),#1217,.F.);
#1174 = FACE_BOUND('',#1175,.F.);
#1175 = EDGE_LOOP('',(#1176,#1184,#1185,#1186));
#1176 = ORIENTED_EDGE('',*,*,#1177,.F.);
#1177 = EDGE_CURVE('',#199,#1178,#1180,.T.);
#1178 = VERTEX_POINT('',#1179);
#1179 = CARTESIAN_POINT('',(1.2,-0.15,0.2));
#1180 = LINE('',#1181,#1182);
#1181 = CARTESIAN_POINT('',(1.2,-2.35,0.2));
#1182 = VECTOR('',#1183,1.);
#1183 = DIRECTION('',(0.,1.,-2.22044604925E-16));
#1184 = ORIENTED_EDGE('',*,*,#198,.F.);
#1185 = ORIENTED_EDGE('',*,*,#1129,.T.);
#1186 = ORIENTED_EDGE('',*,*,#1187,.T.);
#1187 = EDGE_CURVE('',#1130,#1178,#1188,.T.);
#1188 = LINE('',#1189,#1190);
#1189 = CARTESIAN_POINT('',(2.8,-0.15,0.2));
#1190 = VECTOR('',#1191,1.);
#1191 = DIRECTION('',(-1.,0.,0.));
#1192 = FACE_BOUND('',#1193,.F.);
#1193 = EDGE_LOOP('',(#1194,#1195,#1203,#1211));
#1194 = ORIENTED_EDGE('',*,*,#583,.F.);
#1195 = ORIENTED_EDGE('',*,*,#1196,.T.);
#1196 = EDGE_CURVE('',#584,#1197,#1199,.T.);
#1197 = VERTEX_POINT('',#1198);
#1198 = CARTESIAN_POINT('',(2.25,-0.85,0.2));
#1199 = LINE('',#1200,#1201);
#1200 = CARTESIAN_POINT('',(2.25,-1.6,0.2));
#1201 = VECTOR('',#1202,1.);
#1202 = DIRECTION('',(0.,-1.,2.22044604925E-16));
#1203 = ORIENTED_EDGE('',*,*,#1204,.T.);
#1204 = EDGE_CURVE('',#1197,#1205,#1207,.T.);
#1205 = VERTEX_POINT('',#1206);
#1206 = CARTESIAN_POINT('',(1.75,-0.85,0.2));
#1207 = LINE('',#1208,#1209);
#1208 = CARTESIAN_POINT('',(2.275,-0.85,0.2));
#1209 = VECTOR('',#1210,1.);
#1210 = DIRECTION('',(-1.,0.,0.));
#1211 = ORIENTED_EDGE('',*,*,#1212,.T.);
#1212 = EDGE_CURVE('',#1205,#576,#1213,.T.);
#1213 = LINE('',#1214,#1215);
#1214 = CARTESIAN_POINT('',(1.75,-1.35,0.2));
#1215 = VECTOR('',#1216,1.);
#1216 = DIRECTION('',(0.,1.,-2.22044604925E-16));
#1217 = PLANE('',#1218);
#1218 = AXIS2_PLACEMENT_3D('',#1219,#1220,#1221);
#1219 = CARTESIAN_POINT('',(2.8,-2.35,0.2));
#1220 = DIRECTION('',(0.,2.22044604925E-16,1.));
#1221 = DIRECTION('',(-1.,0.,0.));
#1222 = ADVANCED_FACE('',(#1223),#1234,.F.);
#1223 = FACE_BOUND('',#1224,.F.);
#1224 = EDGE_LOOP('',(#1225,#1226,#1227,#1228));
#1225 = ORIENTED_EDGE('',*,*,#970,.T.);
#1226 = ORIENTED_EDGE('',*,*,#1163,.F.);
#1227 = ORIENTED_EDGE('',*,*,#478,.T.);
#1228 = ORIENTED_EDGE('',*,*,#1229,.T.);
#1229 = EDGE_CURVE('',#471,#971,#1230,.T.);
#1230 = LINE('',#1231,#1232);
#1231 = CARTESIAN_POINT('',(3.164910930839,-2.35,0.));
#1232 = VECTOR('',#1233,1.);
#1233 = DIRECTION('',(0.,1.,-2.22044604925E-16));
#1234 = PLANE('',#1235);
#1235 = AXIS2_PLACEMENT_3D('',#1236,#1237,#1238);
#1236 = CARTESIAN_POINT('',(-7.576804702347E-16,-1.227887562057E-13,0.)
  );
#1237 = DIRECTION('',(0.,0.,1.));
#1238 = DIRECTION('',(1.,0.,0.));
#1239 = ADVANCED_FACE('',(#1240),#1258,.F.);
#1240 = FACE_BOUND('',#1241,.F.);
#1241 = EDGE_LOOP('',(#1242,#1243,#1249,#1250,#1251,#1257));
#1242 = ORIENTED_EDGE('',*,*,#1177,.T.);
#1243 = ORIENTED_EDGE('',*,*,#1244,.F.);
#1244 = EDGE_CURVE('',#931,#1178,#1245,.T.);
#1245 = LINE('',#1246,#1247);
#1246 = CARTESIAN_POINT('',(1.2,-0.597542901716,0.128393135725));
#1247 = VECTOR('',#1248,1.);
#1248 = DIRECTION('',(-0.,-0.987440631917,-0.157990501107));
#1249 = ORIENTED_EDGE('',*,*,#930,.F.);
#1250 = ORIENTED_EDGE('',*,*,#922,.T.);
#1251 = ORIENTED_EDGE('',*,*,#1252,.F.);
#1252 = EDGE_CURVE('',#207,#915,#1253,.T.);
#1253 = LINE('',#1254,#1255);
#1254 = CARTESIAN_POINT('',(1.2,-2.35,0.199));
#1255 = VECTOR('',#1256,1.);
#1256 = DIRECTION('',(0.,1.,-2.22044604925E-16));
#1257 = ORIENTED_EDGE('',*,*,#206,.F.);
#1258 = PLANE('',#1259);
#1259 = AXIS2_PLACEMENT_3D('',#1260,#1261,#1262);
#1260 = CARTESIAN_POINT('',(1.2,-2.35,0.2));
#1261 = DIRECTION('',(-1.,0.,0.));
#1262 = DIRECTION('',(0.,-2.22044604925E-16,-1.));
#1263 = ADVANCED_FACE('',(#1264),#1275,.T.);
#1264 = FACE_BOUND('',#1265,.F.);
#1265 = EDGE_LOOP('',(#1266,#1267,#1273,#1274));
#1266 = ORIENTED_EDGE('',*,*,#470,.F.);
#1267 = ORIENTED_EDGE('',*,*,#1268,.T.);
#1268 = EDGE_CURVE('',#463,#979,#1269,.T.);
#1269 = LINE('',#1270,#1271);
#1270 = CARTESIAN_POINT('',(3.2,-2.35,0.199));
#1271 = VECTOR('',#1272,1.);
#1272 = DIRECTION('',(0.,1.,-2.22044604925E-16));
#1273 = ORIENTED_EDGE('',*,*,#978,.T.);
#1274 = ORIENTED_EDGE('',*,*,#1229,.F.);
#1275 = PLANE('',#1276);
#1276 = AXIS2_PLACEMENT_3D('',#1277,#1278,#1279);
#1277 = CARTESIAN_POINT('',(3.18245546542,-2.35,9.95E-02));
#1278 = DIRECTION('',(0.984807753012,4.337694007704E-19,-0.173648177667)
  );
#1279 = DIRECTION('',(3.839904326947E-17,-1.,2.152738175632E-16));
#1280 = ADVANCED_FACE('',(#1281),#1292,.T.);
#1281 = FACE_BOUND('',#1282,.F.);
#1282 = EDGE_LOOP('',(#1283,#1284,#1285,#1286));
#1283 = ORIENTED_EDGE('',*,*,#214,.F.);
#1284 = ORIENTED_EDGE('',*,*,#1252,.T.);
#1285 = ORIENTED_EDGE('',*,*,#914,.T.);
#1286 = ORIENTED_EDGE('',*,*,#1287,.F.);
#1287 = EDGE_CURVE('',#215,#907,#1288,.T.);
#1288 = LINE('',#1289,#1290);
#1289 = CARTESIAN_POINT('',(1.164910930839,-2.35,0.));
#1290 = VECTOR('',#1291,1.);
#1291 = DIRECTION('',(0.,1.,-2.22044604925E-16));
#1292 = PLANE('',#1293);
#1293 = AXIS2_PLACEMENT_3D('',#1294,#1295,#1296);
#1294 = CARTESIAN_POINT('',(1.18245546542,-2.35,9.95E-02));
#1295 = DIRECTION('',(0.984807753012,-4.337694007704E-19,-0.173648177667
    ));
#1296 = DIRECTION('',(3.754468433168E-17,-1.,2.154244640952E-16));
#1297 = ADVANCED_FACE('',(#1298),#1318,.F.);
#1298 = FACE_BOUND('',#1299,.F.);
#1299 = EDGE_LOOP('',(#1300,#1308,#1314,#1315,#1316,#1317));
#1300 = ORIENTED_EDGE('',*,*,#1301,.T.);
#1301 = EDGE_CURVE('',#455,#1302,#1304,.T.);
#1302 = VERTEX_POINT('',#1303);
#1303 = CARTESIAN_POINT('',(3.2,-0.15,0.2));
#1304 = LINE('',#1305,#1306);
#1305 = CARTESIAN_POINT('',(3.2,-2.35,0.2));
#1306 = VECTOR('',#1307,1.);
#1307 = DIRECTION('',(0.,1.,-2.22044604925E-16));
#1308 = ORIENTED_EDGE('',*,*,#1309,.F.);
#1309 = EDGE_CURVE('',#995,#1302,#1310,.T.);
#1310 = LINE('',#1311,#1312);
#1311 = CARTESIAN_POINT('',(3.2,-0.597542901716,0.128393135725));
#1312 = VECTOR('',#1313,1.);
#1313 = DIRECTION('',(-0.,-0.987440631917,-0.157990501107));
#1314 = ORIENTED_EDGE('',*,*,#994,.F.);
#1315 = ORIENTED_EDGE('',*,*,#986,.T.);
#1316 = ORIENTED_EDGE('',*,*,#1268,.F.);
#1317 = ORIENTED_EDGE('',*,*,#462,.F.);
#1318 = PLANE('',#1319);
#1319 = AXIS2_PLACEMENT_3D('',#1320,#1321,#1322);
#1320 = CARTESIAN_POINT('',(3.2,-2.35,0.2));
#1321 = DIRECTION('',(-1.,0.,0.));
#1322 = DIRECTION('',(0.,-2.22044604925E-16,-1.));
#1323 = ADVANCED_FACE('',(#1324),#1335,.F.);
#1324 = FACE_BOUND('',#1325,.F.);
#1325 = EDGE_LOOP('',(#1326,#1327,#1333,#1334));
#1326 = ORIENTED_EDGE('',*,*,#906,.T.);
#1327 = ORIENTED_EDGE('',*,*,#1328,.F.);
#1328 = EDGE_CURVE('',#223,#899,#1329,.T.);
#1329 = LINE('',#1330,#1331);
#1330 = CARTESIAN_POINT('',(0.835089069161,-2.35,0.));
#1331 = VECTOR('',#1332,1.);
#1332 = DIRECTION('',(0.,1.,-2.22044604925E-16));
#1333 = ORIENTED_EDGE('',*,*,#222,.T.);
#1334 = ORIENTED_EDGE('',*,*,#1287,.T.);
#1335 = PLANE('',#1336);
#1336 = AXIS2_PLACEMENT_3D('',#1337,#1338,#1339);
#1337 = CARTESIAN_POINT('',(-7.576804702347E-16,-1.227887562057E-13,0.)
  );
#1338 = DIRECTION('',(0.,0.,1.));
#1339 = DIRECTION('',(1.,0.,0.));
#1340 = ADVANCED_FACE('',(#1341,#1375),#1400,.F.);
#1341 = FACE_BOUND('',#1342,.F.);
#1342 = EDGE_LOOP('',(#1343,#1344,#1345,#1353,#1361,#1369));
#1343 = ORIENTED_EDGE('',*,*,#1301,.F.);
#1344 = ORIENTED_EDGE('',*,*,#454,.F.);
#1345 = ORIENTED_EDGE('',*,*,#1346,.F.);
#1346 = EDGE_CURVE('',#1347,#447,#1349,.T.);
#1347 = VERTEX_POINT('',#1348);
#1348 = CARTESIAN_POINT('',(4.4,-2.25,0.2));
#1349 = LINE('',#1350,#1351);
#1350 = CARTESIAN_POINT('',(4.4,-2.35,0.2));
#1351 = VECTOR('',#1352,1.);
#1352 = DIRECTION('',(0.,-1.,2.22044604925E-16));
#1353 = ORIENTED_EDGE('',*,*,#1354,.F.);
#1354 = EDGE_CURVE('',#1355,#1347,#1357,.T.);
#1355 = VERTEX_POINT('',#1356);
#1356 = CARTESIAN_POINT('',(4.8,-2.25,0.2));
#1357 = LINE('',#1358,#1359);
#1358 = CARTESIAN_POINT('',(2.4,-2.25,0.2));
#1359 = VECTOR('',#1360,1.);
#1360 = DIRECTION('',(-1.,0.,0.));
#1361 = ORIENTED_EDGE('',*,*,#1362,.T.);
#1362 = EDGE_CURVE('',#1355,#1363,#1365,.T.);
#1363 = VERTEX_POINT('',#1364);
#1364 = CARTESIAN_POINT('',(4.8,-0.15,0.2));
#1365 = LINE('',#1366,#1367);
#1366 = CARTESIAN_POINT('',(4.8,-2.35,0.2));
#1367 = VECTOR('',#1368,1.);
#1368 = DIRECTION('',(0.,1.,-2.22044604925E-16));
#1369 = ORIENTED_EDGE('',*,*,#1370,.T.);
#1370 = EDGE_CURVE('',#1363,#1302,#1371,.T.);
#1371 = LINE('',#1372,#1373);
#1372 = CARTESIAN_POINT('',(4.8,-0.15,0.2));
#1373 = VECTOR('',#1374,1.);
#1374 = DIRECTION('',(-1.,0.,0.));
#1375 = FACE_BOUND('',#1376,.F.);
#1376 = EDGE_LOOP('',(#1377,#1378,#1386,#1394));
#1377 = ORIENTED_EDGE('',*,*,#615,.F.);
#1378 = ORIENTED_EDGE('',*,*,#1379,.T.);
#1379 = EDGE_CURVE('',#616,#1380,#1382,.T.);
#1380 = VERTEX_POINT('',#1381);
#1381 = CARTESIAN_POINT('',(4.25,-0.85,0.2));
#1382 = LINE('',#1383,#1384);
#1383 = CARTESIAN_POINT('',(4.25,-1.6,0.2));
#1384 = VECTOR('',#1385,1.);
#1385 = DIRECTION('',(0.,-1.,2.22044604925E-16));
#1386 = ORIENTED_EDGE('',*,*,#1387,.T.);
#1387 = EDGE_CURVE('',#1380,#1388,#1390,.T.);
#1388 = VERTEX_POINT('',#1389);
#1389 = CARTESIAN_POINT('',(3.75,-0.85,0.2));
#1390 = LINE('',#1391,#1392);
#1391 = CARTESIAN_POINT('',(4.275,-0.85,0.2));
#1392 = VECTOR('',#1393,1.);
#1393 = DIRECTION('',(-1.,0.,0.));
#1394 = ORIENTED_EDGE('',*,*,#1395,.T.);
#1395 = EDGE_CURVE('',#1388,#608,#1396,.T.);
#1396 = LINE('',#1397,#1398);
#1397 = CARTESIAN_POINT('',(3.75,-1.35,0.2));
#1398 = VECTOR('',#1399,1.);
#1399 = DIRECTION('',(0.,1.,-2.22044604925E-16));
#1400 = PLANE('',#1401);
#1401 = AXIS2_PLACEMENT_3D('',#1402,#1403,#1404);
#1402 = CARTESIAN_POINT('',(4.8,-2.35,0.2));
#1403 = DIRECTION('',(0.,2.22044604925E-16,1.));
#1404 = DIRECTION('',(-1.,0.,0.));
#1405 = ADVANCED_FACE('',(#1406),#1417,.T.);
#1406 = FACE_BOUND('',#1407,.T.);
#1407 = EDGE_LOOP('',(#1408,#1409,#1415,#1416));
#1408 = ORIENTED_EDGE('',*,*,#230,.F.);
#1409 = ORIENTED_EDGE('',*,*,#1410,.T.);
#1410 = EDGE_CURVE('',#231,#891,#1411,.T.);
#1411 = LINE('',#1412,#1413);
#1412 = CARTESIAN_POINT('',(0.8,-2.35,0.199));
#1413 = VECTOR('',#1414,1.);
#1414 = DIRECTION('',(0.,1.,-2.22044604925E-16));
#1415 = ORIENTED_EDGE('',*,*,#898,.T.);
#1416 = ORIENTED_EDGE('',*,*,#1328,.F.);
#1417 = PLANE('',#1418);
#1418 = AXIS2_PLACEMENT_3D('',#1419,#1420,#1421);
#1419 = CARTESIAN_POINT('',(0.81754453458,-2.35,9.95E-02));
#1420 = DIRECTION('',(-0.984807753012,0.,-0.173648177667));
#1421 = DIRECTION('',(3.797186380058E-17,1.,-2.153491408292E-16));
#1422 = ADVANCED_FACE('',(#1423),#1457,.T.);
#1423 = FACE_BOUND('',#1424,.T.);
#1424 = EDGE_LOOP('',(#1425,#1433,#1434,#1435,#1443,#1451));
#1425 = ORIENTED_EDGE('',*,*,#1426,.F.);
#1426 = EDGE_CURVE('',#439,#1427,#1429,.T.);
#1427 = VERTEX_POINT('',#1428);
#1428 = CARTESIAN_POINT('',(4.4,-1.8,4.3));
#1429 = LINE('',#1430,#1431);
#1430 = CARTESIAN_POINT('',(4.4,-2.35,4.3));
#1431 = VECTOR('',#1432,1.);
#1432 = DIRECTION('',(0.,1.,-2.22044604925E-16));
#1433 = ORIENTED_EDGE('',*,*,#446,.T.);
#1434 = ORIENTED_EDGE('',*,*,#1346,.F.);
#1435 = ORIENTED_EDGE('',*,*,#1436,.F.);
#1436 = EDGE_CURVE('',#1437,#1347,#1439,.T.);
#1437 = VERTEX_POINT('',#1438);
#1438 = CARTESIAN_POINT('',(4.4,-2.25,1.8));
#1439 = LINE('',#1440,#1441);
#1440 = CARTESIAN_POINT('',(4.4,-2.25,1.8));
#1441 = VECTOR('',#1442,1.);
#1442 = DIRECTION('',(0.,-2.22044604925E-16,-1.));
#1443 = ORIENTED_EDGE('',*,*,#1444,.T.);
#1444 = EDGE_CURVE('',#1437,#1445,#1447,.T.);
#1445 = VERTEX_POINT('',#1446);
#1446 = CARTESIAN_POINT('',(4.4,-1.8,1.8));
#1447 = LINE('',#1448,#1449);
#1448 = CARTESIAN_POINT('',(4.4,-2.35,1.8));
#1449 = VECTOR('',#1450,1.);
#1450 = DIRECTION('',(0.,1.,-2.22044604925E-16));
#1451 = ORIENTED_EDGE('',*,*,#1452,.F.);
#1452 = EDGE_CURVE('',#1427,#1445,#1453,.T.);
#1453 = LINE('',#1454,#1455);
#1454 = CARTESIAN_POINT('',(4.4,-1.8,4.3));
#1455 = VECTOR('',#1456,1.);
#1456 = DIRECTION('',(0.,-2.22044604925E-16,-1.));
#1457 = PLANE('',#1458);
#1458 = AXIS2_PLACEMENT_3D('',#1459,#1460,#1461);
#1459 = CARTESIAN_POINT('',(4.4,-2.152419354839,2.327419354839));
#1460 = DIRECTION('',(1.,0.,0.));
#1461 = DIRECTION('',(0.,0.,1.));
#1462 = ADVANCED_FACE('',(#1463),#1483,.F.);
#1463 = FACE_BOUND('',#1464,.F.);
#1464 = EDGE_LOOP('',(#1465,#1473,#1474,#1475,#1476,#1477));
#1465 = ORIENTED_EDGE('',*,*,#1466,.F.);
#1466 = EDGE_CURVE('',#239,#1467,#1469,.T.);
#1467 = VERTEX_POINT('',#1468);
#1468 = CARTESIAN_POINT('',(0.8,-0.15,0.2));
#1469 = LINE('',#1470,#1471);
#1470 = CARTESIAN_POINT('',(0.8,-2.35,0.2));
#1471 = VECTOR('',#1472,1.);
#1472 = DIRECTION('',(0.,1.,-2.22044604925E-16));
#1473 = ORIENTED_EDGE('',*,*,#238,.F.);
#1474 = ORIENTED_EDGE('',*,*,#1410,.T.);
#1475 = ORIENTED_EDGE('',*,*,#890,.T.);
#1476 = ORIENTED_EDGE('',*,*,#882,.T.);
#1477 = ORIENTED_EDGE('',*,*,#1478,.T.);
#1478 = EDGE_CURVE('',#875,#1467,#1479,.T.);
#1479 = LINE('',#1480,#1481);
#1480 = CARTESIAN_POINT('',(0.8,-0.613143525741,0.125897035881));
#1481 = VECTOR('',#1482,1.);
#1482 = DIRECTION('',(0.,-0.987440631917,-0.157990501107));
#1483 = PLANE('',#1484);
#1484 = AXIS2_PLACEMENT_3D('',#1485,#1486,#1487);
#1485 = CARTESIAN_POINT('',(0.8,-2.35,0.));
#1486 = DIRECTION('',(1.,0.,0.));
#1487 = DIRECTION('',(0.,2.22044604925E-16,1.));
#1488 = ADVANCED_FACE('',(#1489),#1507,.F.);
#1489 = FACE_BOUND('',#1490,.F.);
#1490 = EDGE_LOOP('',(#1491,#1499,#1505,#1506));
#1491 = ORIENTED_EDGE('',*,*,#1492,.T.);
#1492 = EDGE_CURVE('',#431,#1493,#1495,.T.);
#1493 = VERTEX_POINT('',#1494);
#1494 = CARTESIAN_POINT('',(5.4,-1.8,4.3));
#1495 = LINE('',#1496,#1497);
#1496 = CARTESIAN_POINT('',(5.4,-2.35,4.3));
#1497 = VECTOR('',#1498,1.);
#1498 = DIRECTION('',(0.,1.,-2.22044604925E-16));
#1499 = ORIENTED_EDGE('',*,*,#1500,.T.);
#1500 = EDGE_CURVE('',#1493,#1427,#1501,.T.);
#1501 = LINE('',#1502,#1503);
#1502 = CARTESIAN_POINT('',(5.4,-1.8,4.3));
#1503 = VECTOR('',#1504,1.);
#1504 = DIRECTION('',(-1.,0.,0.));
#1505 = ORIENTED_EDGE('',*,*,#1426,.F.);
#1506 = ORIENTED_EDGE('',*,*,#438,.F.);
#1507 = PLANE('',#1508);
#1508 = AXIS2_PLACEMENT_3D('',#1509,#1510,#1511);
#1509 = CARTESIAN_POINT('',(5.4,-2.35,4.3));
#1510 = DIRECTION('',(0.,2.22044604925E-16,1.));
#1511 = DIRECTION('',(-1.,0.,0.));
#1512 = ADVANCED_FACE('',(#1513,#1531),#1556,.F.);
#1513 = FACE_BOUND('',#1514,.F.);
#1514 = EDGE_LOOP('',(#1515,#1523,#1524,#1525));
#1515 = ORIENTED_EDGE('',*,*,#1516,.F.);
#1516 = EDGE_CURVE('',#247,#1517,#1519,.T.);
#1517 = VERTEX_POINT('',#1518);
#1518 = CARTESIAN_POINT('',(-0.8,-0.15,0.2));
#1519 = LINE('',#1520,#1521);
#1520 = CARTESIAN_POINT('',(-0.8,-2.35,0.2));
#1521 = VECTOR('',#1522,1.);
#1522 = DIRECTION('',(0.,1.,-2.22044604925E-16));
#1523 = ORIENTED_EDGE('',*,*,#246,.F.);
#1524 = ORIENTED_EDGE('',*,*,#1466,.T.);
#1525 = ORIENTED_EDGE('',*,*,#1526,.T.);
#1526 = EDGE_CURVE('',#1467,#1517,#1527,.T.);
#1527 = LINE('',#1528,#1529);
#1528 = CARTESIAN_POINT('',(0.8,-0.15,0.2));
#1529 = VECTOR('',#1530,1.);
#1530 = DIRECTION('',(-1.,0.,0.));
#1531 = FACE_BOUND('',#1532,.F.);
#1532 = EDGE_LOOP('',(#1533,#1534,#1542,#1550));
#1533 = ORIENTED_EDGE('',*,*,#551,.F.);
#1534 = ORIENTED_EDGE('',*,*,#1535,.T.);
#1535 = EDGE_CURVE('',#552,#1536,#1538,.T.);
#1536 = VERTEX_POINT('',#1537);
#1537 = CARTESIAN_POINT('',(0.25,-0.85,0.2));
#1538 = LINE('',#1539,#1540);
#1539 = CARTESIAN_POINT('',(0.25,-1.6,0.2));
#1540 = VECTOR('',#1541,1.);
#1541 = DIRECTION('',(0.,-1.,2.22044604925E-16));
#1542 = ORIENTED_EDGE('',*,*,#1543,.T.);
#1543 = EDGE_CURVE('',#1536,#1544,#1546,.T.);
#1544 = VERTEX_POINT('',#1545);
#1545 = CARTESIAN_POINT('',(-0.25,-0.85,0.2));
#1546 = LINE('',#1547,#1548);
#1547 = CARTESIAN_POINT('',(0.275,-0.85,0.2));
#1548 = VECTOR('',#1549,1.);
#1549 = DIRECTION('',(-1.,0.,0.));
#1550 = ORIENTED_EDGE('',*,*,#1551,.T.);
#1551 = EDGE_CURVE('',#1544,#544,#1552,.T.);
#1552 = LINE('',#1553,#1554);
#1553 = CARTESIAN_POINT('',(-0.25,-1.35,0.2));
#1554 = VECTOR('',#1555,1.);
#1555 = DIRECTION('',(0.,1.,-2.22044604925E-16));
#1556 = PLANE('',#1557);
#1557 = AXIS2_PLACEMENT_3D('',#1558,#1559,#1560);
#1558 = CARTESIAN_POINT('',(0.8,-2.35,0.2));
#1559 = DIRECTION('',(0.,2.22044604925E-16,1.));
#1560 = DIRECTION('',(-1.,0.,0.));
#1561 = ADVANCED_FACE('',(#1562),#1596,.T.);
#1562 = FACE_BOUND('',#1563,.T.);
#1563 = EDGE_LOOP('',(#1564,#1574,#1582,#1588,#1589,#1590));
#1564 = ORIENTED_EDGE('',*,*,#1565,.F.);
#1565 = EDGE_CURVE('',#1566,#1568,#1570,.T.);
#1566 = VERTEX_POINT('',#1567);
#1567 = CARTESIAN_POINT('',(5.4,-2.25,1.8));
#1568 = VERTEX_POINT('',#1569);
#1569 = CARTESIAN_POINT('',(5.4,-1.8,1.8));
#1570 = LINE('',#1571,#1572);
#1571 = CARTESIAN_POINT('',(5.4,-2.35,1.8));
#1572 = VECTOR('',#1573,1.);
#1573 = DIRECTION('',(0.,1.,-2.22044604925E-16));
#1574 = ORIENTED_EDGE('',*,*,#1575,.F.);
#1575 = EDGE_CURVE('',#1576,#1566,#1578,.T.);
#1576 = VERTEX_POINT('',#1577);
#1577 = CARTESIAN_POINT('',(5.4,-2.25,-2.22044604925E-17));
#1578 = LINE('',#1579,#1580);
#1579 = CARTESIAN_POINT('',(5.4,-2.25,-2.22044604925E-17));
#1580 = VECTOR('',#1581,1.);
#1581 = DIRECTION('',(0.,2.22044604925E-16,1.));
#1582 = ORIENTED_EDGE('',*,*,#1583,.F.);
#1583 = EDGE_CURVE('',#423,#1576,#1584,.T.);
#1584 = LINE('',#1585,#1586);
#1585 = CARTESIAN_POINT('',(5.4,-2.35,0.));
#1586 = VECTOR('',#1587,1.);
#1587 = DIRECTION('',(0.,1.,-2.22044604925E-16));
#1588 = ORIENTED_EDGE('',*,*,#430,.T.);
#1589 = ORIENTED_EDGE('',*,*,#1492,.T.);
#1590 = ORIENTED_EDGE('',*,*,#1591,.F.);
#1591 = EDGE_CURVE('',#1568,#1493,#1592,.T.);
#1592 = LINE('',#1593,#1594);
#1593 = CARTESIAN_POINT('',(5.4,-1.8,1.8));
#1594 = VECTOR('',#1595,1.);
#1595 = DIRECTION('',(0.,2.22044604925E-16,1.));
#1596 = PLANE('',#1597);
#1597 = AXIS2_PLACEMENT_3D('',#1598,#1599,#1600);
#1598 = CARTESIAN_POINT('',(5.4,-2.158505154639,2.233505154639));
#1599 = DIRECTION('',(-1.,-0.,-0.));
#1600 = DIRECTION('',(0.,0.,-1.));
#1601 = ADVANCED_FACE('',(#1602),#1620,.F.);
#1602 = FACE_BOUND('',#1603,.F.);
#1603 = EDGE_LOOP('',(#1604,#1605,#1611,#1612,#1613,#1619));
#1604 = ORIENTED_EDGE('',*,*,#1516,.T.);
#1605 = ORIENTED_EDGE('',*,*,#1606,.F.);
#1606 = EDGE_CURVE('',#867,#1517,#1607,.T.);
#1607 = LINE('',#1608,#1609);
#1608 = CARTESIAN_POINT('',(-0.8,-0.597542901716,0.128393135725));
#1609 = VECTOR('',#1610,1.);
#1610 = DIRECTION('',(-0.,-0.987440631917,-0.157990501107));
#1611 = ORIENTED_EDGE('',*,*,#866,.F.);
#1612 = ORIENTED_EDGE('',*,*,#858,.T.);
#1613 = ORIENTED_EDGE('',*,*,#1614,.F.);
#1614 = EDGE_CURVE('',#255,#851,#1615,.T.);
#1615 = LINE('',#1616,#1617);
#1616 = CARTESIAN_POINT('',(-0.8,-2.35,0.199));
#1617 = VECTOR('',#1618,1.);
#1618 = DIRECTION('',(0.,1.,-2.22044604925E-16));
#1619 = ORIENTED_EDGE('',*,*,#254,.F.);
#1620 = PLANE('',#1621);
#1621 = AXIS2_PLACEMENT_3D('',#1622,#1623,#1624);
#1622 = CARTESIAN_POINT('',(-0.8,-2.35,0.2));
#1623 = DIRECTION('',(-1.,0.,0.));
#1624 = DIRECTION('',(0.,-2.22044604925E-16,-1.));
#1625 = ADVANCED_FACE('',(#1626),#1669,.F.);
#1626 = FACE_BOUND('',#1627,.F.);
#1627 = EDGE_LOOP('',(#1628,#1636,#1637,#1638,#1647,#1655,#1662,#1663));
#1628 = ORIENTED_EDGE('',*,*,#1629,.T.);
#1629 = EDGE_CURVE('',#1630,#1576,#1632,.T.);
#1630 = VERTEX_POINT('',#1631);
#1631 = CARTESIAN_POINT('',(4.835089069161,-2.25,-1.52655665886E-16));
#1632 = LINE('',#1633,#1634);
#1633 = CARTESIAN_POINT('',(4.4,-2.25,-2.22044604925E-17));
#1634 = VECTOR('',#1635,1.);
#1635 = DIRECTION('',(1.,0.,0.));
#1636 = ORIENTED_EDGE('',*,*,#1583,.F.);
#1637 = ORIENTED_EDGE('',*,*,#422,.T.);
#1638 = ORIENTED_EDGE('',*,*,#1639,.T.);
#1639 = EDGE_CURVE('',#415,#1640,#1642,.T.);
#1640 = VERTEX_POINT('',#1641);
#1641 = CARTESIAN_POINT('',(6.,-2.15,0.));
#1642 = CIRCLE('',#1643,0.2);
#1643 = AXIS2_PLACEMENT_3D('',#1644,#1645,#1646);
#1644 = CARTESIAN_POINT('',(5.8,-2.15,0.));
#1645 = DIRECTION('',(0.,0.,1.));
#1646 = DIRECTION('',(1.,0.,0.));
#1647 = ORIENTED_EDGE('',*,*,#1648,.T.);
#1648 = EDGE_CURVE('',#1640,#1649,#1651,.T.);
#1649 = VERTEX_POINT('',#1650);
#1650 = CARTESIAN_POINT('',(6.,2.15,0.));
#1651 = LINE('',#1652,#1653);
#1652 = CARTESIAN_POINT('',(6.,-2.15,0.));
#1653 = VECTOR('',#1654,1.);
#1654 = DIRECTION('',(0.,1.,0.));
#1655 = ORIENTED_EDGE('',*,*,#1656,.T.);
#1656 = EDGE_CURVE('',#1649,#1035,#1657,.T.);
#1657 = CIRCLE('',#1658,0.2);
#1658 = AXIS2_PLACEMENT_3D('',#1659,#1660,#1661);
#1659 = CARTESIAN_POINT('',(5.8,2.15,0.));
#1660 = DIRECTION('',(0.,0.,1.));
#1661 = DIRECTION('',(1.,0.,0.));
#1662 = ORIENTED_EDGE('',*,*,#1034,.T.);
#1663 = ORIENTED_EDGE('',*,*,#1664,.F.);
#1664 = EDGE_CURVE('',#1630,#1027,#1665,.T.);
#1665 = LINE('',#1666,#1667);
#1666 = CARTESIAN_POINT('',(4.835089069161,-2.25,0.));
#1667 = VECTOR('',#1668,1.);
#1668 = DIRECTION('',(0.,1.,-2.22044604925E-16));
#1669 = PLANE('',#1670);
#1670 = AXIS2_PLACEMENT_3D('',#1671,#1672,#1673);
#1671 = CARTESIAN_POINT('',(-7.576804702347E-16,-1.227887562057E-13,0.)
  );
#1672 = DIRECTION('',(0.,0.,1.));
#1673 = DIRECTION('',(1.,0.,0.));
#1674 = ADVANCED_FACE('',(#1675),#1686,.T.);
#1675 = FACE_BOUND('',#1676,.F.);
#1676 = EDGE_LOOP('',(#1677,#1678,#1679,#1680));
#1677 = ORIENTED_EDGE('',*,*,#262,.F.);
#1678 = ORIENTED_EDGE('',*,*,#1614,.T.);
#1679 = ORIENTED_EDGE('',*,*,#850,.T.);
#1680 = ORIENTED_EDGE('',*,*,#1681,.F.);
#1681 = EDGE_CURVE('',#263,#843,#1682,.T.);
#1682 = LINE('',#1683,#1684);
#1683 = CARTESIAN_POINT('',(-0.835089069161,-2.35,0.));
#1684 = VECTOR('',#1685,1.);
#1685 = DIRECTION('',(0.,1.,-2.22044604925E-16));
#1686 = PLANE('',#1687);
#1687 = AXIS2_PLACEMENT_3D('',#1688,#1689,#1690);
#1688 = CARTESIAN_POINT('',(-0.817544534581,-2.35,9.95E-02));
#1689 = DIRECTION('',(0.984807753012,0.,-0.173648177667));
#1690 = DIRECTION('',(3.797186380058E-17,-1.,2.153491408292E-16));
#1691 = ADVANCED_FACE('',(#1692),#1711,.T.);
#1692 = FACE_BOUND('',#1693,.F.);
#1693 = EDGE_LOOP('',(#1694,#1695,#1704,#1710));
#1694 = ORIENTED_EDGE('',*,*,#414,.T.);
#1695 = ORIENTED_EDGE('',*,*,#1696,.T.);
#1696 = EDGE_CURVE('',#407,#1697,#1699,.T.);
#1697 = VERTEX_POINT('',#1698);
#1698 = CARTESIAN_POINT('',(6.,-2.15,6.));
#1699 = CIRCLE('',#1700,0.2);
#1700 = AXIS2_PLACEMENT_3D('',#1701,#1702,#1703);
#1701 = CARTESIAN_POINT('',(5.8,-2.15,6.));
#1702 = DIRECTION('',(0.,0.,1.));
#1703 = DIRECTION('',(1.,0.,0.));
#1704 = ORIENTED_EDGE('',*,*,#1705,.F.);
#1705 = EDGE_CURVE('',#1640,#1697,#1706,.T.);
#1706 = LINE('',#1707,#1708);
#1707 = CARTESIAN_POINT('',(6.,-2.15,0.));
#1708 = VECTOR('',#1709,1.);
#1709 = DIRECTION('',(0.,0.,1.));
#1710 = ORIENTED_EDGE('',*,*,#1639,.F.);
#1711 = CYLINDRICAL_SURFACE('',#1712,0.2);
#1712 = AXIS2_PLACEMENT_3D('',#1713,#1714,#1715);
#1713 = CARTESIAN_POINT('',(5.8,-2.15,0.));
#1714 = DIRECTION('',(-0.,-0.,-1.));
#1715 = DIRECTION('',(1.,0.,0.));
#1716 = ADVANCED_FACE('',(#1717),#1728,.F.);
#1717 = FACE_BOUND('',#1718,.F.);
#1718 = EDGE_LOOP('',(#1719,#1720,#1726,#1727));
#1719 = ORIENTED_EDGE('',*,*,#842,.T.);
#1720 = ORIENTED_EDGE('',*,*,#1721,.F.);
#1721 = EDGE_CURVE('',#271,#835,#1722,.T.);
#1722 = LINE('',#1723,#1724);
#1723 = CARTESIAN_POINT('',(-1.164910930839,-2.35,0.));
#1724 = VECTOR('',#1725,1.);
#1725 = DIRECTION('',(0.,1.,-2.22044604925E-16));
#1726 = ORIENTED_EDGE('',*,*,#270,.T.);
#1727 = ORIENTED_EDGE('',*,*,#1681,.T.);
#1728 = PLANE('',#1729);
#1729 = AXIS2_PLACEMENT_3D('',#1730,#1731,#1732);
#1730 = CARTESIAN_POINT('',(-7.576804702347E-16,-1.227887562057E-13,0.)
  );
#1731 = DIRECTION('',(0.,0.,1.));
#1732 = DIRECTION('',(1.,0.,0.));
#1733 = ADVANCED_FACE('',(#1734),#1776,.T.);
#1734 = FACE_BOUND('',#1735,.T.);
#1735 = EDGE_LOOP('',(#1736,#1744,#1752,#1760,#1768,#1774,#1775));
#1736 = ORIENTED_EDGE('',*,*,#1737,.T.);
#1737 = EDGE_CURVE('',#1697,#1738,#1740,.T.);
#1738 = VERTEX_POINT('',#1739);
#1739 = CARTESIAN_POINT('',(6.,-1.15,6.));
#1740 = LINE('',#1741,#1742);
#1741 = CARTESIAN_POINT('',(6.,-2.15,6.));
#1742 = VECTOR('',#1743,1.);
#1743 = DIRECTION('',(0.,1.,0.));
#1744 = ORIENTED_EDGE('',*,*,#1745,.F.);
#1745 = EDGE_CURVE('',#1746,#1738,#1748,.T.);
#1746 = VERTEX_POINT('',#1747);
#1747 = CARTESIAN_POINT('',(5.725000000004,-1.15,6.));
#1748 = LINE('',#1749,#1750);
#1749 = CARTESIAN_POINT('',(5.45,-1.15,6.));
#1750 = VECTOR('',#1751,1.);
#1751 = DIRECTION('',(1.,0.,0.));
#1752 = ORIENTED_EDGE('',*,*,#1753,.F.);
#1753 = EDGE_CURVE('',#1754,#1746,#1756,.T.);
#1754 = VERTEX_POINT('',#1755);
#1755 = CARTESIAN_POINT('',(5.725000000004,-2.075,6.));
#1756 = LINE('',#1757,#1758);
#1757 = CARTESIAN_POINT('',(5.725000000004,-2.075,6.));
#1758 = VECTOR('',#1759,1.);
#1759 = DIRECTION('',(0.,1.,0.));
#1760 = ORIENTED_EDGE('',*,*,#1761,.F.);
#1761 = EDGE_CURVE('',#1762,#1754,#1764,.T.);
#1762 = VERTEX_POINT('',#1763);
#1763 = CARTESIAN_POINT('',(3.050000000002,-2.075,6.));
#1764 = LINE('',#1765,#1766);
#1765 = CARTESIAN_POINT('',(-5.725,-2.075,6.));
#1766 = VECTOR('',#1767,1.);
#1767 = DIRECTION('',(1.,0.,0.));
#1768 = ORIENTED_EDGE('',*,*,#1769,.F.);
#1769 = EDGE_CURVE('',#399,#1762,#1770,.T.);
#1770 = LINE('',#1771,#1772);
#1771 = CARTESIAN_POINT('',(3.050000000002,-2.35,6.));
#1772 = VECTOR('',#1773,1.);
#1773 = DIRECTION('',(0.,1.,0.));
#1774 = ORIENTED_EDGE('',*,*,#406,.T.);
#1775 = ORIENTED_EDGE('',*,*,#1696,.T.);
#1776 = PLANE('',#1777);
#1777 = AXIS2_PLACEMENT_3D('',#1778,#1779,#1780);
#1778 = CARTESIAN_POINT('',(-7.576804702347E-16,-1.227887562057E-13,6.)
  );
#1779 = DIRECTION('',(0.,0.,1.));
#1780 = DIRECTION('',(1.,0.,0.));
#1781 = ADVANCED_FACE('',(#1782),#1788,.T.);
#1782 = FACE_BOUND('',#1783,.T.);
#1783 = EDGE_LOOP('',(#1784,#1785,#1786,#1787));
#1784 = ORIENTED_EDGE('',*,*,#278,.F.);
#1785 = ORIENTED_EDGE('',*,*,#502,.T.);
#1786 = ORIENTED_EDGE('',*,*,#834,.T.);
#1787 = ORIENTED_EDGE('',*,*,#1721,.F.);
#1788 = PLANE('',#1789);
#1789 = AXIS2_PLACEMENT_3D('',#1790,#1791,#1792);
#1790 = CARTESIAN_POINT('',(-1.18245546542,-2.35,9.95E-02));
#1791 = DIRECTION('',(-0.984807753012,4.337694007704E-19,-0.173648177667
    ));
#1792 = DIRECTION('',(3.839904326947E-17,1.,-2.152738175632E-16));
#1793 = ADVANCED_FACE('',(#1794),#1828,.F.);
#1794 = FACE_BOUND('',#1795,.F.);
#1795 = EDGE_LOOP('',(#1796,#1797,#1798,#1806,#1814,#1822));
#1796 = ORIENTED_EDGE('',*,*,#1769,.F.);
#1797 = ORIENTED_EDGE('',*,*,#398,.T.);
#1798 = ORIENTED_EDGE('',*,*,#1799,.T.);
#1799 = EDGE_CURVE('',#391,#1800,#1802,.T.);
#1800 = VERTEX_POINT('',#1801);
#1801 = CARTESIAN_POINT('',(3.050000000002,-1.8,1.8));
#1802 = LINE('',#1803,#1804);
#1803 = CARTESIAN_POINT('',(3.050000000002,-2.35,1.8));
#1804 = VECTOR('',#1805,1.);
#1805 = DIRECTION('',(0.,1.,0.));
#1806 = ORIENTED_EDGE('',*,*,#1807,.F.);
#1807 = EDGE_CURVE('',#1808,#1800,#1810,.T.);
#1808 = VERTEX_POINT('',#1809);
#1809 = CARTESIAN_POINT('',(3.050000000002,-1.8,5.999));
#1810 = LINE('',#1811,#1812);
#1811 = CARTESIAN_POINT('',(3.050000000002,-1.8,6.));
#1812 = VECTOR('',#1813,1.);
#1813 = DIRECTION('',(-0.,-0.,-1.));
#1814 = ORIENTED_EDGE('',*,*,#1815,.F.);
#1815 = EDGE_CURVE('',#1816,#1808,#1818,.T.);
#1816 = VERTEX_POINT('',#1817);
#1817 = CARTESIAN_POINT('',(3.050000000002,-2.075,5.999));
#1818 = LINE('',#1819,#1820);
#1819 = CARTESIAN_POINT('',(3.050000000002,-1.175,5.999));
#1820 = VECTOR('',#1821,1.);
#1821 = DIRECTION('',(0.,1.,0.));
#1822 = ORIENTED_EDGE('',*,*,#1823,.T.);
#1823 = EDGE_CURVE('',#1816,#1762,#1824,.T.);
#1824 = LINE('',#1825,#1826);
#1825 = CARTESIAN_POINT('',(3.050000000002,-2.075,6.));
#1826 = VECTOR('',#1827,1.);
#1827 = DIRECTION('',(0.,0.,1.));
#1828 = PLANE('',#1829);
#1829 = AXIS2_PLACEMENT_3D('',#1830,#1831,#1832);
#1830 = CARTESIAN_POINT('',(3.050000000002,-2.35,6.));
#1831 = DIRECTION('',(1.,0.,0.));
#1832 = DIRECTION('',(0.,1.,0.));
#1833 = ADVANCED_FACE('',(#1834),#2017,.T.);
#1834 = FACE_BOUND('',#1835,.T.);
#1835 = EDGE_LOOP('',(#1836,#1844,#1845,#1846,#1852,#1853,#1859,#1860,
    #1868,#1874,#1875,#1883,#1891,#1897,#1898,#1906,#1914,#1920,#1921,
    #1929,#1937,#1943,#1944,#1945,#1946,#1947,#1948,#1956,#1964,#1970,
    #1971,#1979,#1987,#1995,#2003,#2011));
#1836 = ORIENTED_EDGE('',*,*,#1837,.T.);
#1837 = EDGE_CURVE('',#1838,#383,#1840,.T.);
#1838 = VERTEX_POINT('',#1839);
#1839 = CARTESIAN_POINT('',(-3.049999999998,-1.8,1.8));
#1840 = LINE('',#1841,#1842);
#1841 = CARTESIAN_POINT('',(-3.049999999998,-1.8,1.8));
#1842 = VECTOR('',#1843,1.);
#1843 = DIRECTION('',(0.,-1.,0.));
#1844 = ORIENTED_EDGE('',*,*,#390,.T.);
#1845 = ORIENTED_EDGE('',*,*,#1799,.T.);
#1846 = ORIENTED_EDGE('',*,*,#1847,.T.);
#1847 = EDGE_CURVE('',#1800,#1445,#1848,.T.);
#1848 = LINE('',#1849,#1850);
#1849 = CARTESIAN_POINT('',(-5.45,-1.8,1.8));
#1850 = VECTOR('',#1851,1.);
#1851 = DIRECTION('',(1.,0.,0.));
#1852 = ORIENTED_EDGE('',*,*,#1444,.F.);
#1853 = ORIENTED_EDGE('',*,*,#1854,.T.);
#1854 = EDGE_CURVE('',#1437,#1566,#1855,.T.);
#1855 = LINE('',#1856,#1857);
#1856 = CARTESIAN_POINT('',(4.4,-2.25,1.8));
#1857 = VECTOR('',#1858,1.);
#1858 = DIRECTION('',(1.,0.,0.));
#1859 = ORIENTED_EDGE('',*,*,#1565,.T.);
#1860 = ORIENTED_EDGE('',*,*,#1861,.T.);
#1861 = EDGE_CURVE('',#1568,#1862,#1864,.T.);
#1862 = VERTEX_POINT('',#1863);
#1863 = CARTESIAN_POINT('',(5.45,-1.8,1.8));
#1864 = LINE('',#1865,#1866);
#1865 = CARTESIAN_POINT('',(-5.45,-1.8,1.8));
#1866 = VECTOR('',#1867,1.);
#1867 = DIRECTION('',(1.,0.,0.));
#1868 = ORIENTED_EDGE('',*,*,#1869,.T.);
#1869 = EDGE_CURVE('',#1862,#632,#1870,.T.);
#1870 = LINE('',#1871,#1872);
#1871 = CARTESIAN_POINT('',(5.45,-1.8,1.8));
#1872 = VECTOR('',#1873,1.);
#1873 = DIRECTION('',(0.,1.,0.));
#1874 = ORIENTED_EDGE('',*,*,#631,.F.);
#1875 = ORIENTED_EDGE('',*,*,#1876,.F.);
#1876 = EDGE_CURVE('',#1877,#624,#1879,.T.);
#1877 = VERTEX_POINT('',#1878);
#1878 = CARTESIAN_POINT('',(4.25,-0.85,1.8));
#1879 = LINE('',#1880,#1881);
#1880 = CARTESIAN_POINT('',(4.25,-0.85,1.8));
#1881 = VECTOR('',#1882,1.);
#1882 = DIRECTION('',(0.,1.,0.));
#1883 = ORIENTED_EDGE('',*,*,#1884,.F.);
#1884 = EDGE_CURVE('',#1885,#1877,#1887,.T.);
#1885 = VERTEX_POINT('',#1886);
#1886 = CARTESIAN_POINT('',(3.75,-0.85,1.8));
#1887 = LINE('',#1888,#1889);
#1888 = CARTESIAN_POINT('',(3.75,-0.85,1.8));
#1889 = VECTOR('',#1890,1.);
#1890 = DIRECTION('',(1.,0.,0.));
#1891 = ORIENTED_EDGE('',*,*,#1892,.F.);
#1892 = EDGE_CURVE('',#600,#1885,#1893,.T.);
#1893 = LINE('',#1894,#1895);
#1894 = CARTESIAN_POINT('',(3.75,-0.35,1.8));
#1895 = VECTOR('',#1896,1.);
#1896 = DIRECTION('',(0.,-1.,0.));
#1897 = ORIENTED_EDGE('',*,*,#599,.F.);
#1898 = ORIENTED_EDGE('',*,*,#1899,.F.);
#1899 = EDGE_CURVE('',#1900,#592,#1902,.T.);
#1900 = VERTEX_POINT('',#1901);
#1901 = CARTESIAN_POINT('',(2.25,-0.85,1.8));
#1902 = LINE('',#1903,#1904);
#1903 = CARTESIAN_POINT('',(2.25,-0.85,1.8));
#1904 = VECTOR('',#1905,1.);
#1905 = DIRECTION('',(0.,1.,0.));
#1906 = ORIENTED_EDGE('',*,*,#1907,.F.);
#1907 = EDGE_CURVE('',#1908,#1900,#1910,.T.);
#1908 = VERTEX_POINT('',#1909);
#1909 = CARTESIAN_POINT('',(1.75,-0.85,1.8));
#1910 = LINE('',#1911,#1912);
#1911 = CARTESIAN_POINT('',(1.75,-0.85,1.8));
#1912 = VECTOR('',#1913,1.);
#1913 = DIRECTION('',(1.,0.,0.));
#1914 = ORIENTED_EDGE('',*,*,#1915,.F.);
#1915 = EDGE_CURVE('',#568,#1908,#1916,.T.);
#1916 = LINE('',#1917,#1918);
#1917 = CARTESIAN_POINT('',(1.75,-0.35,1.8));
#1918 = VECTOR('',#1919,1.);
#1919 = DIRECTION('',(0.,-1.,0.));
#1920 = ORIENTED_EDGE('',*,*,#567,.F.);
#1921 = ORIENTED_EDGE('',*,*,#1922,.F.);
#1922 = EDGE_CURVE('',#1923,#560,#1925,.T.);
#1923 = VERTEX_POINT('',#1924);
#1924 = CARTESIAN_POINT('',(0.25,-0.85,1.8));
#1925 = LINE('',#1926,#1927);
#1926 = CARTESIAN_POINT('',(0.25,-0.85,1.8));
#1927 = VECTOR('',#1928,1.);
#1928 = DIRECTION('',(0.,1.,0.));
#1929 = ORIENTED_EDGE('',*,*,#1930,.F.);
#1930 = EDGE_CURVE('',#1931,#1923,#1933,.T.);
#1931 = VERTEX_POINT('',#1932);
#1932 = CARTESIAN_POINT('',(-0.25,-0.85,1.8));
#1933 = LINE('',#1934,#1935);
#1934 = CARTESIAN_POINT('',(-0.25,-0.85,1.8));
#1935 = VECTOR('',#1936,1.);
#1936 = DIRECTION('',(1.,0.,0.));
#1937 = ORIENTED_EDGE('',*,*,#1938,.F.);
#1938 = EDGE_CURVE('',#536,#1931,#1939,.T.);
#1939 = LINE('',#1940,#1941);
#1940 = CARTESIAN_POINT('',(-0.25,-0.35,1.8));
#1941 = VECTOR('',#1942,1.);
#1942 = DIRECTION('',(0.,-1.,0.));
#1943 = ORIENTED_EDGE('',*,*,#533,.F.);
#1944 = ORIENTED_EDGE('',*,*,#772,.F.);
#1945 = ORIENTED_EDGE('',*,*,#748,.F.);
#1946 = ORIENTED_EDGE('',*,*,#724,.F.);
#1947 = ORIENTED_EDGE('',*,*,#695,.F.);
#1948 = ORIENTED_EDGE('',*,*,#1949,.F.);
#1949 = EDGE_CURVE('',#1950,#688,#1952,.T.);
#1950 = VERTEX_POINT('',#1951);
#1951 = CARTESIAN_POINT('',(-3.75,-0.85,1.8));
#1952 = LINE('',#1953,#1954);
#1953 = CARTESIAN_POINT('',(-3.75,-0.85,1.8));
#1954 = VECTOR('',#1955,1.);
#1955 = DIRECTION('',(0.,1.,0.));
#1956 = ORIENTED_EDGE('',*,*,#1957,.F.);
#1957 = EDGE_CURVE('',#1958,#1950,#1960,.T.);
#1958 = VERTEX_POINT('',#1959);
#1959 = CARTESIAN_POINT('',(-4.25,-0.85,1.8));
#1960 = LINE('',#1961,#1962);
#1961 = CARTESIAN_POINT('',(-4.25,-0.85,1.8));
#1962 = VECTOR('',#1963,1.);
#1963 = DIRECTION('',(1.,0.,0.));
#1964 = ORIENTED_EDGE('',*,*,#1965,.F.);
#1965 = EDGE_CURVE('',#664,#1958,#1966,.T.);
#1966 = LINE('',#1967,#1968);
#1967 = CARTESIAN_POINT('',(-4.25,-0.35,1.8));
#1968 = VECTOR('',#1969,1.);
#1969 = DIRECTION('',(0.,-1.,0.));
#1970 = ORIENTED_EDGE('',*,*,#663,.F.);
#1971 = ORIENTED_EDGE('',*,*,#1972,.T.);
#1972 = EDGE_CURVE('',#656,#1973,#1975,.T.);
#1973 = VERTEX_POINT('',#1974);
#1974 = CARTESIAN_POINT('',(-5.45,-1.8,1.8));
#1975 = LINE('',#1976,#1977);
#1976 = CARTESIAN_POINT('',(-5.45,1.8,1.8));
#1977 = VECTOR('',#1978,1.);
#1978 = DIRECTION('',(0.,-1.,0.));
#1979 = ORIENTED_EDGE('',*,*,#1980,.T.);
#1980 = EDGE_CURVE('',#1973,#1981,#1983,.T.);
#1981 = VERTEX_POINT('',#1982);
#1982 = CARTESIAN_POINT('',(-5.4,-1.8,1.8));
#1983 = LINE('',#1984,#1985);
#1984 = CARTESIAN_POINT('',(-5.45,-1.8,1.8));
#1985 = VECTOR('',#1986,1.);
#1986 = DIRECTION('',(1.,0.,0.));
#1987 = ORIENTED_EDGE('',*,*,#1988,.F.);
#1988 = EDGE_CURVE('',#1989,#1981,#1991,.T.);
#1989 = VERTEX_POINT('',#1990);
#1990 = CARTESIAN_POINT('',(-5.4,-2.25,1.8));
#1991 = LINE('',#1992,#1993);
#1992 = CARTESIAN_POINT('',(-5.4,-2.35,1.8));
#1993 = VECTOR('',#1994,1.);
#1994 = DIRECTION('',(0.,1.,-2.22044604925E-16));
#1995 = ORIENTED_EDGE('',*,*,#1996,.T.);
#1996 = EDGE_CURVE('',#1989,#1997,#1999,.T.);
#1997 = VERTEX_POINT('',#1998);
#1998 = CARTESIAN_POINT('',(-4.4,-2.25,1.8));
#1999 = LINE('',#2000,#2001);
#2000 = CARTESIAN_POINT('',(-5.4,-2.25,1.8));
#2001 = VECTOR('',#2002,1.);
#2002 = DIRECTION('',(1.,0.,0.));
#2003 = ORIENTED_EDGE('',*,*,#2004,.T.);
#2004 = EDGE_CURVE('',#1997,#2005,#2007,.T.);
#2005 = VERTEX_POINT('',#2006);
#2006 = CARTESIAN_POINT('',(-4.4,-1.8,1.8));
#2007 = LINE('',#2008,#2009);
#2008 = CARTESIAN_POINT('',(-4.4,-2.35,1.8));
#2009 = VECTOR('',#2010,1.);
#2010 = DIRECTION('',(0.,1.,-2.22044604925E-16));
#2011 = ORIENTED_EDGE('',*,*,#2012,.T.);
#2012 = EDGE_CURVE('',#2005,#1838,#2013,.T.);
#2013 = LINE('',#2014,#2015);
#2014 = CARTESIAN_POINT('',(-5.45,-1.8,1.8));
#2015 = VECTOR('',#2016,1.);
#2016 = DIRECTION('',(1.,0.,0.));
#2017 = PLANE('',#2018);
#2018 = AXIS2_PLACEMENT_3D('',#2019,#2020,#2021);
#2019 = CARTESIAN_POINT('',(9.039234007766E-14,-1.275909090909,1.8));
#2020 = DIRECTION('',(0.,0.,1.));
#2021 = DIRECTION('',(1.,0.,0.));
#2022 = ADVANCED_FACE('',(#2023),#2057,.F.);
#2023 = FACE_BOUND('',#2024,.F.);
#2024 = EDGE_LOOP('',(#2025,#2035,#2041,#2042,#2043,#2051));
#2025 = ORIENTED_EDGE('',*,*,#2026,.F.);
#2026 = EDGE_CURVE('',#2027,#2029,#2031,.T.);
#2027 = VERTEX_POINT('',#2028);
#2028 = CARTESIAN_POINT('',(-3.049999999998,-1.8,5.999));
#2029 = VERTEX_POINT('',#2030);
#2030 = CARTESIAN_POINT('',(-3.049999999998,-2.075,5.999));
#2031 = LINE('',#2032,#2033);
#2032 = CARTESIAN_POINT('',(-3.049999999998,-0.9,5.999));
#2033 = VECTOR('',#2034,1.);
#2034 = DIRECTION('',(0.,-1.,0.));
#2035 = ORIENTED_EDGE('',*,*,#2036,.T.);
#2036 = EDGE_CURVE('',#2027,#1838,#2037,.T.);
#2037 = LINE('',#2038,#2039);
#2038 = CARTESIAN_POINT('',(-3.049999999998,-1.8,6.));
#2039 = VECTOR('',#2040,1.);
#2040 = DIRECTION('',(-0.,-0.,-1.));
#2041 = ORIENTED_EDGE('',*,*,#1837,.T.);
#2042 = ORIENTED_EDGE('',*,*,#382,.F.);
#2043 = ORIENTED_EDGE('',*,*,#2044,.F.);
#2044 = EDGE_CURVE('',#2045,#375,#2047,.T.);
#2045 = VERTEX_POINT('',#2046);
#2046 = CARTESIAN_POINT('',(-3.049999999998,-2.075,6.));
#2047 = LINE('',#2048,#2049);
#2048 = CARTESIAN_POINT('',(-3.049999999998,-1.8,6.));
#2049 = VECTOR('',#2050,1.);
#2050 = DIRECTION('',(0.,-1.,0.));
#2051 = ORIENTED_EDGE('',*,*,#2052,.T.);
#2052 = EDGE_CURVE('',#2045,#2029,#2053,.T.);
#2053 = LINE('',#2054,#2055);
#2054 = CARTESIAN_POINT('',(-3.049999999998,-2.075,6.));
#2055 = VECTOR('',#2056,1.);
#2056 = DIRECTION('',(-0.,-0.,-1.));
#2057 = PLANE('',#2058);
#2058 = AXIS2_PLACEMENT_3D('',#2059,#2060,#2061);
#2059 = CARTESIAN_POINT('',(-3.049999999998,-1.8,6.));
#2060 = DIRECTION('',(-1.,0.,0.));
#2061 = DIRECTION('',(0.,-1.,0.));
#2062 = ADVANCED_FACE('',(#2063),#2106,.T.);
#2063 = FACE_BOUND('',#2064,.T.);
#2064 = EDGE_LOOP('',(#2065,#2075,#2083,#2090,#2091,#2092,#2100));
#2065 = ORIENTED_EDGE('',*,*,#2066,.F.);
#2066 = EDGE_CURVE('',#2067,#2069,#2071,.T.);
#2067 = VERTEX_POINT('',#2068);
#2068 = CARTESIAN_POINT('',(-6.,-1.15,6.));
#2069 = VERTEX_POINT('',#2070);
#2070 = CARTESIAN_POINT('',(-5.725,-1.15,6.));
#2071 = LINE('',#2072,#2073);
#2072 = CARTESIAN_POINT('',(-6.,-1.15,6.));
#2073 = VECTOR('',#2074,1.);
#2074 = DIRECTION('',(1.,0.,0.));
#2075 = ORIENTED_EDGE('',*,*,#2076,.T.);
#2076 = EDGE_CURVE('',#2067,#2077,#2079,.T.);
#2077 = VERTEX_POINT('',#2078);
#2078 = CARTESIAN_POINT('',(-6.,-2.15,6.));
#2079 = LINE('',#2080,#2081);
#2080 = CARTESIAN_POINT('',(-6.,2.15,6.));
#2081 = VECTOR('',#2082,1.);
#2082 = DIRECTION('',(0.,-1.,0.));
#2083 = ORIENTED_EDGE('',*,*,#2084,.T.);
#2084 = EDGE_CURVE('',#2077,#367,#2085,.T.);
#2085 = CIRCLE('',#2086,0.2);
#2086 = AXIS2_PLACEMENT_3D('',#2087,#2088,#2089);
#2087 = CARTESIAN_POINT('',(-5.8,-2.15,6.));
#2088 = DIRECTION('',(0.,0.,1.));
#2089 = DIRECTION('',(1.,0.,0.));
#2090 = ORIENTED_EDGE('',*,*,#374,.T.);
#2091 = ORIENTED_EDGE('',*,*,#2044,.F.);
#2092 = ORIENTED_EDGE('',*,*,#2093,.F.);
#2093 = EDGE_CURVE('',#2094,#2045,#2096,.T.);
#2094 = VERTEX_POINT('',#2095);
#2095 = CARTESIAN_POINT('',(-5.725,-2.075,6.));
#2096 = LINE('',#2097,#2098);
#2097 = CARTESIAN_POINT('',(-5.725,-2.075,6.));
#2098 = VECTOR('',#2099,1.);
#2099 = DIRECTION('',(1.,0.,0.));
#2100 = ORIENTED_EDGE('',*,*,#2101,.F.);
#2101 = EDGE_CURVE('',#2069,#2094,#2102,.T.);
#2102 = LINE('',#2103,#2104);
#2103 = CARTESIAN_POINT('',(-5.725,2.075,6.));
#2104 = VECTOR('',#2105,1.);
#2105 = DIRECTION('',(0.,-1.,0.));
#2106 = PLANE('',#2107);
#2107 = AXIS2_PLACEMENT_3D('',#2108,#2109,#2110);
#2108 = CARTESIAN_POINT('',(-7.576804702347E-16,-1.227887562057E-13,6.)
  );
#2109 = DIRECTION('',(0.,0.,1.));
#2110 = DIRECTION('',(1.,0.,0.));
#2111 = ADVANCED_FACE('',(#2112),#2131,.T.);
#2112 = FACE_BOUND('',#2113,.F.);
#2113 = EDGE_LOOP('',(#2114,#2122,#2123,#2124));
#2114 = ORIENTED_EDGE('',*,*,#2115,.T.);
#2115 = EDGE_CURVE('',#2116,#2077,#2118,.T.);
#2116 = VERTEX_POINT('',#2117);
#2117 = CARTESIAN_POINT('',(-6.,-2.15,0.));
#2118 = LINE('',#2119,#2120);
#2119 = CARTESIAN_POINT('',(-6.,-2.15,0.));
#2120 = VECTOR('',#2121,1.);
#2121 = DIRECTION('',(0.,0.,1.));
#2122 = ORIENTED_EDGE('',*,*,#2084,.T.);
#2123 = ORIENTED_EDGE('',*,*,#366,.F.);
#2124 = ORIENTED_EDGE('',*,*,#2125,.F.);
#2125 = EDGE_CURVE('',#2116,#359,#2126,.T.);
#2126 = CIRCLE('',#2127,0.2);
#2127 = AXIS2_PLACEMENT_3D('',#2128,#2129,#2130);
#2128 = CARTESIAN_POINT('',(-5.8,-2.15,0.));
#2129 = DIRECTION('',(0.,0.,1.));
#2130 = DIRECTION('',(1.,0.,0.));
#2131 = CYLINDRICAL_SURFACE('',#2132,0.2);
#2132 = AXIS2_PLACEMENT_3D('',#2133,#2134,#2135);
#2133 = CARTESIAN_POINT('',(-5.8,-2.15,0.));
#2134 = DIRECTION('',(-0.,-0.,-1.));
#2135 = DIRECTION('',(1.,0.,0.));
#2136 = ADVANCED_FACE('',(#2137),#2148,.F.);
#2137 = FACE_BOUND('',#2138,.F.);
#2138 = EDGE_LOOP('',(#2139,#2140,#2146,#2147));
#2139 = ORIENTED_EDGE('',*,*,#815,.T.);
#2140 = ORIENTED_EDGE('',*,*,#2141,.F.);
#2141 = EDGE_CURVE('',#303,#808,#2142,.T.);
#2142 = LINE('',#2143,#2144);
#2143 = CARTESIAN_POINT('',(-3.164910930839,-2.35,0.));
#2144 = VECTOR('',#2145,1.);
#2145 = DIRECTION('',(0.,1.,-2.22044604925E-16));
#2146 = ORIENTED_EDGE('',*,*,#302,.T.);
#2147 = ORIENTED_EDGE('',*,*,#1115,.T.);
#2148 = PLANE('',#2149);
#2149 = AXIS2_PLACEMENT_3D('',#2150,#2151,#2152);
#2150 = CARTESIAN_POINT('',(-7.576804702347E-16,-1.227887562057E-13,0.)
  );
#2151 = DIRECTION('',(0.,0.,1.));
#2152 = DIRECTION('',(1.,0.,0.));
#2153 = ADVANCED_FACE('',(#2154),#2196,.F.);
#2154 = FACE_BOUND('',#2155,.F.);
#2155 = EDGE_LOOP('',(#2156,#2157,#2166,#2172,#2173,#2174,#2182,#2190));
#2156 = ORIENTED_EDGE('',*,*,#1066,.T.);
#2157 = ORIENTED_EDGE('',*,*,#2158,.T.);
#2158 = EDGE_CURVE('',#1059,#2159,#2161,.T.);
#2159 = VERTEX_POINT('',#2160);
#2160 = CARTESIAN_POINT('',(-6.,2.15,0.));
#2161 = CIRCLE('',#2162,0.2);
#2162 = AXIS2_PLACEMENT_3D('',#2163,#2164,#2165);
#2163 = CARTESIAN_POINT('',(-5.8,2.15,0.));
#2164 = DIRECTION('',(0.,0.,1.));
#2165 = DIRECTION('',(1.,0.,0.));
#2166 = ORIENTED_EDGE('',*,*,#2167,.T.);
#2167 = EDGE_CURVE('',#2159,#2116,#2168,.T.);
#2168 = LINE('',#2169,#2170);
#2169 = CARTESIAN_POINT('',(-6.,2.15,0.));
#2170 = VECTOR('',#2171,1.);
#2171 = DIRECTION('',(0.,-1.,0.));
#2172 = ORIENTED_EDGE('',*,*,#2125,.T.);
#2173 = ORIENTED_EDGE('',*,*,#358,.T.);
#2174 = ORIENTED_EDGE('',*,*,#2175,.T.);
#2175 = EDGE_CURVE('',#351,#2176,#2178,.T.);
#2176 = VERTEX_POINT('',#2177);
#2177 = CARTESIAN_POINT('',(-5.4,-2.25,-2.22044604925E-17));
#2178 = LINE('',#2179,#2180);
#2179 = CARTESIAN_POINT('',(-5.4,-2.35,0.));
#2180 = VECTOR('',#2181,1.);
#2181 = DIRECTION('',(0.,1.,-2.22044604925E-16));
#2182 = ORIENTED_EDGE('',*,*,#2183,.T.);
#2183 = EDGE_CURVE('',#2176,#2184,#2186,.T.);
#2184 = VERTEX_POINT('',#2185);
#2185 = CARTESIAN_POINT('',(-4.835089069161,-2.25,-1.52655665886E-16));
#2186 = LINE('',#2187,#2188);
#2187 = CARTESIAN_POINT('',(-5.4,-2.25,-2.22044604925E-17));
#2188 = VECTOR('',#2189,1.);
#2189 = DIRECTION('',(1.,0.,0.));
#2190 = ORIENTED_EDGE('',*,*,#2191,.T.);
#2191 = EDGE_CURVE('',#2184,#1067,#2192,.T.);
#2192 = LINE('',#2193,#2194);
#2193 = CARTESIAN_POINT('',(-4.835089069161,-2.25,0.));
#2194 = VECTOR('',#2195,1.);
#2195 = DIRECTION('',(0.,1.,-2.22044604925E-16));
#2196 = PLANE('',#2197);
#2197 = AXIS2_PLACEMENT_3D('',#2198,#2199,#2200);
#2198 = CARTESIAN_POINT('',(-7.576804702347E-16,-1.227887562057E-13,0.)
  );
#2199 = DIRECTION('',(0.,0.,1.));
#2200 = DIRECTION('',(1.,0.,0.));
#2201 = ADVANCED_FACE('',(#2202),#2213,.T.);
#2202 = FACE_BOUND('',#2203,.T.);
#2203 = EDGE_LOOP('',(#2204,#2205,#2211,#2212));
#2204 = ORIENTED_EDGE('',*,*,#310,.F.);
#2205 = ORIENTED_EDGE('',*,*,#2206,.T.);
#2206 = EDGE_CURVE('',#311,#800,#2207,.T.);
#2207 = LINE('',#2208,#2209);
#2208 = CARTESIAN_POINT('',(-3.2,-2.35,0.199));
#2209 = VECTOR('',#2210,1.);
#2210 = DIRECTION('',(0.,1.,-2.22044604925E-16));
#2211 = ORIENTED_EDGE('',*,*,#807,.T.);
#2212 = ORIENTED_EDGE('',*,*,#2141,.F.);
#2213 = PLANE('',#2214);
#2214 = AXIS2_PLACEMENT_3D('',#2215,#2216,#2217);
#2215 = CARTESIAN_POINT('',(-3.18245546542,-2.35,9.95E-02));
#2216 = DIRECTION('',(-0.984807753012,-4.337694007704E-19,
    -0.173648177667));
#2217 = DIRECTION('',(3.754468433168E-17,1.,-2.154244640952E-16));
#2218 = ADVANCED_FACE('',(#2219),#2244,.T.);
#2219 = FACE_BOUND('',#2220,.T.);
#2220 = EDGE_LOOP('',(#2221,#2229,#2230,#2231,#2237,#2238));
#2221 = ORIENTED_EDGE('',*,*,#2222,.F.);
#2222 = EDGE_CURVE('',#343,#2223,#2225,.T.);
#2223 = VERTEX_POINT('',#2224);
#2224 = CARTESIAN_POINT('',(-5.4,-1.8,4.3));
#2225 = LINE('',#2226,#2227);
#2226 = CARTESIAN_POINT('',(-5.4,-2.35,4.3));
#2227 = VECTOR('',#2228,1.);
#2228 = DIRECTION('',(0.,1.,-2.22044604925E-16));
#2229 = ORIENTED_EDGE('',*,*,#350,.T.);
#2230 = ORIENTED_EDGE('',*,*,#2175,.T.);
#2231 = ORIENTED_EDGE('',*,*,#2232,.F.);
#2232 = EDGE_CURVE('',#1989,#2176,#2233,.T.);
#2233 = LINE('',#2234,#2235);
#2234 = CARTESIAN_POINT('',(-5.4,-2.25,1.8));
#2235 = VECTOR('',#2236,1.);
#2236 = DIRECTION('',(0.,-2.22044604925E-16,-1.));
#2237 = ORIENTED_EDGE('',*,*,#1988,.T.);
#2238 = ORIENTED_EDGE('',*,*,#2239,.F.);
#2239 = EDGE_CURVE('',#2223,#1981,#2240,.T.);
#2240 = LINE('',#2241,#2242);
#2241 = CARTESIAN_POINT('',(-5.4,-1.8,4.3));
#2242 = VECTOR('',#2243,1.);
#2243 = DIRECTION('',(0.,-2.22044604925E-16,-1.));
#2244 = PLANE('',#2245);
#2245 = AXIS2_PLACEMENT_3D('',#2246,#2247,#2248);
#2246 = CARTESIAN_POINT('',(-5.4,-2.158505154639,2.233505154639));
#2247 = DIRECTION('',(1.,0.,0.));
#2248 = DIRECTION('',(0.,0.,1.));
#2249 = ADVANCED_FACE('',(#2250),#2270,.F.);
#2250 = FACE_BOUND('',#2251,.F.);
#2251 = EDGE_LOOP('',(#2252,#2260,#2261,#2262,#2263,#2264));
#2252 = ORIENTED_EDGE('',*,*,#2253,.F.);
#2253 = EDGE_CURVE('',#319,#2254,#2256,.T.);
#2254 = VERTEX_POINT('',#2255);
#2255 = CARTESIAN_POINT('',(-3.2,-0.15,0.2));
#2256 = LINE('',#2257,#2258);
#2257 = CARTESIAN_POINT('',(-3.2,-2.35,0.2));
#2258 = VECTOR('',#2259,1.);
#2259 = DIRECTION('',(0.,1.,-2.22044604925E-16));
#2260 = ORIENTED_EDGE('',*,*,#318,.F.);
#2261 = ORIENTED_EDGE('',*,*,#2206,.T.);
#2262 = ORIENTED_EDGE('',*,*,#799,.T.);
#2263 = ORIENTED_EDGE('',*,*,#789,.T.);
#2264 = ORIENTED_EDGE('',*,*,#2265,.T.);
#2265 = EDGE_CURVE('',#792,#2254,#2266,.T.);
#2266 = LINE('',#2267,#2268);
#2267 = CARTESIAN_POINT('',(-3.2,-0.613143525741,0.125897035881));
#2268 = VECTOR('',#2269,1.);
#2269 = DIRECTION('',(0.,-0.987440631917,-0.157990501107));
#2270 = PLANE('',#2271);
#2271 = AXIS2_PLACEMENT_3D('',#2272,#2273,#2274);
#2272 = CARTESIAN_POINT('',(-3.2,-2.35,0.));
#2273 = DIRECTION('',(1.,0.,0.));
#2274 = DIRECTION('',(0.,2.22044604925E-16,1.));
#2275 = ADVANCED_FACE('',(#2276),#2294,.F.);
#2276 = FACE_BOUND('',#2277,.F.);
#2277 = EDGE_LOOP('',(#2278,#2286,#2292,#2293));
#2278 = ORIENTED_EDGE('',*,*,#2279,.T.);
#2279 = EDGE_CURVE('',#335,#2280,#2282,.T.);
#2280 = VERTEX_POINT('',#2281);
#2281 = CARTESIAN_POINT('',(-4.4,-1.8,4.3));
#2282 = LINE('',#2283,#2284);
#2283 = CARTESIAN_POINT('',(-4.4,-2.35,4.3));
#2284 = VECTOR('',#2285,1.);
#2285 = DIRECTION('',(0.,1.,-2.22044604925E-16));
#2286 = ORIENTED_EDGE('',*,*,#2287,.T.);
#2287 = EDGE_CURVE('',#2280,#2223,#2288,.T.);
#2288 = LINE('',#2289,#2290);
#2289 = CARTESIAN_POINT('',(-4.4,-1.8,4.3));
#2290 = VECTOR('',#2291,1.);
#2291 = DIRECTION('',(-1.,0.,0.));
#2292 = ORIENTED_EDGE('',*,*,#2222,.F.);
#2293 = ORIENTED_EDGE('',*,*,#342,.F.);
#2294 = PLANE('',#2295);
#2295 = AXIS2_PLACEMENT_3D('',#2296,#2297,#2298);
#2296 = CARTESIAN_POINT('',(-4.4,-2.35,4.3));
#2297 = DIRECTION('',(0.,2.22044604925E-16,1.));
#2298 = DIRECTION('',(-1.,0.,0.));
#2299 = ADVANCED_FACE('',(#2300,#2334),#2359,.F.);
#2300 = FACE_BOUND('',#2301,.F.);
#2301 = EDGE_LOOP('',(#2302,#2312,#2320,#2326,#2327,#2328));
#2302 = ORIENTED_EDGE('',*,*,#2303,.F.);
#2303 = EDGE_CURVE('',#2304,#2306,#2308,.T.);
#2304 = VERTEX_POINT('',#2305);
#2305 = CARTESIAN_POINT('',(-4.8,-2.25,0.2));
#2306 = VERTEX_POINT('',#2307);
#2307 = CARTESIAN_POINT('',(-4.8,-0.15,0.2));
#2308 = LINE('',#2309,#2310);
#2309 = CARTESIAN_POINT('',(-4.8,-2.35,0.2));
#2310 = VECTOR('',#2311,1.);
#2311 = DIRECTION('',(0.,1.,-2.22044604925E-16));
#2312 = ORIENTED_EDGE('',*,*,#2313,.F.);
#2313 = EDGE_CURVE('',#2314,#2304,#2316,.T.);
#2314 = VERTEX_POINT('',#2315);
#2315 = CARTESIAN_POINT('',(-4.4,-2.25,0.2));
#2316 = LINE('',#2317,#2318);
#2317 = CARTESIAN_POINT('',(-1.6,-2.25,0.2));
#2318 = VECTOR('',#2319,1.);
#2319 = DIRECTION('',(-1.,0.,0.));
#2320 = ORIENTED_EDGE('',*,*,#2321,.F.);
#2321 = EDGE_CURVE('',#327,#2314,#2322,.T.);
#2322 = LINE('',#2323,#2324);
#2323 = CARTESIAN_POINT('',(-4.4,-2.35,0.2));
#2324 = VECTOR('',#2325,1.);
#2325 = DIRECTION('',(0.,1.,-2.22044604925E-16));
#2326 = ORIENTED_EDGE('',*,*,#326,.F.);
#2327 = ORIENTED_EDGE('',*,*,#2253,.T.);
#2328 = ORIENTED_EDGE('',*,*,#2329,.T.);
#2329 = EDGE_CURVE('',#2254,#2306,#2330,.T.);
#2330 = LINE('',#2331,#2332);
#2331 = CARTESIAN_POINT('',(-3.2,-0.15,0.2));
#2332 = VECTOR('',#2333,1.);
#2333 = DIRECTION('',(-1.,0.,0.));
#2334 = FACE_BOUND('',#2335,.F.);
#2335 = EDGE_LOOP('',(#2336,#2337,#2345,#2353));
#2336 = ORIENTED_EDGE('',*,*,#679,.F.);
#2337 = ORIENTED_EDGE('',*,*,#2338,.T.);
#2338 = EDGE_CURVE('',#680,#2339,#2341,.T.);
#2339 = VERTEX_POINT('',#2340);
#2340 = CARTESIAN_POINT('',(-3.75,-0.85,0.2));
#2341 = LINE('',#2342,#2343);
#2342 = CARTESIAN_POINT('',(-3.75,-1.6,0.2));
#2343 = VECTOR('',#2344,1.);
#2344 = DIRECTION('',(0.,-1.,2.22044604925E-16));
#2345 = ORIENTED_EDGE('',*,*,#2346,.T.);
#2346 = EDGE_CURVE('',#2339,#2347,#2349,.T.);
#2347 = VERTEX_POINT('',#2348);
#2348 = CARTESIAN_POINT('',(-4.25,-0.85,0.2));
#2349 = LINE('',#2350,#2351);
#2350 = CARTESIAN_POINT('',(-3.725,-0.85,0.2));
#2351 = VECTOR('',#2352,1.);
#2352 = DIRECTION('',(-1.,0.,0.));
#2353 = ORIENTED_EDGE('',*,*,#2354,.T.);
#2354 = EDGE_CURVE('',#2347,#672,#2355,.T.);
#2355 = LINE('',#2356,#2357);
#2356 = CARTESIAN_POINT('',(-4.25,-1.35,0.2));
#2357 = VECTOR('',#2358,1.);
#2358 = DIRECTION('',(0.,1.,-2.22044604925E-16));
#2359 = PLANE('',#2360);
#2360 = AXIS2_PLACEMENT_3D('',#2361,#2362,#2363);
#2361 = CARTESIAN_POINT('',(-3.2,-2.35,0.2));
#2362 = DIRECTION('',(0.,2.22044604925E-16,1.));
#2363 = DIRECTION('',(-1.,0.,0.));
#2364 = ADVANCED_FACE('',(#2365),#2383,.T.);
#2365 = FACE_BOUND('',#2366,.T.);
#2366 = EDGE_LOOP('',(#2367,#2368,#2374,#2375,#2376,#2377));
#2367 = ORIENTED_EDGE('',*,*,#2004,.F.);
#2368 = ORIENTED_EDGE('',*,*,#2369,.F.);
#2369 = EDGE_CURVE('',#2314,#1997,#2370,.T.);
#2370 = LINE('',#2371,#2372);
#2371 = CARTESIAN_POINT('',(-4.4,-2.25,-2.22044604925E-17));
#2372 = VECTOR('',#2373,1.);
#2373 = DIRECTION('',(0.,2.22044604925E-16,1.));
#2374 = ORIENTED_EDGE('',*,*,#2321,.F.);
#2375 = ORIENTED_EDGE('',*,*,#334,.T.);
#2376 = ORIENTED_EDGE('',*,*,#2279,.T.);
#2377 = ORIENTED_EDGE('',*,*,#2378,.F.);
#2378 = EDGE_CURVE('',#2005,#2280,#2379,.T.);
#2379 = LINE('',#2380,#2381);
#2380 = CARTESIAN_POINT('',(-4.4,-1.8,1.8));
#2381 = VECTOR('',#2382,1.);
#2382 = DIRECTION('',(0.,2.22044604925E-16,1.));
#2383 = PLANE('',#2384);
#2384 = AXIS2_PLACEMENT_3D('',#2385,#2386,#2387);
#2385 = CARTESIAN_POINT('',(-4.4,-2.152419354839,2.327419354839));
#2386 = DIRECTION('',(-1.,-0.,-0.));
#2387 = DIRECTION('',(0.,0.,-1.));
#2388 = ADVANCED_FACE('',(#2389),#2400,.F.);
#2389 = FACE_BOUND('',#2390,.F.);
#2390 = EDGE_LOOP('',(#2391,#2392,#2398,#2399));
#2391 = ORIENTED_EDGE('',*,*,#1949,.F.);
#2392 = ORIENTED_EDGE('',*,*,#2393,.T.);
#2393 = EDGE_CURVE('',#1950,#2339,#2394,.T.);
#2394 = LINE('',#2395,#2396);
#2395 = CARTESIAN_POINT('',(-3.75,-0.85,1.8));
#2396 = VECTOR('',#2397,1.);
#2397 = DIRECTION('',(-0.,-0.,-1.));
#2398 = ORIENTED_EDGE('',*,*,#2338,.F.);
#2399 = ORIENTED_EDGE('',*,*,#687,.F.);
#2400 = PLANE('',#2401);
#2401 = AXIS2_PLACEMENT_3D('',#2402,#2403,#2404);
#2402 = CARTESIAN_POINT('',(-3.75,-0.85,1.8));
#2403 = DIRECTION('',(1.,0.,0.));
#2404 = DIRECTION('',(0.,1.,0.));
#2405 = ADVANCED_FACE('',(#2406),#2417,.F.);
#2406 = FACE_BOUND('',#2407,.F.);
#2407 = EDGE_LOOP('',(#2408,#2409,#2410,#2411));
#2408 = ORIENTED_EDGE('',*,*,#1965,.F.);
#2409 = ORIENTED_EDGE('',*,*,#671,.T.);
#2410 = ORIENTED_EDGE('',*,*,#2354,.F.);
#2411 = ORIENTED_EDGE('',*,*,#2412,.F.);
#2412 = EDGE_CURVE('',#1958,#2347,#2413,.T.);
#2413 = LINE('',#2414,#2415);
#2414 = CARTESIAN_POINT('',(-4.25,-0.85,1.8));
#2415 = VECTOR('',#2416,1.);
#2416 = DIRECTION('',(-0.,-0.,-1.));
#2417 = PLANE('',#2418);
#2418 = AXIS2_PLACEMENT_3D('',#2419,#2420,#2421);
#2419 = CARTESIAN_POINT('',(-4.25,-0.35,1.8));
#2420 = DIRECTION('',(-1.,0.,0.));
#2421 = DIRECTION('',(0.,-1.,0.));
#2422 = ADVANCED_FACE('',(#2423),#2505,.T.);
#2423 = FACE_BOUND('',#2424,.T.);
#2424 = EDGE_LOOP('',(#2425,#2435,#2443,#2451,#2459,#2467,#2475,#2483,
    #2491,#2497,#2498,#2499));
#2425 = ORIENTED_EDGE('',*,*,#2426,.F.);
#2426 = EDGE_CURVE('',#2427,#2429,#2431,.T.);
#2427 = VERTEX_POINT('',#2428);
#2428 = CARTESIAN_POINT('',(-5.45,-5.E-02,1.4));
#2429 = VERTEX_POINT('',#2430);
#2430 = CARTESIAN_POINT('',(-5.45,-5.E-02,1.9));
#2431 = LINE('',#2432,#2433);
#2432 = CARTESIAN_POINT('',(-5.45,-5.E-02,1.8));
#2433 = VECTOR('',#2434,1.);
#2434 = DIRECTION('',(0.,0.,1.));
#2435 = ORIENTED_EDGE('',*,*,#2436,.F.);
#2436 = EDGE_CURVE('',#2437,#2427,#2439,.T.);
#2437 = VERTEX_POINT('',#2438);
#2438 = CARTESIAN_POINT('',(-5.45,1.8,1.4));
#2439 = LINE('',#2440,#2441);
#2440 = CARTESIAN_POINT('',(-5.45,1.8,1.4));
#2441 = VECTOR('',#2442,1.);
#2442 = DIRECTION('',(0.,-1.,0.));
#2443 = ORIENTED_EDGE('',*,*,#2444,.F.);
#2444 = EDGE_CURVE('',#2445,#2437,#2447,.T.);
#2445 = VERTEX_POINT('',#2446);
#2446 = CARTESIAN_POINT('',(-5.45,1.8,5.999));
#2447 = LINE('',#2448,#2449);
#2448 = CARTESIAN_POINT('',(-5.45,1.8,1.8));
#2449 = VECTOR('',#2450,1.);
#2450 = DIRECTION('',(-0.,-0.,-1.));
#2451 = ORIENTED_EDGE('',*,*,#2452,.T.);
#2452 = EDGE_CURVE('',#2445,#2453,#2455,.T.);
#2453 = VERTEX_POINT('',#2454);
#2454 = CARTESIAN_POINT('',(-5.45,-0.15,5.999));
#2455 = LINE('',#2456,#2457);
#2456 = CARTESIAN_POINT('',(-5.45,1.8,5.999));
#2457 = VECTOR('',#2458,1.);
#2458 = DIRECTION('',(0.,-1.,0.));
#2459 = ORIENTED_EDGE('',*,*,#2460,.T.);
#2460 = EDGE_CURVE('',#2453,#2461,#2463,.T.);
#2461 = VERTEX_POINT('',#2462);
#2462 = CARTESIAN_POINT('',(-5.45,-0.15,4.));
#2463 = LINE('',#2464,#2465);
#2464 = CARTESIAN_POINT('',(-5.45,-0.15,6.));
#2465 = VECTOR('',#2466,1.);
#2466 = DIRECTION('',(-0.,-0.,-1.));
#2467 = ORIENTED_EDGE('',*,*,#2468,.F.);
#2468 = EDGE_CURVE('',#2469,#2461,#2471,.T.);
#2469 = VERTEX_POINT('',#2470);
#2470 = CARTESIAN_POINT('',(-5.45,-1.15,4.));
#2471 = LINE('',#2472,#2473);
#2472 = CARTESIAN_POINT('',(-5.45,-1.15,4.));
#2473 = VECTOR('',#2474,1.);
#2474 = DIRECTION('',(0.,1.,0.));
#2475 = ORIENTED_EDGE('',*,*,#2476,.F.);
#2476 = EDGE_CURVE('',#2477,#2469,#2479,.T.);
#2477 = VERTEX_POINT('',#2478);
#2478 = CARTESIAN_POINT('',(-5.45,-1.15,5.999));
#2479 = LINE('',#2480,#2481);
#2480 = CARTESIAN_POINT('',(-5.45,-1.15,6.));
#2481 = VECTOR('',#2482,1.);
#2482 = DIRECTION('',(-0.,-0.,-1.));
#2483 = ORIENTED_EDGE('',*,*,#2484,.T.);
#2484 = EDGE_CURVE('',#2477,#2485,#2487,.T.);
#2485 = VERTEX_POINT('',#2486);
#2486 = CARTESIAN_POINT('',(-5.45,-1.8,5.999));
#2487 = LINE('',#2488,#2489);
#2488 = CARTESIAN_POINT('',(-5.45,1.8,5.999));
#2489 = VECTOR('',#2490,1.);
#2490 = DIRECTION('',(0.,-1.,0.));
#2491 = ORIENTED_EDGE('',*,*,#2492,.F.);
#2492 = EDGE_CURVE('',#1973,#2485,#2493,.T.);
#2493 = LINE('',#2494,#2495);
#2494 = CARTESIAN_POINT('',(-5.45,-1.8,1.8));
#2495 = VECTOR('',#2496,1.);
#2496 = DIRECTION('',(0.,0.,1.));
#2497 = ORIENTED_EDGE('',*,*,#1972,.F.);
#2498 = ORIENTED_EDGE('',*,*,#655,.T.);
#2499 = ORIENTED_EDGE('',*,*,#2500,.F.);
#2500 = EDGE_CURVE('',#2429,#648,#2501,.T.);
#2501 = LINE('',#2502,#2503);
#2502 = CARTESIAN_POINT('',(-5.45,-5.E-02,1.9));
#2503 = VECTOR('',#2504,1.);
#2504 = DIRECTION('',(0.,-1.,0.));
#2505 = PLANE('',#2506);
#2506 = AXIS2_PLACEMENT_3D('',#2507,#2508,#2509);
#2507 = CARTESIAN_POINT('',(-5.45,-9.412992814136E-02,3.872276267236));
#2508 = DIRECTION('',(1.,0.,0.));
#2509 = DIRECTION('',(0.,0.,1.));
#2510 = ADVANCED_FACE('',(#2511),#2529,.T.);
#2511 = FACE_BOUND('',#2512,.T.);
#2512 = EDGE_LOOP('',(#2513,#2521,#2527,#2528));
#2513 = ORIENTED_EDGE('',*,*,#2514,.T.);
#2514 = EDGE_CURVE('',#640,#2515,#2517,.T.);
#2515 = VERTEX_POINT('',#2516);
#2516 = CARTESIAN_POINT('',(5.45,-5.E-02,1.9));
#2517 = LINE('',#2518,#2519);
#2518 = CARTESIAN_POINT('',(5.45,-0.35,1.9));
#2519 = VECTOR('',#2520,1.);
#2520 = DIRECTION('',(0.,1.,0.));
#2521 = ORIENTED_EDGE('',*,*,#2522,.T.);
#2522 = EDGE_CURVE('',#2515,#2429,#2523,.T.);
#2523 = LINE('',#2524,#2525);
#2524 = CARTESIAN_POINT('',(5.45,-5.E-02,1.9));
#2525 = VECTOR('',#2526,1.);
#2526 = DIRECTION('',(-1.,0.,0.));
#2527 = ORIENTED_EDGE('',*,*,#2500,.T.);
#2528 = ORIENTED_EDGE('',*,*,#647,.T.);
#2529 = PLANE('',#2530);
#2530 = AXIS2_PLACEMENT_3D('',#2531,#2532,#2533);
#2531 = CARTESIAN_POINT('',(6.074505977592E-14,-0.2,1.9));
#2532 = DIRECTION('',(0.,0.,1.));
#2533 = DIRECTION('',(1.,0.,0.));
#2534 = ADVANCED_FACE('',(#2535),#2610,.T.);
#2535 = FACE_BOUND('',#2536,.T.);
#2536 = EDGE_LOOP('',(#2537,#2538,#2546,#2554,#2562,#2570,#2578,#2586,
    #2594,#2602,#2608,#2609));
#2537 = ORIENTED_EDGE('',*,*,#1869,.F.);
#2538 = ORIENTED_EDGE('',*,*,#2539,.T.);
#2539 = EDGE_CURVE('',#1862,#2540,#2542,.T.);
#2540 = VERTEX_POINT('',#2541);
#2541 = CARTESIAN_POINT('',(5.45,-1.8,5.999));
#2542 = LINE('',#2543,#2544);
#2543 = CARTESIAN_POINT('',(5.45,-1.8,1.8));
#2544 = VECTOR('',#2545,1.);
#2545 = DIRECTION('',(0.,0.,1.));
#2546 = ORIENTED_EDGE('',*,*,#2547,.T.);
#2547 = EDGE_CURVE('',#2540,#2548,#2550,.T.);
#2548 = VERTEX_POINT('',#2549);
#2549 = CARTESIAN_POINT('',(5.45,-1.15,5.999));
#2550 = LINE('',#2551,#2552);
#2551 = CARTESIAN_POINT('',(5.45,-1.8,5.999));
#2552 = VECTOR('',#2553,1.);
#2553 = DIRECTION('',(0.,1.,0.));
#2554 = ORIENTED_EDGE('',*,*,#2555,.T.);
#2555 = EDGE_CURVE('',#2548,#2556,#2558,.T.);
#2556 = VERTEX_POINT('',#2557);
#2557 = CARTESIAN_POINT('',(5.45,-1.15,4.));
#2558 = LINE('',#2559,#2560);
#2559 = CARTESIAN_POINT('',(5.45,-1.15,6.));
#2560 = VECTOR('',#2561,1.);
#2561 = DIRECTION('',(-0.,-0.,-1.));
#2562 = ORIENTED_EDGE('',*,*,#2563,.F.);
#2563 = EDGE_CURVE('',#2564,#2556,#2566,.T.);
#2564 = VERTEX_POINT('',#2565);
#2565 = CARTESIAN_POINT('',(5.45,-0.15,4.));
#2566 = LINE('',#2567,#2568);
#2567 = CARTESIAN_POINT('',(5.45,-0.15,4.));
#2568 = VECTOR('',#2569,1.);
#2569 = DIRECTION('',(0.,-1.,0.));
#2570 = ORIENTED_EDGE('',*,*,#2571,.F.);
#2571 = EDGE_CURVE('',#2572,#2564,#2574,.T.);
#2572 = VERTEX_POINT('',#2573);
#2573 = CARTESIAN_POINT('',(5.45,-0.15,5.999));
#2574 = LINE('',#2575,#2576);
#2575 = CARTESIAN_POINT('',(5.45,-0.15,6.));
#2576 = VECTOR('',#2577,1.);
#2577 = DIRECTION('',(-0.,-0.,-1.));
#2578 = ORIENTED_EDGE('',*,*,#2579,.T.);
#2579 = EDGE_CURVE('',#2572,#2580,#2582,.T.);
#2580 = VERTEX_POINT('',#2581);
#2581 = CARTESIAN_POINT('',(5.45,1.8,5.999));
#2582 = LINE('',#2583,#2584);
#2583 = CARTESIAN_POINT('',(5.45,-1.8,5.999));
#2584 = VECTOR('',#2585,1.);
#2585 = DIRECTION('',(0.,1.,0.));
#2586 = ORIENTED_EDGE('',*,*,#2587,.F.);
#2587 = EDGE_CURVE('',#2588,#2580,#2590,.T.);
#2588 = VERTEX_POINT('',#2589);
#2589 = CARTESIAN_POINT('',(5.45,1.8,1.4));
#2590 = LINE('',#2591,#2592);
#2591 = CARTESIAN_POINT('',(5.45,1.8,1.8));
#2592 = VECTOR('',#2593,1.);
#2593 = DIRECTION('',(0.,0.,1.));
#2594 = ORIENTED_EDGE('',*,*,#2595,.F.);
#2595 = EDGE_CURVE('',#2596,#2588,#2598,.T.);
#2596 = VERTEX_POINT('',#2597);
#2597 = CARTESIAN_POINT('',(5.45,-5.E-02,1.4));
#2598 = LINE('',#2599,#2600);
#2599 = CARTESIAN_POINT('',(5.45,-5.E-02,1.4));
#2600 = VECTOR('',#2601,1.);
#2601 = DIRECTION('',(0.,1.,0.));
#2602 = ORIENTED_EDGE('',*,*,#2603,.F.);
#2603 = EDGE_CURVE('',#2515,#2596,#2604,.T.);
#2604 = LINE('',#2605,#2606);
#2605 = CARTESIAN_POINT('',(5.45,-5.E-02,1.8));
#2606 = VECTOR('',#2607,1.);
#2607 = DIRECTION('',(-0.,-0.,-1.));
#2608 = ORIENTED_EDGE('',*,*,#2514,.F.);
#2609 = ORIENTED_EDGE('',*,*,#639,.F.);
#2610 = PLANE('',#2611);
#2611 = AXIS2_PLACEMENT_3D('',#2612,#2613,#2614);
#2612 = CARTESIAN_POINT('',(5.45,-9.412992814136E-02,3.872276267236));
#2613 = DIRECTION('',(-1.,6.244906155171E-15,-1.060092985697E-14));
#2614 = DIRECTION('',(1.060092985697E-14,0.,-1.));
#2615 = ADVANCED_FACE('',(#2616),#2627,.F.);
#2616 = FACE_BOUND('',#2617,.F.);
#2617 = EDGE_LOOP('',(#2618,#2619,#2625,#2626));
#2618 = ORIENTED_EDGE('',*,*,#1876,.F.);
#2619 = ORIENTED_EDGE('',*,*,#2620,.T.);
#2620 = EDGE_CURVE('',#1877,#1380,#2621,.T.);
#2621 = LINE('',#2622,#2623);
#2622 = CARTESIAN_POINT('',(4.25,-0.85,1.8));
#2623 = VECTOR('',#2624,1.);
#2624 = DIRECTION('',(-0.,-0.,-1.));
#2625 = ORIENTED_EDGE('',*,*,#1379,.F.);
#2626 = ORIENTED_EDGE('',*,*,#623,.F.);
#2627 = PLANE('',#2628);
#2628 = AXIS2_PLACEMENT_3D('',#2629,#2630,#2631);
#2629 = CARTESIAN_POINT('',(4.25,-0.85,1.8));
#2630 = DIRECTION('',(1.,0.,0.));
#2631 = DIRECTION('',(0.,1.,0.));
#2632 = ADVANCED_FACE('',(#2633),#2644,.F.);
#2633 = FACE_BOUND('',#2634,.F.);
#2634 = EDGE_LOOP('',(#2635,#2636,#2637,#2638));
#2635 = ORIENTED_EDGE('',*,*,#1892,.F.);
#2636 = ORIENTED_EDGE('',*,*,#607,.T.);
#2637 = ORIENTED_EDGE('',*,*,#1395,.F.);
#2638 = ORIENTED_EDGE('',*,*,#2639,.F.);
#2639 = EDGE_CURVE('',#1885,#1388,#2640,.T.);
#2640 = LINE('',#2641,#2642);
#2641 = CARTESIAN_POINT('',(3.75,-0.85,1.8));
#2642 = VECTOR('',#2643,1.);
#2643 = DIRECTION('',(-0.,-0.,-1.));
#2644 = PLANE('',#2645);
#2645 = AXIS2_PLACEMENT_3D('',#2646,#2647,#2648);
#2646 = CARTESIAN_POINT('',(3.75,-0.35,1.8));
#2647 = DIRECTION('',(-1.,0.,0.));
#2648 = DIRECTION('',(0.,-1.,0.));
#2649 = ADVANCED_FACE('',(#2650),#2661,.F.);
#2650 = FACE_BOUND('',#2651,.F.);
#2651 = EDGE_LOOP('',(#2652,#2653,#2659,#2660));
#2652 = ORIENTED_EDGE('',*,*,#1899,.F.);
#2653 = ORIENTED_EDGE('',*,*,#2654,.T.);
#2654 = EDGE_CURVE('',#1900,#1197,#2655,.T.);
#2655 = LINE('',#2656,#2657);
#2656 = CARTESIAN_POINT('',(2.25,-0.85,1.8));
#2657 = VECTOR('',#2658,1.);
#2658 = DIRECTION('',(-0.,-0.,-1.));
#2659 = ORIENTED_EDGE('',*,*,#1196,.F.);
#2660 = ORIENTED_EDGE('',*,*,#591,.F.);
#2661 = PLANE('',#2662);
#2662 = AXIS2_PLACEMENT_3D('',#2663,#2664,#2665);
#2663 = CARTESIAN_POINT('',(2.25,-0.85,1.8));
#2664 = DIRECTION('',(1.,0.,0.));
#2665 = DIRECTION('',(0.,1.,0.));
#2666 = ADVANCED_FACE('',(#2667),#2678,.F.);
#2667 = FACE_BOUND('',#2668,.F.);
#2668 = EDGE_LOOP('',(#2669,#2670,#2671,#2672));
#2669 = ORIENTED_EDGE('',*,*,#1915,.F.);
#2670 = ORIENTED_EDGE('',*,*,#575,.T.);
#2671 = ORIENTED_EDGE('',*,*,#1212,.F.);
#2672 = ORIENTED_EDGE('',*,*,#2673,.F.);
#2673 = EDGE_CURVE('',#1908,#1205,#2674,.T.);
#2674 = LINE('',#2675,#2676);
#2675 = CARTESIAN_POINT('',(1.75,-0.85,1.8));
#2676 = VECTOR('',#2677,1.);
#2677 = DIRECTION('',(-0.,-0.,-1.));
#2678 = PLANE('',#2679);
#2679 = AXIS2_PLACEMENT_3D('',#2680,#2681,#2682);
#2680 = CARTESIAN_POINT('',(1.75,-0.35,1.8));
#2681 = DIRECTION('',(-1.,0.,0.));
#2682 = DIRECTION('',(0.,-1.,0.));
#2683 = ADVANCED_FACE('',(#2684),#2695,.F.);
#2684 = FACE_BOUND('',#2685,.F.);
#2685 = EDGE_LOOP('',(#2686,#2687,#2693,#2694));
#2686 = ORIENTED_EDGE('',*,*,#1922,.F.);
#2687 = ORIENTED_EDGE('',*,*,#2688,.T.);
#2688 = EDGE_CURVE('',#1923,#1536,#2689,.T.);
#2689 = LINE('',#2690,#2691);
#2690 = CARTESIAN_POINT('',(0.25,-0.85,1.8));
#2691 = VECTOR('',#2692,1.);
#2692 = DIRECTION('',(-0.,-0.,-1.));
#2693 = ORIENTED_EDGE('',*,*,#1535,.F.);
#2694 = ORIENTED_EDGE('',*,*,#559,.F.);
#2695 = PLANE('',#2696);
#2696 = AXIS2_PLACEMENT_3D('',#2697,#2698,#2699);
#2697 = CARTESIAN_POINT('',(0.25,-0.85,1.8));
#2698 = DIRECTION('',(1.,0.,0.));
#2699 = DIRECTION('',(0.,1.,0.));
#2700 = ADVANCED_FACE('',(#2701),#2712,.F.);
#2701 = FACE_BOUND('',#2702,.F.);
#2702 = EDGE_LOOP('',(#2703,#2704,#2705,#2706));
#2703 = ORIENTED_EDGE('',*,*,#1938,.F.);
#2704 = ORIENTED_EDGE('',*,*,#543,.T.);
#2705 = ORIENTED_EDGE('',*,*,#1551,.F.);
#2706 = ORIENTED_EDGE('',*,*,#2707,.F.);
#2707 = EDGE_CURVE('',#1931,#1544,#2708,.T.);
#2708 = LINE('',#2709,#2710);
#2709 = CARTESIAN_POINT('',(-0.25,-0.85,1.8));
#2710 = VECTOR('',#2711,1.);
#2711 = DIRECTION('',(-0.,-0.,-1.));
#2712 = PLANE('',#2713);
#2713 = AXIS2_PLACEMENT_3D('',#2714,#2715,#2716);
#2714 = CARTESIAN_POINT('',(-0.25,-0.35,1.8));
#2715 = DIRECTION('',(-1.,0.,0.));
#2716 = DIRECTION('',(0.,-1.,0.));
#2717 = ADVANCED_FACE('',(#2718),#2729,.T.);
#2718 = FACE_BOUND('',#2719,.F.);
#2719 = EDGE_LOOP('',(#2720,#2721,#2722,#2728));
#2720 = ORIENTED_EDGE('',*,*,#2265,.F.);
#2721 = ORIENTED_EDGE('',*,*,#1098,.T.);
#2722 = ORIENTED_EDGE('',*,*,#2723,.T.);
#2723 = EDGE_CURVE('',#1091,#2306,#2724,.T.);
#2724 = LINE('',#2725,#2726);
#2725 = CARTESIAN_POINT('',(-4.8,-0.597542901716,0.128393135725));
#2726 = VECTOR('',#2727,1.);
#2727 = DIRECTION('',(-0.,-0.987440631917,-0.157990501107));
#2728 = ORIENTED_EDGE('',*,*,#2329,.F.);
#2729 = PLANE('',#2730);
#2730 = AXIS2_PLACEMENT_3D('',#2731,#2732,#2733);
#2731 = CARTESIAN_POINT('',(-3.2,1.1,0.4));
#2732 = DIRECTION('',(0.,0.157990501107,-0.987440631917));
#2733 = DIRECTION('',(1.,-0.,-0.));
#2734 = ADVANCED_FACE('',(#2735),#2755,.F.);
#2735 = FACE_BOUND('',#2736,.F.);
#2736 = EDGE_LOOP('',(#2737,#2738,#2739,#2740,#2741,#2749));
#2737 = ORIENTED_EDGE('',*,*,#2303,.T.);
#2738 = ORIENTED_EDGE('',*,*,#2723,.F.);
#2739 = ORIENTED_EDGE('',*,*,#1090,.F.);
#2740 = ORIENTED_EDGE('',*,*,#1082,.T.);
#2741 = ORIENTED_EDGE('',*,*,#2742,.F.);
#2742 = EDGE_CURVE('',#2743,#1075,#2745,.T.);
#2743 = VERTEX_POINT('',#2744);
#2744 = CARTESIAN_POINT('',(-4.8,-2.25,0.199));
#2745 = LINE('',#2746,#2747);
#2746 = CARTESIAN_POINT('',(-4.8,-2.25,0.199));
#2747 = VECTOR('',#2748,1.);
#2748 = DIRECTION('',(0.,1.,-2.22044604925E-16));
#2749 = ORIENTED_EDGE('',*,*,#2750,.F.);
#2750 = EDGE_CURVE('',#2304,#2743,#2751,.T.);
#2751 = LINE('',#2752,#2753);
#2752 = CARTESIAN_POINT('',(-4.8,-2.25,0.55));
#2753 = VECTOR('',#2754,1.);
#2754 = DIRECTION('',(-0.,-2.467162276945E-16,-1.));
#2755 = PLANE('',#2756);
#2756 = AXIS2_PLACEMENT_3D('',#2757,#2758,#2759);
#2757 = CARTESIAN_POINT('',(-4.8,-2.35,0.2));
#2758 = DIRECTION('',(-1.,0.,0.));
#2759 = DIRECTION('',(0.,-2.22044604925E-16,-1.));
#2760 = ADVANCED_FACE('',(#2761),#2772,.T.);
#2761 = FACE_BOUND('',#2762,.F.);
#2762 = EDGE_LOOP('',(#2763,#2769,#2770,#2771));
#2763 = ORIENTED_EDGE('',*,*,#2764,.F.);
#2764 = EDGE_CURVE('',#2743,#2184,#2765,.T.);
#2765 = LINE('',#2766,#2767);
#2766 = CARTESIAN_POINT('',(-4.676464382116,-2.25,0.899605303784));
#2767 = VECTOR('',#2768,1.);
#2768 = DIRECTION('',(-0.173648177667,-2.429680538274E-16,
    -0.984807753012));
#2769 = ORIENTED_EDGE('',*,*,#2742,.T.);
#2770 = ORIENTED_EDGE('',*,*,#1074,.T.);
#2771 = ORIENTED_EDGE('',*,*,#2191,.F.);
#2772 = PLANE('',#2773);
#2773 = AXIS2_PLACEMENT_3D('',#2774,#2775,#2776);
#2774 = CARTESIAN_POINT('',(-4.81754453458,-2.25,9.95E-02));
#2775 = DIRECTION('',(0.984807753012,4.337694007704E-19,-0.173648177667)
  );
#2776 = DIRECTION('',(3.839904326947E-17,-1.,2.152738175632E-16));
#2777 = ADVANCED_FACE('',(#2778),#2797,.T.);
#2778 = FACE_BOUND('',#2779,.F.);
#2779 = EDGE_LOOP('',(#2780,#2781,#2790,#2796));
#2780 = ORIENTED_EDGE('',*,*,#1058,.T.);
#2781 = ORIENTED_EDGE('',*,*,#2782,.T.);
#2782 = EDGE_CURVE('',#1051,#2783,#2785,.T.);
#2783 = VERTEX_POINT('',#2784);
#2784 = CARTESIAN_POINT('',(-6.,2.15,6.));
#2785 = CIRCLE('',#2786,0.2);
#2786 = AXIS2_PLACEMENT_3D('',#2787,#2788,#2789);
#2787 = CARTESIAN_POINT('',(-5.8,2.15,6.));
#2788 = DIRECTION('',(0.,0.,1.));
#2789 = DIRECTION('',(1.,0.,0.));
#2790 = ORIENTED_EDGE('',*,*,#2791,.F.);
#2791 = EDGE_CURVE('',#2159,#2783,#2792,.T.);
#2792 = LINE('',#2793,#2794);
#2793 = CARTESIAN_POINT('',(-6.,2.15,0.));
#2794 = VECTOR('',#2795,1.);
#2795 = DIRECTION('',(0.,0.,1.));
#2796 = ORIENTED_EDGE('',*,*,#2158,.F.);
#2797 = CYLINDRICAL_SURFACE('',#2798,0.2);
#2798 = AXIS2_PLACEMENT_3D('',#2799,#2800,#2801);
#2799 = CARTESIAN_POINT('',(-5.8,2.15,0.));
#2800 = DIRECTION('',(-0.,-0.,-1.));
#2801 = DIRECTION('',(1.,0.,0.));
#2802 = ADVANCED_FACE('',(#2803),#2870,.T.);
#2803 = FACE_BOUND('',#2804,.T.);
#2804 = EDGE_LOOP('',(#2805,#2806,#2807,#2815,#2823,#2831,#2839,#2847,
    #2855,#2863));
#2805 = ORIENTED_EDGE('',*,*,#1050,.T.);
#2806 = ORIENTED_EDGE('',*,*,#2782,.T.);
#2807 = ORIENTED_EDGE('',*,*,#2808,.T.);
#2808 = EDGE_CURVE('',#2783,#2809,#2811,.T.);
#2809 = VERTEX_POINT('',#2810);
#2810 = CARTESIAN_POINT('',(-6.,-0.15,6.));
#2811 = LINE('',#2812,#2813);
#2812 = CARTESIAN_POINT('',(-6.,2.15,6.));
#2813 = VECTOR('',#2814,1.);
#2814 = DIRECTION('',(0.,-1.,0.));
#2815 = ORIENTED_EDGE('',*,*,#2816,.F.);
#2816 = EDGE_CURVE('',#2817,#2809,#2819,.T.);
#2817 = VERTEX_POINT('',#2818);
#2818 = CARTESIAN_POINT('',(-5.725,-0.15,6.));
#2819 = LINE('',#2820,#2821);
#2820 = CARTESIAN_POINT('',(-5.45,-0.15,6.));
#2821 = VECTOR('',#2822,1.);
#2822 = DIRECTION('',(-1.,0.,0.));
#2823 = ORIENTED_EDGE('',*,*,#2824,.F.);
#2824 = EDGE_CURVE('',#2825,#2817,#2827,.T.);
#2825 = VERTEX_POINT('',#2826);
#2826 = CARTESIAN_POINT('',(-5.725,2.075,6.));
#2827 = LINE('',#2828,#2829);
#2828 = CARTESIAN_POINT('',(-5.725,2.075,6.));
#2829 = VECTOR('',#2830,1.);
#2830 = DIRECTION('',(0.,-1.,0.));
#2831 = ORIENTED_EDGE('',*,*,#2832,.F.);
#2832 = EDGE_CURVE('',#2833,#2825,#2835,.T.);
#2833 = VERTEX_POINT('',#2834);
#2834 = CARTESIAN_POINT('',(5.725000000004,2.075,6.));
#2835 = LINE('',#2836,#2837);
#2836 = CARTESIAN_POINT('',(5.725000000004,2.075,6.));
#2837 = VECTOR('',#2838,1.);
#2838 = DIRECTION('',(-1.,0.,0.));
#2839 = ORIENTED_EDGE('',*,*,#2840,.F.);
#2840 = EDGE_CURVE('',#2841,#2833,#2843,.T.);
#2841 = VERTEX_POINT('',#2842);
#2842 = CARTESIAN_POINT('',(5.725000000004,-0.15,6.));
#2843 = LINE('',#2844,#2845);
#2844 = CARTESIAN_POINT('',(5.725000000004,-2.075,6.));
#2845 = VECTOR('',#2846,1.);
#2846 = DIRECTION('',(0.,1.,0.));
#2847 = ORIENTED_EDGE('',*,*,#2848,.F.);
#2848 = EDGE_CURVE('',#2849,#2841,#2851,.T.);
#2849 = VERTEX_POINT('',#2850);
#2850 = CARTESIAN_POINT('',(6.,-0.15,6.));
#2851 = LINE('',#2852,#2853);
#2852 = CARTESIAN_POINT('',(6.,-0.15,6.));
#2853 = VECTOR('',#2854,1.);
#2854 = DIRECTION('',(-1.,0.,0.));
#2855 = ORIENTED_EDGE('',*,*,#2856,.T.);
#2856 = EDGE_CURVE('',#2849,#2857,#2859,.T.);
#2857 = VERTEX_POINT('',#2858);
#2858 = CARTESIAN_POINT('',(6.,2.15,6.));
#2859 = LINE('',#2860,#2861);
#2860 = CARTESIAN_POINT('',(6.,-2.15,6.));
#2861 = VECTOR('',#2862,1.);
#2862 = DIRECTION('',(0.,1.,0.));
#2863 = ORIENTED_EDGE('',*,*,#2864,.T.);
#2864 = EDGE_CURVE('',#2857,#1043,#2865,.T.);
#2865 = CIRCLE('',#2866,0.2);
#2866 = AXIS2_PLACEMENT_3D('',#2867,#2868,#2869);
#2867 = CARTESIAN_POINT('',(5.8,2.15,6.));
#2868 = DIRECTION('',(0.,0.,1.));
#2869 = DIRECTION('',(1.,0.,0.));
#2870 = PLANE('',#2871);
#2871 = AXIS2_PLACEMENT_3D('',#2872,#2873,#2874);
#2872 = CARTESIAN_POINT('',(-7.576804702347E-16,-1.227887562057E-13,6.)
  );
#2873 = DIRECTION('',(0.,0.,1.));
#2874 = DIRECTION('',(1.,0.,0.));
#2875 = ADVANCED_FACE('',(#2876),#2887,.T.);
#2876 = FACE_BOUND('',#2877,.F.);
#2877 = EDGE_LOOP('',(#2878,#2884,#2885,#2886));
#2878 = ORIENTED_EDGE('',*,*,#2879,.T.);
#2879 = EDGE_CURVE('',#1649,#2857,#2880,.T.);
#2880 = LINE('',#2881,#2882);
#2881 = CARTESIAN_POINT('',(6.,2.15,0.));
#2882 = VECTOR('',#2883,1.);
#2883 = DIRECTION('',(0.,0.,1.));
#2884 = ORIENTED_EDGE('',*,*,#2864,.T.);
#2885 = ORIENTED_EDGE('',*,*,#1042,.F.);
#2886 = ORIENTED_EDGE('',*,*,#1656,.F.);
#2887 = CYLINDRICAL_SURFACE('',#2888,0.2);
#2888 = AXIS2_PLACEMENT_3D('',#2889,#2890,#2891);
#2889 = CARTESIAN_POINT('',(5.8,2.15,0.));
#2890 = DIRECTION('',(-0.,-0.,-1.));
#2891 = DIRECTION('',(1.,0.,0.));
#2892 = ADVANCED_FACE('',(#2893),#2911,.T.);
#2893 = FACE_BOUND('',#2894,.T.);
#2894 = EDGE_LOOP('',(#2895,#2903,#2909,#2910));
#2895 = ORIENTED_EDGE('',*,*,#2896,.F.);
#2896 = EDGE_CURVE('',#2897,#1630,#2899,.T.);
#2897 = VERTEX_POINT('',#2898);
#2898 = CARTESIAN_POINT('',(4.8,-2.25,0.199));
#2899 = LINE('',#2900,#2901);
#2900 = CARTESIAN_POINT('',(4.676464382116,-2.25,0.899605303784));
#2901 = VECTOR('',#2902,1.);
#2902 = DIRECTION('',(0.173648177667,-2.429680538274E-16,-0.984807753012
    ));
#2903 = ORIENTED_EDGE('',*,*,#2904,.T.);
#2904 = EDGE_CURVE('',#2897,#1019,#2905,.T.);
#2905 = LINE('',#2906,#2907);
#2906 = CARTESIAN_POINT('',(4.8,-2.25,0.199));
#2907 = VECTOR('',#2908,1.);
#2908 = DIRECTION('',(0.,1.,-2.22044604925E-16));
#2909 = ORIENTED_EDGE('',*,*,#1026,.T.);
#2910 = ORIENTED_EDGE('',*,*,#1664,.F.);
#2911 = PLANE('',#2912);
#2912 = AXIS2_PLACEMENT_3D('',#2913,#2914,#2915);
#2913 = CARTESIAN_POINT('',(4.81754453458,-2.25,9.95E-02));
#2914 = DIRECTION('',(-0.984807753012,-4.337694007704E-19,
    -0.173648177667));
#2915 = DIRECTION('',(3.754468433168E-17,1.,-2.154244640952E-16));
#2916 = ADVANCED_FACE('',(#2917),#2935,.F.);
#2917 = FACE_BOUND('',#2918,.F.);
#2918 = EDGE_LOOP('',(#2919,#2920,#2926,#2927,#2928,#2929));
#2919 = ORIENTED_EDGE('',*,*,#1362,.F.);
#2920 = ORIENTED_EDGE('',*,*,#2921,.F.);
#2921 = EDGE_CURVE('',#2897,#1355,#2922,.T.);
#2922 = LINE('',#2923,#2924);
#2923 = CARTESIAN_POINT('',(4.8,-2.25,0.45));
#2924 = VECTOR('',#2925,1.);
#2925 = DIRECTION('',(0.,2.467162276945E-16,1.));
#2926 = ORIENTED_EDGE('',*,*,#2904,.T.);
#2927 = ORIENTED_EDGE('',*,*,#1018,.T.);
#2928 = ORIENTED_EDGE('',*,*,#1010,.T.);
#2929 = ORIENTED_EDGE('',*,*,#2930,.T.);
#2930 = EDGE_CURVE('',#1003,#1363,#2931,.T.);
#2931 = LINE('',#2932,#2933);
#2932 = CARTESIAN_POINT('',(4.8,-0.613143525741,0.125897035881));
#2933 = VECTOR('',#2934,1.);
#2934 = DIRECTION('',(0.,-0.987440631917,-0.157990501107));
#2935 = PLANE('',#2936);
#2936 = AXIS2_PLACEMENT_3D('',#2937,#2938,#2939);
#2937 = CARTESIAN_POINT('',(4.8,-2.35,0.));
#2938 = DIRECTION('',(1.,0.,0.));
#2939 = DIRECTION('',(0.,2.22044604925E-16,1.));
#2940 = ADVANCED_FACE('',(#2941),#2947,.T.);
#2941 = FACE_BOUND('',#2942,.F.);
#2942 = EDGE_LOOP('',(#2943,#2944,#2945,#2946));
#2943 = ORIENTED_EDGE('',*,*,#2930,.F.);
#2944 = ORIENTED_EDGE('',*,*,#1002,.T.);
#2945 = ORIENTED_EDGE('',*,*,#1309,.T.);
#2946 = ORIENTED_EDGE('',*,*,#1370,.F.);
#2947 = PLANE('',#2948);
#2948 = AXIS2_PLACEMENT_3D('',#2949,#2950,#2951);
#2949 = CARTESIAN_POINT('',(4.8,1.1,0.4));
#2950 = DIRECTION('',(0.,0.157990501107,-0.987440631917));
#2951 = DIRECTION('',(1.,-0.,-0.));
#2952 = ADVANCED_FACE('',(#2953),#2959,.T.);
#2953 = FACE_BOUND('',#2954,.F.);
#2954 = EDGE_LOOP('',(#2955,#2956,#2957,#2958));
#2955 = ORIENTED_EDGE('',*,*,#1478,.F.);
#2956 = ORIENTED_EDGE('',*,*,#874,.T.);
#2957 = ORIENTED_EDGE('',*,*,#1606,.T.);
#2958 = ORIENTED_EDGE('',*,*,#1526,.F.);
#2959 = PLANE('',#2960);
#2960 = AXIS2_PLACEMENT_3D('',#2961,#2962,#2963);
#2961 = CARTESIAN_POINT('',(0.8,1.1,0.4));
#2962 = DIRECTION('',(0.,0.157990501107,-0.987440631917));
#2963 = DIRECTION('',(1.,-0.,-0.));
#2964 = ADVANCED_FACE('',(#2965),#2971,.T.);
#2965 = FACE_BOUND('',#2966,.F.);
#2966 = EDGE_LOOP('',(#2967,#2968,#2969,#2970));
#2967 = ORIENTED_EDGE('',*,*,#1146,.F.);
#2968 = ORIENTED_EDGE('',*,*,#938,.T.);
#2969 = ORIENTED_EDGE('',*,*,#1244,.T.);
#2970 = ORIENTED_EDGE('',*,*,#1187,.F.);
#2971 = PLANE('',#2972);
#2972 = AXIS2_PLACEMENT_3D('',#2973,#2974,#2975);
#2973 = CARTESIAN_POINT('',(2.8,1.1,0.4));
#2974 = DIRECTION('',(0.,0.157990501107,-0.987440631917));
#2975 = DIRECTION('',(1.,-0.,-0.));
#2976 = ADVANCED_FACE('',(#2977),#2983,.F.);
#2977 = FACE_BOUND('',#2978,.F.);
#2978 = EDGE_LOOP('',(#2979,#2980,#2981,#2982));
#2979 = ORIENTED_EDGE('',*,*,#1907,.F.);
#2980 = ORIENTED_EDGE('',*,*,#2673,.T.);
#2981 = ORIENTED_EDGE('',*,*,#1204,.F.);
#2982 = ORIENTED_EDGE('',*,*,#2654,.F.);
#2983 = PLANE('',#2984);
#2984 = AXIS2_PLACEMENT_3D('',#2985,#2986,#2987);
#2985 = CARTESIAN_POINT('',(1.75,-0.85,1.8));
#2986 = DIRECTION('',(0.,-1.,0.));
#2987 = DIRECTION('',(1.,0.,0.));
#2988 = ADVANCED_FACE('',(#2989),#2998,.F.);
#2989 = FACE_BOUND('',#2990,.F.);
#2990 = EDGE_LOOP('',(#2991,#2992,#2993,#2994,#2995,#2996,#2997));
#2991 = ORIENTED_EDGE('',*,*,#2921,.T.);
#2992 = ORIENTED_EDGE('',*,*,#1354,.T.);
#2993 = ORIENTED_EDGE('',*,*,#1436,.F.);
#2994 = ORIENTED_EDGE('',*,*,#1854,.T.);
#2995 = ORIENTED_EDGE('',*,*,#1575,.F.);
#2996 = ORIENTED_EDGE('',*,*,#1629,.F.);
#2997 = ORIENTED_EDGE('',*,*,#2896,.F.);
#2998 = PLANE('',#2999);
#2999 = AXIS2_PLACEMENT_3D('',#3000,#3001,#3002);
#3000 = CARTESIAN_POINT('',(-3.965082230804E-16,-2.25,0.9));
#3001 = DIRECTION('',(0.,1.,-2.467162276945E-16));
#3002 = DIRECTION('',(0.,2.467162276945E-16,1.));
#3003 = ADVANCED_FACE('',(#3004),#3010,.F.);
#3004 = FACE_BOUND('',#3005,.F.);
#3005 = EDGE_LOOP('',(#3006,#3007,#3008,#3009));
#3006 = ORIENTED_EDGE('',*,*,#1884,.F.);
#3007 = ORIENTED_EDGE('',*,*,#2639,.T.);
#3008 = ORIENTED_EDGE('',*,*,#1387,.F.);
#3009 = ORIENTED_EDGE('',*,*,#2620,.F.);
#3010 = PLANE('',#3011);
#3011 = AXIS2_PLACEMENT_3D('',#3012,#3013,#3014);
#3012 = CARTESIAN_POINT('',(3.75,-0.85,1.8));
#3013 = DIRECTION('',(0.,-1.,0.));
#3014 = DIRECTION('',(1.,0.,0.));
#3015 = ADVANCED_FACE('',(#3016),#3031,.T.);
#3016 = FACE_BOUND('',#3017,.T.);
#3017 = EDGE_LOOP('',(#3018,#3019,#3020,#3026,#3027,#3028,#3029,#3030));
#3018 = ORIENTED_EDGE('',*,*,#1847,.F.);
#3019 = ORIENTED_EDGE('',*,*,#1807,.F.);
#3020 = ORIENTED_EDGE('',*,*,#3021,.T.);
#3021 = EDGE_CURVE('',#1808,#2540,#3022,.T.);
#3022 = LINE('',#3023,#3024);
#3023 = CARTESIAN_POINT('',(-5.45,-1.8,5.999));
#3024 = VECTOR('',#3025,1.);
#3025 = DIRECTION('',(1.,0.,0.));
#3026 = ORIENTED_EDGE('',*,*,#2539,.F.);
#3027 = ORIENTED_EDGE('',*,*,#1861,.F.);
#3028 = ORIENTED_EDGE('',*,*,#1591,.T.);
#3029 = ORIENTED_EDGE('',*,*,#1500,.T.);
#3030 = ORIENTED_EDGE('',*,*,#1452,.T.);
#3031 = PLANE('',#3032);
#3032 = AXIS2_PLACEMENT_3D('',#3033,#3034,#3035);
#3033 = CARTESIAN_POINT('',(-5.45,-1.8,1.8));
#3034 = DIRECTION('',(0.,1.,0.));
#3035 = DIRECTION('',(1.,0.,0.));
#3036 = ADVANCED_FACE('',(#3037),#3043,.F.);
#3037 = FACE_BOUND('',#3038,.F.);
#3038 = EDGE_LOOP('',(#3039,#3040,#3041,#3042));
#3039 = ORIENTED_EDGE('',*,*,#1930,.F.);
#3040 = ORIENTED_EDGE('',*,*,#2707,.T.);
#3041 = ORIENTED_EDGE('',*,*,#1543,.F.);
#3042 = ORIENTED_EDGE('',*,*,#2688,.F.);
#3043 = PLANE('',#3044);
#3044 = AXIS2_PLACEMENT_3D('',#3045,#3046,#3047);
#3045 = CARTESIAN_POINT('',(-0.25,-0.85,1.8));
#3046 = DIRECTION('',(0.,-1.,0.));
#3047 = DIRECTION('',(1.,0.,0.));
#3048 = ADVANCED_FACE('',(#3049),#3078,.F.);
#3049 = FACE_BOUND('',#3050,.F.);
#3050 = EDGE_LOOP('',(#3051,#3052,#3053,#3054,#3062,#3070,#3076,#3077));
#3051 = ORIENTED_EDGE('',*,*,#1648,.F.);
#3052 = ORIENTED_EDGE('',*,*,#1705,.T.);
#3053 = ORIENTED_EDGE('',*,*,#1737,.T.);
#3054 = ORIENTED_EDGE('',*,*,#3055,.T.);
#3055 = EDGE_CURVE('',#1738,#3056,#3058,.T.);
#3056 = VERTEX_POINT('',#3057);
#3057 = CARTESIAN_POINT('',(6.,-1.15,4.));
#3058 = LINE('',#3059,#3060);
#3059 = CARTESIAN_POINT('',(6.,-1.15,6.));
#3060 = VECTOR('',#3061,1.);
#3061 = DIRECTION('',(-0.,-0.,-1.));
#3062 = ORIENTED_EDGE('',*,*,#3063,.T.);
#3063 = EDGE_CURVE('',#3056,#3064,#3066,.T.);
#3064 = VERTEX_POINT('',#3065);
#3065 = CARTESIAN_POINT('',(6.,-0.15,4.));
#3066 = LINE('',#3067,#3068);
#3067 = CARTESIAN_POINT('',(6.,-1.15,4.));
#3068 = VECTOR('',#3069,1.);
#3069 = DIRECTION('',(0.,1.,0.));
#3070 = ORIENTED_EDGE('',*,*,#3071,.F.);
#3071 = EDGE_CURVE('',#2849,#3064,#3072,.T.);
#3072 = LINE('',#3073,#3074);
#3073 = CARTESIAN_POINT('',(6.,-0.15,6.));
#3074 = VECTOR('',#3075,1.);
#3075 = DIRECTION('',(-0.,-0.,-1.));
#3076 = ORIENTED_EDGE('',*,*,#2856,.T.);
#3077 = ORIENTED_EDGE('',*,*,#2879,.F.);
#3078 = PLANE('',#3079);
#3079 = AXIS2_PLACEMENT_3D('',#3080,#3081,#3082);
#3080 = CARTESIAN_POINT('',(6.,-2.15,0.));
#3081 = DIRECTION('',(-1.,0.,0.));
#3082 = DIRECTION('',(0.,1.,0.));
#3083 = ADVANCED_FACE('',(#3084),#3102,.F.);
#3084 = FACE_BOUND('',#3085,.F.);
#3085 = EDGE_LOOP('',(#3086,#3087,#3088,#3096));
#3086 = ORIENTED_EDGE('',*,*,#1761,.F.);
#3087 = ORIENTED_EDGE('',*,*,#1823,.F.);
#3088 = ORIENTED_EDGE('',*,*,#3089,.T.);
#3089 = EDGE_CURVE('',#1816,#3090,#3092,.T.);
#3090 = VERTEX_POINT('',#3091);
#3091 = CARTESIAN_POINT('',(5.725,-2.075,5.999));
#3092 = LINE('',#3093,#3094);
#3093 = CARTESIAN_POINT('',(-5.725,-2.075,5.999));
#3094 = VECTOR('',#3095,1.);
#3095 = DIRECTION('',(1.,0.,0.));
#3096 = ORIENTED_EDGE('',*,*,#3097,.F.);
#3097 = EDGE_CURVE('',#1754,#3090,#3098,.T.);
#3098 = LINE('',#3099,#3100);
#3099 = CARTESIAN_POINT('',(5.725000000004,-2.075,6.));
#3100 = VECTOR('',#3101,1.);
#3101 = DIRECTION('',(-0.,-0.,-1.));
#3102 = PLANE('',#3103);
#3103 = AXIS2_PLACEMENT_3D('',#3104,#3105,#3106);
#3104 = CARTESIAN_POINT('',(-5.725,-2.075,6.));
#3105 = DIRECTION('',(0.,-1.,0.));
#3106 = DIRECTION('',(1.,0.,0.));
#3107 = ADVANCED_FACE('',(#3108),#3126,.F.);
#3108 = FACE_BOUND('',#3109,.F.);
#3109 = EDGE_LOOP('',(#3110,#3111,#3112,#3120));
#3110 = ORIENTED_EDGE('',*,*,#1753,.F.);
#3111 = ORIENTED_EDGE('',*,*,#3097,.T.);
#3112 = ORIENTED_EDGE('',*,*,#3113,.T.);
#3113 = EDGE_CURVE('',#3090,#3114,#3116,.T.);
#3114 = VERTEX_POINT('',#3115);
#3115 = CARTESIAN_POINT('',(5.725,-1.15,5.999));
#3116 = LINE('',#3117,#3118);
#3117 = CARTESIAN_POINT('',(5.725,-2.075,5.999));
#3118 = VECTOR('',#3119,1.);
#3119 = DIRECTION('',(0.,1.,0.));
#3120 = ORIENTED_EDGE('',*,*,#3121,.F.);
#3121 = EDGE_CURVE('',#1746,#3114,#3122,.T.);
#3122 = LINE('',#3123,#3124);
#3123 = CARTESIAN_POINT('',(5.725000000004,-1.15,6.));
#3124 = VECTOR('',#3125,1.);
#3125 = DIRECTION('',(0.,0.,-1.));
#3126 = PLANE('',#3127);
#3127 = AXIS2_PLACEMENT_3D('',#3128,#3129,#3130);
#3128 = CARTESIAN_POINT('',(5.725000000004,-2.075,6.));
#3129 = DIRECTION('',(1.,0.,0.));
#3130 = DIRECTION('',(0.,1.,0.));
#3131 = ADVANCED_FACE('',(#3132),#3150,.F.);
#3132 = FACE_BOUND('',#3133,.F.);
#3133 = EDGE_LOOP('',(#3134,#3140,#3141,#3147,#3148,#3149));
#3134 = ORIENTED_EDGE('',*,*,#3135,.F.);
#3135 = EDGE_CURVE('',#2548,#3114,#3136,.T.);
#3136 = LINE('',#3137,#3138);
#3137 = CARTESIAN_POINT('',(2.725,-1.15,5.999));
#3138 = VECTOR('',#3139,1.);
#3139 = DIRECTION('',(1.,0.,0.));
#3140 = ORIENTED_EDGE('',*,*,#2555,.T.);
#3141 = ORIENTED_EDGE('',*,*,#3142,.T.);
#3142 = EDGE_CURVE('',#2556,#3056,#3143,.T.);
#3143 = LINE('',#3144,#3145);
#3144 = CARTESIAN_POINT('',(5.45,-1.15,4.));
#3145 = VECTOR('',#3146,1.);
#3146 = DIRECTION('',(1.,0.,0.));
#3147 = ORIENTED_EDGE('',*,*,#3055,.F.);
#3148 = ORIENTED_EDGE('',*,*,#1745,.F.);
#3149 = ORIENTED_EDGE('',*,*,#3121,.T.);
#3150 = PLANE('',#3151);
#3151 = AXIS2_PLACEMENT_3D('',#3152,#3153,#3154);
#3152 = CARTESIAN_POINT('',(5.45,-1.15,6.));
#3153 = DIRECTION('',(0.,-1.,0.));
#3154 = DIRECTION('',(1.,0.,0.));
#3155 = ADVANCED_FACE('',(#3156),#3164,.T.);
#3156 = FACE_BOUND('',#3157,.T.);
#3157 = EDGE_LOOP('',(#3158,#3159,#3160,#3161,#3162,#3163));
#3158 = ORIENTED_EDGE('',*,*,#1815,.F.);
#3159 = ORIENTED_EDGE('',*,*,#3089,.T.);
#3160 = ORIENTED_EDGE('',*,*,#3113,.T.);
#3161 = ORIENTED_EDGE('',*,*,#3135,.F.);
#3162 = ORIENTED_EDGE('',*,*,#2547,.F.);
#3163 = ORIENTED_EDGE('',*,*,#3021,.F.);
#3164 = PLANE('',#3165);
#3165 = AXIS2_PLACEMENT_3D('',#3166,#3167,#3168);
#3166 = CARTESIAN_POINT('',(0.,0.,5.999));
#3167 = DIRECTION('',(0.,0.,1.));
#3168 = DIRECTION('',(1.,0.,0.));
#3169 = ADVANCED_FACE('',(#3170),#3185,.T.);
#3170 = FACE_BOUND('',#3171,.T.);
#3171 = EDGE_LOOP('',(#3172,#3173,#3174,#3180,#3181,#3182,#3183,#3184));
#3172 = ORIENTED_EDGE('',*,*,#1980,.F.);
#3173 = ORIENTED_EDGE('',*,*,#2492,.T.);
#3174 = ORIENTED_EDGE('',*,*,#3175,.T.);
#3175 = EDGE_CURVE('',#2485,#2027,#3176,.T.);
#3176 = LINE('',#3177,#3178);
#3177 = CARTESIAN_POINT('',(-5.45,-1.8,5.999));
#3178 = VECTOR('',#3179,1.);
#3179 = DIRECTION('',(1.,0.,0.));
#3180 = ORIENTED_EDGE('',*,*,#2036,.T.);
#3181 = ORIENTED_EDGE('',*,*,#2012,.F.);
#3182 = ORIENTED_EDGE('',*,*,#2378,.T.);
#3183 = ORIENTED_EDGE('',*,*,#2287,.T.);
#3184 = ORIENTED_EDGE('',*,*,#2239,.T.);
#3185 = PLANE('',#3186);
#3186 = AXIS2_PLACEMENT_3D('',#3187,#3188,#3189);
#3187 = CARTESIAN_POINT('',(-5.45,-1.8,1.8));
#3188 = DIRECTION('',(0.,1.,0.));
#3189 = DIRECTION('',(1.,0.,0.));
#3190 = ADVANCED_FACE('',(#3191),#3200,.F.);
#3191 = FACE_BOUND('',#3192,.F.);
#3192 = EDGE_LOOP('',(#3193,#3194,#3195,#3196,#3197,#3198,#3199));
#3193 = ORIENTED_EDGE('',*,*,#2183,.F.);
#3194 = ORIENTED_EDGE('',*,*,#2232,.F.);
#3195 = ORIENTED_EDGE('',*,*,#1996,.T.);
#3196 = ORIENTED_EDGE('',*,*,#2369,.F.);
#3197 = ORIENTED_EDGE('',*,*,#2313,.T.);
#3198 = ORIENTED_EDGE('',*,*,#2750,.T.);
#3199 = ORIENTED_EDGE('',*,*,#2764,.T.);
#3200 = PLANE('',#3201);
#3201 = AXIS2_PLACEMENT_3D('',#3202,#3203,#3204);
#3202 = CARTESIAN_POINT('',(-3.965082230804E-16,-2.25,0.9));
#3203 = DIRECTION('',(0.,1.,-2.467162276945E-16));
#3204 = DIRECTION('',(0.,2.467162276945E-16,1.));
#3205 = ADVANCED_FACE('',(#3206),#3212,.F.);
#3206 = FACE_BOUND('',#3207,.F.);
#3207 = EDGE_LOOP('',(#3208,#3209,#3210,#3211));
#3208 = ORIENTED_EDGE('',*,*,#1957,.F.);
#3209 = ORIENTED_EDGE('',*,*,#2412,.T.);
#3210 = ORIENTED_EDGE('',*,*,#2346,.F.);
#3211 = ORIENTED_EDGE('',*,*,#2393,.F.);
#3212 = PLANE('',#3213);
#3213 = AXIS2_PLACEMENT_3D('',#3214,#3215,#3216);
#3214 = CARTESIAN_POINT('',(-4.25,-0.85,1.8));
#3215 = DIRECTION('',(0.,-1.,0.));
#3216 = DIRECTION('',(1.,0.,0.));
#3217 = ADVANCED_FACE('',(#3218),#3245,.T.);
#3218 = FACE_BOUND('',#3219,.T.);
#3219 = EDGE_LOOP('',(#3220,#3228,#3236,#3242,#3243,#3244));
#3220 = ORIENTED_EDGE('',*,*,#3221,.F.);
#3221 = EDGE_CURVE('',#3222,#2477,#3224,.T.);
#3222 = VERTEX_POINT('',#3223);
#3223 = CARTESIAN_POINT('',(-5.725,-1.15,5.999));
#3224 = LINE('',#3225,#3226);
#3225 = CARTESIAN_POINT('',(-3.,-1.15,5.999));
#3226 = VECTOR('',#3227,1.);
#3227 = DIRECTION('',(1.,0.,0.));
#3228 = ORIENTED_EDGE('',*,*,#3229,.T.);
#3229 = EDGE_CURVE('',#3222,#3230,#3232,.T.);
#3230 = VERTEX_POINT('',#3231);
#3231 = CARTESIAN_POINT('',(-5.725,-2.075,5.999));
#3232 = LINE('',#3233,#3234);
#3233 = CARTESIAN_POINT('',(-5.725,2.075,5.999));
#3234 = VECTOR('',#3235,1.);
#3235 = DIRECTION('',(0.,-1.,0.));
#3236 = ORIENTED_EDGE('',*,*,#3237,.T.);
#3237 = EDGE_CURVE('',#3230,#2029,#3238,.T.);
#3238 = LINE('',#3239,#3240);
#3239 = CARTESIAN_POINT('',(-5.725,-2.075,5.999));
#3240 = VECTOR('',#3241,1.);
#3241 = DIRECTION('',(1.,0.,0.));
#3242 = ORIENTED_EDGE('',*,*,#2026,.F.);
#3243 = ORIENTED_EDGE('',*,*,#3175,.F.);
#3244 = ORIENTED_EDGE('',*,*,#2484,.F.);
#3245 = PLANE('',#3246);
#3246 = AXIS2_PLACEMENT_3D('',#3247,#3248,#3249);
#3247 = CARTESIAN_POINT('',(0.,0.,5.999));
#3248 = DIRECTION('',(0.,0.,1.));
#3249 = DIRECTION('',(1.,0.,0.));
#3250 = ADVANCED_FACE('',(#3251),#3262,.F.);
#3251 = FACE_BOUND('',#3252,.F.);
#3252 = EDGE_LOOP('',(#3253,#3254,#3260,#3261));
#3253 = ORIENTED_EDGE('',*,*,#2093,.F.);
#3254 = ORIENTED_EDGE('',*,*,#3255,.T.);
#3255 = EDGE_CURVE('',#2094,#3230,#3256,.T.);
#3256 = LINE('',#3257,#3258);
#3257 = CARTESIAN_POINT('',(-5.725,-2.075,6.));
#3258 = VECTOR('',#3259,1.);
#3259 = DIRECTION('',(-0.,-0.,-1.));
#3260 = ORIENTED_EDGE('',*,*,#3237,.T.);
#3261 = ORIENTED_EDGE('',*,*,#2052,.F.);
#3262 = PLANE('',#3263);
#3263 = AXIS2_PLACEMENT_3D('',#3264,#3265,#3266);
#3264 = CARTESIAN_POINT('',(-5.725,-2.075,6.));
#3265 = DIRECTION('',(0.,-1.,0.));
#3266 = DIRECTION('',(1.,0.,0.));
#3267 = ADVANCED_FACE('',(#3268),#3293,.F.);
#3268 = FACE_BOUND('',#3269,.F.);
#3269 = EDGE_LOOP('',(#3270,#3271,#3279,#3285,#3286,#3287));
#3270 = ORIENTED_EDGE('',*,*,#2066,.F.);
#3271 = ORIENTED_EDGE('',*,*,#3272,.T.);
#3272 = EDGE_CURVE('',#2067,#3273,#3275,.T.);
#3273 = VERTEX_POINT('',#3274);
#3274 = CARTESIAN_POINT('',(-6.,-1.15,4.));
#3275 = LINE('',#3276,#3277);
#3276 = CARTESIAN_POINT('',(-6.,-1.15,6.));
#3277 = VECTOR('',#3278,1.);
#3278 = DIRECTION('',(-0.,-0.,-1.));
#3279 = ORIENTED_EDGE('',*,*,#3280,.T.);
#3280 = EDGE_CURVE('',#3273,#2469,#3281,.T.);
#3281 = LINE('',#3282,#3283);
#3282 = CARTESIAN_POINT('',(-6.,-1.15,4.));
#3283 = VECTOR('',#3284,1.);
#3284 = DIRECTION('',(1.,0.,0.));
#3285 = ORIENTED_EDGE('',*,*,#2476,.F.);
#3286 = ORIENTED_EDGE('',*,*,#3221,.F.);
#3287 = ORIENTED_EDGE('',*,*,#3288,.T.);
#3288 = EDGE_CURVE('',#3222,#2069,#3289,.T.);
#3289 = LINE('',#3290,#3291);
#3290 = CARTESIAN_POINT('',(-5.725,-1.15,6.));
#3291 = VECTOR('',#3292,1.);
#3292 = DIRECTION('',(0.,0.,1.));
#3293 = PLANE('',#3294);
#3294 = AXIS2_PLACEMENT_3D('',#3295,#3296,#3297);
#3295 = CARTESIAN_POINT('',(-6.,-1.15,6.));
#3296 = DIRECTION('',(0.,-1.,0.));
#3297 = DIRECTION('',(1.,0.,0.));
#3298 = ADVANCED_FACE('',(#3299),#3305,.F.);
#3299 = FACE_BOUND('',#3300,.F.);
#3300 = EDGE_LOOP('',(#3301,#3302,#3303,#3304));
#3301 = ORIENTED_EDGE('',*,*,#2101,.F.);
#3302 = ORIENTED_EDGE('',*,*,#3288,.F.);
#3303 = ORIENTED_EDGE('',*,*,#3229,.T.);
#3304 = ORIENTED_EDGE('',*,*,#3255,.F.);
#3305 = PLANE('',#3306);
#3306 = AXIS2_PLACEMENT_3D('',#3307,#3308,#3309);
#3307 = CARTESIAN_POINT('',(-5.725,2.075,6.));
#3308 = DIRECTION('',(-1.,0.,0.));
#3309 = DIRECTION('',(0.,-1.,0.));
#3310 = ADVANCED_FACE('',(#3311),#3333,.F.);
#3311 = FACE_BOUND('',#3312,.F.);
#3312 = EDGE_LOOP('',(#3313,#3314,#3315,#3316,#3324,#3330,#3331,#3332));
#3313 = ORIENTED_EDGE('',*,*,#2167,.F.);
#3314 = ORIENTED_EDGE('',*,*,#2791,.T.);
#3315 = ORIENTED_EDGE('',*,*,#2808,.T.);
#3316 = ORIENTED_EDGE('',*,*,#3317,.T.);
#3317 = EDGE_CURVE('',#2809,#3318,#3320,.T.);
#3318 = VERTEX_POINT('',#3319);
#3319 = CARTESIAN_POINT('',(-6.,-0.15,4.));
#3320 = LINE('',#3321,#3322);
#3321 = CARTESIAN_POINT('',(-6.,-0.15,6.));
#3322 = VECTOR('',#3323,1.);
#3323 = DIRECTION('',(-0.,-0.,-1.));
#3324 = ORIENTED_EDGE('',*,*,#3325,.T.);
#3325 = EDGE_CURVE('',#3318,#3273,#3326,.T.);
#3326 = LINE('',#3327,#3328);
#3327 = CARTESIAN_POINT('',(-6.,-0.15,4.));
#3328 = VECTOR('',#3329,1.);
#3329 = DIRECTION('',(0.,-1.,0.));
#3330 = ORIENTED_EDGE('',*,*,#3272,.F.);
#3331 = ORIENTED_EDGE('',*,*,#2076,.T.);
#3332 = ORIENTED_EDGE('',*,*,#2115,.F.);
#3333 = PLANE('',#3334);
#3334 = AXIS2_PLACEMENT_3D('',#3335,#3336,#3337);
#3335 = CARTESIAN_POINT('',(-6.,2.15,0.));
#3336 = DIRECTION('',(1.,0.,0.));
#3337 = DIRECTION('',(0.,-1.,0.));
#3338 = ADVANCED_FACE('',(#3339),#3350,.T.);
#3339 = FACE_BOUND('',#3340,.T.);
#3340 = EDGE_LOOP('',(#3341,#3342,#3348,#3349));
#3341 = ORIENTED_EDGE('',*,*,#2603,.T.);
#3342 = ORIENTED_EDGE('',*,*,#3343,.F.);
#3343 = EDGE_CURVE('',#2427,#2596,#3344,.T.);
#3344 = LINE('',#3345,#3346);
#3345 = CARTESIAN_POINT('',(-5.45,-5.E-02,1.4));
#3346 = VECTOR('',#3347,1.);
#3347 = DIRECTION('',(1.,0.,0.));
#3348 = ORIENTED_EDGE('',*,*,#2426,.T.);
#3349 = ORIENTED_EDGE('',*,*,#2522,.F.);
#3350 = PLANE('',#3351);
#3351 = AXIS2_PLACEMENT_3D('',#3352,#3353,#3354);
#3352 = CARTESIAN_POINT('',(6.030264007438E-14,-5.E-02,1.65));
#3353 = DIRECTION('',(0.,1.,-1.652222249881E-15));
#3354 = DIRECTION('',(0.,1.652222249881E-15,1.));
#3355 = ADVANCED_FACE('',(#3356),#3495,.T.);
#3356 = FACE_BOUND('',#3357,.T.);
#3357 = EDGE_LOOP('',(#3358,#3366,#3367,#3368,#3369,#3377,#3385,#3393,
    #3401,#3409,#3417,#3425,#3433,#3441,#3449,#3457,#3465,#3473,#3481,
    #3489));
#3358 = ORIENTED_EDGE('',*,*,#3359,.T.);
#3359 = EDGE_CURVE('',#3360,#2437,#3362,.T.);
#3360 = VERTEX_POINT('',#3361);
#3361 = CARTESIAN_POINT('',(-3.15,1.8,1.4));
#3362 = LINE('',#3363,#3364);
#3363 = CARTESIAN_POINT('',(5.45,1.8,1.4));
#3364 = VECTOR('',#3365,1.);
#3365 = DIRECTION('',(-1.,0.,0.));
#3366 = ORIENTED_EDGE('',*,*,#2436,.T.);
#3367 = ORIENTED_EDGE('',*,*,#3343,.T.);
#3368 = ORIENTED_EDGE('',*,*,#2595,.T.);
#3369 = ORIENTED_EDGE('',*,*,#3370,.T.);
#3370 = EDGE_CURVE('',#2588,#3371,#3373,.T.);
#3371 = VERTEX_POINT('',#3372);
#3372 = CARTESIAN_POINT('',(3.15,1.8,1.4));
#3373 = LINE('',#3374,#3375);
#3374 = CARTESIAN_POINT('',(5.45,1.8,1.4));
#3375 = VECTOR('',#3376,1.);
#3376 = DIRECTION('',(-1.,0.,0.));
#3377 = ORIENTED_EDGE('',*,*,#3378,.F.);
#3378 = EDGE_CURVE('',#3379,#3371,#3381,.T.);
#3379 = VERTEX_POINT('',#3380);
#3380 = CARTESIAN_POINT('',(3.15,1.6,1.4));
#3381 = LINE('',#3382,#3383);
#3382 = CARTESIAN_POINT('',(3.15,1.6,1.4));
#3383 = VECTOR('',#3384,1.);
#3384 = DIRECTION('',(0.,1.,0.));
#3385 = ORIENTED_EDGE('',*,*,#3386,.F.);
#3386 = EDGE_CURVE('',#3387,#3379,#3389,.T.);
#3387 = VERTEX_POINT('',#3388);
#3388 = CARTESIAN_POINT('',(2.85,1.6,1.4));
#3389 = LINE('',#3390,#3391);
#3390 = CARTESIAN_POINT('',(2.85,1.6,1.4));
#3391 = VECTOR('',#3392,1.);
#3392 = DIRECTION('',(1.,0.,0.));
#3393 = ORIENTED_EDGE('',*,*,#3394,.F.);
#3394 = EDGE_CURVE('',#3395,#3387,#3397,.T.);
#3395 = VERTEX_POINT('',#3396);
#3396 = CARTESIAN_POINT('',(2.85,1.8,1.4));
#3397 = LINE('',#3398,#3399);
#3398 = CARTESIAN_POINT('',(2.85,1.8,1.4));
#3399 = VECTOR('',#3400,1.);
#3400 = DIRECTION('',(0.,-1.,0.));
#3401 = ORIENTED_EDGE('',*,*,#3402,.T.);
#3402 = EDGE_CURVE('',#3395,#3403,#3405,.T.);
#3403 = VERTEX_POINT('',#3404);
#3404 = CARTESIAN_POINT('',(1.15,1.8,1.4));
#3405 = LINE('',#3406,#3407);
#3406 = CARTESIAN_POINT('',(5.45,1.8,1.4));
#3407 = VECTOR('',#3408,1.);
#3408 = DIRECTION('',(-1.,0.,0.));
#3409 = ORIENTED_EDGE('',*,*,#3410,.T.);
#3410 = EDGE_CURVE('',#3403,#3411,#3413,.T.);
#3411 = VERTEX_POINT('',#3412);
#3412 = CARTESIAN_POINT('',(1.15,1.6,1.4));
#3413 = LINE('',#3414,#3415);
#3414 = CARTESIAN_POINT('',(1.15,1.8,1.4));
#3415 = VECTOR('',#3416,1.);
#3416 = DIRECTION('',(0.,-1.,0.));
#3417 = ORIENTED_EDGE('',*,*,#3418,.T.);
#3418 = EDGE_CURVE('',#3411,#3419,#3421,.T.);
#3419 = VERTEX_POINT('',#3420);
#3420 = CARTESIAN_POINT('',(0.85,1.6,1.4));
#3421 = LINE('',#3422,#3423);
#3422 = CARTESIAN_POINT('',(1.15,1.6,1.4));
#3423 = VECTOR('',#3424,1.);
#3424 = DIRECTION('',(-1.,0.,0.));
#3425 = ORIENTED_EDGE('',*,*,#3426,.T.);
#3426 = EDGE_CURVE('',#3419,#3427,#3429,.T.);
#3427 = VERTEX_POINT('',#3428);
#3428 = CARTESIAN_POINT('',(0.85,1.8,1.4));
#3429 = LINE('',#3430,#3431);
#3430 = CARTESIAN_POINT('',(0.85,1.6,1.4));
#3431 = VECTOR('',#3432,1.);
#3432 = DIRECTION('',(0.,1.,0.));
#3433 = ORIENTED_EDGE('',*,*,#3434,.T.);
#3434 = EDGE_CURVE('',#3427,#3435,#3437,.T.);
#3435 = VERTEX_POINT('',#3436);
#3436 = CARTESIAN_POINT('',(-0.85,1.8,1.4));
#3437 = LINE('',#3438,#3439);
#3438 = CARTESIAN_POINT('',(5.45,1.8,1.4));
#3439 = VECTOR('',#3440,1.);
#3440 = DIRECTION('',(-1.,0.,0.));
#3441 = ORIENTED_EDGE('',*,*,#3442,.F.);
#3442 = EDGE_CURVE('',#3443,#3435,#3445,.T.);
#3443 = VERTEX_POINT('',#3444);
#3444 = CARTESIAN_POINT('',(-0.85,1.6,1.4));
#3445 = LINE('',#3446,#3447);
#3446 = CARTESIAN_POINT('',(-0.85,1.6,1.4));
#3447 = VECTOR('',#3448,1.);
#3448 = DIRECTION('',(0.,1.,0.));
#3449 = ORIENTED_EDGE('',*,*,#3450,.F.);
#3450 = EDGE_CURVE('',#3451,#3443,#3453,.T.);
#3451 = VERTEX_POINT('',#3452);
#3452 = CARTESIAN_POINT('',(-1.15,1.6,1.4));
#3453 = LINE('',#3454,#3455);
#3454 = CARTESIAN_POINT('',(-1.15,1.6,1.4));
#3455 = VECTOR('',#3456,1.);
#3456 = DIRECTION('',(1.,0.,0.));
#3457 = ORIENTED_EDGE('',*,*,#3458,.F.);
#3458 = EDGE_CURVE('',#3459,#3451,#3461,.T.);
#3459 = VERTEX_POINT('',#3460);
#3460 = CARTESIAN_POINT('',(-1.15,1.8,1.4));
#3461 = LINE('',#3462,#3463);
#3462 = CARTESIAN_POINT('',(-1.15,1.8,1.4));
#3463 = VECTOR('',#3464,1.);
#3464 = DIRECTION('',(0.,-1.,0.));
#3465 = ORIENTED_EDGE('',*,*,#3466,.T.);
#3466 = EDGE_CURVE('',#3459,#3467,#3469,.T.);
#3467 = VERTEX_POINT('',#3468);
#3468 = CARTESIAN_POINT('',(-2.85,1.8,1.4));
#3469 = LINE('',#3470,#3471);
#3470 = CARTESIAN_POINT('',(5.45,1.8,1.4));
#3471 = VECTOR('',#3472,1.);
#3472 = DIRECTION('',(-1.,0.,0.));
#3473 = ORIENTED_EDGE('',*,*,#3474,.F.);
#3474 = EDGE_CURVE('',#3475,#3467,#3477,.T.);
#3475 = VERTEX_POINT('',#3476);
#3476 = CARTESIAN_POINT('',(-2.85,1.6,1.4));
#3477 = LINE('',#3478,#3479);
#3478 = CARTESIAN_POINT('',(-2.85,1.6,1.4));
#3479 = VECTOR('',#3480,1.);
#3480 = DIRECTION('',(0.,1.,0.));
#3481 = ORIENTED_EDGE('',*,*,#3482,.F.);
#3482 = EDGE_CURVE('',#3483,#3475,#3485,.T.);
#3483 = VERTEX_POINT('',#3484);
#3484 = CARTESIAN_POINT('',(-3.15,1.6,1.4));
#3485 = LINE('',#3486,#3487);
#3486 = CARTESIAN_POINT('',(-3.15,1.6,1.4));
#3487 = VECTOR('',#3488,1.);
#3488 = DIRECTION('',(1.,0.,0.));
#3489 = ORIENTED_EDGE('',*,*,#3490,.F.);
#3490 = EDGE_CURVE('',#3360,#3483,#3491,.T.);
#3491 = LINE('',#3492,#3493);
#3492 = CARTESIAN_POINT('',(-3.15,1.8,1.4));
#3493 = VECTOR('',#3494,1.);
#3494 = DIRECTION('',(0.,-1.,0.));
#3495 = PLANE('',#3496);
#3496 = AXIS2_PLACEMENT_3D('',#3497,#3498,#3499);
#3497 = CARTESIAN_POINT('',(6.032647148708E-14,0.875,1.4));
#3498 = DIRECTION('',(0.,0.,1.));
#3499 = DIRECTION('',(1.,0.,0.));
#3500 = ADVANCED_FACE('',(#3501),#3604,.T.);
#3501 = FACE_BOUND('',#3502,.T.);
#3502 = EDGE_LOOP('',(#3503,#3504,#3505,#3511,#3512,#3513,#3521,#3529,
    #3535,#3536,#3544,#3552,#3558,#3559,#3567,#3575,#3581,#3582,#3590,
    #3598));
#3503 = ORIENTED_EDGE('',*,*,#3370,.F.);
#3504 = ORIENTED_EDGE('',*,*,#2587,.T.);
#3505 = ORIENTED_EDGE('',*,*,#3506,.T.);
#3506 = EDGE_CURVE('',#2580,#2445,#3507,.T.);
#3507 = LINE('',#3508,#3509);
#3508 = CARTESIAN_POINT('',(5.45,1.8,5.999));
#3509 = VECTOR('',#3510,1.);
#3510 = DIRECTION('',(-1.,0.,0.));
#3511 = ORIENTED_EDGE('',*,*,#2444,.T.);
#3512 = ORIENTED_EDGE('',*,*,#3359,.F.);
#3513 = ORIENTED_EDGE('',*,*,#3514,.T.);
#3514 = EDGE_CURVE('',#3360,#3515,#3517,.T.);
#3515 = VERTEX_POINT('',#3516);
#3516 = CARTESIAN_POINT('',(-3.15,1.8,3.3));
#3517 = LINE('',#3518,#3519);
#3518 = CARTESIAN_POINT('',(-3.15,1.8,1.4));
#3519 = VECTOR('',#3520,1.);
#3520 = DIRECTION('',(0.,0.,1.));
#3521 = ORIENTED_EDGE('',*,*,#3522,.F.);
#3522 = EDGE_CURVE('',#3523,#3515,#3525,.T.);
#3523 = VERTEX_POINT('',#3524);
#3524 = CARTESIAN_POINT('',(-2.85,1.8,3.3));
#3525 = LINE('',#3526,#3527);
#3526 = CARTESIAN_POINT('',(-2.85,1.8,3.3));
#3527 = VECTOR('',#3528,1.);
#3528 = DIRECTION('',(-1.,0.,0.));
#3529 = ORIENTED_EDGE('',*,*,#3530,.F.);
#3530 = EDGE_CURVE('',#3467,#3523,#3531,.T.);
#3531 = LINE('',#3532,#3533);
#3532 = CARTESIAN_POINT('',(-2.85,1.8,1.4));
#3533 = VECTOR('',#3534,1.);
#3534 = DIRECTION('',(0.,0.,1.));
#3535 = ORIENTED_EDGE('',*,*,#3466,.F.);
#3536 = ORIENTED_EDGE('',*,*,#3537,.T.);
#3537 = EDGE_CURVE('',#3459,#3538,#3540,.T.);
#3538 = VERTEX_POINT('',#3539);
#3539 = CARTESIAN_POINT('',(-1.15,1.8,3.3));
#3540 = LINE('',#3541,#3542);
#3541 = CARTESIAN_POINT('',(-1.15,1.8,1.4));
#3542 = VECTOR('',#3543,1.);
#3543 = DIRECTION('',(0.,0.,1.));
#3544 = ORIENTED_EDGE('',*,*,#3545,.F.);
#3545 = EDGE_CURVE('',#3546,#3538,#3548,.T.);
#3546 = VERTEX_POINT('',#3547);
#3547 = CARTESIAN_POINT('',(-0.85,1.8,3.3));
#3548 = LINE('',#3549,#3550);
#3549 = CARTESIAN_POINT('',(-0.85,1.8,3.3));
#3550 = VECTOR('',#3551,1.);
#3551 = DIRECTION('',(-1.,0.,0.));
#3552 = ORIENTED_EDGE('',*,*,#3553,.F.);
#3553 = EDGE_CURVE('',#3435,#3546,#3554,.T.);
#3554 = LINE('',#3555,#3556);
#3555 = CARTESIAN_POINT('',(-0.85,1.8,1.4));
#3556 = VECTOR('',#3557,1.);
#3557 = DIRECTION('',(0.,0.,1.));
#3558 = ORIENTED_EDGE('',*,*,#3434,.F.);
#3559 = ORIENTED_EDGE('',*,*,#3560,.T.);
#3560 = EDGE_CURVE('',#3427,#3561,#3563,.T.);
#3561 = VERTEX_POINT('',#3562);
#3562 = CARTESIAN_POINT('',(0.85,1.8,3.3));
#3563 = LINE('',#3564,#3565);
#3564 = CARTESIAN_POINT('',(0.85,1.8,1.4));
#3565 = VECTOR('',#3566,1.);
#3566 = DIRECTION('',(0.,0.,1.));
#3567 = ORIENTED_EDGE('',*,*,#3568,.T.);
#3568 = EDGE_CURVE('',#3561,#3569,#3571,.T.);
#3569 = VERTEX_POINT('',#3570);
#3570 = CARTESIAN_POINT('',(1.15,1.8,3.3));
#3571 = LINE('',#3572,#3573);
#3572 = CARTESIAN_POINT('',(0.85,1.8,3.3));
#3573 = VECTOR('',#3574,1.);
#3574 = DIRECTION('',(1.,0.,0.));
#3575 = ORIENTED_EDGE('',*,*,#3576,.F.);
#3576 = EDGE_CURVE('',#3403,#3569,#3577,.T.);
#3577 = LINE('',#3578,#3579);
#3578 = CARTESIAN_POINT('',(1.15,1.8,1.4));
#3579 = VECTOR('',#3580,1.);
#3580 = DIRECTION('',(0.,0.,1.));
#3581 = ORIENTED_EDGE('',*,*,#3402,.F.);
#3582 = ORIENTED_EDGE('',*,*,#3583,.T.);
#3583 = EDGE_CURVE('',#3395,#3584,#3586,.T.);
#3584 = VERTEX_POINT('',#3585);
#3585 = CARTESIAN_POINT('',(2.85,1.8,3.3));
#3586 = LINE('',#3587,#3588);
#3587 = CARTESIAN_POINT('',(2.85,1.8,1.4));
#3588 = VECTOR('',#3589,1.);
#3589 = DIRECTION('',(0.,0.,1.));
#3590 = ORIENTED_EDGE('',*,*,#3591,.F.);
#3591 = EDGE_CURVE('',#3592,#3584,#3594,.T.);
#3592 = VERTEX_POINT('',#3593);
#3593 = CARTESIAN_POINT('',(3.15,1.8,3.3));
#3594 = LINE('',#3595,#3596);
#3595 = CARTESIAN_POINT('',(3.15,1.8,3.3));
#3596 = VECTOR('',#3597,1.);
#3597 = DIRECTION('',(-1.,0.,0.));
#3598 = ORIENTED_EDGE('',*,*,#3599,.F.);
#3599 = EDGE_CURVE('',#3371,#3592,#3600,.T.);
#3600 = LINE('',#3601,#3602);
#3601 = CARTESIAN_POINT('',(3.15,1.8,1.4));
#3602 = VECTOR('',#3603,1.);
#3603 = DIRECTION('',(0.,0.,1.));
#3604 = PLANE('',#3605);
#3605 = AXIS2_PLACEMENT_3D('',#3606,#3607,#3608);
#3606 = CARTESIAN_POINT('',(2.287923311603E-14,1.8,3.6995));
#3607 = DIRECTION('',(-0.,-1.,-5.996048606444E-14));
#3608 = DIRECTION('',(0.,5.996048606444E-14,-1.));
#3609 = ADVANCED_FACE('',(#3610),#3653,.T.);
#3610 = FACE_BOUND('',#3611,.T.);
#3611 = EDGE_LOOP('',(#3612,#3620,#3628,#3636,#3644,#3650,#3651,#3652));
#3612 = ORIENTED_EDGE('',*,*,#3613,.F.);
#3613 = EDGE_CURVE('',#3614,#2572,#3616,.T.);
#3614 = VERTEX_POINT('',#3615);
#3615 = CARTESIAN_POINT('',(5.725,-0.15,5.999));
#3616 = LINE('',#3617,#3618);
#3617 = CARTESIAN_POINT('',(3.,-0.15,5.999));
#3618 = VECTOR('',#3619,1.);
#3619 = DIRECTION('',(-1.,0.,0.));
#3620 = ORIENTED_EDGE('',*,*,#3621,.T.);
#3621 = EDGE_CURVE('',#3614,#3622,#3624,.T.);
#3622 = VERTEX_POINT('',#3623);
#3623 = CARTESIAN_POINT('',(5.725,2.075,5.999));
#3624 = LINE('',#3625,#3626);
#3625 = CARTESIAN_POINT('',(5.725,-2.075,5.999));
#3626 = VECTOR('',#3627,1.);
#3627 = DIRECTION('',(0.,1.,0.));
#3628 = ORIENTED_EDGE('',*,*,#3629,.T.);
#3629 = EDGE_CURVE('',#3622,#3630,#3632,.T.);
#3630 = VERTEX_POINT('',#3631);
#3631 = CARTESIAN_POINT('',(-5.725,2.075,5.999));
#3632 = LINE('',#3633,#3634);
#3633 = CARTESIAN_POINT('',(5.725,2.075,5.999));
#3634 = VECTOR('',#3635,1.);
#3635 = DIRECTION('',(-1.,0.,0.));
#3636 = ORIENTED_EDGE('',*,*,#3637,.T.);
#3637 = EDGE_CURVE('',#3630,#3638,#3640,.T.);
#3638 = VERTEX_POINT('',#3639);
#3639 = CARTESIAN_POINT('',(-5.725,-0.15,5.999));
#3640 = LINE('',#3641,#3642);
#3641 = CARTESIAN_POINT('',(-5.725,2.075,5.999));
#3642 = VECTOR('',#3643,1.);
#3643 = DIRECTION('',(0.,-1.,0.));
#3644 = ORIENTED_EDGE('',*,*,#3645,.F.);
#3645 = EDGE_CURVE('',#2453,#3638,#3646,.T.);
#3646 = LINE('',#3647,#3648);
#3647 = CARTESIAN_POINT('',(-2.725,-0.15,5.999));
#3648 = VECTOR('',#3649,1.);
#3649 = DIRECTION('',(-1.,0.,0.));
#3650 = ORIENTED_EDGE('',*,*,#2452,.F.);
#3651 = ORIENTED_EDGE('',*,*,#3506,.F.);
#3652 = ORIENTED_EDGE('',*,*,#2579,.F.);
#3653 = PLANE('',#3654);
#3654 = AXIS2_PLACEMENT_3D('',#3655,#3656,#3657);
#3655 = CARTESIAN_POINT('',(0.,0.,5.999));
#3656 = DIRECTION('',(0.,0.,1.));
#3657 = DIRECTION('',(1.,0.,0.));
#3658 = ADVANCED_FACE('',(#3659),#3677,.F.);
#3659 = FACE_BOUND('',#3660,.F.);
#3660 = EDGE_LOOP('',(#3661,#3662,#3663,#3669,#3670,#3671));
#3661 = ORIENTED_EDGE('',*,*,#3645,.F.);
#3662 = ORIENTED_EDGE('',*,*,#2460,.T.);
#3663 = ORIENTED_EDGE('',*,*,#3664,.T.);
#3664 = EDGE_CURVE('',#2461,#3318,#3665,.T.);
#3665 = LINE('',#3666,#3667);
#3666 = CARTESIAN_POINT('',(-5.45,-0.15,4.));
#3667 = VECTOR('',#3668,1.);
#3668 = DIRECTION('',(-1.,0.,0.));
#3669 = ORIENTED_EDGE('',*,*,#3317,.F.);
#3670 = ORIENTED_EDGE('',*,*,#2816,.F.);
#3671 = ORIENTED_EDGE('',*,*,#3672,.T.);
#3672 = EDGE_CURVE('',#2817,#3638,#3673,.T.);
#3673 = LINE('',#3674,#3675);
#3674 = CARTESIAN_POINT('',(-5.725,-0.15,6.));
#3675 = VECTOR('',#3676,1.);
#3676 = DIRECTION('',(0.,0.,-1.));
#3677 = PLANE('',#3678);
#3678 = AXIS2_PLACEMENT_3D('',#3679,#3680,#3681);
#3679 = CARTESIAN_POINT('',(-5.45,-0.15,6.));
#3680 = DIRECTION('',(0.,1.,0.));
#3681 = DIRECTION('',(-1.,0.,0.));
#3682 = ADVANCED_FACE('',(#3683),#3689,.T.);
#3683 = FACE_BOUND('',#3684,.T.);
#3684 = EDGE_LOOP('',(#3685,#3686,#3687,#3688));
#3685 = ORIENTED_EDGE('',*,*,#3325,.T.);
#3686 = ORIENTED_EDGE('',*,*,#3280,.T.);
#3687 = ORIENTED_EDGE('',*,*,#2468,.T.);
#3688 = ORIENTED_EDGE('',*,*,#3664,.T.);
#3689 = PLANE('',#3690);
#3690 = AXIS2_PLACEMENT_3D('',#3691,#3692,#3693);
#3691 = CARTESIAN_POINT('',(-2.256259695206E-15,-0.65,4.));
#3692 = DIRECTION('',(0.,0.,1.));
#3693 = DIRECTION('',(1.,0.,0.));
#3694 = ADVANCED_FACE('',(#3695),#3706,.T.);
#3695 = FACE_BOUND('',#3696,.T.);
#3696 = EDGE_LOOP('',(#3697,#3698,#3699,#3700));
#3697 = ORIENTED_EDGE('',*,*,#2563,.T.);
#3698 = ORIENTED_EDGE('',*,*,#3142,.T.);
#3699 = ORIENTED_EDGE('',*,*,#3063,.T.);
#3700 = ORIENTED_EDGE('',*,*,#3701,.T.);
#3701 = EDGE_CURVE('',#3064,#2564,#3702,.T.);
#3702 = LINE('',#3703,#3704);
#3703 = CARTESIAN_POINT('',(6.,-0.15,4.));
#3704 = VECTOR('',#3705,1.);
#3705 = DIRECTION('',(-1.,0.,0.));
#3706 = PLANE('',#3707);
#3707 = AXIS2_PLACEMENT_3D('',#3708,#3709,#3710);
#3708 = CARTESIAN_POINT('',(-2.256259695206E-15,-0.65,4.));
#3709 = DIRECTION('',(0.,0.,1.));
#3710 = DIRECTION('',(1.,0.,0.));
#3711 = ADVANCED_FACE('',(#3712),#3725,.F.);
#3712 = FACE_BOUND('',#3713,.F.);
#3713 = EDGE_LOOP('',(#3714,#3715,#3716,#3717,#3718,#3719));
#3714 = ORIENTED_EDGE('',*,*,#2848,.F.);
#3715 = ORIENTED_EDGE('',*,*,#3071,.T.);
#3716 = ORIENTED_EDGE('',*,*,#3701,.T.);
#3717 = ORIENTED_EDGE('',*,*,#2571,.F.);
#3718 = ORIENTED_EDGE('',*,*,#3613,.F.);
#3719 = ORIENTED_EDGE('',*,*,#3720,.T.);
#3720 = EDGE_CURVE('',#3614,#2841,#3721,.T.);
#3721 = LINE('',#3722,#3723);
#3722 = CARTESIAN_POINT('',(5.725000000004,-0.15,6.));
#3723 = VECTOR('',#3724,1.);
#3724 = DIRECTION('',(0.,0.,1.));
#3725 = PLANE('',#3726);
#3726 = AXIS2_PLACEMENT_3D('',#3727,#3728,#3729);
#3727 = CARTESIAN_POINT('',(6.,-0.15,6.));
#3728 = DIRECTION('',(0.,1.,0.));
#3729 = DIRECTION('',(-1.,0.,0.));
#3730 = ADVANCED_FACE('',(#3731),#3742,.F.);
#3731 = FACE_BOUND('',#3732,.F.);
#3732 = EDGE_LOOP('',(#3733,#3734,#3735,#3736));
#3733 = ORIENTED_EDGE('',*,*,#2840,.F.);
#3734 = ORIENTED_EDGE('',*,*,#3720,.F.);
#3735 = ORIENTED_EDGE('',*,*,#3621,.T.);
#3736 = ORIENTED_EDGE('',*,*,#3737,.F.);
#3737 = EDGE_CURVE('',#2833,#3622,#3738,.T.);
#3738 = LINE('',#3739,#3740);
#3739 = CARTESIAN_POINT('',(5.725000000004,2.075,6.));
#3740 = VECTOR('',#3741,1.);
#3741 = DIRECTION('',(-0.,-0.,-1.));
#3742 = PLANE('',#3743);
#3743 = AXIS2_PLACEMENT_3D('',#3744,#3745,#3746);
#3744 = CARTESIAN_POINT('',(5.725000000004,-2.075,6.));
#3745 = DIRECTION('',(1.,0.,0.));
#3746 = DIRECTION('',(0.,1.,0.));
#3747 = ADVANCED_FACE('',(#3748),#3759,.F.);
#3748 = FACE_BOUND('',#3749,.F.);
#3749 = EDGE_LOOP('',(#3750,#3751,#3752,#3753));
#3750 = ORIENTED_EDGE('',*,*,#2832,.F.);
#3751 = ORIENTED_EDGE('',*,*,#3737,.T.);
#3752 = ORIENTED_EDGE('',*,*,#3629,.T.);
#3753 = ORIENTED_EDGE('',*,*,#3754,.F.);
#3754 = EDGE_CURVE('',#2825,#3630,#3755,.T.);
#3755 = LINE('',#3756,#3757);
#3756 = CARTESIAN_POINT('',(-5.725,2.075,6.));
#3757 = VECTOR('',#3758,1.);
#3758 = DIRECTION('',(-0.,-0.,-1.));
#3759 = PLANE('',#3760);
#3760 = AXIS2_PLACEMENT_3D('',#3761,#3762,#3763);
#3761 = CARTESIAN_POINT('',(5.725000000004,2.075,6.));
#3762 = DIRECTION('',(0.,1.,0.));
#3763 = DIRECTION('',(-1.,0.,0.));
#3764 = ADVANCED_FACE('',(#3765),#3771,.F.);
#3765 = FACE_BOUND('',#3766,.F.);
#3766 = EDGE_LOOP('',(#3767,#3768,#3769,#3770));
#3767 = ORIENTED_EDGE('',*,*,#2824,.F.);
#3768 = ORIENTED_EDGE('',*,*,#3754,.T.);
#3769 = ORIENTED_EDGE('',*,*,#3637,.T.);
#3770 = ORIENTED_EDGE('',*,*,#3672,.F.);
#3771 = PLANE('',#3772);
#3772 = AXIS2_PLACEMENT_3D('',#3773,#3774,#3775);
#3773 = CARTESIAN_POINT('',(-5.725,2.075,6.));
#3774 = DIRECTION('',(-1.,0.,0.));
#3775 = DIRECTION('',(0.,-1.,0.));
#3776 = ADVANCED_FACE('',(#3777),#3803,.F.);
#3777 = FACE_BOUND('',#3778,.F.);
#3778 = EDGE_LOOP('',(#3779,#3787,#3788,#3789,#3797));
#3779 = ORIENTED_EDGE('',*,*,#3780,.F.);
#3780 = EDGE_CURVE('',#3483,#3781,#3783,.T.);
#3781 = VERTEX_POINT('',#3782);
#3782 = CARTESIAN_POINT('',(-3.15,1.6,3.126794919243));
#3783 = LINE('',#3784,#3785);
#3784 = CARTESIAN_POINT('',(-3.15,1.6,1.4));
#3785 = VECTOR('',#3786,1.);
#3786 = DIRECTION('',(0.,0.,1.));
#3787 = ORIENTED_EDGE('',*,*,#3490,.F.);
#3788 = ORIENTED_EDGE('',*,*,#3514,.T.);
#3789 = ORIENTED_EDGE('',*,*,#3790,.T.);
#3790 = EDGE_CURVE('',#3515,#3791,#3793,.T.);
#3791 = VERTEX_POINT('',#3792);
#3792 = CARTESIAN_POINT('',(-3.15,1.7,3.3));
#3793 = LINE('',#3794,#3795);
#3794 = CARTESIAN_POINT('',(-3.15,1.8,3.3));
#3795 = VECTOR('',#3796,1.);
#3796 = DIRECTION('',(0.,-1.,0.));
#3797 = ORIENTED_EDGE('',*,*,#3798,.T.);
#3798 = EDGE_CURVE('',#3791,#3781,#3799,.T.);
#3799 = LINE('',#3800,#3801);
#3800 = CARTESIAN_POINT('',(-3.15,1.276137933202,2.565849364905));
#3801 = VECTOR('',#3802,1.);
#3802 = DIRECTION('',(0.,-0.5,-0.866025403784));
#3803 = PLANE('',#3804);
#3804 = AXIS2_PLACEMENT_3D('',#3805,#3806,#3807);
#3805 = CARTESIAN_POINT('',(-3.15,1.8,1.4));
#3806 = DIRECTION('',(1.,0.,0.));
#3807 = DIRECTION('',(0.,-1.,0.));
#3808 = ADVANCED_FACE('',(#3809),#3827,.F.);
#3809 = FACE_BOUND('',#3810,.F.);
#3810 = EDGE_LOOP('',(#3811,#3812,#3820,#3826));
#3811 = ORIENTED_EDGE('',*,*,#3780,.T.);
#3812 = ORIENTED_EDGE('',*,*,#3813,.T.);
#3813 = EDGE_CURVE('',#3781,#3814,#3816,.T.);
#3814 = VERTEX_POINT('',#3815);
#3815 = CARTESIAN_POINT('',(-2.85,1.6,3.126794919243));
#3816 = LINE('',#3817,#3818);
#3817 = CARTESIAN_POINT('',(-3.15,1.6,3.126794919243));
#3818 = VECTOR('',#3819,1.);
#3819 = DIRECTION('',(1.,0.,0.));
#3820 = ORIENTED_EDGE('',*,*,#3821,.F.);
#3821 = EDGE_CURVE('',#3475,#3814,#3822,.T.);
#3822 = LINE('',#3823,#3824);
#3823 = CARTESIAN_POINT('',(-2.85,1.6,1.4));
#3824 = VECTOR('',#3825,1.);
#3825 = DIRECTION('',(0.,0.,1.));
#3826 = ORIENTED_EDGE('',*,*,#3482,.F.);
#3827 = PLANE('',#3828);
#3828 = AXIS2_PLACEMENT_3D('',#3829,#3830,#3831);
#3829 = CARTESIAN_POINT('',(-3.15,1.6,1.4));
#3830 = DIRECTION('',(0.,1.,0.));
#3831 = DIRECTION('',(1.,0.,0.));
#3832 = ADVANCED_FACE('',(#3833),#3852,.F.);
#3833 = FACE_BOUND('',#3834,.F.);
#3834 = EDGE_LOOP('',(#3835,#3836,#3844,#3850,#3851));
#3835 = ORIENTED_EDGE('',*,*,#3821,.T.);
#3836 = ORIENTED_EDGE('',*,*,#3837,.F.);
#3837 = EDGE_CURVE('',#3838,#3814,#3840,.T.);
#3838 = VERTEX_POINT('',#3839);
#3839 = CARTESIAN_POINT('',(-2.85,1.7,3.3));
#3840 = LINE('',#3841,#3842);
#3841 = CARTESIAN_POINT('',(-2.85,1.251137933202,2.522548094716));
#3842 = VECTOR('',#3843,1.);
#3843 = DIRECTION('',(-0.,-0.5,-0.866025403784));
#3844 = ORIENTED_EDGE('',*,*,#3845,.T.);
#3845 = EDGE_CURVE('',#3838,#3523,#3846,.T.);
#3846 = LINE('',#3847,#3848);
#3847 = CARTESIAN_POINT('',(-2.85,1.6,3.3));
#3848 = VECTOR('',#3849,1.);
#3849 = DIRECTION('',(0.,1.,0.));
#3850 = ORIENTED_EDGE('',*,*,#3530,.F.);
#3851 = ORIENTED_EDGE('',*,*,#3474,.F.);
#3852 = PLANE('',#3853);
#3853 = AXIS2_PLACEMENT_3D('',#3854,#3855,#3856);
#3854 = CARTESIAN_POINT('',(-2.85,1.6,1.4));
#3855 = DIRECTION('',(-1.,0.,0.));
#3856 = DIRECTION('',(0.,1.,0.));
#3857 = ADVANCED_FACE('',(#3858),#3884,.F.);
#3858 = FACE_BOUND('',#3859,.F.);
#3859 = EDGE_LOOP('',(#3860,#3868,#3869,#3870,#3878));
#3860 = ORIENTED_EDGE('',*,*,#3861,.F.);
#3861 = EDGE_CURVE('',#3451,#3862,#3864,.T.);
#3862 = VERTEX_POINT('',#3863);
#3863 = CARTESIAN_POINT('',(-1.15,1.6,3.126794919243));
#3864 = LINE('',#3865,#3866);
#3865 = CARTESIAN_POINT('',(-1.15,1.6,1.4));
#3866 = VECTOR('',#3867,1.);
#3867 = DIRECTION('',(0.,0.,1.));
#3868 = ORIENTED_EDGE('',*,*,#3458,.F.);
#3869 = ORIENTED_EDGE('',*,*,#3537,.T.);
#3870 = ORIENTED_EDGE('',*,*,#3871,.T.);
#3871 = EDGE_CURVE('',#3538,#3872,#3874,.T.);
#3872 = VERTEX_POINT('',#3873);
#3873 = CARTESIAN_POINT('',(-1.15,1.7,3.3));
#3874 = LINE('',#3875,#3876);
#3875 = CARTESIAN_POINT('',(-1.15,1.8,3.3));
#3876 = VECTOR('',#3877,1.);
#3877 = DIRECTION('',(0.,-1.,0.));
#3878 = ORIENTED_EDGE('',*,*,#3879,.T.);
#3879 = EDGE_CURVE('',#3872,#3862,#3880,.T.);
#3880 = LINE('',#3881,#3882);
#3881 = CARTESIAN_POINT('',(-1.15,1.276137933202,2.565849364905));
#3882 = VECTOR('',#3883,1.);
#3883 = DIRECTION('',(0.,-0.5,-0.866025403784));
#3884 = PLANE('',#3885);
#3885 = AXIS2_PLACEMENT_3D('',#3886,#3887,#3888);
#3886 = CARTESIAN_POINT('',(-1.15,1.8,1.4));
#3887 = DIRECTION('',(1.,0.,0.));
#3888 = DIRECTION('',(0.,-1.,0.));
#3889 = ADVANCED_FACE('',(#3890),#3908,.F.);
#3890 = FACE_BOUND('',#3891,.F.);
#3891 = EDGE_LOOP('',(#3892,#3893,#3901,#3907));
#3892 = ORIENTED_EDGE('',*,*,#3861,.T.);
#3893 = ORIENTED_EDGE('',*,*,#3894,.T.);
#3894 = EDGE_CURVE('',#3862,#3895,#3897,.T.);
#3895 = VERTEX_POINT('',#3896);
#3896 = CARTESIAN_POINT('',(-0.85,1.6,3.126794919243));
#3897 = LINE('',#3898,#3899);
#3898 = CARTESIAN_POINT('',(-1.15,1.6,3.126794919243));
#3899 = VECTOR('',#3900,1.);
#3900 = DIRECTION('',(1.,0.,0.));
#3901 = ORIENTED_EDGE('',*,*,#3902,.F.);
#3902 = EDGE_CURVE('',#3443,#3895,#3903,.T.);
#3903 = LINE('',#3904,#3905);
#3904 = CARTESIAN_POINT('',(-0.85,1.6,1.4));
#3905 = VECTOR('',#3906,1.);
#3906 = DIRECTION('',(0.,0.,1.));
#3907 = ORIENTED_EDGE('',*,*,#3450,.F.);
#3908 = PLANE('',#3909);
#3909 = AXIS2_PLACEMENT_3D('',#3910,#3911,#3912);
#3910 = CARTESIAN_POINT('',(-1.15,1.6,1.4));
#3911 = DIRECTION('',(0.,1.,0.));
#3912 = DIRECTION('',(1.,0.,0.));
#3913 = ADVANCED_FACE('',(#3914),#3933,.F.);
#3914 = FACE_BOUND('',#3915,.F.);
#3915 = EDGE_LOOP('',(#3916,#3917,#3925,#3931,#3932));
#3916 = ORIENTED_EDGE('',*,*,#3902,.T.);
#3917 = ORIENTED_EDGE('',*,*,#3918,.F.);
#3918 = EDGE_CURVE('',#3919,#3895,#3921,.T.);
#3919 = VERTEX_POINT('',#3920);
#3920 = CARTESIAN_POINT('',(-0.85,1.7,3.3));
#3921 = LINE('',#3922,#3923);
#3922 = CARTESIAN_POINT('',(-0.85,1.251137933202,2.522548094716));
#3923 = VECTOR('',#3924,1.);
#3924 = DIRECTION('',(-0.,-0.5,-0.866025403784));
#3925 = ORIENTED_EDGE('',*,*,#3926,.T.);
#3926 = EDGE_CURVE('',#3919,#3546,#3927,.T.);
#3927 = LINE('',#3928,#3929);
#3928 = CARTESIAN_POINT('',(-0.85,1.6,3.3));
#3929 = VECTOR('',#3930,1.);
#3930 = DIRECTION('',(0.,1.,0.));
#3931 = ORIENTED_EDGE('',*,*,#3553,.F.);
#3932 = ORIENTED_EDGE('',*,*,#3442,.F.);
#3933 = PLANE('',#3934);
#3934 = AXIS2_PLACEMENT_3D('',#3935,#3936,#3937);
#3935 = CARTESIAN_POINT('',(-0.85,1.6,1.4));
#3936 = DIRECTION('',(-1.,0.,0.));
#3937 = DIRECTION('',(0.,1.,0.));
#3938 = ADVANCED_FACE('',(#3939),#3965,.T.);
#3939 = FACE_BOUND('',#3940,.T.);
#3940 = EDGE_LOOP('',(#3941,#3949,#3957,#3963,#3964));
#3941 = ORIENTED_EDGE('',*,*,#3942,.T.);
#3942 = EDGE_CURVE('',#3419,#3943,#3945,.T.);
#3943 = VERTEX_POINT('',#3944);
#3944 = CARTESIAN_POINT('',(0.85,1.6,3.126794919243));
#3945 = LINE('',#3946,#3947);
#3946 = CARTESIAN_POINT('',(0.85,1.6,1.4));
#3947 = VECTOR('',#3948,1.);
#3948 = DIRECTION('',(0.,0.,1.));
#3949 = ORIENTED_EDGE('',*,*,#3950,.F.);
#3950 = EDGE_CURVE('',#3951,#3943,#3953,.T.);
#3951 = VERTEX_POINT('',#3952);
#3952 = CARTESIAN_POINT('',(0.85,1.7,3.3));
#3953 = LINE('',#3954,#3955);
#3954 = CARTESIAN_POINT('',(0.85,1.251137933202,2.522548094716));
#3955 = VECTOR('',#3956,1.);
#3956 = DIRECTION('',(-0.,-0.5,-0.866025403784));
#3957 = ORIENTED_EDGE('',*,*,#3958,.T.);
#3958 = EDGE_CURVE('',#3951,#3561,#3959,.T.);
#3959 = LINE('',#3960,#3961);
#3960 = CARTESIAN_POINT('',(0.85,1.6,3.3));
#3961 = VECTOR('',#3962,1.);
#3962 = DIRECTION('',(0.,1.,0.));
#3963 = ORIENTED_EDGE('',*,*,#3560,.F.);
#3964 = ORIENTED_EDGE('',*,*,#3426,.F.);
#3965 = PLANE('',#3966);
#3966 = AXIS2_PLACEMENT_3D('',#3967,#3968,#3969);
#3967 = CARTESIAN_POINT('',(0.85,1.6,1.4));
#3968 = DIRECTION('',(-1.,0.,0.));
#3969 = DIRECTION('',(0.,1.,0.));
#3970 = ADVANCED_FACE('',(#3971),#3989,.T.);
#3971 = FACE_BOUND('',#3972,.T.);
#3972 = EDGE_LOOP('',(#3973,#3981,#3987,#3988));
#3973 = ORIENTED_EDGE('',*,*,#3974,.T.);
#3974 = EDGE_CURVE('',#3411,#3975,#3977,.T.);
#3975 = VERTEX_POINT('',#3976);
#3976 = CARTESIAN_POINT('',(1.15,1.6,3.126794919243));
#3977 = LINE('',#3978,#3979);
#3978 = CARTESIAN_POINT('',(1.15,1.6,1.4));
#3979 = VECTOR('',#3980,1.);
#3980 = DIRECTION('',(0.,0.,1.));
#3981 = ORIENTED_EDGE('',*,*,#3982,.T.);
#3982 = EDGE_CURVE('',#3975,#3943,#3983,.T.);
#3983 = LINE('',#3984,#3985);
#3984 = CARTESIAN_POINT('',(1.15,1.6,3.126794919243));
#3985 = VECTOR('',#3986,1.);
#3986 = DIRECTION('',(-1.,0.,0.));
#3987 = ORIENTED_EDGE('',*,*,#3942,.F.);
#3988 = ORIENTED_EDGE('',*,*,#3418,.F.);
#3989 = PLANE('',#3990);
#3990 = AXIS2_PLACEMENT_3D('',#3991,#3992,#3993);
#3991 = CARTESIAN_POINT('',(1.15,1.6,1.4));
#3992 = DIRECTION('',(0.,-1.,0.));
#3993 = DIRECTION('',(-1.,0.,0.));
#3994 = ADVANCED_FACE('',(#3995),#4014,.T.);
#3995 = FACE_BOUND('',#3996,.T.);
#3996 = EDGE_LOOP('',(#3997,#3998,#3999,#4000,#4008));
#3997 = ORIENTED_EDGE('',*,*,#3974,.F.);
#3998 = ORIENTED_EDGE('',*,*,#3410,.F.);
#3999 = ORIENTED_EDGE('',*,*,#3576,.T.);
#4000 = ORIENTED_EDGE('',*,*,#4001,.T.);
#4001 = EDGE_CURVE('',#3569,#4002,#4004,.T.);
#4002 = VERTEX_POINT('',#4003);
#4003 = CARTESIAN_POINT('',(1.15,1.7,3.3));
#4004 = LINE('',#4005,#4006);
#4005 = CARTESIAN_POINT('',(1.15,1.8,3.3));
#4006 = VECTOR('',#4007,1.);
#4007 = DIRECTION('',(0.,-1.,0.));
#4008 = ORIENTED_EDGE('',*,*,#4009,.T.);
#4009 = EDGE_CURVE('',#4002,#3975,#4010,.T.);
#4010 = LINE('',#4011,#4012);
#4011 = CARTESIAN_POINT('',(1.15,1.276137933202,2.565849364905));
#4012 = VECTOR('',#4013,1.);
#4013 = DIRECTION('',(0.,-0.5,-0.866025403784));
#4014 = PLANE('',#4015);
#4015 = AXIS2_PLACEMENT_3D('',#4016,#4017,#4018);
#4016 = CARTESIAN_POINT('',(1.15,1.8,1.4));
#4017 = DIRECTION('',(1.,0.,0.));
#4018 = DIRECTION('',(0.,-1.,0.));
#4019 = ADVANCED_FACE('',(#4020),#4046,.F.);
#4020 = FACE_BOUND('',#4021,.F.);
#4021 = EDGE_LOOP('',(#4022,#4030,#4031,#4032,#4040));
#4022 = ORIENTED_EDGE('',*,*,#4023,.F.);
#4023 = EDGE_CURVE('',#3387,#4024,#4026,.T.);
#4024 = VERTEX_POINT('',#4025);
#4025 = CARTESIAN_POINT('',(2.85,1.6,3.126794919243));
#4026 = LINE('',#4027,#4028);
#4027 = CARTESIAN_POINT('',(2.85,1.6,1.4));
#4028 = VECTOR('',#4029,1.);
#4029 = DIRECTION('',(0.,0.,1.));
#4030 = ORIENTED_EDGE('',*,*,#3394,.F.);
#4031 = ORIENTED_EDGE('',*,*,#3583,.T.);
#4032 = ORIENTED_EDGE('',*,*,#4033,.T.);
#4033 = EDGE_CURVE('',#3584,#4034,#4036,.T.);
#4034 = VERTEX_POINT('',#4035);
#4035 = CARTESIAN_POINT('',(2.85,1.7,3.3));
#4036 = LINE('',#4037,#4038);
#4037 = CARTESIAN_POINT('',(2.85,1.8,3.3));
#4038 = VECTOR('',#4039,1.);
#4039 = DIRECTION('',(0.,-1.,0.));
#4040 = ORIENTED_EDGE('',*,*,#4041,.T.);
#4041 = EDGE_CURVE('',#4034,#4024,#4042,.T.);
#4042 = LINE('',#4043,#4044);
#4043 = CARTESIAN_POINT('',(2.85,1.276137933202,2.565849364905));
#4044 = VECTOR('',#4045,1.);
#4045 = DIRECTION('',(0.,-0.5,-0.866025403784));
#4046 = PLANE('',#4047);
#4047 = AXIS2_PLACEMENT_3D('',#4048,#4049,#4050);
#4048 = CARTESIAN_POINT('',(2.85,1.8,1.4));
#4049 = DIRECTION('',(1.,0.,0.));
#4050 = DIRECTION('',(0.,-1.,0.));
#4051 = ADVANCED_FACE('',(#4052),#4070,.F.);
#4052 = FACE_BOUND('',#4053,.F.);
#4053 = EDGE_LOOP('',(#4054,#4055,#4063,#4069));
#4054 = ORIENTED_EDGE('',*,*,#4023,.T.);
#4055 = ORIENTED_EDGE('',*,*,#4056,.T.);
#4056 = EDGE_CURVE('',#4024,#4057,#4059,.T.);
#4057 = VERTEX_POINT('',#4058);
#4058 = CARTESIAN_POINT('',(3.15,1.6,3.126794919243));
#4059 = LINE('',#4060,#4061);
#4060 = CARTESIAN_POINT('',(2.85,1.6,3.126794919243));
#4061 = VECTOR('',#4062,1.);
#4062 = DIRECTION('',(1.,0.,0.));
#4063 = ORIENTED_EDGE('',*,*,#4064,.F.);
#4064 = EDGE_CURVE('',#3379,#4057,#4065,.T.);
#4065 = LINE('',#4066,#4067);
#4066 = CARTESIAN_POINT('',(3.15,1.6,1.4));
#4067 = VECTOR('',#4068,1.);
#4068 = DIRECTION('',(0.,0.,1.));
#4069 = ORIENTED_EDGE('',*,*,#3386,.F.);
#4070 = PLANE('',#4071);
#4071 = AXIS2_PLACEMENT_3D('',#4072,#4073,#4074);
#4072 = CARTESIAN_POINT('',(2.85,1.6,1.4));
#4073 = DIRECTION('',(0.,1.,0.));
#4074 = DIRECTION('',(1.,0.,0.));
#4075 = ADVANCED_FACE('',(#4076),#4095,.F.);
#4076 = FACE_BOUND('',#4077,.F.);
#4077 = EDGE_LOOP('',(#4078,#4079,#4087,#4093,#4094));
#4078 = ORIENTED_EDGE('',*,*,#4064,.T.);
#4079 = ORIENTED_EDGE('',*,*,#4080,.F.);
#4080 = EDGE_CURVE('',#4081,#4057,#4083,.T.);
#4081 = VERTEX_POINT('',#4082);
#4082 = CARTESIAN_POINT('',(3.15,1.7,3.3));
#4083 = LINE('',#4084,#4085);
#4084 = CARTESIAN_POINT('',(3.15,1.251137933202,2.522548094716));
#4085 = VECTOR('',#4086,1.);
#4086 = DIRECTION('',(-0.,-0.5,-0.866025403784));
#4087 = ORIENTED_EDGE('',*,*,#4088,.T.);
#4088 = EDGE_CURVE('',#4081,#3592,#4089,.T.);
#4089 = LINE('',#4090,#4091);
#4090 = CARTESIAN_POINT('',(3.15,1.6,3.3));
#4091 = VECTOR('',#4092,1.);
#4092 = DIRECTION('',(0.,1.,0.));
#4093 = ORIENTED_EDGE('',*,*,#3599,.F.);
#4094 = ORIENTED_EDGE('',*,*,#3378,.F.);
#4095 = PLANE('',#4096);
#4096 = AXIS2_PLACEMENT_3D('',#4097,#4098,#4099);
#4097 = CARTESIAN_POINT('',(3.15,1.6,1.4));
#4098 = DIRECTION('',(-1.,0.,0.));
#4099 = DIRECTION('',(0.,1.,0.));
#4100 = ADVANCED_FACE('',(#4101),#4112,.T.);
#4101 = FACE_BOUND('',#4102,.T.);
#4102 = EDGE_LOOP('',(#4103,#4104,#4105,#4106));
#4103 = ORIENTED_EDGE('',*,*,#4088,.T.);
#4104 = ORIENTED_EDGE('',*,*,#3591,.T.);
#4105 = ORIENTED_EDGE('',*,*,#4033,.T.);
#4106 = ORIENTED_EDGE('',*,*,#4107,.T.);
#4107 = EDGE_CURVE('',#4034,#4081,#4108,.T.);
#4108 = LINE('',#4109,#4110);
#4109 = CARTESIAN_POINT('',(2.85,1.7,3.3));
#4110 = VECTOR('',#4111,1.);
#4111 = DIRECTION('',(1.,0.,0.));
#4112 = PLANE('',#4113);
#4113 = AXIS2_PLACEMENT_3D('',#4114,#4115,#4116);
#4114 = CARTESIAN_POINT('',(1.540434446667E-15,1.7,3.3));
#4115 = DIRECTION('',(0.,0.,1.));
#4116 = DIRECTION('',(1.,0.,0.));
#4117 = ADVANCED_FACE('',(#4118),#4129,.T.);
#4118 = FACE_BOUND('',#4119,.T.);
#4119 = EDGE_LOOP('',(#4120,#4121,#4127,#4128));
#4120 = ORIENTED_EDGE('',*,*,#3958,.F.);
#4121 = ORIENTED_EDGE('',*,*,#4122,.F.);
#4122 = EDGE_CURVE('',#4002,#3951,#4123,.T.);
#4123 = LINE('',#4124,#4125);
#4124 = CARTESIAN_POINT('',(1.15,1.7,3.3));
#4125 = VECTOR('',#4126,1.);
#4126 = DIRECTION('',(-1.,0.,0.));
#4127 = ORIENTED_EDGE('',*,*,#4001,.F.);
#4128 = ORIENTED_EDGE('',*,*,#3568,.F.);
#4129 = PLANE('',#4130);
#4130 = AXIS2_PLACEMENT_3D('',#4131,#4132,#4133);
#4131 = CARTESIAN_POINT('',(1.540434446667E-15,1.7,3.3));
#4132 = DIRECTION('',(0.,0.,1.));
#4133 = DIRECTION('',(1.,0.,0.));
#4134 = ADVANCED_FACE('',(#4135),#4146,.T.);
#4135 = FACE_BOUND('',#4136,.T.);
#4136 = EDGE_LOOP('',(#4137,#4138,#4139,#4140));
#4137 = ORIENTED_EDGE('',*,*,#3926,.T.);
#4138 = ORIENTED_EDGE('',*,*,#3545,.T.);
#4139 = ORIENTED_EDGE('',*,*,#3871,.T.);
#4140 = ORIENTED_EDGE('',*,*,#4141,.T.);
#4141 = EDGE_CURVE('',#3872,#3919,#4142,.T.);
#4142 = LINE('',#4143,#4144);
#4143 = CARTESIAN_POINT('',(-1.15,1.7,3.3));
#4144 = VECTOR('',#4145,1.);
#4145 = DIRECTION('',(1.,0.,0.));
#4146 = PLANE('',#4147);
#4147 = AXIS2_PLACEMENT_3D('',#4148,#4149,#4150);
#4148 = CARTESIAN_POINT('',(1.540434446667E-15,1.7,3.3));
#4149 = DIRECTION('',(0.,0.,1.));
#4150 = DIRECTION('',(1.,0.,0.));
#4151 = ADVANCED_FACE('',(#4152),#4163,.T.);
#4152 = FACE_BOUND('',#4153,.T.);
#4153 = EDGE_LOOP('',(#4154,#4155,#4156,#4157));
#4154 = ORIENTED_EDGE('',*,*,#3845,.T.);
#4155 = ORIENTED_EDGE('',*,*,#3522,.T.);
#4156 = ORIENTED_EDGE('',*,*,#3790,.T.);
#4157 = ORIENTED_EDGE('',*,*,#4158,.T.);
#4158 = EDGE_CURVE('',#3791,#3838,#4159,.T.);
#4159 = LINE('',#4160,#4161);
#4160 = CARTESIAN_POINT('',(-3.15,1.7,3.3));
#4161 = VECTOR('',#4162,1.);
#4162 = DIRECTION('',(1.,0.,0.));
#4163 = PLANE('',#4164);
#4164 = AXIS2_PLACEMENT_3D('',#4165,#4166,#4167);
#4165 = CARTESIAN_POINT('',(1.540434446667E-15,1.7,3.3));
#4166 = DIRECTION('',(0.,0.,1.));
#4167 = DIRECTION('',(1.,0.,0.));
#4168 = ADVANCED_FACE('',(#4169),#4175,.F.);
#4169 = FACE_BOUND('',#4170,.F.);
#4170 = EDGE_LOOP('',(#4171,#4172,#4173,#4174));
#4171 = ORIENTED_EDGE('',*,*,#3798,.F.);
#4172 = ORIENTED_EDGE('',*,*,#4158,.T.);
#4173 = ORIENTED_EDGE('',*,*,#3837,.T.);
#4174 = ORIENTED_EDGE('',*,*,#3813,.F.);
#4175 = PLANE('',#4176);
#4176 = AXIS2_PLACEMENT_3D('',#4177,#4178,#4179);
#4177 = CARTESIAN_POINT('',(-3.15,1.65,3.213397459622));
#4178 = DIRECTION('',(-1.735070385984E-18,0.866025403784,-0.5));
#4179 = DIRECTION('',(1.,1.502615031617E-18,-8.675351929922E-19));
#4180 = ADVANCED_FACE('',(#4181),#4187,.F.);
#4181 = FACE_BOUND('',#4182,.F.);
#4182 = EDGE_LOOP('',(#4183,#4184,#4185,#4186));
#4183 = ORIENTED_EDGE('',*,*,#3879,.F.);
#4184 = ORIENTED_EDGE('',*,*,#4141,.T.);
#4185 = ORIENTED_EDGE('',*,*,#3918,.T.);
#4186 = ORIENTED_EDGE('',*,*,#3894,.F.);
#4187 = PLANE('',#4188);
#4188 = AXIS2_PLACEMENT_3D('',#4189,#4190,#4191);
#4189 = CARTESIAN_POINT('',(-1.15,1.65,3.213397459622));
#4190 = DIRECTION('',(-1.735070385984E-18,0.866025403784,-0.5));
#4191 = DIRECTION('',(1.,1.502615031617E-18,-8.675351929922E-19));
#4192 = ADVANCED_FACE('',(#4193),#4199,.T.);
#4193 = FACE_BOUND('',#4194,.T.);
#4194 = EDGE_LOOP('',(#4195,#4196,#4197,#4198));
#4195 = ORIENTED_EDGE('',*,*,#4009,.F.);
#4196 = ORIENTED_EDGE('',*,*,#4122,.T.);
#4197 = ORIENTED_EDGE('',*,*,#3950,.T.);
#4198 = ORIENTED_EDGE('',*,*,#3982,.F.);
#4199 = PLANE('',#4200);
#4200 = AXIS2_PLACEMENT_3D('',#4201,#4202,#4203);
#4201 = CARTESIAN_POINT('',(1.15,1.65,3.213397459622));
#4202 = DIRECTION('',(-1.735070385984E-18,-0.866025403784,0.5));
#4203 = DIRECTION('',(-1.,1.502615031617E-18,-8.675351929922E-19));
#4204 = ADVANCED_FACE('',(#4205),#4211,.F.);
#4205 = FACE_BOUND('',#4206,.F.);
#4206 = EDGE_LOOP('',(#4207,#4208,#4209,#4210));
#4207 = ORIENTED_EDGE('',*,*,#4041,.F.);
#4208 = ORIENTED_EDGE('',*,*,#4107,.T.);
#4209 = ORIENTED_EDGE('',*,*,#4080,.T.);
#4210 = ORIENTED_EDGE('',*,*,#4056,.F.);
#4211 = PLANE('',#4212);
#4212 = AXIS2_PLACEMENT_3D('',#4213,#4214,#4215);
#4213 = CARTESIAN_POINT('',(2.85,1.65,3.213397459622));
#4214 = DIRECTION('',(-1.735070385984E-18,0.866025403784,-0.5));
#4215 = DIRECTION('',(1.,1.502615031617E-18,-8.675351929922E-19));
#4216 = ( GEOMETRIC_REPRESENTATION_CONTEXT(3) 
GLOBAL_UNCERTAINTY_ASSIGNED_CONTEXT((#4220)) 
GLOBAL_UNIT_ASSIGNED_CONTEXT((#4217,#4218,#4219)) REPRESENTATION_CONTEXT
('Context #1','3D Context with UNIT and UNCERTAINTY') );
#4217 = ( LENGTH_UNIT() NAMED_UNIT(*) SI_UNIT(.MILLI.,.METRE.) );
#4218 = ( NAMED_UNIT(*) PLANE_ANGLE_UNIT() SI_UNIT($,.RADIAN.) );
#4219 = ( NAMED_UNIT(*) SI_UNIT($,.STERADIAN.) SOLID_ANGLE_UNIT() );
#4220 = UNCERTAINTY_MEASURE_WITH_UNIT(LENGTH_MEASURE(2.E-05),#4217,
  'distance_accuracy_value','confusion accuracy');
#4221 = CONTEXT_DEPENDENT_SHAPE_REPRESENTATION(#4222,#4224);
#4222 = ( REPRESENTATION_RELATIONSHIP('','',#36,#10) 
REPRESENTATION_RELATIONSHIP_WITH_TRANSFORMATION(#4223) 
SHAPE_REPRESENTATION_RELATIONSHIP() );
#4223 = ITEM_DEFINED_TRANSFORMATION('','',#11,#15);
#4224 = PRODUCT_DEFINITION_SHAPE('Placement','Placement of an item',
  #4225);
#4225 = NEXT_ASSEMBLY_USAGE_OCCURRENCE('1','Body','',#5,#31,$);
#4226 = PRODUCT_RELATED_PRODUCT_CATEGORY('part',$,(#33));
#4227 = SHAPE_DEFINITION_REPRESENTATION(#4228,#4234);
#4228 = PRODUCT_DEFINITION_SHAPE('','',#4229);
#4229 = PRODUCT_DEFINITION('design','',#4230,#4233);
#4230 = PRODUCT_DEFINITION_FORMATION('','',#4231);
#4231 = PRODUCT('Array','Array','',(#4232));
#4232 = PRODUCT_CONTEXT('',#2,'mechanical');
#4233 = PRODUCT_DEFINITION_CONTEXT('part definition',#2,'design');
#4234 = SHAPE_REPRESENTATION('',(#11,#4235,#4239,#4243,#4247,#4251),
  #4255);
#4235 = AXIS2_PLACEMENT_3D('',#4236,#4237,#4238);
#4236 = CARTESIAN_POINT('',(1.,0.,0.));
#4237 = DIRECTION('',(0.,0.,1.));
#4238 = DIRECTION('',(1.,0.,0.));
#4239 = AXIS2_PLACEMENT_3D('',#4240,#4241,#4242);
#4240 = CARTESIAN_POINT('',(3.,0.,0.));
#4241 = DIRECTION('',(0.,0.,1.));
#4242 = DIRECTION('',(1.,0.,0.));
#4243 = AXIS2_PLACEMENT_3D('',#4244,#4245,#4246);
#4244 = CARTESIAN_POINT('',(5.,0.,0.));
#4245 = DIRECTION('',(0.,0.,1.));
#4246 = DIRECTION('',(1.,0.,0.));
#4247 = AXIS2_PLACEMENT_3D('',#4248,#4249,#4250);
#4248 = CARTESIAN_POINT('',(7.,0.,0.));
#4249 = DIRECTION('',(0.,0.,1.));
#4250 = DIRECTION('',(1.,0.,0.));
#4251 = AXIS2_PLACEMENT_3D('',#4252,#4253,#4254);
#4252 = CARTESIAN_POINT('',(9.,0.,0.));
#4253 = DIRECTION('',(0.,0.,1.));
#4254 = DIRECTION('',(1.,0.,0.));
#4255 = ( GEOMETRIC_REPRESENTATION_CONTEXT(3) 
GLOBAL_UNCERTAINTY_ASSIGNED_CONTEXT((#4259)) 
GLOBAL_UNIT_ASSIGNED_CONTEXT((#4256,#4257,#4258)) REPRESENTATION_CONTEXT
('Context #1','3D Context with UNIT and UNCERTAINTY') );
#4256 = ( LENGTH_UNIT() NAMED_UNIT(*) SI_UNIT(.MILLI.,.METRE.) );
#4257 = ( NAMED_UNIT(*) PLANE_ANGLE_UNIT() SI_UNIT($,.RADIAN.) );
#4258 = ( NAMED_UNIT(*) SI_UNIT($,.STERADIAN.) SOLID_ANGLE_UNIT() );
#4259 = UNCERTAINTY_MEASURE_WITH_UNIT(LENGTH_MEASURE(1.E-07),#4256,
  'distance_accuracy_value','confusion accuracy');
#4260 = CONTEXT_DEPENDENT_SHAPE_REPRESENTATION(#4261,#4263);
#4261 = ( REPRESENTATION_RELATIONSHIP('','',#4234,#10) 
REPRESENTATION_RELATIONSHIP_WITH_TRANSFORMATION(#4262) 
SHAPE_REPRESENTATION_RELATIONSHIP() );
#4262 = ITEM_DEFINED_TRANSFORMATION('','',#11,#19);
#4263 = PRODUCT_DEFINITION_SHAPE('Placement','Placement of an item',
  #4264);
#4264 = NEXT_ASSEMBLY_USAGE_OCCURRENCE('7','Array','',#5,#4229,$);
#4265 = PRODUCT_RELATED_PRODUCT_CATEGORY('part',$,(#4231));
#4266 = SHAPE_DEFINITION_REPRESENTATION(#4267,#4273);
#4267 = PRODUCT_DEFINITION_SHAPE('','',#4268);
#4268 = PRODUCT_DEFINITION('design','',#4269,#4272);
#4269 = PRODUCT_DEFINITION_FORMATION('','',#4270);
#4270 = PRODUCT('Body001','Body001','',(#4271));
#4271 = PRODUCT_CONTEXT('',#2,'mechanical');
#4272 = PRODUCT_DEFINITION_CONTEXT('part definition',#2,'design');
#4273 = ADVANCED_BREP_SHAPE_REPRESENTATION('',(#11,#4274),#4752);
#4274 = MANIFOLD_SOLID_BREP('',#4275);
#4275 = CLOSED_SHELL('',(#4276,#4316,#4347,#4371,#4395,#4460,#4477,#4501
    ,#4525,#4550,#4574,#4599,#4630,#4654,#4675,#4699,#4723,#4740));
#4276 = ADVANCED_FACE('',(#4277),#4311,.T.);
#4277 = FACE_BOUND('',#4278,.T.);
#4278 = EDGE_LOOP('',(#4279,#4289,#4297,#4305));
#4279 = ORIENTED_EDGE('',*,*,#4280,.F.);
#4280 = EDGE_CURVE('',#4281,#4283,#4285,.T.);
#4281 = VERTEX_POINT('',#4282);
#4282 = CARTESIAN_POINT('',(-5.15,5.75,-0.3));
#4283 = VERTEX_POINT('',#4284);
#4284 = CARTESIAN_POINT('',(-5.15,5.75,0.));
#4285 = LINE('',#4286,#4287);
#4286 = CARTESIAN_POINT('',(-5.15,5.75,-0.4));
#4287 = VECTOR('',#4288,1.);
#4288 = DIRECTION('',(0.,0.,1.));
#4289 = ORIENTED_EDGE('',*,*,#4290,.F.);
#4290 = EDGE_CURVE('',#4291,#4281,#4293,.T.);
#4291 = VERTEX_POINT('',#4292);
#4292 = CARTESIAN_POINT('',(-5.25,5.35,-0.4));
#4293 = LINE('',#4294,#4295);
#4294 = CARTESIAN_POINT('',(-5.2,5.55,-0.35));
#4295 = VECTOR('',#4296,1.);
#4296 = DIRECTION('',(0.235702260396,0.942809041582,0.235702260396));
#4297 = ORIENTED_EDGE('',*,*,#4298,.T.);
#4298 = EDGE_CURVE('',#4291,#4299,#4301,.T.);
#4299 = VERTEX_POINT('',#4300);
#4300 = CARTESIAN_POINT('',(-5.25,5.35,0.1));
#4301 = LINE('',#4302,#4303);
#4302 = CARTESIAN_POINT('',(-5.25,5.35,-0.4));
#4303 = VECTOR('',#4304,1.);
#4304 = DIRECTION('',(0.,0.,1.));
#4305 = ORIENTED_EDGE('',*,*,#4306,.T.);
#4306 = EDGE_CURVE('',#4299,#4283,#4307,.T.);
#4307 = LINE('',#4308,#4309);
#4308 = CARTESIAN_POINT('',(-5.188888888889,5.594444444444,
    3.888888888889E-02));
#4309 = VECTOR('',#4310,1.);
#4310 = DIRECTION('',(0.235702260396,0.942809041582,-0.235702260396));
#4311 = PLANE('',#4312);
#4312 = AXIS2_PLACEMENT_3D('',#4313,#4314,#4315);
#4313 = CARTESIAN_POINT('',(-5.2,5.55,-0.4));
#4314 = DIRECTION('',(-0.970142500145,0.242535625036,0.));
#4315 = DIRECTION('',(0.,0.,1.));
#4316 = ADVANCED_FACE('',(#4317),#4342,.F.);
#4317 = FACE_BOUND('',#4318,.F.);
#4318 = EDGE_LOOP('',(#4319,#4320,#4328,#4336));
#4319 = ORIENTED_EDGE('',*,*,#4280,.F.);
#4320 = ORIENTED_EDGE('',*,*,#4321,.T.);
#4321 = EDGE_CURVE('',#4281,#4322,#4324,.T.);
#4322 = VERTEX_POINT('',#4323);
#4323 = CARTESIAN_POINT('',(-4.85,5.75,-0.3));
#4324 = LINE('',#4325,#4326);
#4325 = CARTESIAN_POINT('',(-5.15,5.75,-0.3));
#4326 = VECTOR('',#4327,1.);
#4327 = DIRECTION('',(1.,0.,0.));
#4328 = ORIENTED_EDGE('',*,*,#4329,.T.);
#4329 = EDGE_CURVE('',#4322,#4330,#4332,.T.);
#4330 = VERTEX_POINT('',#4331);
#4331 = CARTESIAN_POINT('',(-4.85,5.75,0.));
#4332 = LINE('',#4333,#4334);
#4333 = CARTESIAN_POINT('',(-4.85,5.75,-0.4));
#4334 = VECTOR('',#4335,1.);
#4335 = DIRECTION('',(0.,0.,1.));
#4336 = ORIENTED_EDGE('',*,*,#4337,.F.);
#4337 = EDGE_CURVE('',#4283,#4330,#4338,.T.);
#4338 = LINE('',#4339,#4340);
#4339 = CARTESIAN_POINT('',(-5.25,5.75,8.E-17));
#4340 = VECTOR('',#4341,1.);
#4341 = DIRECTION('',(1.,0.,0.));
#4342 = PLANE('',#4343);
#4343 = AXIS2_PLACEMENT_3D('',#4344,#4345,#4346);
#4344 = CARTESIAN_POINT('',(-5.25,5.75,-0.4));
#4345 = DIRECTION('',(0.,-1.,0.));
#4346 = DIRECTION('',(0.,0.,1.));
#4347 = ADVANCED_FACE('',(#4348),#4366,.T.);
#4348 = FACE_BOUND('',#4349,.F.);
#4349 = EDGE_LOOP('',(#4350,#4351,#4359,#4365));
#4350 = ORIENTED_EDGE('',*,*,#4290,.F.);
#4351 = ORIENTED_EDGE('',*,*,#4352,.T.);
#4352 = EDGE_CURVE('',#4291,#4353,#4355,.T.);
#4353 = VERTEX_POINT('',#4354);
#4354 = CARTESIAN_POINT('',(-4.75,5.35,-0.4));
#4355 = LINE('',#4356,#4357);
#4356 = CARTESIAN_POINT('',(-5.15,5.35,-0.4));
#4357 = VECTOR('',#4358,1.);
#4358 = DIRECTION('',(1.,0.,0.));
#4359 = ORIENTED_EDGE('',*,*,#4360,.T.);
#4360 = EDGE_CURVE('',#4353,#4322,#4361,.T.);
#4361 = LINE('',#4362,#4363);
#4362 = CARTESIAN_POINT('',(-4.808333333333,5.583333333333,
    -0.341666666667));
#4363 = VECTOR('',#4364,1.);
#4364 = DIRECTION('',(-0.235702260396,0.942809041582,0.235702260396));
#4365 = ORIENTED_EDGE('',*,*,#4321,.F.);
#4366 = PLANE('',#4367);
#4367 = AXIS2_PLACEMENT_3D('',#4368,#4369,#4370);
#4368 = CARTESIAN_POINT('',(-5.15,5.55,-0.35));
#4369 = DIRECTION('',(0.,0.242535625036,-0.970142500145));
#4370 = DIRECTION('',(-1.,0.,-0.));
#4371 = ADVANCED_FACE('',(#4372),#4390,.T.);
#4372 = FACE_BOUND('',#4373,.T.);
#4373 = EDGE_LOOP('',(#4374,#4375,#4383,#4389));
#4374 = ORIENTED_EDGE('',*,*,#4306,.F.);
#4375 = ORIENTED_EDGE('',*,*,#4376,.T.);
#4376 = EDGE_CURVE('',#4299,#4377,#4379,.T.);
#4377 = VERTEX_POINT('',#4378);
#4378 = CARTESIAN_POINT('',(-4.75,5.35,0.1));
#4379 = LINE('',#4380,#4381);
#4380 = CARTESIAN_POINT('',(-5.25,5.35,0.1));
#4381 = VECTOR('',#4382,1.);
#4382 = DIRECTION('',(1.,0.,0.));
#4383 = ORIENTED_EDGE('',*,*,#4384,.T.);
#4384 = EDGE_CURVE('',#4377,#4330,#4385,.T.);
#4385 = LINE('',#4386,#4387);
#4386 = CARTESIAN_POINT('',(-4.825,5.65,2.5E-02));
#4387 = VECTOR('',#4388,1.);
#4388 = DIRECTION('',(-0.235702260396,0.942809041582,-0.235702260396));
#4389 = ORIENTED_EDGE('',*,*,#4337,.F.);
#4390 = PLANE('',#4391);
#4391 = AXIS2_PLACEMENT_3D('',#4392,#4393,#4394);
#4392 = CARTESIAN_POINT('',(-5.25,5.55,5.E-02));
#4393 = DIRECTION('',(0.,0.242535625036,0.970142500145));
#4394 = DIRECTION('',(1.,0.,-0.));
#4395 = ADVANCED_FACE('',(#4396),#4455,.F.);
#4396 = FACE_BOUND('',#4397,.F.);
#4397 = EDGE_LOOP('',(#4398,#4406,#4415,#4423,#4431,#4439,#4448,#4454));
#4398 = ORIENTED_EDGE('',*,*,#4399,.T.);
#4399 = EDGE_CURVE('',#4299,#4400,#4402,.T.);
#4400 = VERTEX_POINT('',#4401);
#4401 = CARTESIAN_POINT('',(-5.25,-0.25,0.1));
#4402 = LINE('',#4403,#4404);
#4403 = CARTESIAN_POINT('',(-5.25,5.75,0.1));
#4404 = VECTOR('',#4405,1.);
#4405 = DIRECTION('',(0.,-1.,0.));
#4406 = ORIENTED_EDGE('',*,*,#4407,.F.);
#4407 = EDGE_CURVE('',#4408,#4400,#4410,.T.);
#4408 = VERTEX_POINT('',#4409);
#4409 = CARTESIAN_POINT('',(-5.25,-0.35,0.2));
#4410 = CIRCLE('',#4411,0.1);
#4411 = AXIS2_PLACEMENT_3D('',#4412,#4413,#4414);
#4412 = CARTESIAN_POINT('',(-5.25,-0.25,0.2));
#4413 = DIRECTION('',(1.,0.,0.));
#4414 = DIRECTION('',(-0.,1.,0.));
#4415 = ORIENTED_EDGE('',*,*,#4416,.T.);
#4416 = EDGE_CURVE('',#4408,#4417,#4419,.T.);
#4417 = VERTEX_POINT('',#4418);
#4418 = CARTESIAN_POINT('',(-5.25,-0.35,5.1));
#4419 = LINE('',#4420,#4421);
#4420 = CARTESIAN_POINT('',(-5.25,-0.35,0.2));
#4421 = VECTOR('',#4422,1.);
#4422 = DIRECTION('',(0.,-1.24E-15,1.));
#4423 = ORIENTED_EDGE('',*,*,#4424,.T.);
#4424 = EDGE_CURVE('',#4417,#4425,#4427,.T.);
#4425 = VERTEX_POINT('',#4426);
#4426 = CARTESIAN_POINT('',(-5.25,-0.85,5.1));
#4427 = LINE('',#4428,#4429);
#4428 = CARTESIAN_POINT('',(-5.25,-0.35,5.1));
#4429 = VECTOR('',#4430,1.);
#4430 = DIRECTION('',(0.,-1.,0.));
#4431 = ORIENTED_EDGE('',*,*,#4432,.T.);
#4432 = EDGE_CURVE('',#4425,#4433,#4435,.T.);
#4433 = VERTEX_POINT('',#4434);
#4434 = CARTESIAN_POINT('',(-5.25,-0.85,0.2));
#4435 = LINE('',#4436,#4437);
#4436 = CARTESIAN_POINT('',(-5.25,-0.85,5.5));
#4437 = VECTOR('',#4438,1.);
#4438 = DIRECTION('',(0.,0.,-1.));
#4439 = ORIENTED_EDGE('',*,*,#4440,.T.);
#4440 = EDGE_CURVE('',#4433,#4441,#4443,.T.);
#4441 = VERTEX_POINT('',#4442);
#4442 = CARTESIAN_POINT('',(-5.25,-0.25,-0.4));
#4443 = CIRCLE('',#4444,0.6);
#4444 = AXIS2_PLACEMENT_3D('',#4445,#4446,#4447);
#4445 = CARTESIAN_POINT('',(-5.25,-0.25,0.2));
#4446 = DIRECTION('',(1.,0.,0.));
#4447 = DIRECTION('',(-0.,1.,0.));
#4448 = ORIENTED_EDGE('',*,*,#4449,.T.);
#4449 = EDGE_CURVE('',#4441,#4291,#4450,.T.);
#4450 = LINE('',#4451,#4452);
#4451 = CARTESIAN_POINT('',(-5.25,-0.25,-0.4));
#4452 = VECTOR('',#4453,1.);
#4453 = DIRECTION('',(0.,1.,0.));
#4454 = ORIENTED_EDGE('',*,*,#4298,.T.);
#4455 = PLANE('',#4456);
#4456 = AXIS2_PLACEMENT_3D('',#4457,#4458,#4459);
#4457 = CARTESIAN_POINT('',(-5.25,1.157929320775,1.253492336684));
#4458 = DIRECTION('',(1.,0.,0.));
#4459 = DIRECTION('',(0.,0.,1.));
#4460 = ADVANCED_FACE('',(#4461),#4472,.F.);
#4461 = FACE_BOUND('',#4462,.F.);
#4462 = EDGE_LOOP('',(#4463,#4464,#4465,#4471));
#4463 = ORIENTED_EDGE('',*,*,#4329,.F.);
#4464 = ORIENTED_EDGE('',*,*,#4360,.F.);
#4465 = ORIENTED_EDGE('',*,*,#4466,.T.);
#4466 = EDGE_CURVE('',#4353,#4377,#4467,.T.);
#4467 = LINE('',#4468,#4469);
#4468 = CARTESIAN_POINT('',(-4.75,5.35,-0.4));
#4469 = VECTOR('',#4470,1.);
#4470 = DIRECTION('',(0.,0.,1.));
#4471 = ORIENTED_EDGE('',*,*,#4384,.T.);
#4472 = PLANE('',#4473);
#4473 = AXIS2_PLACEMENT_3D('',#4474,#4475,#4476);
#4474 = CARTESIAN_POINT('',(-4.8,5.55,-0.4));
#4475 = DIRECTION('',(-0.970142500145,-0.242535625036,0.));
#4476 = DIRECTION('',(0.,0.,1.));
#4477 = ADVANCED_FACE('',(#4478),#4496,.F.);
#4478 = FACE_BOUND('',#4479,.F.);
#4479 = EDGE_LOOP('',(#4480,#4481,#4482,#4490));
#4480 = ORIENTED_EDGE('',*,*,#4352,.F.);
#4481 = ORIENTED_EDGE('',*,*,#4449,.F.);
#4482 = ORIENTED_EDGE('',*,*,#4483,.T.);
#4483 = EDGE_CURVE('',#4441,#4484,#4486,.T.);
#4484 = VERTEX_POINT('',#4485);
#4485 = CARTESIAN_POINT('',(-4.75,-0.25,-0.4));
#4486 = LINE('',#4487,#4488);
#4487 = CARTESIAN_POINT('',(-5.25,-0.25,-0.4));
#4488 = VECTOR('',#4489,1.);
#4489 = DIRECTION('',(1.,0.,0.));
#4490 = ORIENTED_EDGE('',*,*,#4491,.T.);
#4491 = EDGE_CURVE('',#4484,#4353,#4492,.T.);
#4492 = LINE('',#4493,#4494);
#4493 = CARTESIAN_POINT('',(-4.75,-0.25,-0.4));
#4494 = VECTOR('',#4495,1.);
#4495 = DIRECTION('',(0.,1.,0.));
#4496 = PLANE('',#4497);
#4497 = AXIS2_PLACEMENT_3D('',#4498,#4499,#4500);
#4498 = CARTESIAN_POINT('',(-5.25,-0.25,-0.4));
#4499 = DIRECTION('',(0.,0.,1.));
#4500 = DIRECTION('',(0.,1.,0.));
#4501 = ADVANCED_FACE('',(#4502),#4520,.F.);
#4502 = FACE_BOUND('',#4503,.F.);
#4503 = EDGE_LOOP('',(#4504,#4505,#4506,#4514));
#4504 = ORIENTED_EDGE('',*,*,#4399,.F.);
#4505 = ORIENTED_EDGE('',*,*,#4376,.T.);
#4506 = ORIENTED_EDGE('',*,*,#4507,.T.);
#4507 = EDGE_CURVE('',#4377,#4508,#4510,.T.);
#4508 = VERTEX_POINT('',#4509);
#4509 = CARTESIAN_POINT('',(-4.75,-0.25,0.1));
#4510 = LINE('',#4511,#4512);
#4511 = CARTESIAN_POINT('',(-4.75,5.75,0.1));
#4512 = VECTOR('',#4513,1.);
#4513 = DIRECTION('',(0.,-1.,0.));
#4514 = ORIENTED_EDGE('',*,*,#4515,.F.);
#4515 = EDGE_CURVE('',#4400,#4508,#4516,.T.);
#4516 = LINE('',#4517,#4518);
#4517 = CARTESIAN_POINT('',(-5.25,-0.25,0.1));
#4518 = VECTOR('',#4519,1.);
#4519 = DIRECTION('',(1.,0.,0.));
#4520 = PLANE('',#4521);
#4521 = AXIS2_PLACEMENT_3D('',#4522,#4523,#4524);
#4522 = CARTESIAN_POINT('',(-5.25,5.75,0.1));
#4523 = DIRECTION('',(0.,0.,-1.));
#4524 = DIRECTION('',(0.,-1.,0.));
#4525 = ADVANCED_FACE('',(#4526),#4545,.F.);
#4526 = FACE_BOUND('',#4527,.F.);
#4527 = EDGE_LOOP('',(#4528,#4529,#4530,#4539));
#4528 = ORIENTED_EDGE('',*,*,#4407,.T.);
#4529 = ORIENTED_EDGE('',*,*,#4515,.T.);
#4530 = ORIENTED_EDGE('',*,*,#4531,.F.);
#4531 = EDGE_CURVE('',#4532,#4508,#4534,.T.);
#4532 = VERTEX_POINT('',#4533);
#4533 = CARTESIAN_POINT('',(-4.75,-0.35,0.2));
#4534 = CIRCLE('',#4535,0.1);
#4535 = AXIS2_PLACEMENT_3D('',#4536,#4537,#4538);
#4536 = CARTESIAN_POINT('',(-4.75,-0.25,0.2));
#4537 = DIRECTION('',(1.,0.,0.));
#4538 = DIRECTION('',(-0.,1.,0.));
#4539 = ORIENTED_EDGE('',*,*,#4540,.F.);
#4540 = EDGE_CURVE('',#4408,#4532,#4541,.T.);
#4541 = LINE('',#4542,#4543);
#4542 = CARTESIAN_POINT('',(-5.25,-0.35,0.2));
#4543 = VECTOR('',#4544,1.);
#4544 = DIRECTION('',(1.,0.,0.));
#4545 = CYLINDRICAL_SURFACE('',#4546,0.1);
#4546 = AXIS2_PLACEMENT_3D('',#4547,#4548,#4549);
#4547 = CARTESIAN_POINT('',(-5.25,-0.25,0.2));
#4548 = DIRECTION('',(-1.,-0.,-0.));
#4549 = DIRECTION('',(0.,1.,0.));
#4550 = ADVANCED_FACE('',(#4551),#4569,.F.);
#4551 = FACE_BOUND('',#4552,.F.);
#4552 = EDGE_LOOP('',(#4553,#4561,#4562,#4563));
#4553 = ORIENTED_EDGE('',*,*,#4554,.F.);
#4554 = EDGE_CURVE('',#4417,#4555,#4557,.T.);
#4555 = VERTEX_POINT('',#4556);
#4556 = CARTESIAN_POINT('',(-4.75,-0.35,5.1));
#4557 = LINE('',#4558,#4559);
#4558 = CARTESIAN_POINT('',(-5.15,-0.35,5.1));
#4559 = VECTOR('',#4560,1.);
#4560 = DIRECTION('',(1.,0.,0.));
#4561 = ORIENTED_EDGE('',*,*,#4416,.F.);
#4562 = ORIENTED_EDGE('',*,*,#4540,.T.);
#4563 = ORIENTED_EDGE('',*,*,#4564,.T.);
#4564 = EDGE_CURVE('',#4532,#4555,#4565,.T.);
#4565 = LINE('',#4566,#4567);
#4566 = CARTESIAN_POINT('',(-4.75,-0.35,0.2));
#4567 = VECTOR('',#4568,1.);
#4568 = DIRECTION('',(0.,-1.24E-15,1.));
#4569 = PLANE('',#4570);
#4570 = AXIS2_PLACEMENT_3D('',#4571,#4572,#4573);
#4571 = CARTESIAN_POINT('',(-5.25,-0.35,0.2));
#4572 = DIRECTION('',(0.,-1.,-1.24E-15));
#4573 = DIRECTION('',(0.,-1.24E-15,1.));
#4574 = ADVANCED_FACE('',(#4575),#4594,.T.);
#4575 = FACE_BOUND('',#4576,.T.);
#4576 = EDGE_LOOP('',(#4577,#4578,#4579,#4588));
#4577 = ORIENTED_EDGE('',*,*,#4440,.T.);
#4578 = ORIENTED_EDGE('',*,*,#4483,.T.);
#4579 = ORIENTED_EDGE('',*,*,#4580,.F.);
#4580 = EDGE_CURVE('',#4581,#4484,#4583,.T.);
#4581 = VERTEX_POINT('',#4582);
#4582 = CARTESIAN_POINT('',(-4.75,-0.85,0.2));
#4583 = CIRCLE('',#4584,0.6);
#4584 = AXIS2_PLACEMENT_3D('',#4585,#4586,#4587);
#4585 = CARTESIAN_POINT('',(-4.75,-0.25,0.2));
#4586 = DIRECTION('',(1.,0.,0.));
#4587 = DIRECTION('',(-0.,1.,0.));
#4588 = ORIENTED_EDGE('',*,*,#4589,.F.);
#4589 = EDGE_CURVE('',#4433,#4581,#4590,.T.);
#4590 = LINE('',#4591,#4592);
#4591 = CARTESIAN_POINT('',(-5.25,-0.85,0.2));
#4592 = VECTOR('',#4593,1.);
#4593 = DIRECTION('',(1.,0.,0.));
#4594 = CYLINDRICAL_SURFACE('',#4595,0.6);
#4595 = AXIS2_PLACEMENT_3D('',#4596,#4597,#4598);
#4596 = CARTESIAN_POINT('',(-5.25,-0.25,0.2));
#4597 = DIRECTION('',(-1.,-0.,-0.));
#4598 = DIRECTION('',(0.,1.,0.));
#4599 = ADVANCED_FACE('',(#4600),#4625,.T.);
#4600 = FACE_BOUND('',#4601,.F.);
#4601 = EDGE_LOOP('',(#4602,#4612,#4618,#4619));
#4602 = ORIENTED_EDGE('',*,*,#4603,.T.);
#4603 = EDGE_CURVE('',#4604,#4606,#4608,.T.);
#4604 = VERTEX_POINT('',#4605);
#4605 = CARTESIAN_POINT('',(-5.15,-0.45,5.5));
#4606 = VERTEX_POINT('',#4607);
#4607 = CARTESIAN_POINT('',(-5.15,-0.75,5.5));
#4608 = LINE('',#4609,#4610);
#4609 = CARTESIAN_POINT('',(-5.15,-0.35,5.5));
#4610 = VECTOR('',#4611,1.);
#4611 = DIRECTION('',(0.,-1.,0.));
#4612 = ORIENTED_EDGE('',*,*,#4613,.T.);
#4613 = EDGE_CURVE('',#4606,#4425,#4614,.T.);
#4614 = LINE('',#4615,#4616);
#4615 = CARTESIAN_POINT('',(-5.188888888889,-0.788888888889,
    5.344444444445));
#4616 = VECTOR('',#4617,1.);
#4617 = DIRECTION('',(-0.235702260396,-0.235702260396,-0.942809041582));
#4618 = ORIENTED_EDGE('',*,*,#4424,.F.);
#4619 = ORIENTED_EDGE('',*,*,#4620,.T.);
#4620 = EDGE_CURVE('',#4417,#4604,#4621,.T.);
#4621 = LINE('',#4622,#4623);
#4622 = CARTESIAN_POINT('',(-5.2,-0.4,5.3));
#4623 = VECTOR('',#4624,1.);
#4624 = DIRECTION('',(0.235702260396,-0.235702260396,0.942809041582));
#4625 = PLANE('',#4626);
#4626 = AXIS2_PLACEMENT_3D('',#4627,#4628,#4629);
#4627 = CARTESIAN_POINT('',(-5.2,-0.35,5.3));
#4628 = DIRECTION('',(-0.970142500145,0.,0.242535625036));
#4629 = DIRECTION('',(0.,1.,0.));
#4630 = ADVANCED_FACE('',(#4631),#4649,.F.);
#4631 = FACE_BOUND('',#4632,.F.);
#4632 = EDGE_LOOP('',(#4633,#4634,#4642,#4648));
#4633 = ORIENTED_EDGE('',*,*,#4432,.F.);
#4634 = ORIENTED_EDGE('',*,*,#4635,.T.);
#4635 = EDGE_CURVE('',#4425,#4636,#4638,.T.);
#4636 = VERTEX_POINT('',#4637);
#4637 = CARTESIAN_POINT('',(-4.75,-0.85,5.1));
#4638 = LINE('',#4639,#4640);
#4639 = CARTESIAN_POINT('',(-5.25,-0.85,5.1));
#4640 = VECTOR('',#4641,1.);
#4641 = DIRECTION('',(1.,0.,0.));
#4642 = ORIENTED_EDGE('',*,*,#4643,.T.);
#4643 = EDGE_CURVE('',#4636,#4581,#4644,.T.);
#4644 = LINE('',#4645,#4646);
#4645 = CARTESIAN_POINT('',(-4.75,-0.85,5.5));
#4646 = VECTOR('',#4647,1.);
#4647 = DIRECTION('',(0.,0.,-1.));
#4648 = ORIENTED_EDGE('',*,*,#4589,.F.);
#4649 = PLANE('',#4650);
#4650 = AXIS2_PLACEMENT_3D('',#4651,#4652,#4653);
#4651 = CARTESIAN_POINT('',(-5.25,-0.85,5.5));
#4652 = DIRECTION('',(0.,1.,0.));
#4653 = DIRECTION('',(0.,0.,-1.));
#4654 = ADVANCED_FACE('',(#4655),#4670,.T.);
#4655 = FACE_BOUND('',#4656,.T.);
#4656 = EDGE_LOOP('',(#4657,#4658,#4659,#4660,#4666,#4667,#4668,#4669));
#4657 = ORIENTED_EDGE('',*,*,#4507,.T.);
#4658 = ORIENTED_EDGE('',*,*,#4531,.F.);
#4659 = ORIENTED_EDGE('',*,*,#4564,.T.);
#4660 = ORIENTED_EDGE('',*,*,#4661,.T.);
#4661 = EDGE_CURVE('',#4555,#4636,#4662,.T.);
#4662 = LINE('',#4663,#4664);
#4663 = CARTESIAN_POINT('',(-4.75,-0.35,5.1));
#4664 = VECTOR('',#4665,1.);
#4665 = DIRECTION('',(0.,-1.,0.));
#4666 = ORIENTED_EDGE('',*,*,#4643,.T.);
#4667 = ORIENTED_EDGE('',*,*,#4580,.T.);
#4668 = ORIENTED_EDGE('',*,*,#4491,.T.);
#4669 = ORIENTED_EDGE('',*,*,#4466,.T.);
#4670 = PLANE('',#4671);
#4671 = AXIS2_PLACEMENT_3D('',#4672,#4673,#4674);
#4672 = CARTESIAN_POINT('',(-4.75,1.157929320775,1.253492336684));
#4673 = DIRECTION('',(1.,0.,0.));
#4674 = DIRECTION('',(0.,0.,1.));
#4675 = ADVANCED_FACE('',(#4676),#4694,.T.);
#4676 = FACE_BOUND('',#4677,.F.);
#4677 = EDGE_LOOP('',(#4678,#4679,#4680,#4688));
#4678 = ORIENTED_EDGE('',*,*,#4620,.F.);
#4679 = ORIENTED_EDGE('',*,*,#4554,.T.);
#4680 = ORIENTED_EDGE('',*,*,#4681,.T.);
#4681 = EDGE_CURVE('',#4555,#4682,#4684,.T.);
#4682 = VERTEX_POINT('',#4683);
#4683 = CARTESIAN_POINT('',(-4.85,-0.45,5.5));
#4684 = LINE('',#4685,#4686);
#4685 = CARTESIAN_POINT('',(-4.808333333333,-0.408333333333,
    5.333333333333));
#4686 = VECTOR('',#4687,1.);
#4687 = DIRECTION('',(-0.235702260396,-0.235702260396,0.942809041582));
#4688 = ORIENTED_EDGE('',*,*,#4689,.F.);
#4689 = EDGE_CURVE('',#4604,#4682,#4690,.T.);
#4690 = LINE('',#4691,#4692);
#4691 = CARTESIAN_POINT('',(-5.15,-0.45,5.5));
#4692 = VECTOR('',#4693,1.);
#4693 = DIRECTION('',(1.,0.,0.));
#4694 = PLANE('',#4695);
#4695 = AXIS2_PLACEMENT_3D('',#4696,#4697,#4698);
#4696 = CARTESIAN_POINT('',(-5.15,-0.4,5.3));
#4697 = DIRECTION('',(0.,0.970142500145,0.242535625036));
#4698 = DIRECTION('',(-1.,0.,0.));
#4699 = ADVANCED_FACE('',(#4700),#4718,.F.);
#4700 = FACE_BOUND('',#4701,.F.);
#4701 = EDGE_LOOP('',(#4702,#4703,#4704,#4712));
#4702 = ORIENTED_EDGE('',*,*,#4603,.F.);
#4703 = ORIENTED_EDGE('',*,*,#4689,.T.);
#4704 = ORIENTED_EDGE('',*,*,#4705,.T.);
#4705 = EDGE_CURVE('',#4682,#4706,#4708,.T.);
#4706 = VERTEX_POINT('',#4707);
#4707 = CARTESIAN_POINT('',(-4.85,-0.75,5.5));
#4708 = LINE('',#4709,#4710);
#4709 = CARTESIAN_POINT('',(-4.85,-0.35,5.5));
#4710 = VECTOR('',#4711,1.);
#4711 = DIRECTION('',(0.,-1.,0.));
#4712 = ORIENTED_EDGE('',*,*,#4713,.F.);
#4713 = EDGE_CURVE('',#4606,#4706,#4714,.T.);
#4714 = LINE('',#4715,#4716);
#4715 = CARTESIAN_POINT('',(-5.25,-0.75,5.5));
#4716 = VECTOR('',#4717,1.);
#4717 = DIRECTION('',(1.,0.,0.));
#4718 = PLANE('',#4719);
#4719 = AXIS2_PLACEMENT_3D('',#4720,#4721,#4722);
#4720 = CARTESIAN_POINT('',(-5.25,-0.35,5.5));
#4721 = DIRECTION('',(0.,0.,-1.));
#4722 = DIRECTION('',(0.,-1.,0.));
#4723 = ADVANCED_FACE('',(#4724),#4735,.T.);
#4724 = FACE_BOUND('',#4725,.F.);
#4725 = EDGE_LOOP('',(#4726,#4727,#4728,#4734));
#4726 = ORIENTED_EDGE('',*,*,#4613,.F.);
#4727 = ORIENTED_EDGE('',*,*,#4713,.T.);
#4728 = ORIENTED_EDGE('',*,*,#4729,.T.);
#4729 = EDGE_CURVE('',#4706,#4636,#4730,.T.);
#4730 = LINE('',#4731,#4732);
#4731 = CARTESIAN_POINT('',(-4.825,-0.775,5.4));
#4732 = VECTOR('',#4733,1.);
#4733 = DIRECTION('',(0.235702260396,-0.235702260396,-0.942809041582));
#4734 = ORIENTED_EDGE('',*,*,#4635,.F.);
#4735 = PLANE('',#4736);
#4736 = AXIS2_PLACEMENT_3D('',#4737,#4738,#4739);
#4737 = CARTESIAN_POINT('',(-5.25,-0.8,5.3));
#4738 = DIRECTION('',(0.,-0.970142500145,0.242535625036));
#4739 = DIRECTION('',(-1.,0.,0.));
#4740 = ADVANCED_FACE('',(#4741),#4747,.F.);
#4741 = FACE_BOUND('',#4742,.T.);
#4742 = EDGE_LOOP('',(#4743,#4744,#4745,#4746));
#4743 = ORIENTED_EDGE('',*,*,#4705,.T.);
#4744 = ORIENTED_EDGE('',*,*,#4729,.T.);
#4745 = ORIENTED_EDGE('',*,*,#4661,.F.);
#4746 = ORIENTED_EDGE('',*,*,#4681,.T.);
#4747 = PLANE('',#4748);
#4748 = AXIS2_PLACEMENT_3D('',#4749,#4750,#4751);
#4749 = CARTESIAN_POINT('',(-4.8,-0.35,5.3));
#4750 = DIRECTION('',(-0.970142500145,-0.,-0.242535625036));
#4751 = DIRECTION('',(0.,1.,-0.));
#4752 = ( GEOMETRIC_REPRESENTATION_CONTEXT(3) 
GLOBAL_UNCERTAINTY_ASSIGNED_CONTEXT((#4756)) 
GLOBAL_UNIT_ASSIGNED_CONTEXT((#4753,#4754,#4755)) REPRESENTATION_CONTEXT
('Context #1','3D Context with UNIT and UNCERTAINTY') );
#4753 = ( LENGTH_UNIT() NAMED_UNIT(*) SI_UNIT(.MILLI.,.METRE.) );
#4754 = ( NAMED_UNIT(*) PLANE_ANGLE_UNIT() SI_UNIT($,.RADIAN.) );
#4755 = ( NAMED_UNIT(*) SI_UNIT($,.STERADIAN.) SOLID_ANGLE_UNIT() );
#4756 = UNCERTAINTY_MEASURE_WITH_UNIT(LENGTH_MEASURE(1.E-07),#4753,
  'distance_accuracy_value','confusion accuracy');
#4757 = CONTEXT_DEPENDENT_SHAPE_REPRESENTATION(#4758,#4760);
#4758 = ( REPRESENTATION_RELATIONSHIP('','',#4273,#4234) 
REPRESENTATION_RELATIONSHIP_WITH_TRANSFORMATION(#4759) 
SHAPE_REPRESENTATION_RELATIONSHIP() );
#4759 = ITEM_DEFINED_TRANSFORMATION('','',#11,#4235);
#4760 = PRODUCT_DEFINITION_SHAPE('Placement','Placement of an item',
  #4761);
#4761 = NEXT_ASSEMBLY_USAGE_OCCURRENCE('2','0','',#4229,#4268,$);
#4762 = PRODUCT_RELATED_PRODUCT_CATEGORY('part',$,(#4270));
#4763 = CONTEXT_DEPENDENT_SHAPE_REPRESENTATION(#4764,#4766);
#4764 = ( REPRESENTATION_RELATIONSHIP('','',#4273,#4234) 
REPRESENTATION_RELATIONSHIP_WITH_TRANSFORMATION(#4765) 
SHAPE_REPRESENTATION_RELATIONSHIP() );
#4765 = ITEM_DEFINED_TRANSFORMATION('','',#11,#4239);
#4766 = PRODUCT_DEFINITION_SHAPE('Placement','Placement of an item',
  #4767);
#4767 = NEXT_ASSEMBLY_USAGE_OCCURRENCE('3','1','',#4229,#4268,$);
#4768 = CONTEXT_DEPENDENT_SHAPE_REPRESENTATION(#4769,#4771);
#4769 = ( REPRESENTATION_RELATIONSHIP('','',#4273,#4234) 
REPRESENTATION_RELATIONSHIP_WITH_TRANSFORMATION(#4770) 
SHAPE_REPRESENTATION_RELATIONSHIP() );
#4770 = ITEM_DEFINED_TRANSFORMATION('','',#11,#4243);
#4771 = PRODUCT_DEFINITION_SHAPE('Placement','Placement of an item',
  #4772);
#4772 = NEXT_ASSEMBLY_USAGE_OCCURRENCE('4','2','',#4229,#4268,$);
#4773 = CONTEXT_DEPENDENT_SHAPE_REPRESENTATION(#4774,#4776);
#4774 = ( REPRESENTATION_RELATIONSHIP('','',#4273,#4234) 
REPRESENTATION_RELATIONSHIP_WITH_TRANSFORMATION(#4775) 
SHAPE_REPRESENTATION_RELATIONSHIP() );
#4775 = ITEM_DEFINED_TRANSFORMATION('','',#11,#4247);
#4776 = PRODUCT_DEFINITION_SHAPE('Placement','Placement of an item',
  #4777);
#4777 = NEXT_ASSEMBLY_USAGE_OCCURRENCE('5','3','',#4229,#4268,$);
#4778 = CONTEXT_DEPENDENT_SHAPE_REPRESENTATION(#4779,#4781);
#4779 = ( REPRESENTATION_RELATIONSHIP('','',#4273,#4234) 
REPRESENTATION_RELATIONSHIP_WITH_TRANSFORMATION(#4780) 
SHAPE_REPRESENTATION_RELATIONSHIP() );
#4780 = ITEM_DEFINED_TRANSFORMATION('','',#11,#4251);
#4781 = PRODUCT_DEFINITION_SHAPE('Placement','Placement of an item',
  #4782);
#4782 = NEXT_ASSEMBLY_USAGE_OCCURRENCE('6','4','',#4229,#4268,$);
#4783 = MECHANICAL_DESIGN_GEOMETRIC_PRESENTATION_REPRESENTATION('',(
    #4784),#4216);
#4784 = STYLED_ITEM('color',(#4785),#37);
#4785 = PRESENTATION_STYLE_ASSIGNMENT((#4786,#4792));
#4786 = SURFACE_STYLE_USAGE(.BOTH.,#4787);
#4787 = SURFACE_SIDE_STYLE('',(#4788));
#4788 = SURFACE_STYLE_FILL_AREA(#4789);
#4789 = FILL_AREA_STYLE('',(#4790));
#4790 = FILL_AREA_STYLE_COLOUR('',#4791);
#4791 = COLOUR_RGB('',0.968627457133,0.968627457133,0.968627457133);
#4792 = CURVE_STYLE('',#4793,POSITIVE_LENGTH_MEASURE(0.1),#4794);
#4793 = DRAUGHTING_PRE_DEFINED_CURVE_FONT('continuous');
#4794 = COLOUR_RGB('',9.803921802644E-02,9.803921802644E-02,
  9.803921802644E-02);
#4795 = MECHANICAL_DESIGN_GEOMETRIC_PRESENTATION_REPRESENTATION('',(
    #4796),#4752);
#4796 = STYLED_ITEM('color',(#4797),#4274);
#4797 = PRESENTATION_STYLE_ASSIGNMENT((#4798,#4804));
#4798 = SURFACE_STYLE_USAGE(.BOTH.,#4799);
#4799 = SURFACE_SIDE_STYLE('',(#4800));
#4800 = SURFACE_STYLE_FILL_AREA(#4801);
#4801 = FILL_AREA_STYLE('',(#4802));
#4802 = FILL_AREA_STYLE_COLOUR('',#4803);
#4803 = COLOUR_RGB('',0.749019635948,0.749019635948,0.749019635948);
#4804 = CURVE_STYLE('',#4805,POSITIVE_LENGTH_MEASURE(0.1),#4794);
#4805 = DRAUGHTING_PRE_DEFINED_CURVE_FONT('continuous');
ENDSEC;
END-ISO-10303-21;
